net_name,status,bbox_area,bbox_aspect,bbox_cx,bbox_cy,bbox_dx,bbox_dy,bbox_perimeter,bbox_xmax,bbox_xmin,bbox_ymax,bbox_ymin,bterm_count,dist_drv_sink_max,dist_drv_sink_mean,dist_drv_sink_sum,driver_inst_area,driver_is_buf,driver_is_clkbuf,driver_is_ff_q,driver_is_inv,fanout,has_bterm,has_multiple_drivers,hpwl,is_bus_bit,is_clock_like,is_enable_like,is_reg2reg_candidate,is_reset_like,iterm_count,net_dbid,num_buf_drivers,num_buf_sinks,num_clkbuf_drivers,num_drivers,num_ff_sinks_d,num_inout,num_inv_drivers,num_inv_sinks,num_port_drivers,num_port_sinks,num_sinks,odb_net,sink_area_buf_sum,sink_area_ff_sum,sink_area_inv_sum,sink_area_max,sink_area_mean,sink_area_std,sink_area_sum,sink_centroid_dist_to_driver,sink_cnt,sink_dist_p50,sink_dist_p90,sink_dist_p95,sink_max_x,sink_max_y,sink_min_x,sink_min_y,sink_quadrant_q1,sink_quadrant_q2,sink_quadrant_q3,sink_quadrant_q4,sink_x_mean,sink_x_std,sink_y_mean,sink_y_std,term_count
"_0000_","OK","8.903100000000011","1.0230508471108295","44.692","87.16300000000001","3.0180000000000007","2.950000000000003","11.936000000000007","46.201","43.183","88.638","85.688","0","8.93","8.93","8.93","3.7536","0","0","0","0","1","0","0","5.9680000000000035","0","0","0","0","0","2","_b85dc6d82e5a0000_p_Net","0","0","0","1","1","0","0","0","0","0","1","_b85dc6d82e5a0000_p_odb__dbNet","0.0","25.024","0.0","25.024","25.024","","25.024","8.93","1","8.93","8.93","8.93","49.22","88.4","49.22","88.4","1","0","0","0","49.22","","88.4","","2"
"_0001_","OK","4.460071999999984","0.5152957170240333","42.358999999999995","70.84700000000001","1.5159999999999982","2.941999999999993","8.915999999999983","43.117","41.601","72.318","69.376","0","4.099999999999994","4.099999999999994","4.099999999999994","5.0048","0","0","0","0","1","0","0","4.457999999999991","0","0","0","0","0","2","_305ec6d82e5a0000_p_Net","0","0","0","1","1","0","0","0","0","0","1","_305ec6d82e5a0000_p_odb__dbNet","0.0","25.024","0.0","25.024","25.024","","25.024","4.099999999999994","1","4.099999999999994","4.099999999999994","4.099999999999994","44.62","72.08","44.62","72.08","1","0","0","0","44.62","","72.08","","2"
"_0002_","OK","22.71174500000003","0.6679814781910512","50.7505","118.36250000000001","3.895000000000003","5.831000000000003","19.452000000000012","52.698","48.803","121.278","115.447","0","5.670000000000009","5.670000000000009","5.670000000000009","6.256","0","0","0","0","1","0","0","9.726000000000006","0","0","0","0","0","2","_a85ec6d82e5a0000_p_Net","0","0","0","1","1","0","0","0","0","0","1","_a85ec6d82e5a0000_p_odb__dbNet","0.0","25.024","0.0","25.024","25.024","","25.024","5.670000000000009","1","5.670000000000009","5.670000000000009","5.670000000000009","49.68","121.04","49.68","121.04","0","1","0","0","49.68","","121.04","","2"
"_0003_","OK","1.1487740000000295","0.03551960611297446","40.782","64.03450000000001","0.2020000000000053","5.686999999999998","11.778000000000006","40.883","40.681","66.878","61.191","0","8.43","8.43","8.43","3.7536","0","0","0","0","1","0","0","5.889000000000003","0","0","0","0","0","2","_205fc6d82e5a0000_p_Net","0","0","0","1","1","0","0","0","0","0","1","_205fc6d82e5a0000_p_odb__dbNet","0.0","25.024","0.0","25.024","25.024","","25.024","8.43","1","8.43","8.43","8.43","43.7","66.64","43.7","66.64","1","0","0","0","43.7","","66.64","","2"
"_0004_","OK","10.857131999999993","1.4707397859879505","7.718","114.2465","3.9959999999999996","2.7169999999999987","13.425999999999997","9.716","5.72","115.605","112.888","0","4.1","4.1","4.1","3.7536","0","0","0","0","1","0","0","6.712999999999998","0","0","0","0","0","2","_985fc6d82e5a0000_p_Net","0","0","0","1","1","0","0","0","0","0","1","_985fc6d82e5a0000_p_odb__dbNet","0.0","23.772800000000004","0.0","23.772800000000004","23.772800000000004","","23.772800000000004","4.1","1","4.1","4.1","4.1","8.51","115.6","8.51","115.6","1","0","0","0","8.51","","115.6","","2"
"_0005_","OK","7.514820000000025","1.2120481922843132","14.646999999999998","84.443","3.017999999999999","2.490000000000009","11.016000000000016","16.156","13.138","85.688","83.198","0","9.620000000000012","9.620000000000012","9.620000000000012","3.7536","0","0","0","0","1","0","0","5.508000000000008","0","0","0","0","0","2","_1060c6d82e5a0000_p_Net","0","0","0","1","1","0","0","0","0","0","1","_1060c6d82e5a0000_p_odb__dbNet","0.0","28.777600000000003","0.0","28.777600000000003","28.777600000000003","","28.777600000000003","9.620000000000012","1","9.620000000000012","9.620000000000012","9.620000000000012","9.43","82.96","9.43","82.96","0","0","1","0","9.43","","82.96","","2"
"_0006_","OK","0.33074200000000126","0.04500184432128272","60.916","78.8305","0.12199999999999989","2.7110000000000127","5.666000000000025","60.977","60.855","80.186","77.475","0","6.170000000000002","6.170000000000002","6.170000000000002","7.5072","0","0","0","0","1","0","0","2.8330000000000126","0","0","0","0","0","2","_8860c6d82e5a0000_p_Net","0","0","0","1","1","0","0","0","0","0","1","_8860c6d82e5a0000_p_odb__dbNet","0.0","26.2752","0.0","26.2752","26.2752","","26.2752","6.170000000000002","1","6.170000000000002","6.170000000000002","6.170000000000002","63.71","77.52","63.71","77.52","0","0","0","1","63.71","","77.52","","2"
"_0007_","OK","4.154435999999993","0.47448462302315314","56.103","92.3605","1.4039999999999964","2.959000000000003","8.725999999999999","56.805","55.401","93.84","90.881","0","3.1799999999999997","3.1799999999999997","3.1799999999999997","7.5072","0","0","0","0","1","0","0","4.3629999999999995","0","0","0","0","0","2","_0061c6d82e5a0000_p_Net","0","0","0","1","1","0","0","0","0","0","1","_0061c6d82e5a0000_p_odb__dbNet","0.0","25.024","0.0","25.024","25.024","","25.024","3.1799999999999997","1","3.1799999999999997","3.1799999999999997","3.1799999999999997","58.42","91.12","58.42","91.12","0","0","0","1","58.42","","91.12","","2"
"_0008_","OK","10.71684600000002","1.6327088205961293","53.352500000000006","40.959","4.183","2.5620000000000047","13.490000000000009","55.444","51.261","42.24","39.678","0","5.479999999999997","5.479999999999997","5.479999999999997","10.0096","0","0","0","0","1","0","0","6.7450000000000045","0","0","0","0","0","2","_7861c6d82e5a0000_p_Net","0","0","0","1","1","0","0","0","0","0","1","_7861c6d82e5a0000_p_odb__dbNet","0.0","25.024","0.0","25.024","25.024","","25.024","5.479999999999997","1","5.479999999999997","5.479999999999997","5.479999999999997","54.28","39.44","54.28","39.44","0","0","0","1","54.28","","39.44","","2"
"_0009_","OK","12.610922999999968","2.0487706561673673","65.3365","46.1205","5.082999999999998","2.4809999999999945","15.127999999999986","67.878","62.795","47.361","44.88","0","5.939999999999998","5.939999999999998","5.939999999999998","7.5072","0","0","0","0","1","0","0","7.563999999999993","0","0","0","0","0","2","_f061c6d82e5a0000_p_Net","0","0","0","1","1","0","0","0","0","0","1","_f061c6d82e5a0000_p_odb__dbNet","0.0","25.024","0.0","25.024","25.024","","25.024","5.939999999999998","1","5.939999999999998","5.939999999999998","5.939999999999998","64.86","47.6","64.86","47.6","0","1","0","0","64.86","","47.6","","2"
"_0010_","OK","0.17775399999999972","0.020933424838389347","58.191500000000005","32.498","0.06099999999999994","2.913999999999998","5.949999999999996","58.222","58.161","33.955","31.041","0","5.479999999999997","5.479999999999997","5.479999999999997","5.0048","0","0","0","0","1","0","0","2.974999999999998","0","0","0","0","0","2","_6862c6d82e5a0000_p_Net","0","0","0","1","1","0","0","0","0","0","1","_6862c6d82e5a0000_p_odb__dbNet","0.0","25.024","0.0","25.024","25.024","","25.024","5.479999999999997","1","5.479999999999997","5.479999999999997","5.479999999999997","61.18","31.28","61.18","31.28","0","0","0","1","61.18","","31.28","","2"
"_0011_","OK","16.739513000000002","1.9538776898005208","52.7405","65.4145","5.719000000000001","2.9269999999999996","17.292","55.6","49.881","66.878","63.951","0","5.020000000000003","5.020000000000003","5.020000000000003","5.0048","0","0","0","0","1","0","0","8.646","0","0","0","0","0","2","_e062c6d82e5a0000_p_Net","0","0","0","1","1","0","0","0","0","0","1","_e062c6d82e5a0000_p_odb__dbNet","0.0","25.024","0.0","25.024","25.024","","25.024","5.020000000000003","1","5.020000000000003","5.020000000000003","5.020000000000003","52.9","66.64","52.9","66.64","1","0","0","0","52.9","","66.64","","2"
"_0012_","OK","10.471888","1.639889196026952","57.929","30.0615","4.143999999999998","2.527000000000001","13.341999999999999","60.001","55.857","31.325","28.798","0","10.080000000000009","10.080000000000009","10.080000000000009","5.0048","0","0","0","0","1","0","0","6.670999999999999","0","0","0","0","0","2","_5863c6d82e5a0000_p_Net","0","0","0","1","1","0","0","0","0","0","1","_5863c6d82e5a0000_p_odb__dbNet","0.0","25.024","0.0","25.024","25.024","","25.024","10.080000000000009","1","10.080000000000009","10.080000000000009","10.080000000000009","63.02","28.56","63.02","28.56","0","0","0","1","63.02","","28.56","","2"
"_0013_","OK","3.2442810000000057","0.6032772744272195","62.0805","51.7175","1.399000000000001","2.3190000000000026","7.436000000000007","62.78","61.381","52.877","50.558","0","5.710000000000008","5.710000000000008","5.710000000000008","8.758400000000002","0","0","0","0","1","0","0","3.7180000000000035","0","0","0","0","0","2","_d063c6d82e5a0000_p_Net","0","0","0","1","1","0","0","0","0","0","1","_d063c6d82e5a0000_p_odb__dbNet","0.0","25.024","0.0","25.024","25.024","","25.024","5.710000000000008","1","5.710000000000008","5.710000000000008","5.710000000000008","64.4","50.32","64.4","50.32","0","0","0","1","64.4","","50.32","","2"
"_0014_","OK","3.4847280000000076","0.5656728442523493","61.623000000000005","95.319","1.4040000000000035","2.4819999999999993","7.772000000000006","62.325","60.921","96.56","94.078","0","3.1799999999999997","3.1799999999999997","3.1799999999999997","7.5072","0","0","0","0","1","0","0","3.886000000000003","0","0","0","0","0","2","_4864c6d82e5a0000_p_Net","0","0","0","1","1","0","0","0","0","0","1","_4864c6d82e5a0000_p_odb__dbNet","0.0","25.024","0.0","25.024","25.024","","25.024","3.1799999999999997","1","3.1799999999999997","3.1799999999999997","3.1799999999999997","63.94","93.84","63.94","93.84","0","0","0","1","63.94","","93.84","","2"
"_0015_","OK","6.149626999999982","0.7177997947667252","58.4905","70.8545","2.100999999999999","2.9269999999999925","10.055999999999983","59.541","57.44","72.318","69.391","0","8.240000000000002","8.240000000000002","8.240000000000002","5.0048","0","0","0","0","1","0","0","5.027999999999992","0","0","0","0","0","2","_c064c6d82e5a0000_p_Net","0","0","0","1","1","0","0","0","0","0","1","_c064c6d82e5a0000_p_odb__dbNet","0.0","25.024","0.0","25.024","25.024","","25.024","8.240000000000002","1","8.240000000000002","8.240000000000002","8.240000000000002","62.56","72.08","62.56","72.08","1","0","0","0","62.56","","72.08","","2"
"_0016_","OK","103.39630999999996","0.3865484561059887","56.319","72.26249999999999","6.321999999999996","16.355000000000004","45.354","59.48","53.158","80.44","64.085","0","18.61999999999999","15.939999999999994","31.87999999999999","7.5072","0","0","0","0","2","0","0","22.677","0","0","0","0","0","3","_3865c6d82e5a0000_p_Net","0","0","0","1","1","0","0","0","0","0","2","_3865c6d82e5a0000_p_odb__dbNet","0.0","25.024","0.0","25.024","16.2656","8.7584","32.5312","13.639999999999993","2","13.259999999999998","18.61999999999999","18.61999999999999","60.26","80.24","50.14","69.36","1","0","1","0","55.2","5.059999999999999","74.8","5.439999999999998","3"
"_0017_","OK","10.38453099999997","1.5047582788333629","58.4845","100.44749999999999","3.952999999999996","2.6269999999999953","13.159999999999982","60.461","56.508","101.761","99.134","0","10.309999999999995","10.309999999999995","10.309999999999995","6.256","0","0","0","0","1","0","0","6.579999999999991","0","0","0","0","0","2","_b065c6d82e5a0000_p_Net","0","0","0","1","1","0","0","0","0","0","1","_b065c6d82e5a0000_p_odb__dbNet","0.0","25.024","0.0","25.024","25.024","","25.024","10.309999999999995","1","10.309999999999995","10.309999999999995","10.309999999999995","63.48","102.0","63.48","102.0","1","0","0","0","63.48","","102.0","","2"
"_0018_","OK","18.591162000000153","0.008649324877946467","56.061499999999995","37.902","0.40100000000000335","46.361999999999995","93.526","56.262","55.861","61.083","14.721","0","49.46","49.46","49.46","3.7536","0","0","0","0","1","0","0","46.763","0","0","0","0","0","2","_2866c6d82e5a0000_p_Net","0","0","0","1","1","0","0","0","0","0","1","_2866c6d82e5a0000_p_odb__dbNet","0.0","28.777600000000003","0.0","28.777600000000003","28.777600000000003","","28.777600000000003","49.46","1","49.46","49.46","49.46","59.57","14.96","59.57","14.96","0","0","0","1","59.57","","14.96","","2"
"_0019_","OK","12.946284999999877","0.012420628774588065","57.9015","28.6205","0.40099999999999625","32.285","65.37199999999999","58.102","57.701","44.763","12.478","0","35.17","35.17","35.17","3.7536","0","0","0","0","1","0","0","32.68599999999999","0","0","0","0","0","2","_a066c6d82e5a0000_p_Net","0","0","0","1","1","0","0","0","0","0","1","_a066c6d82e5a0000_p_odb__dbNet","0.0","25.024","0.0","25.024","25.024","","25.024","35.17","1","35.17","35.17","35.17","60.72","12.24","60.72","12.24","0","0","0","1","60.72","","12.24","","2"
"_0020_","OK","35.24819199999999","0.5138855348329047","47.869","122.22200000000001","4.256","8.281999999999996","25.075999999999993","49.997","45.741","126.363","118.081","0","9.31000000000001","9.31000000000001","9.31000000000001","3.7536","0","0","0","0","1","0","0","12.537999999999997","0","0","0","0","0","2","_1867c6d82e5a0000_p_Net","0","0","0","1","1","0","0","0","0","0","1","_1867c6d82e5a0000_p_odb__dbNet","0.0","25.024","0.0","25.024","25.024","","25.024","9.31000000000001","1","9.31000000000001","9.31000000000001","9.31000000000001","48.76","118.32","48.76","118.32","0","0","0","1","48.76","","118.32","","2"
"_0021_","OK","6.085127999999994","0.9751801437249088","48.72","62.432","2.436","2.4979999999999976","9.867999999999995","49.938","47.502","63.681","61.183","0","3.1799999999999997","3.1799999999999997","3.1799999999999997","5.0048","0","0","0","0","1","0","0","4.9339999999999975","0","0","0","0","0","2","_9067c6d82e5a0000_p_Net","0","0","0","1","1","0","0","0","0","0","1","_9067c6d82e5a0000_p_odb__dbNet","0.0","25.024","0.0","25.024","25.024","","25.024","3.1799999999999997","1","3.1799999999999997","3.1799999999999997","3.1799999999999997","46.92","63.92","46.92","63.92","0","1","0","0","46.92","","63.92","","2"
"_0022_","OK","15.746612000000011","0.5549089542791619","53.397","139.9785","2.956000000000003","5.326999999999998","16.566000000000003","54.875","51.919","142.642","137.315","0","11.649999999999991","11.649999999999991","11.649999999999991","5.0048","0","0","0","0","1","0","0","8.283000000000001","0","0","0","0","0","2","_0868c6d82e5a0000_p_Net","0","0","0","1","1","0","0","0","0","0","1","_0868c6d82e5a0000_p_odb__dbNet","0.0","26.2752","0.0","26.2752","26.2752","","26.2752","11.649999999999991","1","11.649999999999991","11.649999999999991","11.649999999999991","57.73","137.36","57.73","137.36","0","0","0","1","57.73","","137.36","","2"
"_0023_","OK","5.004927999999995","0.19032761306740864","60.49","115.517","0.9759999999999991","5.128","12.207999999999998","60.978","60.002","118.081","112.953","0","8.43","8.43","8.43","6.256","0","0","0","0","1","0","0","6.103999999999999","0","0","0","0","0","2","_8068c6d82e5a0000_p_Net","0","0","0","1","1","0","0","0","0","0","1","_8068c6d82e5a0000_p_odb__dbNet","0.0","25.024","0.0","25.024","25.024","","25.024","8.43","1","8.43","8.43","8.43","57.96","118.32","57.96","118.32","0","1","0","0","57.96","","118.32","","2"
"_0024_","OK","0.3091680000000115","59.638888060568696","43.988","44.799","4.293999999999997","0.07200000000000273","8.732","46.135","41.841","44.835","44.763","0","7.359999999999999","7.359999999999999","7.359999999999999","3.7536","0","0","0","1","1","0","0","4.366","0","0","0","0","0","2","_f868c6d82e5a0000_p_Net","0","0","0","1","1","0","1","0","0","0","1","_f868c6d82e5a0000_p_odb__dbNet","0.0","26.2752","0.0","26.2752","26.2752","","26.2752","7.359999999999999","1","7.359999999999999","7.359999999999999","7.359999999999999","48.99","44.88","48.99","44.88","1","0","0","0","48.99","","44.88","","2"
"_0025_","OK","0.17423400000001246","34.56337979487952","34.328","42.2405","2.4540000000000006","0.07100000000000506","5.050000000000011","35.555","33.101","42.276","42.205","0","5.519999999999996","5.519999999999996","5.519999999999996","3.7536","0","0","0","1","1","0","0","2.5250000000000057","0","0","0","0","0","2","_7069c6d82e5a0000_p_Net","0","0","0","1","1","0","1","0","0","0","1","_7069c6d82e5a0000_p_odb__dbNet","0.0","26.2752","0.0","26.2752","26.2752","","26.2752","5.519999999999996","1","5.519999999999996","5.519999999999996","5.519999999999996","38.41","42.16","38.41","42.16","0","0","0","1","38.41","","42.16","","2"
"_0026_","OK","62.03999999999985","8.901515148143387","21.045","40.715","23.5","2.6399999999999935","52.27999999999999","32.795","9.295","42.035","39.395","0","29.86","29.86","29.86","6.256","0","0","0","0","1","0","0","26.139999999999993","0","0","0","0","0","2","_e869c6d82e5a0000_p_Net","0","0","0","1","1","0","0","0","0","0","1","_e869c6d82e5a0000_p_odb__dbNet","0.0","26.2752","0.0","26.2752","26.2752","","26.2752","29.86","1","29.86","29.86","29.86","35.65","39.44","35.65","39.44","0","0","0","1","35.65","","39.44","","2"
"_0027_","OK","60.115440000000014","8.625378784611597","20.9495","35.445","22.771","2.6400000000000006","50.822","32.335","9.564","36.765","34.125","0","27.559999999999995","27.559999999999995","27.559999999999995","6.256","0","0","0","0","1","0","0","25.411","0","0","0","0","0","2","_606ac6d82e5a0000_p_Net","0","0","0","1","1","0","0","0","0","0","1","_606ac6d82e5a0000_p_odb__dbNet","0.0","26.2752","0.0","26.2752","26.2752","","26.2752","27.559999999999995","1","27.559999999999995","27.559999999999995","27.559999999999995","35.19","36.72","35.19","36.72","1","0","0","0","35.19","","36.72","","2"
"_0028_","OK","10.285448000000045","0.08211222300910398","43.441500000000005","44.962","0.919000000000004","11.192","24.22200000000001","43.901","42.982","50.558","39.366","0","13.870000000000005","13.870000000000005","13.870000000000005","6.256","0","0","0","0","1","0","0","12.111000000000004","0","0","0","0","0","2","_d86ac6d82e5a0000_p_Net","0","0","0","1","1","0","0","0","0","0","1","_d86ac6d82e5a0000_p_odb__dbNet","0.0","25.024","0.0","25.024","25.024","","25.024","13.870000000000005","1","13.870000000000005","13.870000000000005","13.870000000000005","46.92","50.32","46.92","50.32","1","0","0","0","46.92","","50.32","","2"
"_0029_","OK","3.4424999999999795","0.030494117644188606","44.659","42.0485","0.32399999999999807","10.625","21.897999999999996","44.821","44.497","47.361","36.736","0","14.100000000000009","14.100000000000009","14.100000000000009","5.0048","0","0","0","0","1","0","0","10.948999999999998","0","0","0","0","0","2","_506bc6d82e5a0000_p_Net","0","0","0","1","1","0","0","0","0","0","1","_506bc6d82e5a0000_p_odb__dbNet","0.0","25.024","0.0","25.024","25.024","","25.024","14.100000000000009","1","14.100000000000009","14.100000000000009","14.100000000000009","47.84","47.6","47.84","47.6","1","0","0","0","47.84","","47.6","","2"
"_0030_","OK","8.507333999999997","0.881841596625291","46.8865","40.84","2.738999999999997","3.1060000000000016","11.689999999999998","48.256","45.517","42.393","39.287","0","3.8699999999999974","3.8699999999999974","3.8699999999999974","6.256","0","0","0","0","1","0","0","5.844999999999999","0","0","0","0","0","2","_c86bc6d82e5a0000_p_Net","0","0","0","1","0","0","0","0","0","0","1","_c86bc6d82e5a0000_p_odb__dbNet","0.0","0.0","0.0","30.0288","30.0288","","30.0288","3.8699999999999974","1","3.8699999999999974","3.8699999999999974","3.8699999999999974","48.76","42.16","48.76","42.16","1","0","0","0","48.76","","42.16","","2"
"_0031_","OK","0.8932000000000064","0.1139285713878837","58.0585","114.43799999999999","0.3190000000000026","2.799999999999997","6.2379999999999995","58.218","57.899","115.838","113.038","0","5.019999999999996","5.019999999999996","5.019999999999996","5.0048","0","0","0","0","1","0","0","3.1189999999999998","0","0","0","0","0","2","_406cc6d82e5a0000_p_Net","0","0","0","1","1","0","0","0","0","0","1","_406cc6d82e5a0000_p_odb__dbNet","0.0","25.024","0.0","25.024","25.024","","25.024","5.019999999999996","1","5.019999999999996","5.019999999999996","5.019999999999996","55.2","115.6","55.2","115.6","0","1","0","0","55.2","","115.6","","2"
"_0032_","OK","2.277205999999996","0.26580116150809624","42.45","16.4545","0.7779999999999987","2.9269999999999996","7.409999999999997","42.839","42.061","17.918","14.991","0","4.559999999999995","4.559999999999995","4.559999999999995","5.0048","0","0","0","0","1","0","0","3.7049999999999983","0","0","0","0","0","2","_b86cc6d82e5a0000_p_Net","0","0","0","1","1","0","0","0","0","0","1","_b86cc6d82e5a0000_p_odb__dbNet","0.0","25.024","0.0","25.024","25.024","","25.024","4.559999999999995","1","4.559999999999995","4.559999999999995","4.559999999999995","45.08","17.68","45.08","17.68","1","0","0","0","45.08","","17.68","","2"
"_0033_","OK","3.9680270000000015","0.6283326698653673","46.5305","13.464500000000001","1.5790000000000006","2.513","8.184000000000001","47.32","45.741","14.721","12.208","0","4.559999999999997","4.559999999999997","4.559999999999997","5.0048","0","0","0","0","1","0","0","4.0920000000000005","0","0","0","0","0","2","_306dc6d82e5a0000_p_Net","0","0","0","1","1","0","0","0","0","0","1","_306dc6d82e5a0000_p_odb__dbNet","0.0","25.024","0.0","25.024","25.024","","25.024","4.559999999999997","1","4.559999999999997","4.559999999999997","4.559999999999997","48.76","14.96","48.76","14.96","1","0","0","0","48.76","","14.96","","2"
"_0034_","OK","1.3493700000000148","0.0504835589844331","51.1305","20.503","0.2610000000000028","5.170000000000002","10.862000000000009","51.261","51.0","23.088","17.918","0","9.120000000000001","9.120000000000001","9.120000000000001","5.0048","0","0","0","0","1","0","0","5.4310000000000045","0","0","0","0","0","2","_a86dc6d82e5a0000_p_Net","0","0","0","1","1","0","0","0","0","0","1","_a86dc6d82e5a0000_p_odb__dbNet","0.0","25.024","0.0","25.024","25.024","","25.024","9.120000000000001","1","9.120000000000001","9.120000000000001","9.120000000000001","54.28","17.68","54.28","17.68","0","0","0","1","54.28","","17.68","","2"
"_0035_","OK","18.43424599999998","2.151691150614385","36.669","21.8945","6.297999999999995","2.9269999999999996","18.44999999999999","39.818","33.52","23.358","20.431","0","6.400000000000002","6.400000000000002","6.400000000000002","5.0048","0","0","0","0","1","0","0","9.224999999999994","0","0","0","0","0","2","_206ec6d82e5a0000_p_Net","0","0","0","1","1","0","0","0","0","0","1","_206ec6d82e5a0000_p_odb__dbNet","0.0","25.024","0.0","25.024","25.024","","25.024","6.400000000000002","1","6.400000000000002","6.400000000000002","6.400000000000002","36.8","23.12","36.8","23.12","1","0","0","0","36.8","","23.12","","2"
"_0036_","OK","13.535059999999993","0.5063829786254576","27.469","15.062999999999999","2.6179999999999986","5.17","15.575999999999997","28.778","26.16","17.648","12.478","0","5.4399999999999995","5.4399999999999995","5.4399999999999995","5.0048","0","0","0","0","1","0","0","7.7879999999999985","0","0","0","0","0","2","_986ec6d82e5a0000_p_Net","0","0","0","1","1","0","0","0","0","0","1","_986ec6d82e5a0000_p_odb__dbNet","0.0","25.024","0.0","25.024","25.024","","25.024","5.4399999999999995","1","5.4399999999999995","5.4399999999999995","5.4399999999999995","25.76","12.24","25.76","12.24","0","0","1","0","25.76","","12.24","","2"
"_0037_","OK","16.739512999999995","1.9538776898005201","16.8605","16.1845","5.718999999999999","2.9269999999999996","17.291999999999998","19.72","14.001","17.648","14.721","0","5.02","5.02","5.02","5.0048","0","0","0","0","1","0","0","8.645999999999999","0","0","0","0","0","2","_106fc6d82e5a0000_p_Net","0","0","0","1","1","0","0","0","0","0","1","_106fc6d82e5a0000_p_odb__dbNet","0.0","25.024","0.0","25.024","25.024","","25.024","5.02","1","5.02","5.02","5.02","17.02","14.96","17.02","14.96","0","0","0","1","17.02","","14.96","","2"
"_0038_","OK","15.741405999999998","1.837376152430005","14.39","21.8945","5.378","2.9269999999999996","16.61","17.079","11.701","23.358","20.431","0","5.480000000000002","5.480000000000002","5.480000000000002","5.0048","0","0","0","0","1","0","0","8.305","0","0","0","0","0","2","_886fc6d82e5a0000_p_Net","0","0","0","1","1","0","0","0","0","0","1","_886fc6d82e5a0000_p_odb__dbNet","0.0","25.024","0.0","25.024","25.024","","25.024","5.480000000000002","1","5.480000000000002","5.480000000000002","5.480000000000002","14.72","23.12","14.72","23.12","1","0","0","0","14.72","","23.12","","2"
"_0039_","OK","8.163430000000004","0.3054158606759352","17.4085","15.062999999999999","1.5790000000000006","5.17","13.498000000000001","18.198","16.619","17.648","12.478","0","7.279999999999999","7.279999999999999","7.279999999999999","5.0048","0","0","0","0","1","0","0","6.7490000000000006","0","0","0","0","0","2","_0070c6d82e5a0000_p_Net","0","0","0","1","1","0","0","0","0","0","1","_0070c6d82e5a0000_p_odb__dbNet","0.0","25.024","0.0","25.024","25.024","","25.024","7.279999999999999","1","7.279999999999999","7.279999999999999","7.279999999999999","15.18","12.24","15.18","12.24","0","0","1","0","15.18","","12.24","","2"
"_0040_","OK","0.7639469999999976","0.08916979839796019","23.070500000000003","16.1845","0.26099999999999923","2.9269999999999996","6.375999999999998","23.201","22.94","17.648","14.721","0","6.399999999999999","6.399999999999999","6.399999999999999","5.0048","0","0","0","0","1","0","0","3.187999999999999","0","0","0","0","0","2","_7870c6d82e5a0000_p_Net","0","0","0","1","1","0","0","0","0","0","1","_7870c6d82e5a0000_p_odb__dbNet","0.0","25.024","0.0","25.024","25.024","","25.024","6.399999999999999","1","6.399999999999999","6.399999999999999","6.399999999999999","26.22","14.96","26.22","14.96","0","0","0","1","26.22","","14.96","","2"
"_0041_","OK","2.967852999999993","0.46995622742938364","32.7305","13.464500000000001","1.1809999999999974","2.513","7.387999999999995","33.321","32.14","14.721","12.208","0","7.320000000000006","7.320000000000006","7.320000000000006","5.0048","0","0","0","0","1","0","0","3.6939999999999973","0","0","0","0","0","2","_f070c6d82e5a0000_p_Net","0","0","0","1","1","0","0","0","0","0","1","_f070c6d82e5a0000_p_odb__dbNet","0.0","25.024","0.0","25.024","25.024","","25.024","7.320000000000006","1","7.320000000000006","7.320000000000006","7.320000000000006","36.34","14.96","36.34","14.96","1","0","0","0","36.34","","14.96","","2"
"_0042_","OK","3.8247859999999987","0.6056506165516701","38.540000000000006","18.9045","1.5219999999999985","2.5130000000000017","8.07","39.301","37.779","20.161","17.648","0","6.859999999999999","6.859999999999999","6.859999999999999","5.0048","0","0","0","0","1","0","0","4.035","0","0","0","0","0","2","_6871c6d82e5a0000_p_Net","0","0","0","1","1","0","0","0","0","0","1","_6871c6d82e5a0000_p_odb__dbNet","0.0","25.024","0.0","25.024","25.024","","25.024","6.859999999999999","1","6.859999999999999","6.859999999999999","6.859999999999999","42.32","20.4","42.32","20.4","1","0","0","0","42.32","","20.4","","2"
"_0043_","OK","49.284456000000034","0.4152744629690402","60.817","134.678","4.524000000000001","10.894000000000005","30.836000000000013","63.079","58.555","140.125","129.231","0","12.26000000000002","12.26000000000002","12.26000000000002","5.0048","0","0","0","0","1","0","0","15.418000000000006","0","0","0","0","0","2","_e071c6d82e5a0000_p_Net","0","0","0","1","1","0","0","0","0","0","1","_e071c6d82e5a0000_p_odb__dbNet","0.0","30.0288","0.0","30.0288","30.0288","","30.0288","12.26000000000002","1","12.26000000000002","12.26000000000002","12.26000000000002","62.1","140.08","62.1","140.08","1","0","0","0","62.1","","140.08","","2"
"_0044_","OK","6.584508000000026","0.22530521638451664","65.49600000000001","140.052","1.2180000000000035","5.406000000000006","13.248000000000019","66.105","64.887","142.755","137.349","0","7.509999999999991","7.509999999999991","7.509999999999991","8.758400000000002","0","0","0","0","1","0","0","6.624000000000009","0","0","0","0","0","2","_5872c6d82e5a0000_p_Net","0","0","0","1","1","0","0","0","0","0","1","_5872c6d82e5a0000_p_odb__dbNet","0.0","30.0288","0.0","30.0288","30.0288","","30.0288","7.509999999999991","1","7.509999999999991","7.509999999999991","7.509999999999991","62.56","142.8","62.56","142.8","0","1","0","0","62.56","","142.8","","2"
"_0045_","OK","4.7723749999999985","0.6978967492551088","64.6505","122.5855","1.8250000000000028","2.614999999999995","8.879999999999995","65.563","63.738","123.893","121.278","0","5.710000000000001","5.710000000000001","5.710000000000001","11.2608","0","0","0","0","1","0","0","4.439999999999998","0","0","0","0","0","2","_d072c6d82e5a0000_p_Net","0","0","0","1","1","0","0","0","0","0","1","_d072c6d82e5a0000_p_odb__dbNet","0.0","25.024","0.0","25.024","25.024","","25.024","5.710000000000001","1","5.710000000000001","5.710000000000001","5.710000000000001","60.72","121.04","60.72","121.04","0","0","1","0","60.72","","121.04","","2"
"_0046_","OK","1.24212500000002","0.1816443593951683","67.1385","67.8135","0.4750000000000085","2.614999999999995","6.180000000000007","67.376","66.901","69.121","66.506","0","3.4099999999999966","3.4099999999999966","3.4099999999999966","11.2608","0","0","0","0","1","0","0","3.0900000000000034","0","0","0","0","0","2","_4873c6d82e5a0000_p_Net","0","0","0","1","1","0","0","0","0","0","1","_4873c6d82e5a0000_p_odb__dbNet","0.0","25.024","0.0","25.024","25.024","","25.024","3.4099999999999966","1","3.4099999999999966","3.4099999999999966","3.4099999999999966","69.92","69.36","69.92","69.36","1","0","0","0","69.92","","69.36","","2"
"_0047_","OK","1.3418749999999835","0.16814159286083286","68.5185","21.573500000000003","0.4749999999999943","2.8249999999999993","6.599999999999987","68.756","68.281","22.986","20.161","0","3.41","3.41","3.41","11.2608","0","0","0","0","1","0","0","3.2999999999999936","0","0","0","0","0","2","_c073c6d82e5a0000_p_Net","0","0","0","1","1","0","0","0","0","0","1","_c073c6d82e5a0000_p_odb__dbNet","0.0","25.024","0.0","25.024","25.024","","25.024","3.41","1","3.41","3.41","3.41","71.3","20.4","71.3","20.4","0","0","0","1","71.3","","20.4","","2"
"_0048_","OK","5.551954000000008","0.9371405090644485","66.2205","35.455","2.281000000000006","2.4339999999999975","9.430000000000007","67.361","65.08","36.672","34.238","0","9.159999999999997","9.159999999999997","9.159999999999997","10.0096","0","0","0","0","1","0","0","4.715000000000003","0","0","0","0","0","2","_3874c6d82e5a0000_p_Net","0","0","0","1","1","0","0","0","0","0","1","_3874c6d82e5a0000_p_odb__dbNet","0.0","25.024","0.0","25.024","25.024","","25.024","9.159999999999997","1","9.159999999999997","9.159999999999997","9.159999999999997","70.38","34.0","70.38","34.0","0","0","0","1","70.38","","34.0","","2"
"_0049_","OK","1.4999939999999858","0.16600133061676442","67.6105","37.984","0.4989999999999952","3.0060000000000002","7.009999999999991","67.86","67.361","39.487","36.481","0","4.099999999999994","4.099999999999994","4.099999999999994","10.0096","0","0","0","0","1","0","0","3.5049999999999955","0","0","0","0","0","2","_b074c6d82e5a0000_p_Net","0","0","0","1","1","0","0","0","0","0","1","_b074c6d82e5a0000_p_odb__dbNet","0.0","25.024","0.0","25.024","25.024","","25.024","4.099999999999994","1","4.099999999999994","4.099999999999994","4.099999999999994","70.38","36.72","70.38","36.72","0","0","0","1","70.38","","36.72","","2"
"_0050_","OK","1.2145659999999872","0.20501232530607372","67.6105","84.224","0.4989999999999952","2.4339999999999975","5.8659999999999854","67.86","67.361","85.441","83.007","0","4.1000000000000085","4.1000000000000085","4.1000000000000085","10.0096","0","0","0","0","1","0","0","2.9329999999999927","0","0","0","0","0","2","_2875c6d82e5a0000_p_Net","0","0","0","1","1","0","0","0","0","0","1","_2875c6d82e5a0000_p_odb__dbNet","0.0","25.024","0.0","25.024","25.024","","25.024","4.1000000000000085","1","4.1000000000000085","4.1000000000000085","4.1000000000000085","70.38","85.68","70.38","85.68","1","0","0","0","70.38","","85.68","","2"
"_0051_","OK","0.04237500000000165","0.00530973451139498","69.6685","92.2935","0.015000000000000568","2.825000000000003","5.680000000000007","69.676","69.661","93.706","90.881","0","3.8700000000000045","3.8700000000000045","3.8700000000000045","11.2608","0","0","0","0","1","0","0","2.8400000000000034","0","0","0","0","0","2","_a075c6d82e5a0000_p_Net","0","0","0","1","1","0","0","0","0","0","1","_a075c6d82e5a0000_p_odb__dbNet","0.0","25.024","0.0","25.024","25.024","","25.024","3.8700000000000045","1","3.8700000000000045","3.8700000000000045","3.8700000000000045","72.68","91.12","72.68","91.12","0","0","0","1","72.68","","91.12","","2"
"_0052_","OK","2.882753999999967","0.3190286093416368","72.9005","130.65499999999997","0.958999999999989","3.0060000000000002","7.929999999999978","73.38","72.421","132.158","129.152","0","3.6400000000000006","3.6400000000000006","3.6400000000000006","10.0096","0","0","0","0","1","0","0","3.964999999999989","0","0","0","0","0","2","_1876c6d82e5a0000_p_Net","0","0","0","1","1","0","0","0","0","0","1","_1876c6d82e5a0000_p_odb__dbNet","0.0","25.024","0.0","25.024","25.024","","25.024","3.6400000000000006","1","3.6400000000000006","3.6400000000000006","3.6400000000000006","75.44","131.92","75.44","131.92","1","0","0","0","75.44","","131.92","","2"
"_0053_","OK","3.569475000000036","0.5219885275250539","75.8785","84.1335","1.365000000000009","2.615000000000009","7.960000000000036","76.561","75.196","85.441","82.826","0","5.250000000000014","5.250000000000014","5.250000000000014","11.2608","0","0","0","0","1","0","0","3.980000000000018","0","0","0","0","0","2","_9076c6d82e5a0000_p_Net","0","0","0","1","1","0","0","0","0","0","1","_9076c6d82e5a0000_p_odb__dbNet","0.0","25.024","0.0","25.024","25.024","","25.024","5.250000000000014","1","5.250000000000014","5.250000000000014","5.250000000000014","79.58","85.68","79.58","85.68","1","0","0","0","79.58","","85.68","","2"
"_0054_","OK","0.039225000000001516","0.005736137665110676","77.48849999999999","18.8535","0.015000000000000568","2.615000000000002","5.260000000000005","77.496","77.481","20.161","17.546","0","3.8700000000000045","3.8700000000000045","3.8700000000000045","11.2608","0","0","0","0","1","0","0","2.6300000000000026","0","0","0","0","0","2","_0877c6d82e5a0000_p_Net","0","0","0","1","1","0","0","0","0","0","1","_0877c6d82e5a0000_p_odb__dbNet","0.0","25.024","0.0","25.024","25.024","","25.024","3.8700000000000045","1","3.8700000000000045","3.8700000000000045","3.8700000000000045","80.5","20.4","80.5","20.4","1","0","0","0","80.5","","20.4","","2"
"_0055_","OK","0.12082500000000457","0.0018621973926925353","69.6685","21.9455","0.015000000000000568","8.055","16.14","69.676","69.661","25.973","17.918","0","9.310000000000006","9.310000000000006","9.310000000000006","11.2608","0","0","0","0","1","0","0","8.07","0","0","0","0","0","2","_8077c6d82e5a0000_p_Net","0","0","0","1","1","0","0","0","0","0","1","_8077c6d82e5a0000_p_odb__dbNet","0.0","25.024","0.0","25.024","25.024","","25.024","9.310000000000006","1","9.310000000000006","9.310000000000006","9.310000000000006","72.68","17.68","72.68","17.68","0","0","0","1","72.68","","17.68","","2"
"_0056_","OK","0.039225000000001516","0.005736137665110676","74.7285","40.6135","0.015000000000000568","2.615000000000002","5.260000000000005","74.736","74.721","41.921","39.306","0","3.8699999999999903","3.8699999999999903","3.8699999999999903","11.2608","0","0","0","0","1","0","0","2.6300000000000026","0","0","0","0","0","2","_f877c6d82e5a0000_p_Net","0","0","0","1","1","0","0","0","0","0","1","_f877c6d82e5a0000_p_odb__dbNet","0.0","25.024","0.0","25.024","25.024","","25.024","3.8699999999999903","1","3.8699999999999903","3.8699999999999903","3.8699999999999903","77.74","42.16","77.74","42.16","1","0","0","0","77.74","","42.16","","2"
"_0057_","OK","1.1636749999999814","0.17017208406494125","75.8785","24.6655","0.4449999999999932","2.6149999999999984","6.119999999999983","76.101","75.656","25.973","23.358","0","4.329999999999998","4.329999999999998","4.329999999999998","11.2608","0","0","0","0","1","0","0","3.0599999999999916","0","0","0","0","0","2","_7078c6d82e5a0000_p_Net","0","0","0","1","1","0","0","0","0","0","1","_7078c6d82e5a0000_p_odb__dbNet","0.0","25.024","0.0","25.024","25.024","","25.024","4.329999999999998","1","4.329999999999998","4.329999999999998","4.329999999999998","79.12","23.12","79.12","23.12","0","0","0","1","79.12","","23.12","","2"
"_0058_","OK","2.445024999999977","0.3575525811252131","76.10849999999999","149.4135","0.9349999999999881","2.615000000000009","7.099999999999994","76.576","75.641","150.721","148.106","0","2.9499999999999886","2.9499999999999886","2.9499999999999886","11.2608","0","0","0","0","1","0","0","3.549999999999997","0","0","0","0","0","2","_e878c6d82e5a0000_p_Net","0","0","0","1","1","0","0","0","0","0","1","_e878c6d82e5a0000_p_odb__dbNet","0.0","25.024","0.0","25.024","25.024","","25.024","2.9499999999999886","1","2.9499999999999886","2.9499999999999886","2.9499999999999886","78.66","150.96","78.66","150.96","1","0","0","0","78.66","","150.96","","2"
"_0059_","OK","2.4072999999999634","0.09372533541954825","68.9785","151.012","0.4749999999999943","5.067999999999984","11.085999999999956","69.216","68.741","153.546","148.478","0","6.13000000000001","6.13000000000001","6.13000000000001","11.2608","0","0","0","0","1","0","0","5.542999999999978","0","0","0","0","0","2","_6079c6d82e5a0000_p_Net","0","0","0","1","1","0","0","0","0","0","1","_6079c6d82e5a0000_p_odb__dbNet","0.0","25.024","0.0","25.024","25.024","","25.024","6.13000000000001","1","6.13000000000001","6.13000000000001","6.13000000000001","71.76","148.24","71.76","148.24","0","0","0","1","71.76","","148.24","","2"
"_0060_","OK","2.407299999999977","0.09372533541954772","66.6785","148.187","0.4749999999999943","5.068000000000012","11.086000000000013","66.916","66.441","150.721","145.653","0","6.1299999999999955","6.1299999999999955","6.1299999999999955","11.2608","0","0","0","0","1","0","0","5.543000000000006","0","0","0","0","0","2","_d879c6d82e5a0000_p_Net","0","0","0","1","1","0","0","0","0","0","1","_d879c6d82e5a0000_p_odb__dbNet","0.0","25.024","0.0","25.024","25.024","","25.024","6.1299999999999955","1","6.1299999999999955","6.1299999999999955","6.1299999999999955","69.46","150.96","69.46","150.96","1","0","0","0","69.46","","150.96","","2"
"_0061_","OK","1.5128260000000129","0.2395543174534215","72.58","144.0245","0.6020000000000039","2.5130000000000052","6.230000000000018","72.881","72.279","145.281","142.768","0","5.939999999999998","5.939999999999998","5.939999999999998","5.0048","0","0","0","0","1","0","0","3.115000000000009","0","0","0","0","0","2","_507ac6d82e5a0000_p_Net","0","0","0","1","1","0","0","0","0","0","1","_507ac6d82e5a0000_p_odb__dbNet","0.0","25.024","0.0","25.024","25.024","","25.024","5.939999999999998","1","5.939999999999998","5.939999999999998","5.939999999999998","75.9","145.52","75.9","145.52","1","0","0","0","75.9","","145.52","","2"
"_0062_","OK","14.861574000000102","0.02438530400516945","73.5","147.0145","0.6020000000000039","24.687000000000012","50.57800000000003","73.801","73.199","159.358","134.671","0","27.93000000000002","27.93000000000002","27.93000000000002","5.0048","0","0","0","0","1","0","0","25.289000000000016","0","0","0","0","0","2","_c87ac6d82e5a0000_p_Net","0","0","0","1","1","0","0","0","0","0","1","_c87ac6d82e5a0000_p_odb__dbNet","0.0","26.2752","0.0","26.2752","26.2752","","26.2752","27.93000000000002","1","27.93000000000002","27.93000000000002","27.93000000000002","77.05","159.12","77.05","159.12","1","0","0","0","77.05","","159.12","","2"
"_0063_","OK","1.7878199999999975","0.2883534135388114","55.501999999999995","144.036","0.7179999999999964","2.490000000000009","6.416000000000011","55.861","55.143","145.281","142.791","0","6.630000000000003","6.630000000000003","6.630000000000003","3.7536","0","0","0","0","1","0","0","3.2080000000000055","0","0","0","0","0","2","_407bc6d82e5a0000_p_Net","0","0","0","1","1","0","0","0","0","0","1","_407bc6d82e5a0000_p_odb__dbNet","0.0","25.024","0.0","25.024","25.024","","25.024","6.630000000000003","1","6.630000000000003","6.630000000000003","6.630000000000003","58.88","145.52","58.88","145.52","1","0","0","0","58.88","","145.52","","2"
"_0064_","OK","0.34190500000002594","0.010181190679866012","48.070499999999996","137.2985","0.059000000000004604","5.7949999999999875","11.707999999999984","48.1","48.041","140.196","134.401","0","9.81000000000003","9.81000000000003","9.81000000000003","8.758400000000002","0","0","0","0","1","0","0","5.853999999999992","0","0","0","0","0","2","_b87bc6d82e5a0000_p_Net","0","0","0","1","1","0","0","0","0","0","1","_b87bc6d82e5a0000_p_odb__dbNet","0.0","25.024","0.0","25.024","25.024","","25.024","9.81000000000003","1","9.81000000000003","9.81000000000003","9.81000000000003","51.06","134.64","51.06","134.64","0","0","0","1","51.06","","134.64","","2"
"_0065_","OK","0.4156340000000078","0.04851383667628614","36.010000000000005","135.86450000000002","0.142000000000003","2.9269999999999925","6.137999999999991","36.081","35.939","137.328","134.401","0","5.480000000000025","5.480000000000025","5.480000000000025","5.0048","0","0","0","0","1","0","0","3.0689999999999955","0","0","0","0","0","2","_307cc6d82e5a0000_p_Net","0","0","0","1","1","0","0","0","0","0","1","_307cc6d82e5a0000_p_odb__dbNet","0.0","25.024","0.0","25.024","25.024","","25.024","5.480000000000025","1","5.480000000000025","5.480000000000025","5.480000000000025","39.1","134.64","39.1","134.64","0","0","0","1","39.1","","134.64","","2"
"_0066_","OK","1.9934800000000075","0.05936151854023116","39.589","126.4185","0.3440000000000012","5.795000000000002","12.278000000000006","39.761","39.417","129.316","123.521","0","8.889999999999986","8.889999999999986","8.889999999999986","3.7536","0","0","0","0","1","0","0","6.139000000000003","0","0","0","0","0","2","_a87cc6d82e5a0000_p_Net","0","0","0","1","1","0","0","0","0","0","1","_a87cc6d82e5a0000_p_odb__dbNet","0.0","25.024","0.0","25.024","25.024","","25.024","8.889999999999986","1","8.889999999999986","8.889999999999986","8.889999999999986","42.78","123.76","42.78","123.76","0","0","0","1","42.78","","123.76","","2"
"_0067_","OK","0.632255000000032","5.016901394318327","42.090500000000006","148.3005","1.7809999999999988","0.3550000000000182","4.272000000000034","42.981","41.2","148.478","148.123","0","6.210000000000001","6.210000000000001","6.210000000000001","8.758400000000002","0","0","0","0","1","0","0","2.136000000000017","0","0","0","0","0","2","_207dc6d82e5a0000_p_Net","0","0","0","1","1","0","0","0","0","0","1","_207dc6d82e5a0000_p_odb__dbNet","0.0","25.024","0.0","25.024","25.024","","25.024","6.210000000000001","1","6.210000000000001","6.210000000000001","6.210000000000001","46.0","148.24","46.0","148.24","0","0","0","1","46.0","","148.24","","2"
"_0068_","OK","0.5672700000000213","7.781481452660881","35.4905","159.223","2.100999999999999","0.27000000000001023","4.742000000000019","36.541","34.44","159.358","159.088","0","5.520000000000003","5.520000000000003","5.520000000000003","5.0048","0","0","0","0","1","0","0","2.3710000000000093","0","0","0","0","0","2","_987dc6d82e5a0000_p_Net","0","0","0","1","1","0","0","0","0","0","1","_987dc6d82e5a0000_p_odb__dbNet","0.0","25.024","0.0","25.024","25.024","","25.024","5.520000000000003","1","5.520000000000003","5.520000000000003","5.520000000000003","39.56","159.12","39.56","159.12","0","0","0","1","39.56","","159.12","","2"
"_0069_","OK","2.2368779999999977","0.3314087758539648","49.9105","160.65699999999998","0.8610000000000042","2.5979999999999848","6.917999999999978","50.341","49.48","161.956","159.358","0","8.009999999999998","8.009999999999998","8.009999999999998","8.758400000000002","0","0","0","0","1","0","0","3.458999999999989","0","0","0","0","0","2","_107ec6d82e5a0000_p_Net","0","0","0","1","1","0","0","0","0","0","1","_107ec6d82e5a0000_p_odb__dbNet","0.0","25.024","0.0","25.024","25.024","","25.024","8.009999999999998","1","8.009999999999998","8.009999999999998","8.009999999999998","53.36","159.12","53.36","159.12","0","0","0","1","53.36","","159.12","","2"
"_0070_","OK","11.760196000000048","1.456016889002098","54.769000000000005","163.377","4.137999999999998","2.842000000000013","13.960000000000022","56.838","52.7","164.798","161.956","0","5.25","5.25","5.25","8.758400000000002","0","0","0","0","1","0","0","6.980000000000011","0","0","0","0","0","2","_887ec6d82e5a0000_p_Net","0","0","0","1","1","0","0","0","0","0","1","_887ec6d82e5a0000_p_odb__dbNet","0.0","25.024","0.0","25.024","25.024","","25.024","5.25","1","5.25","5.25","5.25","53.82","164.56","53.82","164.56","0","1","0","0","53.82","","164.56","","2"
"_0071_","OK","3.754281999999994","0.46481351144799393","46.460499999999996","174.257","1.321000000000005","2.8419999999999845","8.32599999999998","47.121","45.8","175.678","172.836","0","8.469999999999999","8.469999999999999","8.469999999999999","8.758400000000002","0","0","0","0","1","0","0","4.16299999999999","0","0","0","0","0","2","_007fc6d82e5a0000_p_Net","0","0","0","1","1","0","0","0","0","0","1","_007fc6d82e5a0000_p_odb__dbNet","0.0","25.024","0.0","25.024","25.024","","25.024","8.469999999999999","1","8.469999999999999","8.469999999999999","8.469999999999999","50.14","175.44","50.14","175.44","1","0","0","0","50.14","","175.44","","2"
"_0072_","OK","7.017197999999942","1.039645881047099","46.6905","176.622","2.7009999999999934","2.5979999999999848","10.597999999999956","48.041","45.34","177.921","175.323","0","9.850000000000001","9.850000000000001","9.850000000000001","8.758400000000002","0","0","0","0","1","0","0","5.298999999999978","0","0","0","0","0","2","_787fc6d82e5a0000_p_Net","0","0","0","1","1","0","0","0","0","0","1","_787fc6d82e5a0000_p_odb__dbNet","0.0","25.024","0.0","25.024","25.024","","25.024","9.850000000000001","1","9.850000000000001","9.850000000000001","9.850000000000001","51.06","178.16","51.06","178.16","1","0","0","0","51.06","","178.16","","2"
"_0073_","OK","18.013158000000022","0.27880069665603335","47.8405","196.017","2.2409999999999997","8.038000000000011","20.55800000000002","48.961","46.72","200.036","191.998","0","14.829999999999991","14.829999999999991","14.829999999999991","8.758400000000002","0","0","0","0","1","0","0","10.27900000000001","0","0","0","0","0","2","_f07fc6d82e5a0000_p_Net","0","0","0","1","1","0","0","0","0","0","1","_f07fc6d82e5a0000_p_odb__dbNet","0.0","25.024","0.0","25.024","25.024","","25.024","14.829999999999991","1","14.829999999999991","14.829999999999991","14.829999999999991","51.98","191.76","51.98","191.76","0","0","0","1","51.98","","191.76","","2"
"_0074_","OK","2.4469619999999783","0.3029556649180317","49.450500000000005","195.662","0.8609999999999971","2.8419999999999845","7.405999999999963","49.881","49.02","197.083","194.241","0","8.009999999999998","8.009999999999998","8.009999999999998","8.758400000000002","0","0","0","0","1","0","0","3.7029999999999816","0","0","0","0","0","2","_6880c6d82e5a0000_p_Net","0","0","0","1","1","0","0","0","0","0","1","_6880c6d82e5a0000_p_odb__dbNet","0.0","25.024","0.0","25.024","25.024","","25.024","8.009999999999998","1","8.009999999999998","8.009999999999998","8.009999999999998","52.9","194.48","52.9","194.48","0","0","0","1","52.9","","194.48","","2"
"_0075_","OK","3.738522000000019","0.5538876056374539","41.400499999999994","192.942","1.439","2.598000000000013","8.074000000000026","42.12","40.681","194.241","191.643","0","5.710000000000001","5.710000000000001","5.710000000000001","8.758400000000002","0","0","0","0","1","0","0","4.037000000000013","0","0","0","0","0","2","_e080c6d82e5a0000_p_Net","0","0","0","1","1","0","0","0","0","0","1","_e080c6d82e5a0000_p_odb__dbNet","0.0","25.024","0.0","25.024","25.024","","25.024","5.710000000000001","1","5.710000000000001","5.710000000000001","5.710000000000001","43.7","194.48","43.7","194.48","1","0","0","0","43.7","","194.48","","2"
"_0076_","OK","6.368921999999975","0.7885292045079121","30.360500000000002","174.257","2.241000000000003","2.8419999999999845","10.165999999999976","31.481","29.24","175.678","172.836","0","9.39","9.39","9.39","8.758400000000002","0","0","0","0","1","0","0","5.082999999999988","0","0","0","0","0","2","_5881c6d82e5a0000_p_Net","0","0","0","1","1","0","0","0","0","0","1","_5881c6d82e5a0000_p_odb__dbNet","0.0","25.024","0.0","25.024","25.024","","25.024","9.39","1","9.39","9.39","9.39","34.5","175.44","34.5","175.44","1","0","0","0","34.5","","175.44","","2"
"_0077_","OK","0.9307860000000017","0.10864366241590658","32.1","168.7745","0.3180000000000014","2.9269999999999925","6.489999999999988","32.259","31.941","170.238","167.311","0","5.020000000000003","5.020000000000003","5.020000000000003","5.0048","0","0","0","0","1","0","0","3.244999999999994","0","0","0","0","0","2","_d081c6d82e5a0000_p_Net","0","0","0","1","1","0","0","0","0","0","1","_d081c6d82e5a0000_p_odb__dbNet","0.0","25.024","0.0","25.024","25.024","","25.024","5.020000000000003","1","5.020000000000003","5.020000000000003","5.020000000000003","34.96","170.0","34.96","170.0","1","0","0","0","34.96","","170.0","","2"
"_0078_","OK","8.483970000000035","0.31740812372970767","30.6605","191.656","1.6410000000000018","5.170000000000016","13.622000000000035","31.481","29.84","194.241","189.071","0","10.499999999999996","10.499999999999996","10.499999999999996","5.0048","0","0","0","0","1","0","0","6.811000000000018","0","0","0","0","0","2","_4882c6d82e5a0000_p_Net","0","0","0","1","1","0","0","0","0","0","1","_4882c6d82e5a0000_p_odb__dbNet","0.0","25.024","0.0","25.024","25.024","","25.024","10.499999999999996","1","10.499999999999996","10.499999999999996","10.499999999999996","34.5","194.48","34.5","194.48","1","0","0","0","34.5","","194.48","","2"
"_0079_","OK","26.31996000000005","1.0178957716778954","24.869","197.13850000000002","5.176000000000002","5.085000000000008","20.52200000000002","27.457","22.281","199.681","194.596","0","7.509999999999998","7.509999999999998","7.509999999999998","3.7536","0","0","0","0","1","0","0","10.26100000000001","0","0","0","0","0","2","_c082c6d82e5a0000_p_Net","0","0","0","1","1","0","0","0","0","0","1","_c082c6d82e5a0000_p_odb__dbNet","0.0","25.024","0.0","25.024","25.024","","25.024","7.509999999999998","1","7.509999999999998","7.509999999999998","7.509999999999998","25.3","199.92","25.3","199.92","1","0","0","0","25.3","","199.92","","2"
"_0080_","OK","7.294886000000019","0.10543399854467043","34.2625","67.84","0.8770000000000024","8.317999999999998","18.39","34.701","33.824","71.999","63.681","0","10.459999999999994","10.459999999999994","10.459999999999994","10.0096","0","0","0","0","1","0","0","9.195","0","0","0","0","0","2","_3883c6d82e5a0000_p_Net","0","0","0","1","1","0","0","0","0","0","1","_3883c6d82e5a0000_p_odb__dbNet","0.0","25.024","0.0","25.024","25.024","","25.024","10.459999999999994","1","10.459999999999994","10.459999999999994","10.459999999999994","37.72","63.92","37.72","63.92","0","0","0","1","37.72","","63.92","","2"
"_0081_","OK","2.246874000000004","0.3423106946361017","34.2625","67.84","0.8770000000000024","2.5619999999999976","6.878","34.701","33.824","69.121","66.559","0","5.019999999999996","5.019999999999996","5.019999999999996","10.0096","0","0","0","0","1","0","0","3.439","0","0","0","0","0","2","_b083c6d82e5a0000_p_Net","0","0","0","1","1","0","0","0","0","0","1","_b083c6d82e5a0000_p_odb__dbNet","0.0","25.024","0.0","25.024","25.024","","25.024","5.019999999999996","1","5.019999999999996","5.019999999999996","5.019999999999996","37.72","69.36","37.72","69.36","1","0","0","0","37.72","","69.36","","2"
"_0082_","OK","3.645726000000001","0.5554254486512793","31.7325","89.6","1.4230000000000018","2.5619999999999976","7.969999999999999","32.444","31.021","90.881","88.319","0","2.719999999999999","2.719999999999999","2.719999999999999","10.0096","0","0","0","0","1","0","0","3.9849999999999994","0","0","0","0","0","2","_2884c6d82e5a0000_p_Net","0","0","0","1","1","0","0","0","0","0","1","_2884c6d82e5a0000_p_odb__dbNet","0.0","25.024","0.0","25.024","25.024","","25.024","2.719999999999999","1","2.719999999999999","2.719999999999999","2.719999999999999","34.04","91.12","34.04","91.12","1","0","0","0","34.04","","91.12","","2"
"_0083_","OK","6.743510000000035","0.206830122555722","42.8505","91.223","1.1810000000000045","5.710000000000008","13.782000000000025","43.441","42.26","94.078","88.368","0","10.04","10.04","10.04","5.0048","0","0","0","0","1","0","0","6.8910000000000124","0","0","0","0","0","2","_a084c6d82e5a0000_p_Net","0","0","0","1","1","0","0","0","0","0","1","_a084c6d82e5a0000_p_odb__dbNet","0.0","25.024","0.0","25.024","25.024","","25.024","10.04","1","10.04","10.04","10.04","46.46","93.84","46.46","93.84","1","0","0","0","46.46","","93.84","","2"
"_0084_","OK","0.5672699999999914","7.78148145266129","41.9305","112.77600000000001","2.100999999999999","0.269999999999996","4.74199999999999","42.981","40.88","112.911","112.641","0","5.520000000000003","5.520000000000003","5.520000000000003","5.0048","0","0","0","0","1","0","0","2.370999999999995","0","0","0","0","0","2","_1885c6d82e5a0000_p_Net","0","0","0","1","1","0","0","0","0","0","1","_1885c6d82e5a0000_p_odb__dbNet","0.0","25.024","0.0","25.024","25.024","","25.024","5.520000000000003","1","5.520000000000003","5.520000000000003","5.520000000000003","46.0","112.88","46.0","112.88","1","0","0","0","46.0","","112.88","","2"
"_0085_","OK","0.5672699999999914","7.78148145266129","41.9305","96.45599999999999","2.100999999999999","0.269999999999996","4.74199999999999","42.981","40.88","96.591","96.321","0","5.520000000000003","5.520000000000003","5.520000000000003","5.0048","0","0","0","0","1","0","0","2.370999999999995","0","0","0","0","0","2","_9085c6d82e5a0000_p_Net","0","0","0","1","1","0","0","0","0","0","1","_9085c6d82e5a0000_p_odb__dbNet","0.0","25.024","0.0","25.024","25.024","","25.024","5.520000000000003","1","5.520000000000003","5.520000000000003","5.520000000000003","46.0","96.56","46.0","96.56","1","0","0","0","46.0","","96.56","","2"
"_0086_","OK","1.3493700000000148","0.0504835589844331","41.930499999999995","112.983","0.2610000000000028","5.170000000000002","10.862000000000009","42.061","41.8","115.568","110.398","0","9.119999999999997","9.119999999999997","9.119999999999997","5.0048","0","0","0","0","1","0","0","5.4310000000000045","0","0","0","0","0","2","_0886c6d82e5a0000_p_Net","0","0","0","1","1","0","0","0","0","0","1","_0886c6d82e5a0000_p_odb__dbNet","0.0","25.024","0.0","25.024","25.024","","25.024","9.119999999999997","1","9.119999999999997","9.119999999999997","9.119999999999997","45.08","110.16","45.08","110.16","0","0","0","1","45.08","","110.16","","2"
"_0087_","OK","1.163675000000005","0.17017208406494327","32.63849999999999","116.7735","0.4450000000000003","2.615000000000009","6.120000000000019","32.861","32.416","118.081","115.466","0","4.329999999999998","4.329999999999998","4.329999999999998","11.2608","0","0","0","0","1","0","0","3.0600000000000094","0","0","0","0","0","2","_8086c6d82e5a0000_p_Net","0","0","0","1","1","0","0","0","0","0","1","_8086c6d82e5a0000_p_odb__dbNet","0.0","25.024","0.0","25.024","25.024","","25.024","4.329999999999998","1","4.329999999999998","4.329999999999998","4.329999999999998","35.88","118.32","35.88","118.32","1","0","0","0","35.88","","118.32","","2"
"_0088_","OK","2.9801279999999934","0.47040127116789826","15.907","146.8235","1.1839999999999993","2.516999999999996","7.40199999999999","16.499","15.315","148.082","145.565","0","4.789999999999999","4.789999999999999","4.789999999999999","5.0048","0","0","0","0","1","0","0","3.700999999999995","0","0","0","0","0","2","_f886c6d82e5a0000_p_Net","0","0","0","1","1","0","0","0","0","0","1","_f886c6d82e5a0000_p_odb__dbNet","0.0","26.2752","0.0","26.2752","26.2752","","26.2752","4.789999999999999","1","4.789999999999999","4.789999999999999","4.789999999999999","18.17","145.52","18.17","145.52","0","0","0","1","18.17","","145.52","","2"
"_0089_","OK","4.606648000000004","0.5391720832914223","18.207","193.0635","1.5760000000000005","2.923000000000002","8.998000000000005","18.995","17.419","194.525","191.602","0","7.550000000000001","7.550000000000001","7.550000000000001","5.0048","0","0","0","0","1","0","0","4.499000000000002","0","0","0","0","0","2","_7087c6d82e5a0000_p_Net","0","0","0","1","1","0","0","0","0","0","1","_7087c6d82e5a0000_p_odb__dbNet","0.0","26.2752","0.0","26.2752","26.2752","","26.2752","7.550000000000001","1","7.550000000000001","7.550000000000001","7.550000000000001","21.85","194.48","21.85","194.48","1","0","0","0","21.85","","194.48","","2"
"_0090_","OK","2.116252000000002","0.2476907286186483","27.177","133.2235","0.7240000000000002","2.923000000000002","7.294000000000004","27.539","26.815","134.685","131.762","0","5.25","5.25","5.25","5.0048","0","0","0","0","1","0","0","3.647000000000002","0","0","0","0","0","2","_e887c6d82e5a0000_p_Net","0","0","0","1","1","0","0","0","0","0","1","_e887c6d82e5a0000_p_odb__dbNet","0.0","26.2752","0.0","26.2752","26.2752","","26.2752","5.25","1","5.25","5.25","5.25","29.67","134.64","29.67","134.64","1","0","0","0","29.67","","134.64","","2"
"_0091_","OK","3.4608320000000052","0.4050632910006627","20.967","165.9765","1.184000000000001","2.923000000000002","8.214000000000006","21.559","20.375","167.438","164.515","0","4.789999999999999","4.789999999999999","4.789999999999999","5.0048","0","0","0","0","1","0","0","4.107000000000003","0","0","0","0","0","2","_6088c6d82e5a0000_p_Net","0","0","0","1","1","0","0","0","0","0","1","_6088c6d82e5a0000_p_odb__dbNet","0.0","26.2752","0.0","26.2752","26.2752","","26.2752","4.789999999999999","1","4.789999999999999","4.789999999999999","4.789999999999999","23.23","164.56","23.23","164.56","0","0","0","1","23.23","","164.56","","2"
"_0092_","OK","11.88491800000001","1.3910366057505854","13.668","165.8635","4.066000000000001","2.923000000000002","13.978000000000005","15.701","11.635","167.325","164.402","0","4.33","4.33","4.33","5.0048","0","0","0","0","1","0","0","6.9890000000000025","0","0","0","0","0","2","_d888c6d82e5a0000_p_Net","0","0","0","1","1","0","0","0","0","0","1","_d888c6d82e5a0000_p_odb__dbNet","0.0","26.2752","0.0","26.2752","26.2752","","26.2752","4.33","1","4.33","4.33","4.33","14.49","167.28","14.49","167.28","1","0","0","0","14.49","","167.28","","2"
"_0093_","OK","0.2820479999999987","22.088495379747904","26.487000000000002","153.5785","2.4959999999999987","0.11299999999999955","5.217999999999996","27.735","25.239","153.635","153.522","0","5.75","5.75","5.75","5.0048","0","0","0","0","1","0","0","2.608999999999998","0","0","0","0","0","2","_5089c6d82e5a0000_p_Net","0","0","0","1","1","0","0","0","0","0","1","_5089c6d82e5a0000_p_odb__dbNet","0.0","26.2752","0.0","26.2752","26.2752","","26.2752","5.75","1","5.75","5.75","5.75","30.59","153.68","30.59","153.68","1","0","0","0","30.59","","153.68","","2"
"_0094_","OK","4.445021999999991","0.7016289230426591","8.378","185.0165","1.7659999999999991","2.516999999999996","8.56599999999999","9.261","7.495","186.275","183.758","0","3.4099999999999984","3.4099999999999984","3.4099999999999984","5.0048","0","0","0","0","1","0","0","4.282999999999995","0","0","0","0","0","2","_c889c6d82e5a0000_p_Net","0","0","0","1","1","0","0","0","0","0","1","_c889c6d82e5a0000_p_odb__dbNet","0.0","26.2752","0.0","26.2752","26.2752","","26.2752","3.4099999999999984","1","3.4099999999999984","3.4099999999999984","3.4099999999999984","10.35","186.32","10.35","186.32","1","0","0","0","10.35","","186.32","","2"
"_0095_","OK","16.108848000000084","0.5676741129026303","21.427","175.54149999999998","3.024000000000001","5.327000000000027","16.702000000000055","22.939","19.915","178.205","172.878","0","5.669999999999998","5.669999999999998","5.669999999999998","5.0048","0","0","0","0","1","0","0","8.351000000000028","0","0","0","0","0","2","_408ac6d82e5a0000_p_Net","0","0","0","1","1","0","0","0","0","0","1","_408ac6d82e5a0000_p_odb__dbNet","0.0","26.2752","0.0","26.2752","26.2752","","26.2752","5.669999999999998","1","5.669999999999998","5.669999999999998","5.669999999999998","22.77","178.16","22.77","178.16","1","0","0","0","22.77","","178.16","","2"
"_0096_","OK","2.116252000000002","0.2476907286186483","18.897","160.4235","0.7240000000000002","2.923000000000002","7.294000000000004","19.259","18.535","161.885","158.962","0","5.25","5.25","5.25","5.0048","0","0","0","0","1","0","0","3.647000000000002","0","0","0","0","0","2","_b88ac6d82e5a0000_p_Net","0","0","0","1","1","0","0","0","0","0","1","_b88ac6d82e5a0000_p_odb__dbNet","0.0","26.2752","0.0","26.2752","26.2752","","26.2752","5.25","1","5.25","5.25","5.25","21.39","161.84","21.39","161.84","1","0","0","0","21.39","","161.84","","2"
"_0097_","OK","3.0714019999999915","0.04851074524965299","18.728","193.1765","0.38599999999999923","7.956999999999994","16.685999999999986","18.921","18.535","197.155","189.198","0","10.229999999999997","10.229999999999997","10.229999999999997","5.0048","0","0","0","0","1","0","0","8.342999999999993","0","0","0","0","0","2","_308bc6d82e5a0000_p_Net","0","0","0","1","1","0","0","0","0","0","1","_308bc6d82e5a0000_p_odb__dbNet","0.0","26.2752","0.0","26.2752","26.2752","","26.2752","10.229999999999997","1","10.229999999999997","10.229999999999997","10.229999999999997","21.39","197.2","21.39","197.2","1","0","0","0","21.39","","197.2","","2"
"_0098_","OK","6.506598000000001","0.7615463562225286","28.848","138.6635","2.225999999999999","2.923000000000002","10.298000000000002","29.961","27.735","140.125","137.202","0","2.9499999999999993","2.9499999999999993","2.9499999999999993","5.0048","0","0","0","0","1","0","0","5.149000000000001","0","0","0","0","0","2","_a88bc6d82e5a0000_p_Net","0","0","0","1","1","0","0","0","0","0","1","_a88bc6d82e5a0000_p_odb__dbNet","0.0","26.2752","0.0","26.2752","26.2752","","26.2752","2.9499999999999993","1","2.9499999999999993","2.9499999999999993","2.9499999999999993","30.59","140.08","30.59","140.08","1","0","0","0","30.59","","140.08","","2"
"_0099_","OK","4.137948000000045","0.6531585217905552","20.277","174.1365","1.644000000000002","2.5170000000000243","8.322000000000052","21.099","19.455","175.395","172.878","0","4.329999999999998","4.329999999999998","4.329999999999998","5.0048","0","0","0","0","1","0","0","4.161000000000026","0","0","0","0","0","2","_208cc6d82e5a0000_p_Net","0","0","0","1","1","0","0","0","0","0","1","_208cc6d82e5a0000_p_odb__dbNet","0.0","26.2752","0.0","26.2752","26.2752","","26.2752","4.329999999999998","1","4.329999999999998","4.329999999999998","4.329999999999998","22.31","175.44","22.31","175.44","1","0","0","0","22.31","","175.44","","2"
"_0100_","OK","2.472857999999999","0.28942866907648646","7.917999999999999","165.9765","0.8459999999999992","2.923000000000002","7.538000000000002","8.341","7.495","167.438","164.515","0","4.329999999999998","4.329999999999998","4.329999999999998","5.0048","0","0","0","0","1","0","0","3.769000000000001","0","0","0","0","0","2","_988cc6d82e5a0000_p_Net","0","0","0","1","1","0","0","0","0","0","1","_988cc6d82e5a0000_p_odb__dbNet","0.0","26.2752","0.0","26.2752","26.2752","","26.2752","4.329999999999998","1","4.329999999999998","4.329999999999998","4.329999999999998","10.35","164.56","10.35","164.56","0","0","0","1","10.35","","164.56","","2"
"_0101_","OK","0.7716719999999986","0.09031816623663394","23.267000000000003","154.9835","0.26399999999999935","2.923000000000002","6.374000000000002","23.399","23.135","156.445","153.522","0","5.709999999999997","5.709999999999997","5.709999999999997","5.0048","0","0","0","0","1","0","0","3.187000000000001","0","0","0","0","0","2","_108dc6d82e5a0000_p_Net","0","0","0","1","1","0","0","0","0","0","1","_108dc6d82e5a0000_p_odb__dbNet","0.0","26.2752","0.0","26.2752","26.2752","","26.2752","5.709999999999997","1","5.709999999999997","5.709999999999997","5.709999999999997","25.99","156.4","25.99","156.4","1","0","0","0","25.99","","156.4","","2"
"_0102_","OK","6.149992000000002","0.7198084157646902","9.927","193.0635","2.103999999999999","2.923000000000002","10.054000000000002","10.979","8.875","194.525","191.602","0","3.869999999999999","3.869999999999999","3.869999999999999","5.0048","0","0","0","0","1","0","0","5.027000000000001","0","0","0","0","0","2","_888dc6d82e5a0000_p_Net","0","0","0","1","1","0","0","0","0","0","1","_888dc6d82e5a0000_p_odb__dbNet","0.0","26.2752","0.0","26.2752","26.2752","","26.2752","3.869999999999999","1","3.869999999999999","3.869999999999999","3.869999999999999","11.73","194.48","11.73","194.48","1","0","0","0","11.73","","194.48","","2"
"_0103_","OK","4.137947999999998","0.6531585217905626","20.737000000000002","190.4565","1.644000000000002","2.516999999999996","8.321999999999996","21.559","19.915","191.715","189.198","0","4.329999999999998","4.329999999999998","4.329999999999998","5.0048","0","0","0","0","1","0","0","4.160999999999998","0","0","0","0","0","2","_008ec6d82e5a0000_p_Net","0","0","0","1","1","0","0","0","0","0","1","_008ec6d82e5a0000_p_odb__dbNet","0.0","26.2752","0.0","26.2752","26.2752","","26.2752","4.329999999999998","1","4.329999999999998","4.329999999999998","4.329999999999998","22.77","191.76","22.77","191.76","1","0","0","0","22.77","","191.76","","2"
"_0104_","OK","0.002598000000003174","0.0003849114702141305","20.9005","46.062","0.0010000000000012221","2.597999999999999","5.198","20.901","20.9","47.361","44.763","0","4.330000000000002","4.330000000000002","4.330000000000002","8.758400000000002","0","0","0","0","1","0","0","2.599","0","0","0","0","0","2","_788ec6d82e5a0000_p_Net","0","0","0","1","1","0","0","0","0","0","1","_788ec6d82e5a0000_p_odb__dbNet","0.0","25.024","0.0","25.024","25.024","","25.024","4.330000000000002","1","4.330000000000002","4.330000000000002","4.330000000000002","23.92","47.6","23.92","47.6","1","0","0","0","23.92","","47.6","","2"
"_0105_","OK","0.002842000000003472","0.0003518648837612096","17.680500000000002","65.457","0.0010000000000012221","2.8419999999999987","5.686","17.681","17.68","66.878","64.036","0","4.329999999999998","4.329999999999998","4.329999999999998","8.758400000000002","0","0","0","0","1","0","0","2.843","0","0","0","0","0","2","_f08ec6d82e5a0000_p_Net","0","0","0","1","1","0","0","0","0","0","1","_f08ec6d82e5a0000_p_odb__dbNet","0.0","25.024","0.0","25.024","25.024","","25.024","4.329999999999998","1","4.329999999999998","4.329999999999998","4.329999999999998","20.7","66.64","20.7","66.64","1","0","0","0","20.7","","66.64","","2"
"_0106_","OK","2.3875620000000004","0.3537336411263538","19.060499999999998","51.857","0.9190000000000005","2.597999999999999","7.033999999999999","19.52","18.601","53.156","50.558","0","3.41","3.41","3.41","8.758400000000002","0","0","0","0","1","0","0","3.5169999999999995","0","0","0","0","0","2","_688fc6d82e5a0000_p_Net","0","0","0","1","1","0","0","0","0","0","1","_688fc6d82e5a0000_p_odb__dbNet","0.0","25.024","0.0","25.024","25.024","","25.024","3.41","1","3.41","3.41","3.41","21.62","50.32","21.62","50.32","0","0","0","1","21.62","","50.32","","2"
"_0107_","OK","7.012214999999989","0.27118977379131004","8.250499999999999","96.62049999999999","1.3789999999999996","5.084999999999994","12.927999999999987","8.94","7.561","99.163","94.078","0","5.669999999999998","5.669999999999998","5.669999999999998","8.758400000000002","0","0","0","0","1","0","0","6.463999999999993","0","0","0","0","0","2","_e08fc6d82e5a0000_p_Net","0","0","0","1","1","0","0","0","0","0","1","_e08fc6d82e5a0000_p_odb__dbNet","0.0","25.024","0.0","25.024","25.024","","25.024","5.669999999999998","1","5.669999999999998","5.669999999999998","5.669999999999998","10.58","93.84","10.58","93.84","0","0","0","1","10.58","","93.84","","2"
"_0108_","OK","9.148398","1.1326530608259497","12.8505","43.342","3.219000000000001","2.8419999999999987","12.122","14.46","11.241","44.763","41.921","0","4.330000000000005","4.330000000000005","4.330000000000005","8.758400000000002","0","0","0","0","1","0","0","6.061","0","0","0","0","0","2","_5890c6d82e5a0000_p_Net","0","0","0","1","1","0","0","0","0","0","1","_5890c6d82e5a0000_p_odb__dbNet","0.0","25.024","0.0","25.024","25.024","","25.024","4.330000000000005","1","4.330000000000005","4.330000000000005","4.330000000000005","14.26","42.16","14.26","42.16","0","0","0","1","14.26","","42.16","","2"
"_0109_","OK","1.3101620000000003","0.16220971141371948","5.4905","119.50200000000001","0.4610000000000003","2.8419999999999987","6.605999999999998","5.721","5.26","120.923","118.081","0","4.790000000000013","4.790000000000013","4.790000000000013","8.758400000000002","0","0","0","0","1","0","0","3.302999999999999","0","0","0","0","0","2","_d090c6d82e5a0000_p_Net","0","0","0","1","1","0","0","0","0","0","1","_d090c6d82e5a0000_p_odb__dbNet","0.0","25.024","0.0","25.024","25.024","","25.024","4.790000000000013","1","4.790000000000013","4.790000000000013","4.790000000000013","8.74","118.32","8.74","118.32","0","0","0","1","8.74","","118.32","","2"
"_0110_","OK","5.325605000000012","0.1585849870304421","6.1805","134.7005","0.9189999999999996","5.795000000000016","13.428000000000031","6.64","5.721","137.598","131.803","0","6.130000000000026","6.130000000000026","6.130000000000026","8.758400000000002","0","0","0","0","1","0","0","6.7140000000000155","0","0","0","0","0","2","_4891c6d82e5a0000_p_Net","0","0","0","1","1","0","0","0","0","0","1","_4891c6d82e5a0000_p_odb__dbNet","0.0","25.024","0.0","25.024","25.024","","25.024","6.130000000000026","1","6.130000000000026","6.130000000000026","6.130000000000026","8.74","137.36","8.74","137.36","1","0","0","0","8.74","","137.36","","2"
"_0111_","OK","5.06160200000003","0.6266713579779462","20.930500000000002","136.17700000000002","1.7810000000000024","2.842000000000013","9.24600000000003","21.821","20.04","137.598","134.756","0","8.930000000000028","8.930000000000028","8.930000000000028","8.758400000000002","0","0","0","0","1","0","0","4.623000000000015","0","0","0","0","0","2","_c091c6d82e5a0000_p_Net","0","0","0","1","1","0","0","0","0","0","1","_c091c6d82e5a0000_p_odb__dbNet","0.0","25.024","0.0","25.024","25.024","","25.024","8.930000000000028","1","8.930000000000028","8.930000000000028","8.930000000000028","24.84","137.36","24.84","137.36","1","0","0","0","24.84","","137.36","","2"
"_0112_","OK","18.317995000000014","0.5454702328653201","28.9805","42.2205","3.1610000000000014","5.795000000000002","17.912000000000006","30.561","27.4","45.118","39.323","0","13.030000000000005","13.030000000000005","13.030000000000005","8.758400000000002","0","0","0","0","1","0","0","8.956000000000003","0","0","0","0","0","2","_3892c6d82e5a0000_p_Net","0","0","0","1","1","0","0","0","0","0","1","_3892c6d82e5a0000_p_odb__dbNet","0.0","25.024","0.0","25.024","25.024","","25.024","13.030000000000005","1","13.030000000000005","13.030000000000005","13.030000000000005","33.58","44.88","33.58","44.88","1","0","0","0","33.58","","44.88","","2"
"_0113_","OK","0.3419049999999854","0.010181190679864767","27.3705","33.9385","0.0589999999999975","5.794999999999998","11.707999999999991","27.4","27.341","36.836","31.041","0","9.809999999999999","9.809999999999999","9.809999999999999","8.758400000000002","0","0","0","0","1","0","0","5.853999999999996","0","0","0","0","0","2","_b092c6d82e5a0000_p_Net","0","0","0","1","1","0","0","0","0","0","1","_b092c6d82e5a0000_p_odb__dbNet","0.0","25.024","0.0","25.024","25.024","","25.024","9.809999999999999","1","9.809999999999999","9.809999999999999","9.809999999999999","30.36","31.28","30.36","31.28","0","0","0","1","30.36","","31.28","","2"
"_0114_","OK","0.1676780000000029","0.020760028141886364","20.4705","43.342","0.05900000000000105","2.8419999999999987","5.802","20.5","20.441","44.763","41.921","0","7.090000000000007","7.090000000000007","7.090000000000007","8.758400000000002","0","0","0","0","1","0","0","2.901","0","0","0","0","0","2","_2893c6d82e5a0000_p_Net","0","0","0","1","1","0","0","0","0","0","1","_2893c6d82e5a0000_p_odb__dbNet","0.0","25.024","0.0","25.024","25.024","","25.024","7.090000000000007","1","7.090000000000007","7.090000000000007","7.090000000000007","23.46","42.16","23.46","42.16","0","0","0","1","23.46","","42.16","","2"
"_0115_","OK","4.782918000000001","0.7086220166633487","16.7605","106.257","1.841000000000001","2.597999999999999","8.878","17.681","15.84","107.556","104.958","0","6.169999999999998","6.169999999999998","6.169999999999998","8.758400000000002","0","0","0","0","1","0","0","4.439","0","0","0","0","0","2","_a093c6d82e5a0000_p_Net","0","0","0","1","1","0","0","0","0","0","1","_a093c6d82e5a0000_p_odb__dbNet","0.0","25.024","0.0","25.024","25.024","","25.024","6.169999999999998","1","6.169999999999998","6.169999999999998","6.169999999999998","20.7","104.72","20.7","104.72","0","0","0","1","20.7","","104.72","","2"
"_0116_","OK","0.005794999999986492","0.00017256255389561814","18.1405","33.9385","0.0009999999999976694","5.794999999999998","11.591999999999992","18.141","18.14","36.836","31.041","0","7.049999999999997","7.049999999999997","7.049999999999997","8.758400000000002","0","0","0","0","1","0","0","5.795999999999996","0","0","0","0","0","2","_1894c6d82e5a0000_p_Net","0","0","0","1","1","0","0","0","0","0","1","_1894c6d82e5a0000_p_odb__dbNet","0.0","25.024","0.0","25.024","25.024","","25.024","7.049999999999997","1","7.049999999999997","7.049999999999997","7.049999999999997","21.16","31.28","21.16","31.28","0","0","0","1","21.16","","31.28","","2"
"_0117_","OK","2.3875619999999955","0.35373364112635314","10.3205","122.577","0.9189999999999987","2.597999999999999","7.033999999999995","10.78","9.861","123.876","121.278","0","3.41","3.41","3.41","8.758400000000002","0","0","0","0","1","0","0","3.5169999999999977","0","0","0","0","0","2","_9094c6d82e5a0000_p_Net","0","0","0","1","1","0","0","0","0","0","1","_9094c6d82e5a0000_p_odb__dbNet","0.0","25.024","0.0","25.024","25.024","","25.024","3.41","1","3.41","3.41","3.41","12.88","121.04","12.88","121.04","0","0","0","1","12.88","","121.04","","2"
"_0118_","OK","1.2002760000000054","0.17782909923870988","12.909","133.102","0.46199999999999974","2.598000000000013","6.120000000000026","13.14","12.678","134.401","131.803","0","4.789999999999999","4.789999999999999","4.789999999999999","8.758400000000002","0","0","0","0","1","0","0","3.060000000000013","0","0","0","0","0","2","_0895c6d82e5a0000_p_Net","0","0","0","1","1","0","0","0","0","0","1","_0895c6d82e5a0000_p_odb__dbNet","0.0","25.024","0.0","25.024","25.024","","25.024","4.789999999999999","1","4.789999999999999","4.789999999999999","4.789999999999999","9.66","134.64","9.66","134.64","0","1","0","0","9.66","","134.64","","2"
"_0119_","OK","0.0025979999999939584","0.0003849114702127609","16.3005","127.662","0.0009999999999976694","2.598000000000013","5.198000000000022","16.301","16.3","128.961","126.363","0","4.329999999999984","4.329999999999984","4.329999999999984","8.758400000000002","0","0","0","0","1","0","0","2.599000000000011","0","0","0","0","0","2","_8095c6d82e5a0000_p_Net","0","0","0","1","1","0","0","0","0","0","1","_8095c6d82e5a0000_p_odb__dbNet","0.0","25.024","0.0","25.024","25.024","","25.024","4.329999999999984","1","4.329999999999984","4.329999999999984","4.329999999999984","19.32","129.2","19.32","129.2","1","0","0","0","19.32","","129.2","","2"
"_0120_","OK","0.2773259999999914","55.01408373219747","69.36500000000001","39.2875","3.9059999999999917","0.07099999999999795","7.953999999999979","71.318","67.412","39.323","39.252","0","2.530000000000001","2.530000000000001","2.530000000000001","3.7536","0","0","0","1","1","0","0","3.9769999999999897","0","0","0","0","0","2","_f895c6d82e5a0000_p_Net","0","0","0","1","0","0","1","0","0","0","1","_f895c6d82e5a0000_p_odb__dbNet","0.0","0.0","0.0","10.0096","10.0096","","10.0096","2.530000000000001","1","2.530000000000001","2.530000000000001","2.530000000000001","69.0","39.44","69.0","39.44","0","1","0","0","69.0","","39.44","","2"
"_0121_","OK","21.773960999999947","0.716929776679925","67.5025","34.1515","3.9509999999999934","5.510999999999996","18.923999999999978","69.478","65.527","36.907","31.396","0","11.189999999999998","11.189999999999998","11.189999999999998","3.7536","0","0","0","1","1","0","0","9.461999999999989","0","0","0","0","0","2","_7096c6d82e5a0000_p_Net","0","0","0","1","0","0","1","0","0","0","1","_7096c6d82e5a0000_p_odb__dbNet","0.0","0.0","0.0","10.0096","10.0096","","10.0096","11.189999999999998","1","11.189999999999998","11.189999999999998","11.189999999999998","63.94","36.72","63.94","36.72","0","1","0","0","63.94","","36.72","","2"
"_0122_","OK","238.9915999999997","2.0159808962145505","78.387","88.21600000000001","21.94999999999999","10.887999999999991","65.67599999999996","89.362","67.412","93.66","82.772","0","25.91000000000001","16.480000000000004","32.96000000000001","3.7536","0","0","0","1","2","0","0","32.83799999999998","0","0","0","0","0","3","_e896c6d82e5a0000_p_Net","0","0","0","1","0","0","1","0","0","0","2","_e896c6d82e5a0000_p_odb__dbNet","0.0","0.0","0.0","12.512","11.2608","1.2511999999999999","22.5216","9.430000000000007","2","7.049999999999997","25.91000000000001","25.91000000000001","91.08","93.84","69.0","82.96","1","0","1","0","80.03999999999999","11.04","88.4","5.440000000000005","3"
"_0123_","OK","152.5117109999998","0.3224812617684053","76.4385","118.5135","7.012999999999991","21.747","57.51999999999998","79.945","72.932","129.387","107.64","0","24.519999999999982","14.214999999999996","28.429999999999993","3.7536","0","0","0","1","2","0","0","28.75999999999999","0","0","0","0","0","3","_6097c6d82e5a0000_p_Net","0","0","0","1","0","0","1","0","0","0","2","_6097c6d82e5a0000_p_odb__dbNet","0.0","0.0","0.0","10.0096","9.384","0.6255999999999995","18.768","11.455000000000013","2","3.910000000000011","24.519999999999982","24.519999999999982","81.19","129.2","74.52","107.44","0","1","0","1","77.85499999999999","3.335000000000001","118.32","10.879999999999995","3"
"_0124_","OK","41.17594399999997","1.4131159686155779","77.16399999999999","145.42399999999998","7.628","5.397999999999996","26.051999999999992","80.978","73.35","148.123","142.725","0","13.949999999999989","13.949999999999989","13.949999999999989","3.7536","0","0","0","1","1","0","0","13.025999999999996","0","0","0","0","0","2","_d897c6d82e5a0000_p_Net","0","0","0","1","0","0","1","0","0","0","1","_d897c6d82e5a0000_p_odb__dbNet","0.0","0.0","0.0","5.0048","5.0048","","5.0048","13.949999999999989","1","13.949999999999989","13.949999999999989","13.949999999999989","72.68","142.8","72.68","142.8","0","0","1","0","72.68","","142.8","","2"
"_0125_","OK","384.61995","0.5235196458024894","81.365","121.1625","14.189999999999998","27.105000000000004","82.59","88.46","74.27","134.715","107.61","0","23.64","21.01","63.03","3.7536","0","0","0","1","3","0","0","41.295","0","0","0","0","0","4","_5098c6d82e5a0000_p_Net","0","0","0","1","0","0","1","0","0","0","3","_5098c6d82e5a0000_p_odb__dbNet","0.0","0.0","0.0","8.758400000000002","5.838933333333334","2.1266310718024313","17.516800000000003","13.396666666666647","3","23.14","23.64","23.64","89.01","134.64","73.6","107.44","0","1","0","2","82.8","6.63687175306761","117.41333333333334","12.231602057330381","4"
"_0126_","OK","153.98889399999993","0.20270662505613848","53.576499999999996","77.776","5.586999999999996","27.562000000000005","66.298","56.37","50.783","91.557","63.995","0","25.210000000000008","17.803333333333338","53.41000000000001","3.7536","0","0","0","1","3","0","0","33.149","0","0","0","0","0","4","_c898c6d82e5a0000_p_Net","0","0","0","1","0","0","1","0","0","0","3","_c898c6d82e5a0000_p_odb__dbNet","0.0","0.0","0.0","5.0048","5.0048","0.0","15.014400000000002","13.409999999999997","3","21.610000000000007","25.210000000000008","25.210000000000008","57.04","91.12","50.6","63.92","0","1","0","2","54.28","2.708406665673872","74.80000000000001","11.751743133112923","4"
"_0127_","OK","2.586411000000004","0.2879546211918741","9.028500000000001","111.54150000000001","0.8630000000000013","2.997","7.720000000000002","9.46","8.597","113.04","110.043","0","4.1","4.1","4.1","3.7536","0","0","0","0","1","0","0","3.860000000000001","0","0","0","0","0","2","_20afc6d82e5a0000_p_Net","0","0","0","1","0","0","0","0","0","0","1","_20afc6d82e5a0000_p_odb__dbNet","0.0","0.0","0.0","3.7536","3.7536","","3.7536","4.1","1","4.1","4.1","4.1","9.89","112.88","9.89","112.88","1","0","0","0","9.89","","112.88","","2"
"_0128_","OK","18.20389999999999","2.8083267860140113","36.260000000000005","43.598","7.149999999999999","2.5459999999999994","19.391999999999996","39.835","32.685","44.871","42.325","0","8.700000000000003","5.040000000000003","10.080000000000005","3.7536","0","0","0","0","2","0","0","9.695999999999998","0","0","0","0","0","3","_98afc6d82e5a0000_p_Net","0","1","0","1","0","0","0","1","0","0","2","_98afc6d82e5a0000_p_odb__dbNet","3.7536","0.0","3.7536","3.7536","3.7536","0.0","7.5072","3.6600000000000037","2","1.3800000000000026","8.700000000000003","8.700000000000003","40.25","44.88","32.89","42.16","1","0","1","0","36.57","3.6799999999999997","43.519999999999996","1.360000000000003","3"
"_0129_","OK","23.099140999999985","0.20179456022041356","44.9765","39.3405","2.158999999999999","10.698999999999998","25.715999999999994","46.056","43.897","44.69","33.991","0","13.869999999999997","13.869999999999997","13.869999999999997","3.7536","0","0","0","0","1","0","0","12.857999999999997","0","0","0","0","0","2","_10b0c6d82e5a0000_p_Net","0","1","0","1","0","0","0","0","0","0","1","_10b0c6d82e5a0000_p_odb__dbNet","5.0048","0.0","0.0","5.0048","5.0048","","5.0048","13.869999999999997","1","13.869999999999997","13.869999999999997","13.869999999999997","43.24","44.88","43.24","44.88","0","1","0","0","43.24","","44.88","","2"
"_0130_","OK","27.5141","0.9195612429763146","40.015","139.89499999999998","5.030000000000001","5.469999999999999","21.0","42.53","37.5","142.63","137.16","0","8.199999999999996","6.744999999999997","13.489999999999995","6.256","0","0","0","0","2","0","0","10.5","0","0","0","0","0","3","_88b0c6d82e5a0000_p_Net","0","0","0","1","0","0","0","0","0","0","2","_88b0c6d82e5a0000_p_odb__dbNet","0.0","0.0","0.0","5.0048","4.3792","0.6256000000000002","8.7584","6.744999999999997","2","5.289999999999999","8.199999999999996","8.199999999999996","40.71","142.8","38.18","137.36","1","0","1","0","39.445","1.2650000000000006","140.08","2.719999999999999","3"
"_0131_","OK","69.53318400000006","0.19816357035030108","46.732","149.574","3.7120000000000033","18.732","44.888000000000005","48.588","44.876","158.94","140.208","0","21.79999999999999","19.003333333333327","57.00999999999998","7.5072","0","0","0","0","3","0","0","22.444000000000003","0","0","0","0","0","4","_00b1c6d82e5a0000_p_Net","0","1","0","1","0","0","0","0","0","0","3","_00b1c6d82e5a0000_p_odb__dbNet","3.7536","0.0","0.0","12.512","8.7584","3.683433065316467","26.275199999999998","19.003333333333323","3","20.459999999999994","21.79999999999999","21.79999999999999","47.84","159.12","44.85","153.68","1","2","0","0","46.38333333333333","1.2218656045390415","156.4","2.220870700123414","4"
"_0132_","OK","6.61778600000004","0.0547621213449688","48.091","159.0165","0.6020000000000039","10.992999999999995","23.189999999999998","48.392","47.79","164.513","153.52","0","8.39","5.670000000000002","11.340000000000003","10.0096","0","0","0","0","2","0","0","11.594999999999999","0","0","0","0","0","3","_78b1c6d82e5a0000_p_Net","0","0","0","1","0","0","0","0","0","0","2","_78b1c6d82e5a0000_p_odb__dbNet","0.0","0.0","0.0","8.758400000000002","6.256000000000001","2.502400000000001","12.512000000000002","2.950000000000003","2","2.950000000000003","8.39","8.39","47.61","164.56","47.61","153.68","0","1","1","0","47.61","0.0","159.12","5.439999999999998","3"
"_0133_","OK","4.306923000000001","0.03477401383459671","46.9285","164.2455","0.38700000000000045","11.12899999999999","23.031999999999982","47.122","46.735","169.81","158.681","0","11.569999999999993","11.569999999999993","11.569999999999993","12.512","0","0","0","0","1","0","0","11.515999999999991","0","0","0","0","0","2","_f0b1c6d82e5a0000_p_Net","0","1","0","1","0","0","0","0","0","0","1","_f0b1c6d82e5a0000_p_odb__dbNet","3.7536","0.0","0.0","3.7536","3.7536","","3.7536","11.569999999999993","1","11.569999999999993","11.569999999999993","11.569999999999993","47.15","170.0","47.15","170.0","1","0","0","0","47.15","","170.0","","2"
"_0134_","OK","0.7403730000000266","0.011681949502364246","46.4565","176.85250000000002","0.09300000000000352","7.960999999999984","16.107999999999976","46.503","46.41","180.833","172.872","0","9.079999999999998","9.079999999999998","9.079999999999998","6.256","0","0","0","0","1","0","0","8.053999999999988","0","0","0","0","0","2","_68b2c6d82e5a0000_p_Net","0","0","0","1","0","0","0","0","0","0","1","_68b2c6d82e5a0000_p_odb__dbNet","0.0","0.0","0.0","8.758400000000002","8.758400000000002","","8.758400000000002","9.079999999999998","1","9.079999999999998","9.079999999999998","9.079999999999998","46.23","180.88","46.23","180.88","0","1","0","0","46.23","","180.88","","2"
"_0135_","OK","100.21621999999991","0.37251554686181493","47.8","188.952","6.109999999999999","16.401999999999987","45.02399999999997","50.855","44.745","197.153","180.751","0","21.379999999999995","13.869999999999997","41.60999999999999","8.758400000000002","0","0","0","0","3","0","0","22.511999999999986","0","0","0","0","0","4","_e0b2c6d82e5a0000_p_Net","0","0","0","1","0","0","0","0","0","0","3","_e0b2c6d82e5a0000_p_odb__dbNet","0.0","0.0","0.0","8.758400000000002","6.673066666666667","2.1266310718024313","20.0192","13.869999999999997","3","12.07","21.379999999999995","21.379999999999995","49.45","197.2","44.39","189.04","1","2","0","0","46.46","2.16574852341325","191.76","3.846660889654817","4"
"_0136_","OK","25.787872000000057","0.2237332339582958","46.516","183.688","2.402000000000001","10.736000000000018","26.27600000000004","47.717","45.315","189.056","178.32","0","14.329999999999998","14.329999999999998","14.329999999999998","5.0048","0","0","0","0","1","0","0","13.13800000000002","0","0","0","0","0","2","_58b3c6d82e5a0000_p_Net","0","0","0","1","0","0","0","0","0","0","1","_58b3c6d82e5a0000_p_odb__dbNet","0.0","0.0","0.0","11.2608","11.2608","","11.2608","14.329999999999998","1","14.329999999999998","14.329999999999998","14.329999999999998","44.39","178.16","44.39","178.16","0","0","1","0","44.39","","178.16","","2"
"_0137_","OK","4.778903999999975","0.6794871792309658","43.418000000000006","179.364","1.8019999999999996","2.651999999999987","8.907999999999973","44.319","42.517","180.69","178.038","0","5.25","5.25","5.25","11.2608","0","0","0","0","1","0","0","4.453999999999986","0","0","0","0","0","2","_d0b3c6d82e5a0000_p_Net","0","1","0","1","0","0","0","0","0","0","1","_d0b3c6d82e5a0000_p_odb__dbNet","5.0048","0.0","0.0","5.0048","5.0048","","5.0048","5.25","1","5.25","5.25","5.25","41.86","180.88","41.86","180.88","0","1","0","0","41.86","","180.88","","2"
"_0138_","OK","3.671712000000002","0.5096870340873012","33.456","190.289","1.368000000000002","2.6839999999999975","8.104","34.14","32.772","191.631","188.947","0","2.9899999999999984","2.969999999999999","5.939999999999998","7.5072","0","0","0","0","2","0","0","4.052","0","0","0","0","0","3","_48b4c6d82e5a0000_p_Net","0","0","0","1","0","0","0","0","0","0","2","_48b4c6d82e5a0000_p_odb__dbNet","0.0","0.0","0.0","8.758400000000002","8.758400000000002","0.0","17.516800000000003","2.9700000000000095","2","2.9499999999999993","2.9899999999999984","2.9899999999999984","34.73","191.76","31.97","189.04","1","0","1","0","33.349999999999994","1.379999999999999","190.39999999999998","1.3599999999999994","3"
"_0139_","OK","363.68157000000014","0.2528808374798176","32.222","170.0815","9.590000000000003","37.923","95.02600000000001","37.017","27.427","189.043","151.12","0","41.29999999999998","28.43249999999999","227.45999999999992","8.758400000000002","0","0","0","0","8","0","0","47.513000000000005","0","0","0","0","0","9","_c0b4c6d82e5a0000_p_Net","0","1","0","1","0","0","0","0","0","0","8","_c0b4c6d82e5a0000_p_odb__dbNet","3.7536","0.0","0.0","5.0048","4.3792","0.6256000000000002","35.0336","26.30499999999997","8","32.44999999999999","41.29999999999998","41.29999999999998","37.72","189.04","27.6","150.96","0","2","2","4","32.775","3.2709364102654144","163.54000000000002","14.259747543347316","9"
"_0140_","OK","8.079179999999974","0.2755309325437615","35.873999999999995","194.3025","1.4919999999999973","5.414999999999992","13.813999999999979","36.62","35.128","197.01","191.595","0","5.670000000000002","4.330000000000002","8.660000000000004","8.758400000000002","0","0","0","0","2","0","0","6.906999999999989","0","0","0","0","0","3","_38b5c6d82e5a0000_p_Net","0","2","0","1","0","0","0","0","0","0","2","_38b5c6d82e5a0000_p_odb__dbNet","12.512","0.0","0.0","7.5072","6.256","1.2511999999999999","12.512","4.330000000000005","2","2.990000000000002","5.670000000000002","5.670000000000002","37.72","197.2","34.96","191.76","0","1","0","1","36.34","1.379999999999999","194.48","2.719999999999999","3"
"_0141_","OK","0.932575999999997","0.09779792742946965","52.074","143.98399999999998","0.3019999999999996","3.087999999999994","6.779999999999987","52.225","51.923","145.528","142.44","0","2.9499999999999957","2.9499999999999957","2.9499999999999957","3.7536","0","0","0","0","1","0","0","3.3899999999999935","0","0","0","0","0","2","_b0b5c6d82e5a0000_p_Net","0","0","0","1","0","0","0","0","0","0","1","_b0b5c6d82e5a0000_p_odb__dbNet","0.0","0.0","0.0","5.0048","5.0048","","5.0048","2.9499999999999957","1","2.9499999999999957","2.9499999999999957","2.9499999999999957","51.52","142.8","51.52","142.8","0","0","1","0","51.52","","142.8","","2"
"_0142_","OK","14.448180000000018","0.12726419520157084","59.787000000000006","120.9875","1.3560000000000016","10.655000000000001","24.022000000000006","60.465","59.109","126.315","115.66","0","11.38000000000001","8.085000000000004","16.17000000000001","11.2608","0","0","0","0","2","0","0","12.011000000000003","0","0","0","0","0","3","_28b6c6d82e5a0000_p_Net","0","1","0","1","0","0","0","0","0","0","2","_28b6c6d82e5a0000_p_odb__dbNet","7.5072","0.0","0.0","8.758400000000002","8.132800000000001","0.6256000000000008","16.265600000000003","5.365000000000016","2","4.789999999999999","11.38000000000001","11.38000000000001","61.87","126.48","60.72","115.6","1","0","0","1","61.295","0.5749999999999993","121.03999999999999","5.440000000000005","3"
"_0143_","OK","228.30093000000005","0.47732053038512473","61.2805","107.545","10.439","21.870000000000005","64.61800000000001","66.5","56.061","118.48","96.61","0","22.109999999999992","15.23428571428571","106.63999999999997","6.256","0","0","0","0","7","0","0","32.309000000000005","0","0","0","0","0","8","_a0b6c6d82e5a0000_p_Net","0","1","0","1","0","0","0","0","0","0","7","_a0b6c6d82e5a0000_p_odb__dbNet","5.0048","0.0","0.0","8.758400000000002","5.541028571428571","1.6185854121196483","38.7872","12.902857142857165","7","16.940000000000005","22.109999999999992","22.109999999999992","66.93","118.32","55.89","96.56","2","1","3","1","60.95","3.8388056178228904","105.49714285714283","8.92869165633339","8"
"_0144_","OK","165.65657600000006","0.8739105170777222","47.156","67.924","12.031999999999996","13.768000000000008","51.60000000000001","53.172","41.14","74.808","61.04","0","19.11999999999999","18.679999999999996","37.35999999999999","3.7536","0","0","0","0","2","0","0","25.800000000000004","0","0","0","0","0","3","_18b7c6d82e5a0000_p_Net","0","0","0","1","0","0","0","0","0","0","2","_18b7c6d82e5a0000_p_odb__dbNet","0.0","0.0","0.0","3.7536","3.7536","0.0","7.5072","13.160000000000004","2","18.240000000000002","19.11999999999999","19.11999999999999","53.59","63.92","40.71","61.2","0","0","1","1","47.150000000000006","6.440000000000001","62.56","1.3599999999999994","3"
"_0145_","OK","30.706196000000084","0.9595191796076498","53.221000000000004","77.7885","5.428000000000004","5.657000000000011","22.17000000000003","55.935","50.507","80.617","74.96","0","8.429999999999993","8.104999999999993","16.209999999999987","10.0096","0","0","0","0","2","0","0","11.085000000000015","0","0","0","0","0","3","_90b7c6d82e5a0000_p_Net","0","0","0","1","0","0","0","0","0","0","2","_90b7c6d82e5a0000_p_odb__dbNet","0.0","0.0","0.0","5.0048","4.3792","0.6256000000000002","8.7584","8.10499999999999","2","7.779999999999994","8.429999999999993","8.429999999999993","56.12","77.52","54.05","74.8","0","0","0","2","55.084999999999994","1.0350000000000001","76.16","1.3599999999999994","3"
"_0146_","OK","6.463201000000038","0.6934163115973077","55.2815","73.2815","2.1170000000000044","3.0530000000000115","10.340000000000032","56.34","54.223","74.808","71.755","0","5.710000000000001","5.710000000000001","5.710000000000001","3.7536","0","0","0","0","1","0","0","5.170000000000016","0","0","0","0","0","2","_08b8c6d82e5a0000_p_Net","0","0","0","1","0","0","0","0","0","0","1","_08b8c6d82e5a0000_p_odb__dbNet","0.0","0.0","0.0","5.0048","5.0048","","5.0048","5.710000000000001","1","5.710000000000001","5.710000000000001","5.710000000000001","57.04","72.08","57.04","72.08","0","0","0","1","57.04","","72.08","","2"
"_0147_","OK","24.298950000000005","0.20100045473387912","56.132000000000005","66.5375","2.210000000000001","10.994999999999997","26.409999999999997","57.237","55.027","72.035","61.04","0","11.569999999999993","7.154999999999996","28.619999999999983","5.0048","0","0","0","0","4","0","0","13.204999999999998","0","0","0","0","0","5","_80b8c6d82e5a0000_p_Net","0","0","0","1","0","0","0","0","0","0","4","_80b8c6d82e5a0000_p_odb__dbNet","0.0","0.0","0.0","5.0048","4.3792","0.6256000000000002","17.5168","7.154999999999987","4","4.329999999999998","11.569999999999993","11.569999999999993","57.04","69.36","55.2","61.2","1","1","1","1","56.005","0.7363592873047767","65.96000000000001","3.533383647440508","5"
"_0148_","OK","81.46463499999996","0.1769750640793764","59.2335","50.292500000000004","3.796999999999997","21.455000000000005","50.504000000000005","61.132","57.335","61.02","39.565","0","21.99000000000001","13.850000000000005","27.70000000000001","6.256","0","0","0","0","2","0","0","25.252000000000002","0","0","0","0","0","3","_f8b8c6d82e5a0000_p_Net","0","0","0","1","0","0","0","0","0","0","2","_f8b8c6d82e5a0000_p_odb__dbNet","0.0","0.0","0.0","12.512","11.2608","1.2511999999999999","22.5216","13.850000000000001","2","5.710000000000001","21.99000000000001","21.99000000000001","59.8","61.2","57.04","42.16","1","0","1","0","58.42","1.379999999999999","51.68","9.520000000000003","3"
"_0149_","OK","3.401343000000002","0.04403231311366121","60.2685","65.1555","0.38700000000000045","8.788999999999994","18.35199999999999","60.462","60.075","69.55","60.761","0","8.850000000000001","8.850000000000001","8.850000000000001","12.512","0","0","0","0","1","0","0","9.175999999999995","0","0","0","0","0","2","_70b9c6d82e5a0000_p_Net","0","1","0","1","0","0","0","0","0","0","1","_70b9c6d82e5a0000_p_odb__dbNet","3.7536","0.0","0.0","3.7536","3.7536","","3.7536","8.850000000000001","1","8.850000000000001","8.850000000000001","8.850000000000001","60.49","69.36","60.49","69.36","1","0","0","0","60.49","","69.36","","2"
"_0150_","OK","0.24154200000000892","6.761904726127225","57.135999999999996","77.4245","1.2779999999999987","0.18900000000000716","2.9340000000000117","57.775","56.497","77.519","77.33","0","2.0700000000000003","2.0700000000000003","2.0700000000000003","5.0048","0","0","0","0","1","0","0","1.4670000000000059","0","0","0","0","0","2","_e8b9c6d82e5a0000_p_Net","0","1","0","1","0","0","0","0","0","0","1","_e8b9c6d82e5a0000_p_odb__dbNet","3.7536","0.0","0.0","3.7536","3.7536","","3.7536","2.0700000000000003","1","2.0700000000000003","2.0700000000000003","2.0700000000000003","58.19","77.52","58.19","77.52","1","0","0","0","58.19","","77.52","","2"
"_0151_","OK","2.2940520000000353","0.004897883744344506","60.069","85.754","0.10600000000000165","21.641999999999996","43.495999999999995","60.122","60.016","96.575","74.933","0","23.14","23.14","23.14","11.2608","0","0","0","0","1","0","0","21.747999999999998","0","0","0","0","0","2","_60bac6d82e5a0000_p_Net","0","0","0","1","0","0","0","0","0","0","1","_60bac6d82e5a0000_p_odb__dbNet","0.0","0.0","0.0","8.758400000000002","8.758400000000002","","8.758400000000002","23.14","1","23.14","23.14","23.14","60.49","96.56","60.49","96.56","1","0","0","0","60.49","","96.56","","2"
"_0152_","OK","33.82303499999999","0.421775544341509","62.7265","92.6875","3.776999999999994","8.955000000000013","25.464000000000013","64.615","60.838","97.165","88.21","0","9.999999999999993","6.494999999999994","12.989999999999988","8.758400000000002","0","0","0","0","2","0","0","12.732000000000006","0","0","0","0","0","3","_d8bac6d82e5a0000_p_Net","0","1","0","1","0","0","0","0","0","0","2","_d8bac6d82e5a0000_p_odb__dbNet","3.7536","0.0","0.0","7.5072","5.6304","1.8768","11.2608","6.494999999999997","2","2.989999999999995","9.999999999999993","9.999999999999993","63.48","96.56","62.33","88.4","1","0","1","0","62.905","0.5749999999999993","92.48","4.079999999999998","3"
"_0153_","OK","1.1633399999999852","15.271739075102612","59.8495","69.338","4.215000000000003","0.27599999999999625","8.982","61.957","57.742","69.476","69.2","0","4.829999999999998","4.829999999999998","4.829999999999998","3.7536","0","0","0","0","1","0","0","4.491","0","0","0","0","0","2","_50bbc6d82e5a0000_p_Net","0","0","0","1","0","0","0","0","0","0","1","_50bbc6d82e5a0000_p_odb__dbNet","0.0","0.0","0.0","5.0048","5.0048","","5.0048","4.829999999999998","1","4.829999999999998","4.829999999999998","4.829999999999998","57.04","69.36","57.04","69.36","0","1","0","0","57.04","","69.36","","2"
"_0154_","OK","25.95254399999995","0.1330183275964332","54.946","62.384","1.857999999999997","13.967999999999996","31.651999999999987","55.875","54.017","69.368","55.4","0","14.75","11.014999999999997","22.029999999999994","3.7536","0","0","0","0","2","0","0","15.825999999999993","0","0","0","0","0","3","_c8bbc6d82e5a0000_p_Net","0","0","0","1","0","0","0","0","0","0","2","_c8bbc6d82e5a0000_p_odb__dbNet","0.0","0.0","0.0","5.0048","4.3792","0.6256000000000002","8.7584","9.864999999999995","2","7.279999999999994","14.75","14.75","56.58","63.92","53.59","55.76","0","1","0","1","55.085","1.4949999999999974","59.84","4.080000000000002","3"
"_0155_","OK","47.089619999999954","0.04495736002827342","54.2295","80.218","1.4549999999999983","32.364000000000004","67.638","54.957","53.502","96.4","64.036","0","34.709999999999994","34.709999999999994","34.709999999999994","3.7536","0","0","0","0","1","0","0","33.819","0","0","0","0","0","2","_40bcc6d82e5a0000_p_Net","0","0","0","1","0","0","0","0","0","0","1","_40bcc6d82e5a0000_p_odb__dbNet","0.0","0.0","0.0","5.0048","5.0048","","5.0048","34.709999999999994","1","34.709999999999994","34.709999999999994","34.709999999999994","55.66","96.56","55.66","96.56","1","0","0","0","55.66","","96.56","","2"
"_0156_","OK","61.22793599999998","0.1639157655009098","54.745999999999995","103.3865","3.1679999999999993","19.326999999999998","44.989999999999995","56.33","53.162","113.05","93.723","0","19.499999999999993","10.983333333333327","32.94999999999998","3.7536","0","0","0","0","3","0","0","22.494999999999997","0","0","0","0","0","4","_b8bcc6d82e5a0000_p_Net","0","0","0","1","0","0","0","0","0","0","3","_b8bcc6d82e5a0000_p_odb__dbNet","0.0","0.0","0.0","6.256","5.0048","1.021600522056771","15.014400000000002","10.983333333333334","3","8.199999999999996","19.499999999999993","19.499999999999993","55.89","112.88","53.59","96.56","0","1","0","2","55.04666666666666","1.0342898798477878","102.90666666666668","7.139100472437373","4"
"_0157_","OK","10.685999999999975","1.5807692301612457","57.887","97.863","4.109999999999999","2.5999999999999943","13.419999999999987","59.942","55.832","99.163","96.563","0","7.090000000000003","7.090000000000003","7.090000000000003","3.7536","0","0","0","0","1","0","0","6.709999999999994","0","0","0","0","0","2","_30bdc6d82e5a0000_p_Net","0","0","0","1","0","0","0","0","0","0","1","_30bdc6d82e5a0000_p_odb__dbNet","0.0","0.0","0.0","5.0048","5.0048","","5.0048","7.090000000000003","1","7.090000000000003","7.090000000000003","7.090000000000003","55.66","96.56","55.66","96.56","0","0","1","0","55.66","","96.56","","2"
"_0158_","OK","7.437024000000026","1.19087635006367","56.747","97.84049999999999","2.975999999999999","2.4990000000000094","10.950000000000017","58.235","55.259","99.09","96.591","0","5.710000000000001","5.710000000000001","5.710000000000001","5.0048","0","0","0","0","1","0","0","5.4750000000000085","0","0","0","0","0","2","_a8bdc6d82e5a0000_p_Net","0","1","0","1","0","0","0","0","0","0","1","_a8bdc6d82e5a0000_p_odb__dbNet","3.7536","0.0","0.0","3.7536","3.7536","","3.7536","5.710000000000001","1","5.710000000000001","5.710000000000001","5.710000000000001","58.65","99.28","58.65","99.28","1","0","0","0","58.65","","99.28","","2"
"_0159_","OK","13.458080000000002","1.6135734066435017","49.45","24.404","4.660000000000004","2.887999999999998","15.096000000000004","51.78","47.12","25.848","22.96","0","6.859999999999999","5.48","10.96","3.7536","0","0","0","0","2","0","0","7.548000000000002","0","0","0","0","0","3","_20bec6d82e5a0000_p_Net","0","0","0","1","0","0","0","0","0","0","2","_20bec6d82e5a0000_p_odb__dbNet","0.0","0.0","0.0","3.7536","3.7536","0.0","7.5072","4.099999999999994","2","4.100000000000001","6.859999999999999","6.859999999999999","52.21","23.12","46.69","23.12","0","0","1","1","49.45","2.7600000000000016","23.12","0.0","3"
"_0160_","OK","0.5985340000000121","0.12912215507240307","53.866","21.8535","0.2780000000000058","2.1529999999999987","4.862000000000009","54.005","53.727","22.93","20.777","0","3.41","3.41","3.41","10.0096","0","0","0","0","1","0","0","2.4310000000000045","0","0","0","0","0","2","_98bec6d82e5a0000_p_Net","0","1","0","1","0","0","0","0","0","0","1","_98bec6d82e5a0000_p_odb__dbNet","3.7536","0.0","0.0","3.7536","3.7536","","3.7536","3.41","1","3.41","3.41","3.41","53.59","23.12","53.59","23.12","0","1","0","0","53.59","","23.12","","2"
"_0161_","OK","69.03948000000008","0.11113785908717964","57.754999999999995","35.453","2.770000000000003","24.924","55.388000000000005","59.14","56.37","47.915","22.991","0","27.470000000000002","23.473333333333333","70.42","6.256","0","0","0","0","3","0","0","27.694000000000003","0","0","0","0","0","4","_10bfc6d82e5a0000_p_Net","0","0","0","1","0","0","0","0","0","0","3","_10bfc6d82e5a0000_p_odb__dbNet","0.0","0.0","0.0","5.0048","4.587733333333333","0.5898213364137389","13.763200000000001","23.473333333333333","3","25.900000000000002","27.470000000000002","27.470000000000002","59.57","47.6","58.42","36.72","3","0","0","0","58.95666666666667","0.4726050735609542","43.06666666666666","4.62311102565746","4"
"_0162_","OK","0.05813599999999929","5.374999948317325","61.6225","64.05799999999999","0.5589999999999975","0.1039999999999992","1.3259999999999934","61.902","61.343","64.11","64.006","0","2.0700000000000003","2.0700000000000003","2.0700000000000003","6.256","0","0","0","0","1","0","0","0.6629999999999967","0","0","0","0","0","2","_88bfc6d82e5a0000_p_Net","0","1","0","1","0","0","0","0","0","0","1","_88bfc6d82e5a0000_p_odb__dbNet","5.0048","0.0","0.0","5.0048","5.0048","","5.0048","2.0700000000000003","1","2.0700000000000003","2.0700000000000003","2.0700000000000003","62.56","63.92","62.56","63.92","0","0","0","1","62.56","","63.92","","2"
"_0163_","OK","9.36144000000002","0.33579545448185744","58.658500000000004","47.36","1.7730000000000032","5.280000000000001","14.106000000000009","59.545","57.772","50.0","44.72","0","3.6400000000000006","3.2950000000000017","6.590000000000003","5.0048","0","0","0","0","2","0","0","7.053000000000004","0","0","0","0","0","3","_00c0c6d82e5a0000_p_Net","0","0","0","1","0","0","0","0","0","0","2","_00c0c6d82e5a0000_p_odb__dbNet","0.0","0.0","0.0","12.512","8.1328","4.3792","16.2656","0.5750000000000028","2","2.950000000000003","3.6400000000000006","3.6400000000000006","58.19","50.32","57.5","44.88","0","1","1","0","57.845","0.34499999999999886","47.6","2.719999999999999","3"
"_0164_","OK","2.105410000000009","0.3553820869534175","57.209500000000006","59.813","0.865000000000002","2.4340000000000046","6.598000000000013","57.642","56.777","61.03","58.596","0","4.100000000000001","4.100000000000001","4.100000000000001","3.7536","0","0","0","0","1","0","0","3.2990000000000066","0","0","0","0","0","2","_78c0c6d82e5a0000_p_Net","0","0","0","1","0","0","0","0","0","0","1","_78c0c6d82e5a0000_p_odb__dbNet","0.0","0.0","0.0","3.7536","3.7536","","3.7536","4.100000000000001","1","4.100000000000001","4.100000000000001","4.100000000000001","56.35","61.2","56.35","61.2","0","1","0","0","56.35","","61.2","","2"
"_0165_","OK","4.546968000000016","0.15297138661904477","56.598","52.876","0.8340000000000032","5.451999999999998","12.572000000000003","57.015","56.181","55.602","50.15","0","6.359999999999999","4.885000000000002","9.770000000000003","5.0048","0","0","0","0","2","0","0","6.286000000000001","0","0","0","0","0","3","_f0c0c6d82e5a0000_p_Net","0","0","0","1","0","0","0","0","0","0","2","_f0c0c6d82e5a0000_p_odb__dbNet","0.0","0.0","0.0","12.512","9.384","3.128","18.768","4.885000000000005","2","3.4100000000000037","6.359999999999999","6.359999999999999","57.5","53.04","57.27","50.32","1","0","0","1","57.385000000000005","0.11499999999999844","51.68","1.3599999999999994","3"
"_0166_","OK","9.741408","1.0485564301021784","56.399","51.674","3.195999999999998","3.048000000000002","12.488","57.997","54.801","53.198","50.15","0","5.019999999999996","5.019999999999996","5.019999999999996","5.0048","0","0","0","0","1","0","0","6.244","0","0","0","0","0","2","_68c1c6d82e5a0000_p_Net","0","0","0","1","0","0","0","0","0","0","1","_68c1c6d82e5a0000_p_odb__dbNet","0.0","0.0","0.0","12.512","12.512","","12.512","5.019999999999996","1","5.019999999999996","5.019999999999996","5.019999999999996","57.5","50.32","57.5","50.32","0","0","0","1","57.5","","50.32","","2"
"_0167_","OK","0.012700000000006493","0.0019685039362338803","58.692499999999995","51.959999999999994","0.005000000000002558","2.539999999999999","5.090000000000003","58.695","58.69","53.23","50.69","0","4.329999999999998","4.329999999999998","4.329999999999998","12.512","0","0","0","0","1","0","0","2.5450000000000017","0","0","0","0","0","2","_e0c1c6d82e5a0000_p_Net","0","1","0","1","0","0","0","0","0","0","1","_e0c1c6d82e5a0000_p_odb__dbNet","3.7536","0.0","0.0","3.7536","3.7536","","3.7536","4.329999999999998","1","4.329999999999998","4.329999999999998","4.329999999999998","59.11","53.04","59.11","53.04","1","0","0","0","59.11","","53.04","","2"
"_0168_","OK","10.411439999999994","1.7430441891395125","60.747","43.498000000000005","4.260000000000005","2.4439999999999955","13.408000000000001","62.877","58.617","44.72","42.276","0","7.320000000000007","6.630000000000006","13.260000000000012","3.7536","0","0","0","0","2","0","0","6.704000000000001","0","0","0","0","0","3","_58c2c6d82e5a0000_p_Net","0","0","0","1","0","0","0","0","0","0","2","_58c2c6d82e5a0000_p_odb__dbNet","0.0","0.0","0.0","3.7536","3.7536","0.0","7.5072","6.63000000000001","2","5.940000000000005","7.320000000000007","7.320000000000007","59.57","44.88","58.19","44.88","0","2","0","0","58.879999999999995","0.6900000000000013","44.88","0.0","3"
"_0169_","OK","2.401902999999992","0.03429322499291502","59.8865","49.0555","0.28699999999999903","8.369","17.311999999999998","60.03","59.743","53.24","44.871","0","9.999999999999993","9.999999999999993","9.999999999999993","3.7536","0","0","0","0","1","0","0","8.655999999999999","0","0","0","0","0","2","_d0c2c6d82e5a0000_p_Net","0","0","0","1","0","0","0","0","0","0","1","_d0c2c6d82e5a0000_p_odb__dbNet","0.0","0.0","0.0","8.758400000000002","8.758400000000002","","8.758400000000002","9.999999999999993","1","9.999999999999993","9.999999999999993","9.999999999999993","61.41","53.04","61.41","53.04","1","0","0","0","61.41","","53.04","","2"
"_0170_","OK","30.33399599999998","0.06572638830397397","57.04600000000001","42.2215","1.411999999999999","21.483","45.79","57.752","56.34","52.963","31.48","0","23.370000000000005","21.78","43.56","6.256","0","0","0","0","2","0","0","22.895","0","0","0","0","0","3","_48c3c6d82e5a0000_p_Net","0","0","0","1","0","0","0","0","0","0","2","_48c3c6d82e5a0000_p_odb__dbNet","0.0","0.0","0.0","5.0048","5.0048","0.0","10.0096","20.630000000000003","2","20.189999999999998","23.370000000000005","23.370000000000005","58.42","34.0","55.66","31.28","0","0","1","1","57.04","1.3800000000000026","32.64","1.3599999999999994","3"
"_0171_","OK","16.983449999999987","0.6353965182523402","57.4345","34.18","3.2849999999999966","5.170000000000002","16.909999999999997","59.077","55.792","36.765","31.595","0","8.660000000000004","5.920000000000002","11.840000000000003","5.0048","0","0","0","0","2","0","0","8.454999999999998","0","0","0","0","0","3","_c0c3c6d82e5a0000_p_Net","0","0","0","1","0","0","0","0","0","0","2","_c0c3c6d82e5a0000_p_odb__dbNet","0.0","0.0","0.0","5.0048","5.0048","0.0","10.0096","5.920000000000002","2","3.1799999999999997","8.660000000000004","8.660000000000004","58.42","34.0","55.66","31.28","0","0","1","1","57.04","1.3800000000000026","32.64","1.3599999999999994","3"
"_0172_","OK","68.61741699999999","0.5870872259192411","58.1335","37.0105","6.347000000000001","10.810999999999996","34.315999999999995","61.307","54.96","42.416","31.605","0","15.71","15.71","15.71","8.758400000000002","0","0","0","0","1","0","0","17.157999999999998","0","0","0","0","0","2","_38c4c6d82e5a0000_p_Net","0","0","0","1","0","0","0","0","0","0","1","_38c4c6d82e5a0000_p_odb__dbNet","0.0","0.0","0.0","5.0048","5.0048","","5.0048","15.71","1","15.71","15.71","15.71","55.66","31.28","55.66","31.28","0","0","1","0","55.66","","31.28","","2"
"_0173_","OK","29.136198000000032","0.38609416364842875","59.688","92.5535","3.353999999999999","8.687000000000012","24.082000000000022","61.365","58.011","96.897","88.21","0","11.380000000000003","7.165000000000003","14.330000000000005","6.256","0","0","0","0","2","0","0","12.041000000000011","0","0","0","0","0","3","_b0c4c6d82e5a0000_p_Net","0","1","0","1","0","0","0","0","0","0","2","_b0c4c6d82e5a0000_p_odb__dbNet","3.7536","0.0","0.0","7.5072","5.6304","1.8768","11.2608","7.164999999999999","2","2.950000000000003","11.380000000000003","11.380000000000003","60.95","93.84","57.96","88.4","0","1","0","1","59.455","1.495000000000001","91.12","2.719999999999999","3"
"_0174_","OK","6.078599999999984","0.7962359751008907","57.001999999999995","65.1415","2.1999999999999957","2.762999999999998","9.925999999999988","58.102","55.902","66.523","63.76","0","5.709999999999994","5.709999999999994","5.709999999999994","3.7536","0","0","0","0","1","0","0","4.962999999999994","0","0","0","0","0","2","_28c5c6d82e5a0000_p_Net","0","0","0","1","0","0","0","0","0","0","1","_28c5c6d82e5a0000_p_odb__dbNet","0.0","0.0","0.0","5.0048","5.0048","","5.0048","5.709999999999994","1","5.709999999999994","5.709999999999994","5.709999999999994","55.2","63.92","55.2","63.92","0","0","1","0","55.2","","63.92","","2"
"_0175_","OK","0.49878400000001244","11.528846098418684","57.921","33.778999999999996","2.397999999999996","0.2080000000000055","5.212000000000003","59.12","56.722","33.883","33.675","0","1.6099999999999994","1.6099999999999994","1.6099999999999994","3.7536","0","0","0","0","1","0","0","2.6060000000000016","0","0","0","0","0","2","_a0c5c6d82e5a0000_p_Net","0","0","0","1","0","0","0","0","0","0","1","_a0c5c6d82e5a0000_p_odb__dbNet","0.0","0.0","0.0","5.0048","5.0048","","5.0048","1.6099999999999994","1","1.6099999999999994","1.6099999999999994","1.6099999999999994","58.42","34.0","58.42","34.0","1","0","0","0","58.42","","34.0","","2"
"_0176_","OK","1.606110000000061","0.0027121430037924947","58.496","76.0795","0.0660000000000025","24.335","48.80200000000001","58.529","58.463","88.247","63.912","0","25.630000000000003","25.630000000000003","25.630000000000003","6.256","0","0","0","0","1","0","0","24.401000000000003","0","0","0","0","0","2","_18c6c6d82e5a0000_p_Net","0","0","0","1","0","0","0","0","0","0","1","_18c6c6d82e5a0000_p_odb__dbNet","0.0","0.0","0.0","7.5072","7.5072","","7.5072","25.630000000000003","1","25.630000000000003","25.630000000000003","25.630000000000003","57.96","63.92","57.96","63.92","0","0","1","0","57.96","","63.92","","2"
"_0177_","OK","10.565368000000003","0.3628613787318641","14.921","88.53800000000001","1.9580000000000002","5.396000000000001","14.708000000000002","15.9","13.942","91.236","85.84","0","7.739999999999997","7.739999999999997","7.739999999999997","3.7536","0","0","0","0","1","0","0","7.354000000000001","0","0","0","0","0","2","_90c6c6d82e5a0000_p_Net","0","0","0","1","0","0","0","0","0","0","1","_90c6c6d82e5a0000_p_odb__dbNet","0.0","0.0","0.0","3.7536","3.7536","","3.7536","7.739999999999997","1","7.739999999999997","7.739999999999997","7.739999999999997","16.33","85.68","16.33","85.68","0","0","0","1","16.33","","85.68","","2"
"_0178_","OK","27.015840000000004","0.9779299845932402","45.147","72.188","5.140000000000001","5.256","20.792","47.717","42.577","74.816","69.56","0","10.04","10.04","10.04","5.0048","0","0","0","0","1","0","0","10.396","0","0","0","0","0","2","_08c7c6d82e5a0000_p_Net","0","0","0","1","0","0","0","0","0","0","1","_08c7c6d82e5a0000_p_odb__dbNet","0.0","0.0","0.0","5.0048","5.0048","","5.0048","10.04","1","10.04","10.04","10.04","43.24","69.36","43.24","69.36","0","0","1","0","43.24","","69.36","","2"
"_0179_","OK","36.766318000000034","1.2432879732910467","46.820499999999996","88.559","6.761000000000003","5.438000000000002","24.39800000000001","50.201","43.44","91.278","85.84","0","13.030000000000001","13.030000000000001","13.030000000000001","5.0048","0","0","0","0","1","0","0","12.199000000000005","0","0","0","0","0","2","_80c7c6d82e5a0000_p_Net","0","0","0","1","0","0","0","0","0","0","1","_80c7c6d82e5a0000_p_odb__dbNet","0.0","0.0","0.0","3.7536","3.7536","","3.7536","13.030000000000001","1","13.030000000000001","13.030000000000001","13.030000000000001","43.01","85.68","43.01","85.68","0","0","1","0","43.01","","85.68","","2"
"_0180_","OK","13.68913599999999","0.19076850428629816","70.548","49.1065","1.6159999999999997","8.470999999999997","20.173999999999992","71.356","69.74","53.342","44.871","0","9.769999999999996","6.359999999999999","19.08","3.7536","0","0","0","0","3","0","0","10.086999999999996","0","0","0","0","0","4","_f8c7c6d82e5a0000_p_Net","0","0","0","1","0","0","0","0","0","0","3","_f8c7c6d82e5a0000_p_odb__dbNet","0.0","0.0","0.0","10.0096","9.592533333333334","0.5898213364137384","28.7776","6.359999999999999","3","6.1299999999999955","9.769999999999996","9.769999999999996","71.07","53.04","69.92","47.6","1","1","0","1","70.61","0.4968567868779336","50.32","2.220870700123414","4"
"_0181_","OK","0.34134000000001335","0.010546669008517407","76.132","69.0455","0.060000000000002274","5.689000000000007","11.498000000000019","76.162","76.102","71.89","66.201","0","6.819999999999993","6.819999999999993","6.819999999999993","12.512","0","0","0","0","1","0","0","5.749000000000009","0","0","0","0","0","2","_70c8c6d82e5a0000_p_Net","0","1","0","1","0","0","0","0","0","0","1","_70c8c6d82e5a0000_p_odb__dbNet","5.0048","0.0","0.0","5.0048","5.0048","","5.0048","6.819999999999993","1","6.819999999999993","6.819999999999993","6.819999999999993","76.82","72.08","76.82","72.08","1","0","0","0","76.82","","72.08","","2"
"_0182_","OK","720.314412","0.24284822444561624","82.769","91.279","13.225999999999999","54.462","135.376","89.382","76.156","118.51","64.048","0","66.58999999999999","47.94666666666666","143.83999999999997","7.5072","0","0","0","0","3","0","0","67.688","0","0","0","0","0","4","_e8c8c6d82e5a0000_p_Net","0","1","0","1","0","0","0","0","0","0","3","_e8c8c6d82e5a0000_p_odb__dbNet","3.7536","0.0","0.0","12.512","7.5072","3.6834330653164677","22.5216","47.94666666666667","3","57.55","66.58999999999999","66.58999999999999","89.24","118.32","87.17","69.36","2","0","0","1","88.47333333333334","0.9263668579755826","98.37333333333333","20.990850917059607","4"
"_0183_","OK","10.339951999999961","0.06051101590724339","89.3605","103.104","0.7909999999999968","13.072000000000003","27.726","89.756","88.965","109.64","96.568","0","14.519999999999996","11.57","23.14","3.7536","0","0","0","0","2","0","0","13.863","0","0","0","0","0","3","_60c9c6d82e5a0000_p_Net","0","0","0","1","0","0","0","0","0","0","2","_60c9c6d82e5a0000_p_odb__dbNet","0.0","0.0","0.0","8.758400000000002","7.507200000000001","1.2512000000000008","15.014400000000002","11.569999999999993","2","8.620000000000005","14.519999999999996","14.519999999999996","89.47","110.16","89.01","104.72","1","1","0","0","89.24000000000001","0.22999999999999687","107.44","2.719999999999999","3"
"_0184_","OK","5.886079999999978","0.19889705878696584","88.956","94.03999999999999","1.0819999999999936","5.440000000000012","13.044000000000011","89.497","88.415","96.76","91.32","0","5.480000000000004","4.330000000000005","8.66000000000001","6.256","0","0","0","0","2","0","0","6.522000000000006","0","0","0","0","0","3","_d8c9c6d82e5a0000_p_Net","0","0","0","1","0","0","0","0","0","0","2","_d8c9c6d82e5a0000_p_odb__dbNet","0.0","0.0","0.0","6.256","6.256","0.0","12.512","1.6100000000000136","2","3.180000000000007","5.480000000000004","5.480000000000004","90.39","96.56","88.09","91.12","0","1","0","1","89.24000000000001","1.1499999999999986","93.84","2.719999999999999","3"
"_0185_","OK","1.296063000000003","0.11555688261703288","80.0485","95.0755","0.38700000000000045","3.3490000000000038","7.472000000000008","80.242","79.855","96.75","93.401","0","3.4099999999999966","3.4099999999999966","3.4099999999999966","12.512","0","0","0","0","1","0","0","3.736000000000004","0","0","0","0","0","2","_50cac6d82e5a0000_p_Net","0","1","0","1","0","0","0","0","0","0","1","_50cac6d82e5a0000_p_odb__dbNet","3.7536","0.0","0.0","3.7536","3.7536","","3.7536","3.4099999999999966","1","3.4099999999999966","3.4099999999999966","3.4099999999999966","80.27","96.56","80.27","96.56","1","0","0","0","80.27","","96.56","","2"
"_0186_","OK","3.329171999999991","0.5770191504675171","81.449","92.44900000000001","1.3859999999999957","2.402000000000001","7.575999999999993","82.142","80.756","93.65","91.248","0","5.939999999999998","5.939999999999998","5.939999999999998","7.5072","0","0","0","0","1","0","0","3.7879999999999967","0","0","0","0","0","2","_c8cac6d82e5a0000_p_Net","0","1","0","1","0","0","0","0","0","0","1","_c8cac6d82e5a0000_p_odb__dbNet","5.0048","0.0","0.0","5.0048","5.0048","","5.0048","5.939999999999998","1","5.939999999999998","5.939999999999998","5.939999999999998","82.8","93.84","82.8","93.84","1","0","0","0","82.8","","93.84","","2"
"_0187_","OK","225.83171999999945","0.019695554725254937","86.2935","97.937","2.1089999999999947","107.08000000000001","218.37800000000001","87.348","85.239","151.477","44.397","0","81.17999999999999","44.9","134.7","6.256","0","0","0","0","3","0","0","109.18900000000001","0","0","0","0","0","4","_40cbc6d82e5a0000_p_Net","0","0","0","1","0","0","0","0","0","0","3","_40cbc6d82e5a0000_p_odb__dbNet","0.0","0.0","0.0","8.758400000000002","7.090133333333334","1.1796426728274785","21.270400000000002","10.446666666666658","3","27.200000000000003","81.17999999999999","81.17999999999999","87.63","150.96","85.33","44.88","1","1","1","0","86.25","0.9937135737558693","114.69333333333334","49.37796899652944","4"
"_0188_","OK","3.7199399999998826","0.03107577003646041","80.47200000000001","64.0055","0.3399999999999892","10.941000000000003","22.561999999999983","80.642","80.302","69.476","58.535","0","11.57","8.619999999999994","17.239999999999988","3.7536","0","0","0","0","2","0","0","11.280999999999992","0","0","0","0","0","3","_b8cbc6d82e5a0000_p_Net","0","1","0","1","0","0","0","0","0","0","2","_b8cbc6d82e5a0000_p_odb__dbNet","5.0048","0.0","0.0","7.5072","6.256","1.2511999999999999","12.512","8.39","2","5.6699999999999875","11.57","11.57","80.96","63.92","80.04","58.48","0","0","1","1","80.5","0.45999999999999375","61.2","2.7200000000000024","3"
"_0189_","OK","20.995199999999944","0.632812499890137","85.76249999999999","148.6","3.644999999999996","5.759999999999991","18.809999999999974","87.585","83.94","151.48","145.72","0","7.509999999999991","4.904999999999994","9.809999999999988","3.7536","0","0","0","0","2","0","0","9.404999999999987","0","0","0","0","0","3","_30ccc6d82e5a0000_p_Net","0","0","0","1","0","0","0","0","0","0","2","_30ccc6d82e5a0000_p_odb__dbNet","0.0","0.0","0.0","8.758400000000002","6.881600000000001","1.8768000000000007","13.763200000000001","2.8349999999999937","2","2.299999999999997","7.509999999999991","7.509999999999991","87.63","150.96","83.26","145.52","1","0","1","0","85.445","2.184999999999995","148.24","2.719999999999999","3"
"_0190_","OK","2.4951780000000197","0.09349593494125212","84.6785","134.338","0.4830000000000041","5.165999999999997","11.298000000000002","84.92","84.437","136.921","131.755","0","6.360000000000028","6.360000000000028","6.360000000000028","12.512","0","0","0","0","1","0","0","5.649000000000001","0","0","0","0","0","2","_a8ccc6d82e5a0000_p_Net","0","1","0","1","0","0","0","0","0","0","1","_a8ccc6d82e5a0000_p_odb__dbNet","7.5072","0.0","0.0","7.5072","7.5072","","7.5072","6.360000000000028","1","6.360000000000028","6.360000000000028","6.360000000000028","86.02","131.92","86.02","131.92","0","0","0","1","86.02","","131.92","","2"
"_0191_","OK","2.8131879999999727","0.30480579318471973","88.119","133.249","0.9259999999999877","3.038000000000011","7.927999999999997","88.582","87.656","134.768","131.73","0","5.47999999999999","5.47999999999999","5.47999999999999","7.5072","0","0","0","0","1","0","0","3.9639999999999986","0","0","0","0","0","2","_20cdc6d82e5a0000_p_Net","0","1","0","1","0","0","0","0","0","0","1","_20cdc6d82e5a0000_p_odb__dbNet","5.0048","0.0","0.0","5.0048","5.0048","","5.0048","5.47999999999999","1","5.47999999999999","5.47999999999999","5.47999999999999","89.24","131.92","89.24","131.92","0","0","0","1","89.24","","131.92","","2"
"_0192_","OK","5.711914999999977","1.1232815959541917","86.3095","59.6155","2.532999999999987","2.2550000000000026","9.57599999999998","87.576","85.043","60.743","58.488","0","5.020000000000003","3.8700000000000045","7.740000000000009","3.7536","0","0","0","0","2","0","0","4.78799999999999","0","0","0","0","0","3","_98cdc6d82e5a0000_p_Net","0","0","0","1","0","0","0","0","0","0","2","_98cdc6d82e5a0000_p_odb__dbNet","0.0","0.0","0.0","6.256","6.256","0.0","12.512","3.8700000000000117","2","2.720000000000006","5.020000000000003","5.020000000000003","87.17","61.2","84.87","61.2","1","1","0","0","86.02000000000001","1.1499999999999986","61.2","0.0","3"
"_0193_","OK","60.31846499999996","0.07973095800473609","89.61850000000001","55.7875","2.192999999999998","27.50500000000001","59.396000000000015","90.715","88.522","69.54","42.035","0","27.890000000000015","16.340000000000014","32.68000000000003","6.256","0","0","0","0","2","0","0","29.698000000000008","0","0","0","0","0","3","_10cec6d82e5a0000_p_Net","0","0","0","1","0","0","0","0","0","0","2","_10cec6d82e5a0000_p_odb__dbNet","0.0","0.0","0.0","12.512","8.7584","3.7536","17.5168","16.340000000000018","2","4.790000000000013","27.890000000000015","27.890000000000015","89.24","69.36","87.86","44.88","0","1","1","0","88.55","0.6899999999999977","57.120000000000005","12.239999999999998","3"
"_0194_","OK","0.05691599999998628","0.00507765830194691","89.8935","68.124","0.016999999999995907","3.347999999999999","6.72999999999999","89.902","89.885","69.798","66.45","0","2.950000000000003","2.950000000000003","2.950000000000003","12.512","0","0","0","0","1","0","0","3.364999999999995","0","0","0","0","0","2","_88cec6d82e5a0000_p_Net","0","1","0","1","0","0","0","0","0","0","1","_88cec6d82e5a0000_p_odb__dbNet","3.7536","0.0","0.0","3.7536","3.7536","","3.7536","2.950000000000003","1","2.950000000000003","2.950000000000003","2.950000000000003","89.47","66.64","89.47","66.64","0","0","1","0","89.47","","66.64","","2"
"_0195_","OK","4.317664000000006","0.6788263280417042","88.65899999999999","37.989000000000004","1.7120000000000033","2.5219999999999985","8.468000000000004","89.515","87.803","39.25","36.728","0","5.02000000000001","5.02000000000001","5.02000000000001","3.7536","0","0","0","0","1","0","0","4.234000000000002","0","0","0","0","0","2","_00cfc6d82e5a0000_p_Net","0","1","0","1","0","0","0","0","0","0","1","_00cfc6d82e5a0000_p_odb__dbNet","3.7536","0.0","0.0","3.7536","3.7536","","3.7536","5.02000000000001","1","5.02000000000001","5.02000000000001","5.02000000000001","89.93","39.44","89.93","39.44","1","0","0","0","89.93","","39.44","","2"
"_0196_","OK","2.9989849999995966","0.0010086746015548983","90.4445","91.2565","0.05499999999999261","54.526999999999994","109.16399999999997","90.472","90.417","118.52","63.993","0","55.08999999999999","55.08999999999999","55.08999999999999","6.256","0","0","0","0","1","0","0","54.58199999999999","0","0","0","0","0","2","_78cfc6d82e5a0000_p_Net","0","0","0","1","0","0","0","0","0","0","1","_78cfc6d82e5a0000_p_odb__dbNet","0.0","0.0","0.0","7.5072","7.5072","","7.5072","55.08999999999999","1","55.08999999999999","55.08999999999999","55.08999999999999","90.16","118.32","90.16","118.32","0","1","0","0","90.16","","118.32","","2"
"_0197_","OK","29.016071000000103","0.11153822306953119","88.3965","52.935500000000005","1.7990000000000066","16.128999999999998","35.85600000000001","89.296","87.497","61.0","44.871","0","18.619999999999997","17.029999999999998","34.059999999999995","3.7536","0","0","0","0","2","0","0","17.928000000000004","0","0","0","0","0","3","_f0cfc6d82e5a0000_p_Net","0","0","0","1","0","0","0","0","0","0","2","_f0cfc6d82e5a0000_p_odb__dbNet","0.0","0.0","0.0","6.256","6.256","0.0","12.512","17.029999999999994","2","15.439999999999998","18.619999999999997","18.619999999999997","87.63","61.2","87.17","58.48","0","2","0","0","87.4","0.22999999999999687","59.84","1.360000000000003","3"
"_0198_","OK","20.51272000000033","0.03605567667130462","86.247","54.524","0.8600000000000136","23.852000000000004","49.424000000000035","86.677","85.817","66.45","42.598","0","24.940000000000012","24.940000000000012","24.940000000000012","12.512","0","0","0","0","1","0","0","24.712000000000018","0","0","0","0","0","2","_68d0c6d82e5a0000_p_Net","0","1","0","1","0","0","0","0","0","0","1","_68d0c6d82e5a0000_p_odb__dbNet","5.0048","0.0","0.0","5.0048","5.0048","","5.0048","24.940000000000012","1","24.940000000000012","24.940000000000012","24.940000000000012","86.02","66.64","86.02","66.64","0","1","0","0","86.02","","66.64","","2"
"_0199_","OK","228.10210499999945","0.03184111343432876","86.7225","81.6305","2.694999999999993","84.63900000000001","174.668","88.07","85.375","123.95","39.311","0","85.01","64.24666666666667","192.74","7.5072","0","0","0","0","3","0","0","87.334","0","0","0","0","0","4","_e0d0c6d82e5a0000_p_Net","0","1","0","1","0","0","0","0","0","0","3","_e0d0c6d82e5a0000_p_odb__dbNet","3.7536","0.0","0.0","12.512","7.5072","3.6834330653164677","22.5216","63.78666666666666","3","70.53","85.01","85.01","89.01","123.76","85.79","74.8","1","1","0","1","87.70666666666666","1.3842527065371948","102.0","20.354616184050244","4"
"_0200_","OK","21.736252999999962","1.5269016693541213","83.6555","127.8335","5.760999999999996","3.772999999999996","19.067999999999984","86.536","80.775","129.72","125.947","0","5.97999999999999","4.879999999999981","14.639999999999944","3.7536","0","0","0","0","3","0","0","9.533999999999992","0","0","0","0","0","4","_58d1c6d82e5a0000_p_Net","0","0","0","1","0","0","0","0","0","0","3","_58d1c6d82e5a0000_p_odb__dbNet","0.0","0.0","0.0","8.758400000000002","7.090133333333334","1.1796426728274783","21.270400000000002","4.879999999999981","3","5.479999999999976","5.97999999999999","5.97999999999999","86.25","129.2","80.73","126.48","0","1","0","2","83.64333333333333","2.2639395359024532","127.38666666666667","1.282220296551599","4"
"_0201_","OK","169.34011199999986","0.6172794783181011","85.783","88.4685","10.22399999999999","16.563000000000002","53.573999999999984","90.895","80.671","96.75","80.187","0","25.060000000000016","12.522000000000006","62.61000000000003","3.7536","0","0","0","0","5","0","0","26.786999999999992","0","0","0","0","0","6","_d0d1c6d82e5a0000_p_Net","0","1","0","1","0","0","0","0","0","0","5","_d0d1c6d82e5a0000_p_odb__dbNet","3.7536","0.0","0.0","6.256","5.0048","0.7913283616805353","25.024","10.590000000000003","5","10.230000000000004","25.060000000000016","25.060000000000016","91.31","96.56","80.5","80.24","2","0","3","0","84.456","4.41072601733547","88.94399999999999","6.750862463419029","6"
"_0202_","OK","1.9794389999999882","0.3065722155424735","88.1925","103.4405","0.7789999999999964","2.540999999999997","6.639999999999986","88.582","87.803","104.711","102.17","0","4.1000000000000085","2.970000000000006","5.940000000000012","3.7536","0","0","0","0","2","0","0","3.319999999999993","0","0","0","0","0","3","_48d2c6d82e5a0000_p_Net","0","0","0","1","0","0","0","0","0","0","2","_48d2c6d82e5a0000_p_odb__dbNet","0.0","0.0","0.0","6.256","5.0048","1.2512","10.0096","2.970000000000013","2","1.8400000000000034","4.1000000000000085","4.1000000000000085","89.47","104.72","89.01","102.0","1","0","0","1","89.24000000000001","0.22999999999999687","103.36","1.3599999999999994","3"
"_0203_","OK","4.028992000000012","4.521186435888562","86.129","126.94300000000001","4.268000000000001","0.9440000000000026","10.424000000000007","88.263","83.995","127.415","126.471","0","4.140000000000001","2.990000000000002","5.980000000000004","3.7536","0","0","0","0","2","0","0","5.212000000000003","0","0","0","0","0","3","_c0d2c6d82e5a0000_p_Net","0","0","0","1","0","0","0","0","0","0","2","_c0d2c6d82e5a0000_p_odb__dbNet","0.0","0.0","0.0","6.256","6.256","0.0","12.512","2.990000000000009","2","1.8400000000000034","4.140000000000001","4.140000000000001","86.25","126.48","83.95","126.48","0","0","1","1","85.1","1.1499999999999986","126.48","0.0","3"
"_0204_","OK","24.105727999999928","0.14290113950239403","87.577","135.884","1.8559999999999945","12.988","29.687999999999988","88.505","86.649","142.378","129.39","0","15.210000000000022","15.210000000000022","15.210000000000022","15.0144","0","0","0","0","1","0","0","14.843999999999994","0","0","0","0","0","2","_38d3c6d82e5a0000_p_Net","0","1","0","1","0","0","0","0","0","0","1","_38d3c6d82e5a0000_p_odb__dbNet","3.7536","0.0","0.0","3.7536","3.7536","","3.7536","15.210000000000022","1","15.210000000000022","15.210000000000022","15.210000000000022","88.09","129.2","88.09","129.2","0","0","0","1","88.09","","129.2","","2"
"_0205_","OK","22.490000000000023","0.27790128943109116","88.447","121.908","2.5","8.99600000000001","22.99200000000002","89.697","87.197","126.406","117.41","0","12.070000000000007","12.070000000000007","12.070000000000007","6.256","0","0","0","0","1","0","0","11.49600000000001","0","0","0","0","0","2","_b0d3c6d82e5a0000_p_Net","0","0","0","1","0","0","0","0","0","0","1","_b0d3c6d82e5a0000_p_odb__dbNet","0.0","0.0","0.0","7.5072","7.5072","","7.5072","12.070000000000007","1","12.070000000000007","12.070000000000007","12.070000000000007","90.16","118.32","90.16","118.32","0","0","0","1","90.16","","118.32","","2"
"_0206_","OK","0.8589420000000332","0.02725329532824232","87.1385","142.90300000000002","0.1530000000000058","5.614000000000004","11.53400000000002","87.215","87.062","145.71","140.096","0","6.1299999999999955","6.1299999999999955","6.1299999999999955","5.0048","0","0","0","0","1","0","0","5.76700000000001","0","0","0","0","0","2","_28d4c6d82e5a0000_p_Net","0","1","0","1","0","0","0","0","0","0","1","_28d4c6d82e5a0000_p_odb__dbNet","3.7536","0.0","0.0","3.7536","3.7536","","3.7536","6.1299999999999955","1","6.1299999999999955","6.1299999999999955","6.1299999999999955","87.63","145.52","87.63","145.52","1","0","0","0","87.63","","145.52","","2"
"_0207_","OK","4.967711999999996","1.0245231602976743","89.754","108.869","2.2560000000000002","2.201999999999998","8.915999999999997","90.882","88.626","109.97","107.768","0","5.25","5.25","5.25","6.256","0","0","0","0","1","0","0","4.457999999999998","0","0","0","0","0","2","_a0d4c6d82e5a0000_p_Net","0","1","0","1","0","0","0","0","0","0","1","_a0d4c6d82e5a0000_p_odb__dbNet","5.0048","0.0","0.0","5.0048","5.0048","","5.0048","5.25","1","5.25","5.25","5.25","91.54","110.16","91.54","110.16","1","0","0","0","91.54","","110.16","","2"
"_0208_","OK","5.13489599999996","0.07803254436907833","90.0615","114.319","0.6329999999999956","8.111999999999995","17.48999999999998","90.378","89.745","118.375","110.263","0","9.309999999999988","9.309999999999988","9.309999999999988","8.758400000000002","0","0","0","0","1","0","0","8.74499999999999","0","0","0","0","0","2","_18d5c6d82e5a0000_p_Net","0","0","0","1","0","0","0","0","0","0","1","_18d5c6d82e5a0000_p_odb__dbNet","0.0","0.0","0.0","7.5072","7.5072","","7.5072","9.309999999999988","1","9.309999999999988","9.309999999999988","9.309999999999988","90.16","118.32","90.16","118.32","1","0","0","0","90.16","","118.32","","2"
"_0209_","OK","733.15944","0.3925629396428972","80.5625","129.248","16.965000000000003","43.215999999999994","120.362","89.045","72.08","150.856","107.64","0","55.02000000000001","43.565000000000005","174.26000000000002","8.758400000000002","0","0","0","0","4","0","0","60.181","0","0","0","0","0","5","_90d5c6d82e5a0000_p_Net","0","0","0","1","0","0","0","0","0","0","4","_90d5c6d82e5a0000_p_odb__dbNet","0.0","0.0","0.0","7.5072","6.881600000000001","0.6255999999999999","27.526400000000002","42.3","4","37.81999999999999","55.02000000000001","55.02000000000001","90.16","126.48","71.3","107.44","0","0","3","1","77.97","7.245912640930746","118.32000000000001","6.93466653848619","5"
"_0210_","OK","152.0761769999997","6.124623719421119","76.0765","115.9565","30.519","4.98299999999999","71.00399999999998","91.336","60.817","118.448","113.465","0","34.64999999999999","30.20499999999999","60.40999999999998","7.5072","0","0","0","0","2","0","0","35.50199999999999","0","0","0","0","0","3","_08d6c6d82e5a0000_p_Net","0","0","0","1","0","0","0","0","0","0","2","_08d6c6d82e5a0000_p_odb__dbNet","0.0","0.0","0.0","10.0096","8.1328","1.8768000000000002","16.2656","30.20499999999999","2","25.75999999999999","34.64999999999999","34.64999999999999","64.4","118.32","60.95","112.88","0","1","1","0","62.675000000000004","1.7250000000000014","115.6","2.719999999999999","3"
"_0211_","OK","0.5852800000000109","9.516128993886396","86.477","75.114","2.3599999999999994","0.24800000000000466","5.216000000000008","87.657","85.297","75.238","74.99","0","3.6799999999999926","3.6799999999999926","3.6799999999999926","12.512","0","0","0","0","1","0","0","2.608000000000004","0","0","0","0","0","2","_80d6c6d82e5a0000_p_Net","0","1","0","1","0","0","0","0","0","0","1","_80d6c6d82e5a0000_p_odb__dbNet","5.0048","0.0","0.0","5.0048","5.0048","","5.0048","3.6799999999999926","1","3.6799999999999926","3.6799999999999926","3.6799999999999926","84.64","74.8","84.64","74.8","0","0","1","0","84.64","","74.8","","2"
"_0212_","OK","644.3728199999998","0.4490259225899102","63.572","101.78399999999999","17.009999999999998","37.88199999999999","109.78399999999998","72.077","55.067","120.725","82.843","0","54.870000000000005","48.815","97.63","3.7536","0","0","0","0","2","0","0","54.89199999999999","0","0","0","0","0","3","_f8d6c6d82e5a0000_p_Net","0","0","0","1","0","0","0","0","0","0","2","_f8d6c6d82e5a0000_p_odb__dbNet","0.0","0.0","0.0","8.758400000000002","6.881600000000001","1.8768000000000007","13.763200000000001","48.815","2","42.76","54.870000000000005","54.870000000000005","61.87","121.04","55.2","115.6","0","2","0","0","58.535","3.3349999999999973","118.32","2.720000000000006","3"
"_0213_","OK","13.753348000000098","0.02822069215309767","56.2115","131.753","0.6230000000000047","22.075999999999993","45.397999999999996","56.523","55.9","142.791","120.715","0","22.910000000000004","22.910000000000004","22.910000000000004","3.7536","0","0","0","0","1","0","0","22.698999999999998","0","0","0","0","0","2","_70d7c6d82e5a0000_p_Net","0","0","0","1","0","0","0","0","0","0","1","_70d7c6d82e5a0000_p_odb__dbNet","0.0","0.0","0.0","5.0048","5.0048","","5.0048","22.910000000000004","1","22.910000000000004","22.910000000000004","22.910000000000004","55.2","121.04","55.2","121.04","0","0","1","0","55.2","","121.04","","2"
"_0214_","OK","24.894374999999968","0.8779342721356018","52.664500000000004","123.6575","4.675000000000004","5.324999999999989","19.999999999999986","55.002","50.327","126.32","120.995","0","10.730000000000004","10.730000000000004","10.730000000000004","5.0048","0","0","0","0","1","0","0","9.999999999999993","0","0","0","0","0","2","_e8d7c6d82e5a0000_p_Net","0","0","0","1","0","0","0","0","0","0","1","_e8d7c6d82e5a0000_p_odb__dbNet","0.0","0.0","0.0","3.7536","3.7536","","3.7536","10.730000000000004","1","10.730000000000004","10.730000000000004","10.730000000000004","49.91","126.48","49.91","126.48","0","1","0","0","49.91","","126.48","","2"
"_0215_","OK","20.488275000000005","0.17712691769622269","48.5295","120.9325","1.9050000000000011","10.754999999999995","25.319999999999993","49.482","47.577","126.31","115.555","0","13.410000000000004","13.410000000000004","13.410000000000004","5.0048","0","0","0","0","1","0","0","12.659999999999997","0","0","0","0","0","2","_60d8c6d82e5a0000_p_Net","0","0","0","1","0","0","0","0","0","0","1","_60d8c6d82e5a0000_p_odb__dbNet","0.0","0.0","0.0","3.7536","3.7536","","3.7536","13.410000000000004","1","13.410000000000004","13.410000000000004","13.410000000000004","49.91","126.48","49.91","126.48","1","0","0","0","49.91","","126.48","","2"
"_0216_","OK","1.6604320000000037","0.26313694257040776","48.3725","59.744","0.6610000000000014","2.5120000000000005","6.346000000000004","48.703","48.042","61.0","58.488","0","3.8700000000000045","3.8700000000000045","3.8700000000000045","3.7536","0","0","0","0","1","0","0","3.173000000000002","0","0","0","0","0","2","_d8d8c6d82e5a0000_p_Net","0","0","0","1","0","0","0","0","0","0","1","_d8d8c6d82e5a0000_p_odb__dbNet","0.0","0.0","0.0","5.0048","5.0048","","5.0048","3.8700000000000045","1","3.8700000000000045","3.8700000000000045","3.8700000000000045","47.38","61.2","47.38","61.2","0","1","0","0","47.38","","61.2","","2"
"_0217_","OK","14.250720000000003","0.12226750647255769","43.297","42.318","1.3200000000000003","10.796","24.232","43.957","42.637","47.716","36.92","0","12.950000000000003","12.950000000000003","12.950000000000003","3.7536","0","0","0","0","1","0","0","12.116","0","0","0","0","0","2","_50d9c6d82e5a0000_p_Net","0","0","0","1","0","0","0","0","0","0","1","_50d9c6d82e5a0000_p_odb__dbNet","0.0","0.0","0.0","5.0048","5.0048","","5.0048","12.950000000000003","1","12.950000000000003","12.950000000000003","12.950000000000003","44.62","36.72","44.62","36.72","0","0","0","1","44.62","","36.72","","2"
"_0218_","OK","4.069120000000004","0.48719723166533","53.341","95.285","1.4080000000000013","2.8900000000000006","8.596000000000004","54.045","52.637","96.73","93.84","0","5.710000000000001","5.710000000000001","5.710000000000001","7.5072","0","0","0","0","1","0","0","4.298000000000002","0","0","0","0","0","2","_c8d9c6d82e5a0000_p_Net","0","0","0","1","0","0","0","0","0","0","1","_c8d9c6d82e5a0000_p_odb__dbNet","0.0","0.0","0.0","3.7536","3.7536","","3.7536","5.710000000000001","1","5.710000000000001","5.710000000000001","5.710000000000001","52.21","96.56","52.21","96.56","0","1","0","0","52.21","","96.56","","2"
"_0219_","OK","7.069049999999979","1.683748169017212","53.847","97.7005","3.450000000000003","2.0489999999999924","10.99799999999999","55.572","52.122","98.725","96.676","0","6.399999999999999","6.399999999999999","6.399999999999999","3.7536","0","0","0","0","1","0","0","5.498999999999995","0","0","0","0","0","2","_40dac6d82e5a0000_p_Net","0","0","0","1","0","0","0","0","0","0","1","_40dac6d82e5a0000_p_odb__dbNet","0.0","0.0","0.0","6.256","6.256","","6.256","6.399999999999999","1","6.399999999999999","6.399999999999999","6.399999999999999","55.89","99.28","55.89","99.28","1","0","0","0","55.89","","99.28","","2"
"_0220_","OK","6.661148999999998","0.824129440441739","53.808499999999995","89.86850000000001","2.3429999999999964","2.8430000000000035","10.372","54.98","52.637","91.29","88.447","0","6.6299999999999955","6.6299999999999955","6.6299999999999955","10.0096","0","0","0","0","1","0","0","5.186","0","0","0","0","0","2","_b8dac6d82e5a0000_p_Net","0","0","0","1","0","0","0","0","0","0","1","_b8dac6d82e5a0000_p_odb__dbNet","0.0","0.0","0.0","3.7536","3.7536","","3.7536","6.6299999999999955","1","6.6299999999999955","6.6299999999999955","6.6299999999999955","52.21","91.12","52.21","91.12","0","1","0","0","52.21","","91.12","","2"
"_0221_","OK","22.30049200000001","0.3624426312643502","53.5435","95.158","2.8430000000000035","7.843999999999994","21.373999999999995","54.965","52.122","99.08","91.236","0","11.839999999999996","11.839999999999996","11.839999999999996","3.7536","0","0","0","0","1","0","0","10.686999999999998","0","0","0","0","0","2","_30dbc6d82e5a0000_p_Net","0","0","0","1","0","0","0","0","0","0","1","_30dbc6d82e5a0000_p_odb__dbNet","0.0","0.0","0.0","6.256","6.256","","6.256","11.839999999999996","1","11.839999999999996","11.839999999999996","11.839999999999996","55.89","99.28","55.89","99.28","1","0","0","0","55.89","","99.28","","2"
"_0222_","OK","10.87605600000006","2.024158756676367","15.414000000000001","70.756","4.692000000000002","2.318000000000012","14.020000000000028","17.76","13.068","71.915","69.597","0","9.389999999999999","9.389999999999999","9.389999999999999","16.265600000000003","0","0","0","0","1","0","0","7.010000000000014","0","0","0","0","0","2","_a8dbc6d82e5a0000_p_Net","0","1","0","1","0","0","0","0","0","0","1","_a8dbc6d82e5a0000_p_odb__dbNet","7.5072","0.0","0.0","7.5072","7.5072","","7.5072","9.389999999999999","1","9.389999999999999","9.389999999999999","9.389999999999999","18.86","72.08","18.86","72.08","1","0","0","0","18.86","","72.08","","2"
"_0223_","OK","24.043499999999938","1.9515669510109546","12.477","73.235","6.85","3.509999999999991","20.71999999999998","15.902","9.052","74.99","71.48","0","10.539999999999997","9.389999999999997","18.779999999999994","12.512","0","0","0","0","2","0","0","10.35999999999999","0","0","0","0","0","3","_20dcc6d82e5a0000_p_Net","0","1","0","1","0","0","0","0","0","0","2","_20dcc6d82e5a0000_p_odb__dbNet","5.0048","0.0","0.0","7.5072","6.256","1.2511999999999999","12.512","9.389999999999999","2","8.239999999999998","10.539999999999997","10.539999999999997","16.56","74.8","14.26","74.8","2","0","0","0","15.41","1.1499999999999995","74.8","0.0","3"
"_0224_","OK","36.44367099999998","1.2699271978215552","31.3185","47.4415","6.802999999999997","5.356999999999999","24.319999999999993","34.72","27.917","50.12","44.763","0","11.649999999999999","11.649999999999999","11.649999999999999","3.7536","0","0","0","0","1","0","0","12.159999999999997","0","0","0","0","0","2","_98dcc6d82e5a0000_p_Net","0","0","0","1","0","0","0","0","0","0","1","_98dcc6d82e5a0000_p_odb__dbNet","0.0","0.0","0.0","5.0048","5.0048","","5.0048","11.649999999999999","1","11.649999999999999","11.649999999999999","11.649999999999999","34.04","50.32","34.04","50.32","1","0","0","0","34.04","","50.32","","2"
"_0225_","OK","117.88275600000004","1.009345794299126","10.831","44.7265","10.908000000000001","10.807000000000002","43.43000000000001","16.285","5.377","50.13","39.323","0","21.46","17.57","35.14","3.7536","0","0","0","0","2","0","0","21.715000000000003","0","0","0","0","0","3","_10ddc6d82e5a0000_p_Net","0","1","0","1","0","0","0","0","0","0","2","_10ddc6d82e5a0000_p_odb__dbNet","3.7536","0.0","0.0","11.2608","7.5072","3.7535999999999996","15.0144","17.570000000000004","2","13.680000000000003","21.46","21.46","15.87","50.32","10.81","47.6","1","1","0","0","13.34","2.5299999999999994","48.96","1.3599999999999994","3"
"_0226_","OK","1067.6861199999998","0.44756561974432735","21.28","72.334","21.86","48.842","141.404","32.21","10.35","96.755","47.913","0","70.81","35.68833333333333","214.13","11.2608","0","0","0","0","6","0","0","70.702","0","0","0","0","0","7","_88ddc6d82e5a0000_p_Net","0","1","0","1","0","0","0","0","0","0","6","_88ddc6d82e5a0000_p_odb__dbNet","3.7536","0.0","0.0","10.0096","8.1328","2.255632877930272","48.7968","35.68833333333333","6","23.189999999999998","70.81","70.81","32.66","96.56","17.94","47.6","2","0","2","2","25.645","5.573645575384211","68.45333333333333","20.5155247448257","7"
"_0227_","OK","2.498539999999979","14.863414597894232","17.455","71.685","6.093999999999999","0.4099999999999966","13.007999999999992","20.502","14.408","71.89","71.48","0","6.4399999999999995","6.4399999999999995","6.4399999999999995","12.512","0","0","0","0","1","0","0","6.503999999999996","0","0","0","0","0","2","_00dec6d82e5a0000_p_Net","0","1","0","1","0","0","0","0","0","0","1","_00dec6d82e5a0000_p_odb__dbNet","5.0048","0.0","0.0","5.0048","5.0048","","5.0048","6.4399999999999995","1","6.4399999999999995","6.4399999999999995","6.4399999999999995","21.16","72.08","21.16","72.08","1","0","0","0","21.16","","72.08","","2"
"_0228_","OK","443.79516499999994","0.5996324204888942","22.673499999999997","63.7275","16.313","27.205","87.036","30.83","14.517","77.33","50.125","0","33.03","28.75","115.0","8.758400000000002","0","0","0","0","4","0","0","43.518","0","0","0","0","0","5","_78dec6d82e5a0000_p_Net","0","1","0","1","0","0","0","0","0","0","4","_78dec6d82e5a0000_p_odb__dbNet","5.0048","0.0","0.0","10.0096","8.7584","2.1671419704301793","35.0336","27.389999999999993","4","29.01","33.03","33.03","31.28","77.52","20.7","50.32","2","1","0","1","26.22","4.023356807443258","67.32","10.600150942321529","5"
"_0229_","OK","13.741319999999977","1.5432305624855154","16.819499999999998","68.05799999999999","4.605","2.9839999999999947","15.17799999999999","19.122","14.517","69.55","66.566","0","9.39","9.39","9.39","8.758400000000002","0","0","0","0","1","0","0","7.588999999999995","0","0","0","0","0","2","_f0dec6d82e5a0000_p_Net","0","1","0","1","0","0","0","0","0","0","1","_f0dec6d82e5a0000_p_odb__dbNet","5.0048","0.0","0.0","5.0048","5.0048","","5.0048","9.39","1","9.39","9.39","9.39","19.78","69.36","19.78","69.36","1","0","0","0","19.78","","69.36","","2"
"_0230_","OK","5.333239999999995","1.3953964187235834","10.876000000000001","54.6175","2.7279999999999998","1.9549999999999983","9.365999999999996","12.24","9.512","55.595","53.64","0","6.859999999999999","6.859999999999999","6.859999999999999","12.512","0","0","0","0","1","0","0","4.682999999999998","0","0","0","0","0","2","_68dfc6d82e5a0000_p_Net","0","1","0","1","0","0","0","0","0","0","1","_68dfc6d82e5a0000_p_odb__dbNet","7.5072","0.0","0.0","7.5072","7.5072","","7.5072","6.859999999999999","1","6.859999999999999","6.859999999999999","6.859999999999999","13.34","55.76","13.34","55.76","1","0","0","0","13.34","","55.76","","2"
"_0231_","OK","0.3789440000000046","10.387434500589203","29.326999999999998","69.4545","1.9839999999999982","0.1910000000000025","4.350000000000001","30.319","28.335","69.55","69.359","0","2.530000000000001","2.530000000000001","2.530000000000001","10.0096","0","0","0","0","1","0","0","2.1750000000000007","0","0","0","0","0","2","_e0dfc6d82e5a0000_p_Net","0","1","0","1","0","0","0","0","0","0","1","_e0dfc6d82e5a0000_p_odb__dbNet","3.7536","0.0","0.0","3.7536","3.7536","","3.7536","2.530000000000001","1","2.530000000000001","2.530000000000001","2.530000000000001","28.75","69.36","28.75","69.36","0","0","1","0","28.75","","69.36","","2"
"_0232_","OK","1.7605499999999887","0.2079037799972831","32.542500000000004","51.775","0.6049999999999969","2.9099999999999966","7.029999999999987","32.845","32.24","53.23","50.32","0","3.8699999999999974","3.8699999999999974","3.8699999999999974","10.0096","0","0","0","0","1","0","0","3.5149999999999935","0","0","0","0","0","2","_58e0c6d82e5a0000_p_Net","0","1","0","1","0","0","0","0","0","0","1","_58e0c6d82e5a0000_p_odb__dbNet","3.7536","0.0","0.0","3.7536","3.7536","","3.7536","3.8699999999999974","1","3.8699999999999974","3.8699999999999974","3.8699999999999974","32.43","53.04","32.43","53.04","0","1","0","0","32.43","","53.04","","2"
"_0233_","OK","0.21925999999999737","6.073684178559629","26.982","66.545","1.154","0.18999999999999773","2.6879999999999953","27.559","26.405","66.64","66.45","0","2.530000000000001","2.530000000000001","2.530000000000001","10.0096","0","0","0","0","1","0","0","1.3439999999999976","0","0","0","0","0","2","_d0e0c6d82e5a0000_p_Net","0","1","0","1","0","0","0","0","0","0","1","_d0e0c6d82e5a0000_p_odb__dbNet","3.7536","0.0","0.0","3.7536","3.7536","","3.7536","2.530000000000001","1","2.530000000000001","2.530000000000001","2.530000000000001","25.99","66.64","25.99","66.64","0","1","0","0","25.99","","66.64","","2"
"_0234_","OK","6.181980000000024","1.0215447150318897","23.4685","70.905","2.5130000000000017","2.460000000000008","9.94600000000002","24.725","22.212","72.135","69.675","0","5.48","5.48","5.48","7.5072","0","0","0","0","1","0","0","4.97300000000001","0","0","0","0","0","2","_48e1c6d82e5a0000_p_Net","0","0","0","1","0","0","0","0","0","0","1","_48e1c6d82e5a0000_p_odb__dbNet","0.0","0.0","0.0","5.0048","5.0048","","5.0048","5.48","1","5.48","5.48","5.48","22.08","69.36","22.08","69.36","0","0","1","0","22.08","","69.36","","2"
"_0235_","OK","3.404700000000005","0.10051546390025522","21.6725","66.775","0.5850000000000009","5.82","12.810000000000002","21.965","21.38","69.685","63.865","0","5.439999999999998","5.439999999999998","5.439999999999998","7.5072","0","0","0","0","1","0","0","6.405000000000001","0","0","0","0","0","2","_c0e1c6d82e5a0000_p_Net","0","0","0","1","0","0","0","0","0","0","1","_c0e1c6d82e5a0000_p_odb__dbNet","0.0","0.0","0.0","5.0048","5.0048","","5.0048","5.439999999999998","1","5.439999999999998","5.439999999999998","5.439999999999998","22.08","69.36","22.08","69.36","1","0","0","0","22.08","","69.36","","2"
"_0236_","OK","8.084493999999976","0.8765228841368071","21.811","84.3615","2.661999999999999","3.036999999999992","11.397999999999982","23.142","20.48","85.88","82.843","0","4.790000000000013","4.790000000000013","4.790000000000013","3.7536","0","0","0","0","1","0","0","5.698999999999991","0","0","0","0","0","2","_38e2c6d82e5a0000_p_Net","0","0","0","1","0","0","0","0","0","0","1","_38e2c6d82e5a0000_p_odb__dbNet","0.0","0.0","0.0","5.0048","5.0048","","5.0048","4.790000000000013","1","4.790000000000013","4.790000000000013","4.790000000000013","21.16","85.68","21.16","85.68","0","1","0","0","21.16","","85.68","","2"
"_0237_","OK","0.3940599999999956","10.915789416232826","28.822000000000003","93.745","2.0740000000000016","0.18999999999999773","4.527999999999999","29.859","27.785","93.84","93.65","0","3.4499999999999993","3.4499999999999993","3.4499999999999993","10.0096","0","0","0","0","1","0","0","2.2639999999999993","0","0","0","0","0","2","_b0e2c6d82e5a0000_p_Net","0","1","0","1","0","0","0","0","0","0","1","_b0e2c6d82e5a0000_p_odb__dbNet","3.7536","0.0","0.0","3.7536","3.7536","","3.7536","3.4499999999999993","1","3.4499999999999993","3.4499999999999993","3.4499999999999993","27.37","93.84","27.37","93.84","0","1","0","0","27.37","","93.84","","2"
"_0238_","OK","71.78547999999998","0.06583888552193098","22.947","69.495","2.1739999999999995","33.019999999999996","70.38799999999999","24.034","21.86","86.005","52.985","0","35.400000000000006","35.400000000000006","35.400000000000006","7.5072","0","0","0","0","1","0","0","35.193999999999996","0","0","0","0","0","2","_28e3c6d82e5a0000_p_Net","0","0","0","1","0","0","0","0","0","0","1","_28e3c6d82e5a0000_p_odb__dbNet","0.0","0.0","0.0","5.0048","5.0048","","5.0048","35.400000000000006","1","35.400000000000006","35.400000000000006","35.400000000000006","21.16","85.68","21.16","85.68","0","1","0","0","21.16","","85.68","","2"
"_0239_","OK","0.06988599999999885","10.144578191029401","19.961","99.1215","0.8420000000000023","0.08299999999999841","1.8500000000000014","20.382","19.54","99.163","99.08","0","1.6099999999999994","1.6099999999999994","1.6099999999999994","3.7536","0","0","0","0","1","0","0","0.9250000000000007","0","0","0","0","0","2","_a0e3c6d82e5a0000_p_Net","0","0","0","1","0","0","0","0","0","0","1","_a0e3c6d82e5a0000_p_odb__dbNet","0.0","0.0","0.0","5.0048","5.0048","","5.0048","1.6099999999999994","1","1.6099999999999994","1.6099999999999994","1.6099999999999994","18.86","99.28","18.86","99.28","0","1","0","0","18.86","","99.28","","2"
"_0240_","OK","0.39177999999999485","10.852631521828373","25.148","99.185","2.0619999999999976","0.18999999999999773","4.503999999999991","26.179","24.117","99.28","99.09","0","3.6799999999999997","3.6799999999999997","3.6799999999999997","10.0096","0","0","0","0","1","0","0","2.2519999999999953","0","0","0","0","0","2","_18e4c6d82e5a0000_p_Net","0","1","0","1","0","0","0","0","0","0","1","_18e4c6d82e5a0000_p_odb__dbNet","5.0048","0.0","0.0","5.0048","5.0048","","5.0048","3.6799999999999997","1","3.6799999999999997","3.6799999999999997","3.6799999999999997","23.46","99.28","23.46","99.28","0","1","0","0","23.46","","99.28","","2"
"_0241_","OK","0.9862500000000001","0.01584283903474742","18.2225","95.00999999999999","0.125","7.890000000000001","16.03","18.285","18.16","98.955","91.065","0","8.619999999999997","8.619999999999997","8.619999999999997","7.5072","0","0","0","0","1","0","0","8.015","0","0","0","0","0","2","_90e4c6d82e5a0000_p_Net","0","0","0","1","0","0","0","0","0","0","1","_90e4c6d82e5a0000_p_odb__dbNet","0.0","0.0","0.0","5.0048","5.0048","","5.0048","8.619999999999997","1","8.619999999999997","8.619999999999997","8.619999999999997","18.86","99.28","18.86","99.28","1","0","0","0","18.86","","99.28","","2"
"_0242_","OK","49.47079200000012","0.03426676492172167","19.731","93.99799999999999","1.3020000000000032","37.995999999999995","78.596","20.382","19.08","112.996","75.0","0","40.15","40.15","40.15","3.7536","0","0","0","0","1","0","0","39.298","0","0","0","0","0","2","_08e5c6d82e5a0000_p_Net","0","0","0","1","0","0","0","0","0","0","1","_08e5c6d82e5a0000_p_odb__dbNet","0.0","0.0","0.0","5.0048","5.0048","","5.0048","40.15","1","40.15","40.15","40.15","18.4","74.8","18.4","74.8","0","0","1","0","18.4","","74.8","","2"
"_0243_","OK","0.21812199999998652","5.9790575603194345","22.848","74.8945","1.1419999999999995","0.1909999999999883","2.6659999999999755","23.419","22.277","74.99","74.799","0","2.759999999999998","2.759999999999998","2.759999999999998","10.0096","0","0","0","0","1","0","0","1.3329999999999878","0","0","0","0","0","2","_80e5c6d82e5a0000_p_Net","0","1","0","1","0","0","0","0","0","0","1","_80e5c6d82e5a0000_p_odb__dbNet","5.0048","0.0","0.0","5.0048","5.0048","","5.0048","2.759999999999998","1","2.759999999999998","2.759999999999998","2.759999999999998","21.62","74.8","21.62","74.8","0","0","1","0","21.62","","74.8","","2"
"_0244_","OK","3.4475","0.004532269760531825","17.7625","61.335","0.125","27.58","55.41","17.825","17.7","75.125","47.545","0","27.659999999999993","27.659999999999993","27.659999999999993","7.5072","0","0","0","0","1","0","0","27.705","0","0","0","0","0","2","_f8e5c6d82e5a0000_p_Net","0","0","0","1","0","0","0","0","0","0","1","_f8e5c6d82e5a0000_p_odb__dbNet","0.0","0.0","0.0","5.0048","5.0048","","5.0048","27.659999999999993","1","27.659999999999993","27.659999999999993","27.659999999999993","18.4","74.8","18.4","74.8","1","0","0","0","18.4","","74.8","","2"
"_0245_","OK","0.3669949999999998","0.057289608827621345","30.012500000000003","97.8245","0.14499999999999957","2.531000000000006","5.352000000000011","30.085","29.94","99.09","96.559","0","3.41","3.41","3.41","10.0096","0","0","0","0","1","0","0","2.6760000000000055","0","0","0","0","0","2","_70e6c6d82e5a0000_p_Net","0","1","0","1","0","0","0","0","0","0","1","_70e6c6d82e5a0000_p_odb__dbNet","3.7536","0.0","0.0","3.7536","3.7536","","3.7536","3.41","1","3.41","3.41","3.41","29.67","99.28","29.67","99.28","0","1","0","0","29.67","","99.28","","2"
"_0246_","OK","31.474760000000046","3.5442953008240576","23.813000000000002","117.14500000000001","10.562000000000001","2.980000000000004","27.08400000000001","29.094","18.532","118.635","115.655","0","13.3","13.3","13.3","7.5072","0","0","0","0","1","0","0","13.542000000000005","0","0","0","0","0","2","_e8e6c6d82e5a0000_p_Net","0","0","0","1","0","0","0","0","0","0","1","_e8e6c6d82e5a0000_p_odb__dbNet","0.0","0.0","0.0","5.0048","5.0048","","5.0048","13.3","1","13.3","13.3","13.3","18.4","118.32","18.4","118.32","0","1","0","0","18.4","","118.32","","2"
"_0247_","OK","4.443139999999994","0.49698996638896764","16.957","117.15","1.4860000000000007","2.989999999999995","8.951999999999991","17.7","16.214","118.645","115.655","0","5.019999999999996","5.019999999999996","5.019999999999996","7.5072","0","0","0","0","1","0","0","4.4759999999999955","0","0","0","0","0","2","_60e7c6d82e5a0000_p_Net","0","0","0","1","0","0","0","0","0","0","1","_60e7c6d82e5a0000_p_odb__dbNet","0.0","0.0","0.0","5.0048","5.0048","","5.0048","5.019999999999996","1","5.019999999999996","5.019999999999996","5.019999999999996","18.4","118.32","18.4","118.32","1","0","0","0","18.4","","118.32","","2"
"_0248_","OK","0.7969500000000036","0.12450592880454356","31.1625","87.135","0.3150000000000013","2.530000000000001","5.690000000000005","31.32","31.005","88.4","85.87","0","2.9499999999999993","2.9499999999999993","2.9499999999999993","10.0096","0","0","0","0","1","0","0","2.8450000000000024","0","0","0","0","0","2","_d8e7c6d82e5a0000_p_Net","0","1","0","1","0","0","0","0","0","0","1","_d8e7c6d82e5a0000_p_odb__dbNet","3.7536","0.0","0.0","3.7536","3.7536","","3.7536","2.9499999999999993","1","2.9499999999999993","2.9499999999999993","2.9499999999999993","30.59","85.68","30.59","85.68","0","0","1","0","30.59","","85.68","","2"
"_0249_","OK","12.971579999999966","2.143495934088015","20.7085","86.85499999999999","5.273","2.4599999999999937","15.465999999999987","23.345","18.072","88.085","85.625","0","8.239999999999998","8.239999999999998","8.239999999999998","7.5072","0","0","0","0","1","0","0","7.732999999999993","0","0","0","0","0","2","_50e8c6d82e5a0000_p_Net","0","0","0","1","0","0","0","0","0","0","1","_50e8c6d82e5a0000_p_odb__dbNet","0.0","0.0","0.0","5.0048","5.0048","","5.0048","8.239999999999998","1","8.239999999999998","8.239999999999998","8.239999999999998","17.94","88.4","17.94","88.4","0","1","0","0","17.94","","88.4","","2"
"_0250_","OK","3.6872500000000104","0.6142857140349858","17.9925","86.85","1.5050000000000026","2.450000000000003","7.910000000000011","18.745","17.24","88.075","85.625","0","3.639999999999997","3.639999999999997","3.639999999999997","7.5072","0","0","0","0","1","0","0","3.9550000000000054","0","0","0","0","0","2","_c8e8c6d82e5a0000_p_Net","0","0","0","1","0","0","0","0","0","0","1","_c8e8c6d82e5a0000_p_odb__dbNet","0.0","0.0","0.0","5.0048","5.0048","","5.0048","3.639999999999997","1","3.639999999999997","3.639999999999997","3.639999999999997","17.94","88.4","17.94","88.4","0","1","0","0","17.94","","88.4","","2"
"_0251_","OK","4.257389999999995","0.5186736472884222","25.697000000000003","117.0875","1.4860000000000007","2.864999999999995","8.701999999999991","26.44","24.954","118.52","115.655","0","3.6400000000000006","3.6400000000000006","3.6400000000000006","7.5072","0","0","0","0","1","0","0","4.3509999999999955","0","0","0","0","0","2","_40e9c6d82e5a0000_p_Net","0","0","0","1","0","0","0","0","0","0","1","_40e9c6d82e5a0000_p_odb__dbNet","0.0","0.0","0.0","5.0048","5.0048","","5.0048","3.6400000000000006","1","3.6400000000000006","3.6400000000000006","3.6400000000000006","25.76","118.32","25.76","118.32","1","0","0","0","25.76","","118.32","","2"
"_0252_","OK","1.961525000000001","0.30620308166487303","33.2325","97.8245","0.7749999999999986","2.531000000000006","6.612000000000009","33.62","32.845","99.09","96.559","0","2.9499999999999957","2.9499999999999957","2.9499999999999957","10.0096","0","0","0","0","1","0","0","3.3060000000000045","0","0","0","0","0","2","_b8e9c6d82e5a0000_p_Net","0","1","0","1","0","0","0","0","0","0","1","_b8e9c6d82e5a0000_p_odb__dbNet","3.7536","0.0","0.0","3.7536","3.7536","","3.7536","2.9499999999999957","1","2.9499999999999957","2.9499999999999957","2.9499999999999957","32.43","99.28","32.43","99.28","0","1","0","0","32.43","","99.28","","2"
"_0253_","OK","0.6169199999999881","0.01821305841611429","25.006999999999998","115.735","0.1059999999999981","5.819999999999993","11.851999999999983","25.06","24.954","118.645","112.825","0","6.359999999999999","6.359999999999999","6.359999999999999","7.5072","0","0","0","0","1","0","0","5.925999999999991","0","0","0","0","0","2","_30eac6d82e5a0000_p_Net","0","0","0","1","0","0","0","0","0","0","1","_30eac6d82e5a0000_p_odb__dbNet","0.0","0.0","0.0","5.0048","5.0048","","5.0048","6.359999999999999","1","6.359999999999999","6.359999999999999","6.359999999999999","25.76","118.32","25.76","118.32","1","0","0","0","25.76","","118.32","","2"
"_0254_","OK","1.1681189999999935","11.336448562814882","55.4965","113.1565","3.639000000000003","0.32099999999999795","7.920000000000002","57.316","53.677","113.317","112.996","0","3.9099999999999966","3.9099999999999966","3.9099999999999966","3.7536","0","0","0","0","1","0","0","3.960000000000001","0","0","0","0","0","2","_a8eac6d82e5a0000_p_Net","0","0","0","1","0","0","0","0","0","0","1","_a8eac6d82e5a0000_p_odb__dbNet","0.0","0.0","0.0","5.0048","5.0048","","5.0048","3.9099999999999966","1","3.9099999999999966","3.9099999999999966","3.9099999999999966","57.5","112.88","57.5","112.88","0","0","0","1","57.5","","112.88","","2"
"_0255_","OK","26.53434999999997","0.03545969658068138","56.342","99.4025","0.9699999999999989","27.355000000000004","56.650000000000006","56.827","55.857","113.08","85.725","0","29.039999999999992","29.039999999999992","29.039999999999992","5.0048","0","0","0","0","1","0","0","28.325000000000003","0","0","0","0","0","2","_2001c7d82e5a0000_p_Net","0","0","0","1","0","0","0","0","0","0","1","_2001c7d82e5a0000_p_odb__dbNet","0.0","0.0","0.0","5.0048","5.0048","","5.0048","29.039999999999992","1","29.039999999999992","29.039999999999992","29.039999999999992","57.5","112.88","57.5","112.88","1","0","0","0","57.5","","112.88","","2"
"_0256_","OK","19.38122100000003","0.6367591080955676","45.6665","17.7935","3.5130000000000052","5.5169999999999995","18.06000000000001","47.423","43.91","20.552","15.035","0","10.269999999999996","10.269999999999996","10.269999999999996","6.256","0","0","0","0","1","0","0","9.030000000000005","0","0","0","0","0","2","_9801c7d82e5a0000_p_Net","0","0","0","1","0","0","0","0","0","0","1","_9801c7d82e5a0000_p_odb__dbNet","0.0","0.0","0.0","5.0048","5.0048","","5.0048","10.269999999999996","1","10.269999999999996","10.269999999999996","10.269999999999996","43.24","14.96","43.24","14.96","0","0","1","0","43.24","","14.96","","2"
"_0257_","OK","35.51517599999997","0.4844662461475741","57.914","16.356","4.147999999999996","8.562000000000001","25.419999999999995","59.988","55.84","20.637","12.075","0","12.529999999999996","12.529999999999996","12.529999999999996","16.265600000000003","0","0","0","0","1","0","0","12.709999999999997","0","0","0","0","0","2","_1002c7d82e5a0000_p_Net","0","1","0","1","0","0","0","0","0","0","1","_1002c7d82e5a0000_p_odb__dbNet","7.5072","0.0","0.0","7.5072","7.5072","","7.5072","12.529999999999996","1","12.529999999999996","12.529999999999996","12.529999999999996","54.74","12.24","54.74","12.24","0","0","1","0","54.74","","12.24","","2"
"_0258_","OK","0.10847100000000033","3.624277435697753","44.1085","23.0165","0.6269999999999953","0.17300000000000182","1.5999999999999943","44.422","43.795","23.103","22.93","0","2.0700000000000003","2.0700000000000003","2.0700000000000003","6.256","0","0","0","0","1","0","0","0.7999999999999972","0","0","0","0","0","2","_8802c7d82e5a0000_p_Net","0","1","0","1","0","0","0","0","0","0","1","_8802c7d82e5a0000_p_odb__dbNet","5.0048","0.0","0.0","5.0048","5.0048","","5.0048","2.0700000000000003","1","2.0700000000000003","2.0700000000000003","2.0700000000000003","45.08","23.12","45.08","23.12","1","0","0","0","45.08","","23.12","","2"
"_0259_","OK","0.2263199999999999","2.971014481989081","42.126999999999995","14.938","0.8200000000000003","0.2759999999999998","2.192","42.537","41.717","15.076","14.8","0","1.6099999999999994","1.6099999999999994","1.6099999999999994","3.7536","0","0","0","0","1","0","0","1.096","0","0","0","0","0","2","_0003c7d82e5a0000_p_Net","0","0","0","1","0","0","0","0","0","0","1","_0003c7d82e5a0000_p_odb__dbNet","0.0","0.0","0.0","5.0048","5.0048","","5.0048","1.6099999999999994","1","1.6099999999999994","1.6099999999999994","1.6099999999999994","43.24","14.96","43.24","14.96","1","0","0","0","43.24","","14.96","","2"
"_0260_","OK","6.320558999999984","0.05488770850294577","48.8815","17.6015","0.5889999999999986","10.730999999999998","22.639999999999993","49.176","48.587","22.967","12.236","0","11.109999999999998","11.109999999999998","11.109999999999998","6.256","0","0","0","0","1","0","0","11.319999999999997","0","0","0","0","0","2","_7803c7d82e5a0000_p_Net","0","0","0","1","0","0","0","0","0","0","1","_7803c7d82e5a0000_p_odb__dbNet","0.0","0.0","0.0","5.0048","5.0048","","5.0048","11.109999999999998","1","11.109999999999998","11.109999999999998","11.109999999999998","48.76","12.24","48.76","12.24","0","0","1","0","48.76","","12.24","","2"
"_0261_","OK","0.2952959999999996","8.010416624945723","48.391","12.304","1.5379999999999967","0.19200000000000017","3.4599999999999937","49.16","47.622","12.4","12.208","0","1.8399999999999963","1.8399999999999963","1.8399999999999963","5.0048","0","0","0","0","1","0","0","1.7299999999999969","0","0","0","0","0","2","_f003c7d82e5a0000_p_Net","0","0","0","1","0","0","0","0","0","0","1","_f003c7d82e5a0000_p_odb__dbNet","0.0","0.0","0.0","5.0048","5.0048","","5.0048","1.8399999999999963","1","1.8399999999999963","1.8399999999999963","1.8399999999999963","46.92","12.24","46.92","12.24","0","0","1","0","46.92","","12.24","","2"
"_0262_","OK","1.2614999999999963","0.010666666665685793","46.805","17.6735","0.11599999999999966","10.875","21.982","46.863","46.747","23.111","12.236","0","11.110000000000005","11.110000000000005","11.110000000000005","3.7536","0","0","0","0","1","0","0","10.991","0","0","0","0","0","2","_6804c7d82e5a0000_p_Net","0","0","0","1","0","0","0","0","0","0","1","_6804c7d82e5a0000_p_odb__dbNet","0.0","0.0","0.0","5.0048","5.0048","","5.0048","11.110000000000005","1","11.110000000000005","11.110000000000005","11.110000000000005","46.92","12.24","46.92","12.24","0","0","0","1","46.92","","12.24","","2"
"_0263_","OK","1.8658120000000016","0.25443131452938267","51.691500000000005","21.756999999999998","0.6890000000000001","2.708000000000002","6.794000000000004","52.036","51.347","23.111","20.403","0","3.41","3.41","3.41","3.7536","0","0","0","0","1","0","0","3.397000000000002","0","0","0","0","0","2","_e004c7d82e5a0000_p_Net","0","0","0","1","0","0","0","0","0","0","1","_e004c7d82e5a0000_p_odb__dbNet","0.0","0.0","0.0","5.0048","5.0048","","5.0048","3.41","1","3.41","3.41","3.41","51.52","20.4","51.52","20.4","0","0","1","0","51.52","","20.4","","2"
"_0264_","OK","1.760682000000006","0.21691821684207926","51.611000000000004","21.8555","0.6180000000000021","2.849","6.934000000000005","51.92","51.302","23.28","20.431","0","3.640000000000004","3.640000000000004","3.640000000000004","5.0048","0","0","0","0","1","0","0","3.4670000000000023","0","0","0","0","0","2","_5805c7d82e5a0000_p_Net","0","0","0","1","0","0","0","0","0","0","1","_5805c7d82e5a0000_p_odb__dbNet","0.0","0.0","0.0","5.0048","5.0048","","5.0048","3.640000000000004","1","3.640000000000004","3.640000000000004","3.640000000000004","50.6","23.12","50.6","23.12","0","1","0","0","50.6","","23.12","","2"
"_0265_","OK","0.9315520000000027","0.12703101915545434","50.254999999999995","21.762","0.3440000000000012","2.7079999999999984","6.103999999999999","50.427","50.083","23.116","20.408","0","3.4100000000000072","3.4100000000000072","3.4100000000000072","3.7536","0","0","0","0","1","0","0","3.0519999999999996","0","0","0","0","0","2","_d005c7d82e5a0000_p_Net","0","0","0","1","0","0","0","0","0","0","1","_d005c7d82e5a0000_p_odb__dbNet","0.0","0.0","0.0","5.0048","5.0048","","5.0048","3.4100000000000072","1","3.4100000000000072","3.4100000000000072","3.4100000000000072","50.6","23.12","50.6","23.12","1","0","0","0","50.6","","23.12","","2"
"_0266_","OK","0.26770000000000377","0.03735524839844833","33.772000000000006","18.9015","0.10000000000000142","2.6769999999999996","5.554000000000002","33.822","33.722","20.24","17.563","0","3.4100000000000037","3.4100000000000037","3.4100000000000037","3.7536","0","0","0","0","1","0","0","2.777000000000001","0","0","0","0","0","2","_4806c7d82e5a0000_p_Net","0","0","0","1","0","0","0","0","0","0","1","_4806c7d82e5a0000_p_odb__dbNet","0.0","0.0","0.0","5.0048","5.0048","","5.0048","3.4100000000000037","1","3.4100000000000037","3.4100000000000037","3.4100000000000037","33.12","20.4","33.12","20.4","0","1","0","0","33.12","","20.4","","2"
"_0267_","OK","80.67697199999995","0.4333773086753606","35.9035","27.224999999999998","5.912999999999997","13.643999999999998","39.11399999999999","38.86","32.947","34.047","20.403","0","18.200000000000003","18.200000000000003","18.200000000000003","10.0096","0","0","0","0","1","0","0","19.556999999999995","0","0","0","0","0","2","_c006c7d82e5a0000_p_Net","0","0","0","1","0","0","0","0","0","0","1","_c006c7d82e5a0000_p_odb__dbNet","0.0","0.0","0.0","5.0048","5.0048","","5.0048","18.200000000000003","1","18.200000000000003","18.200000000000003","18.200000000000003","33.12","20.4","33.12","20.4","0","0","1","0","33.12","","20.4","","2"
"_0268_","OK","1.4985599999999957","0.20926756344945122","26.182000000000002","19.177999999999997","0.5599999999999987","2.6759999999999984","6.471999999999994","26.462","25.902","20.516","17.84","0","2.9499999999999957","2.9499999999999957","2.9499999999999957","3.7536","0","0","0","0","1","0","0","3.235999999999997","0","0","0","0","0","2","_3807c7d82e5a0000_p_Net","0","0","0","1","0","0","0","0","0","0","1","_3807c7d82e5a0000_p_odb__dbNet","0.0","0.0","0.0","5.0048","5.0048","","5.0048","2.9499999999999957","1","2.9499999999999957","2.9499999999999957","2.9499999999999957","25.76","17.68","25.76","17.68","0","0","1","0","25.76","","17.68","","2"
"_0269_","OK","19.948803000000005","0.6616281186192622","27.4035","20.4215","3.632999999999999","5.491000000000003","18.248000000000005","29.22","25.587","23.167","17.676","0","10.04","10.04","10.04","10.0096","0","0","0","0","1","0","0","9.124000000000002","0","0","0","0","0","2","_b007c7d82e5a0000_p_Net","0","0","0","1","0","0","0","0","0","0","1","_b007c7d82e5a0000_p_odb__dbNet","0.0","0.0","0.0","5.0048","5.0048","","5.0048","10.04","1","10.04","10.04","10.04","25.76","17.68","25.76","17.68","0","0","1","0","25.76","","17.68","","2"
"_0270_","OK","2.058120000000017","0.06297008919661236","20.201999999999998","14.9815","0.360000000000003","5.7170000000000005","12.154000000000007","20.382","20.022","17.84","12.123","0","6.589999999999998","6.589999999999998","6.589999999999998","3.7536","0","0","0","0","1","0","0","6.0770000000000035","0","0","0","0","0","2","_2808c7d82e5a0000_p_Net","0","0","0","1","0","0","0","0","0","0","1","_2808c7d82e5a0000_p_odb__dbNet","0.0","0.0","0.0","5.0048","5.0048","","5.0048","6.589999999999998","1","6.589999999999998","6.589999999999998","6.589999999999998","19.32","17.68","19.32","17.68","0","1","0","0","19.32","","17.68","","2"
"_0271_","OK","19.948803000000026","0.6616281186192629","20.9635","20.4215","3.6330000000000027","5.491000000000003","18.24800000000001","22.78","19.147","23.167","17.676","0","10.040000000000003","10.040000000000003","10.040000000000003","10.0096","0","0","0","0","1","0","0","9.124000000000006","0","0","0","0","0","2","_a008c7d82e5a0000_p_Net","0","0","0","1","0","0","0","0","0","0","1","_a008c7d82e5a0000_p_odb__dbNet","0.0","0.0","0.0","5.0048","5.0048","","5.0048","10.040000000000003","1","10.040000000000003","10.040000000000003","10.040000000000003","19.32","17.68","19.32","17.68","0","0","1","0","19.32","","17.68","","2"
"_0272_","OK","8.689635000000004","1.1382555189510466","18.3495","21.621499999999997","3.1449999999999996","2.7630000000000017","11.816000000000003","19.922","16.777","23.003","20.24","0","5.2500000000000036","5.2500000000000036","5.2500000000000036","3.7536","0","0","0","0","1","0","0","5.908000000000001","0","0","0","0","0","2","_1809c7d82e5a0000_p_Net","0","0","0","1","0","0","0","0","0","0","1","_1809c7d82e5a0000_p_odb__dbNet","0.0","0.0","0.0","5.0048","5.0048","","5.0048","5.2500000000000036","1","5.2500000000000036","5.2500000000000036","5.2500000000000036","17.48","20.4","17.48","20.4","0","0","1","0","17.48","","20.4","","2"
"_0273_","OK","15.240092000000004","0.5247726850018974","19.066000000000003","23.0975","2.8279999999999994","5.389000000000003","16.434000000000005","20.48","17.652","25.792","20.403","0","9.580000000000002","9.580000000000002","9.580000000000002","10.0096","0","0","0","0","1","0","0","8.217000000000002","0","0","0","0","0","2","_9009c7d82e5a0000_p_Net","0","0","0","1","0","0","0","0","0","0","1","_9009c7d82e5a0000_p_odb__dbNet","0.0","0.0","0.0","5.0048","5.0048","","5.0048","9.580000000000002","1","9.580000000000002","9.580000000000002","9.580000000000002","17.48","20.4","17.48","20.4","0","0","1","0","17.48","","20.4","","2"
"_0274_","OK","0.22714000000000092","2.9602887979772867","15.907","17.7015","0.8200000000000003","0.277000000000001","2.1940000000000026","16.317","15.497","17.84","17.563","0","1.6099999999999994","1.6099999999999994","1.6099999999999994","3.7536","0","0","0","0","1","0","0","1.0970000000000013","0","0","0","0","0","2","_080ac7d82e5a0000_p_Net","0","0","0","1","0","0","0","0","0","0","1","_080ac7d82e5a0000_p_odb__dbNet","0.0","0.0","0.0","5.0048","5.0048","","5.0048","1.6099999999999994","1","1.6099999999999994","1.6099999999999994","1.6099999999999994","17.02","17.68","17.02","17.68","0","0","0","1","17.02","","17.68","","2"
"_0275_","OK","25.884607999999986","0.21663159818711616","18.375999999999998","23.1415","2.3679999999999986","10.931000000000001","26.598","19.56","17.192","28.607","17.676","0","14.559999999999999","14.559999999999999","14.559999999999999","10.0096","0","0","0","0","1","0","0","13.299","0","0","0","0","0","2","_800ac7d82e5a0000_p_Net","0","0","0","1","0","0","0","0","0","0","1","_800ac7d82e5a0000_p_odb__dbNet","0.0","0.0","0.0","5.0048","5.0048","","5.0048","14.559999999999999","1","14.559999999999999","14.559999999999999","14.559999999999999","17.02","17.68","17.02","17.68","0","0","1","0","17.02","","17.68","","2"
"_0276_","OK","1.1675550000000043","15.21660644326129","25.3495","17.7015","4.215","0.277000000000001","8.984000000000002","27.457","23.242","17.84","17.563","0","4.830000000000002","4.830000000000002","4.830000000000002","3.7536","0","0","0","0","1","0","0","4.492000000000001","0","0","0","0","0","2","_f80ac7d82e5a0000_p_Net","0","0","0","1","0","0","0","0","0","0","1","_f80ac7d82e5a0000_p_odb__dbNet","0.0","0.0","0.0","5.0048","5.0048","","5.0048","4.830000000000002","1","4.830000000000002","4.830000000000002","4.830000000000002","22.54","17.68","22.54","17.68","0","0","1","0","22.54","","17.68","","2"
"_0277_","OK","7.511532000000011","1.048953661790376","20.9635","19.014","2.807000000000002","2.676000000000002","10.966000000000008","22.367","19.56","20.352","17.676","0","4.559999999999999","4.559999999999999","4.559999999999999","10.0096","0","0","0","0","1","0","0","5.483000000000004","0","0","0","0","0","2","_700bc7d82e5a0000_p_Net","0","0","0","1","0","0","0","0","0","0","1","_700bc7d82e5a0000_p_odb__dbNet","0.0","0.0","0.0","5.0048","5.0048","","5.0048","4.559999999999999","1","4.559999999999999","4.559999999999999","4.559999999999999","22.54","17.68","22.54","17.68","0","0","0","1","22.54","","17.68","","2"
"_0278_","OK","0.22714000000000092","2.9602887979772867","32.852000000000004","12.2615","0.8200000000000003","0.277000000000001","2.1940000000000026","33.262","32.442","12.4","12.123","0","1.610000000000003","1.610000000000003","1.610000000000003","3.7536","0","0","0","0","1","0","0","1.0970000000000013","0","0","0","0","0","2","_e80bc7d82e5a0000_p_Net","0","0","0","1","0","0","0","0","0","0","1","_e80bc7d82e5a0000_p_odb__dbNet","0.0","0.0","0.0","5.0048","5.0048","","5.0048","1.610000000000003","1","1.610000000000003","1.610000000000003","1.610000000000003","31.74","12.24","31.74","12.24","0","0","1","0","31.74","","12.24","","2"
"_0279_","OK","7.835656999999998","0.2598798032671863","30.8535","14.9815","1.4269999999999996","5.491","13.835999999999999","31.567","30.14","17.727","12.236","0","5.899999999999997","5.899999999999997","5.899999999999997","10.0096","0","0","0","0","1","0","0","6.917999999999999","0","0","0","0","0","2","_600cc7d82e5a0000_p_Net","0","0","0","1","0","0","0","0","0","0","1","_600cc7d82e5a0000_p_odb__dbNet","0.0","0.0","0.0","5.0048","5.0048","","5.0048","5.899999999999997","1","5.899999999999997","5.899999999999997","5.899999999999997","31.74","12.24","31.74","12.24","0","0","0","1","31.74","","12.24","","2"
"_0280_","OK","0.609400000000001","7.942238238475629","36.376999999999995","17.7015","2.1999999999999957","0.277000000000001","4.9539999999999935","37.477","35.277","17.84","17.563","0","2.990000000000002","2.990000000000002","2.990000000000002","3.7536","0","0","0","0","1","0","0","2.4769999999999968","0","0","0","0","0","2","_d80cc7d82e5a0000_p_Net","0","0","0","1","0","0","0","0","0","0","1","_d80cc7d82e5a0000_p_odb__dbNet","0.0","0.0","0.0","5.0048","5.0048","","5.0048","2.990000000000002","1","2.990000000000002","2.990000000000002","2.990000000000002","38.18","17.68","38.18","17.68","0","0","0","1","38.18","","17.68","","2"
"_0281_","OK","3.5644319999999854","0.49775784734762135","37.686","19.014","1.3319999999999936","2.676000000000002","8.015999999999991","38.352","37.02","20.352","17.676","0","5.019999999999996","5.019999999999996","5.019999999999996","10.0096","0","0","0","0","1","0","0","4.007999999999996","0","0","0","0","0","2","_500dc7d82e5a0000_p_Net","0","0","0","1","0","0","0","0","0","0","1","_500dc7d82e5a0000_p_odb__dbNet","0.0","0.0","0.0","5.0048","5.0048","","5.0048","5.019999999999996","1","5.019999999999996","5.019999999999996","5.019999999999996","38.18","17.68","38.18","17.68","0","0","0","1","38.18","","17.68","","2"
"_0282_","OK","0.17684299999999684","0.04479114240322482","82.5155","146.8385","0.08899999999999864","1.9869999999999948","4.151999999999987","82.56","82.471","147.832","145.845","0","2.719999999999999","2.719999999999999","2.719999999999999","7.5072","0","0","0","0","1","0","0","2.0759999999999934","0","0","0","0","0","2","_c80dc7d82e5a0000_p_Net","0","0","0","1","0","0","0","0","0","0","1","_c80dc7d82e5a0000_p_odb__dbNet","0.0","0.0","0.0","5.0048","5.0048","","5.0048","2.719999999999999","1","2.719999999999999","2.719999999999999","2.719999999999999","83.26","145.52","83.26","145.52","0","0","0","1","83.26","","145.52","","2"
"_0283_","OK","31.710084999999975","0.16638898948450612","82.3085","138.6625","2.296999999999997","13.805000000000007","32.20400000000001","83.457","81.16","145.565","131.76","0","16.130000000000024","16.130000000000024","16.130000000000024","5.0048","0","0","0","0","1","0","0","16.102000000000004","0","0","0","0","0","2","_400ec7d82e5a0000_p_Net","0","0","0","1","0","0","0","0","0","0","1","_400ec7d82e5a0000_p_odb__dbNet","0.0","0.0","0.0","3.7536","3.7536","","3.7536","16.130000000000024","1","16.130000000000024","16.130000000000024","16.130000000000024","80.73","131.92","80.73","131.92","0","0","1","0","80.73","","131.92","","2"
"_0284_","OK","7.35004200000003","0.8626241860696701","79.644","133.3705","2.5180000000000007","2.919000000000011","10.874000000000024","80.903","78.385","134.83","131.911","0","5.480000000000004","5.480000000000004","5.480000000000004","3.7536","0","0","0","0","1","0","0","5.437000000000012","0","0","0","0","0","2","_b80ec7d82e5a0000_p_Net","0","1","0","1","0","0","0","0","0","0","1","_b80ec7d82e5a0000_p_odb__dbNet","3.7536","0.0","0.0","3.7536","3.7536","","3.7536","5.480000000000004","1","5.480000000000004","5.480000000000004","5.480000000000004","77.97","134.64","77.97","134.64","0","1","0","0","77.97","","134.64","","2"
"_0285_","OK","31.435250000000053","0.5153649167073803","70.7495","57.125","4.025000000000006","7.810000000000002","23.670000000000016","72.762","68.737","61.03","53.22","0","9.770000000000003","7.702500000000002","30.81000000000001","10.0096","0","0","0","0","4","0","0","11.835000000000008","0","0","0","0","0","5","_300fc7d82e5a0000_p_Net","0","0","0","1","0","0","0","0","0","0","4","_300fc7d82e5a0000_p_odb__dbNet","0.0","0.0","0.0","21.270400000000002","12.824800000000002","8.457177250123118","51.299200000000006","6.897500000000008","4","7.090000000000003","9.770000000000003","9.770000000000003","75.67","61.2","68.31","53.04","1","1","0","2","72.73750000000001","2.7665806964554642","57.12","3.041052449399715","5"
"_0286_","OK","63.14272","2.220138758256116","80.762","55.8865","11.840000000000003","5.332999999999998","34.346000000000004","86.682","74.842","58.553","53.22","0","17.39999999999999","17.39999999999999","17.39999999999999","6.256","0","0","0","0","1","0","0","17.173000000000002","0","0","0","0","0","2","_a80fc7d82e5a0000_p_Net","0","0","0","1","0","0","0","0","0","0","1","_a80fc7d82e5a0000_p_odb__dbNet","0.0","0.0","0.0","21.270400000000002","21.270400000000002","","21.270400000000002","17.39999999999999","1","17.39999999999999","17.39999999999999","17.39999999999999","75.67","53.04","75.67","53.04","0","0","1","0","75.67","","53.04","","2"
"_0287_","OK","14.437884000000041","0.4553365298427758","82.03399999999999","42.0555","2.564000000000007","5.631","16.390000000000015","83.316","80.752","44.871","39.24","0","7.279999999999994","4.023333333333326","12.069999999999979","3.7536","0","0","0","0","3","0","0","8.195000000000007","0","0","0","0","0","4","_2010c7d82e5a0000_p_Net","0","0","0","1","0","0","0","0","0","0","3","_2010c7d82e5a0000_p_odb__dbNet","0.0","0.0","0.0","6.256","5.838933333333333","0.5898213364137388","17.5168","4.023333333333319","3","2.9499999999999957","7.279999999999994","7.279999999999994","83.26","44.88","81.65","39.44","1","1","1","0","82.18666666666668","0.7589612784735608","42.16","2.2208707001234167","4"
"_0288_","OK","27.72674399999999","0.835126691975854","79.48599999999999","42.121","4.811999999999998","5.7620000000000005","21.147999999999996","81.892","77.08","45.002","39.24","0","7.510000000000012","5.825000000000006","11.650000000000013","6.256","0","0","0","0","2","0","0","10.573999999999998","0","0","0","0","0","3","_9810c7d82e5a0000_p_Net","0","0","0","1","0","0","0","0","0","0","2","_9810c7d82e5a0000_p_odb__dbNet","0.0","0.0","0.0","5.0048","4.3792","0.6256000000000002","8.7584","5.82500000000001","2","4.140000000000001","7.510000000000012","7.510000000000012","79.58","44.88","77.51","39.44","0","1","0","1","78.545","1.0349999999999966","42.16","2.7200000000000024","3"
"_0289_","OK","4.809023999999943","0.06899029823104603","77.048","49.045500000000004","0.5759999999999934","8.348999999999997","17.84999999999998","77.336","76.76","53.22","44.871","0","10.0","10.0","10.0","3.7536","0","0","0","0","1","0","0","8.92499999999999","0","0","0","0","0","2","_1011c7d82e5a0000_p_Net","0","0","0","1","0","0","0","0","0","0","1","_1011c7d82e5a0000_p_odb__dbNet","0.0","0.0","0.0","21.270400000000002","21.270400000000002","","21.270400000000002","10.0","1","10.0","10.0","10.0","75.67","53.04","75.67","53.04","0","1","0","0","75.67","","53.04","","2"
"_0290_","OK","19.511161999999914","0.3083982901296945","73.10849999999999","67.913","2.4529999999999887","7.954000000000001","20.81399999999998","74.335","71.882","71.89","63.936","0","11.149999999999991","11.149999999999991","11.149999999999991","5.0048","0","0","0","0","1","0","0","10.40699999999999","0","0","0","0","0","2","_8811c7d82e5a0000_p_Net","0","1","0","1","0","0","0","0","0","0","1","_8811c7d82e5a0000_p_odb__dbNet","3.7536","0.0","0.0","3.7536","3.7536","","3.7536","11.149999999999991","1","11.149999999999991","11.149999999999991","11.149999999999991","74.75","72.08","74.75","72.08","1","0","0","0","74.75","","72.08","","2"
"_0291_","OK","345.1371500000003","0.27065247828981664","70.3495","84.325","9.665000000000006","35.71000000000001","90.75000000000003","75.182","65.517","102.18","66.47","0","33.33","23.544999999999995","47.08999999999999","6.256","0","0","0","0","2","0","0","45.375000000000014","0","0","0","0","0","3","_0012c7d82e5a0000_p_Net","0","0","0","1","0","0","0","0","0","0","2","_0012c7d82e5a0000_p_odb__dbNet","0.0","0.0","0.0","12.512","8.1328","4.3792","16.2656","20.13499999999999","2","13.759999999999991","33.33","33.33","76.82","102.0","65.09","66.64","1","0","1","0","70.955","5.864999999999995","84.32","17.68","3"
"_0292_","OK","3.4103999999999446","0.1436781608900473","71.747","69.059","0.6999999999999886","4.872","11.143999999999977","72.097","71.397","71.495","66.623","0","6.1299999999999955","6.1299999999999955","6.1299999999999955","5.0048","0","0","0","0","1","0","0","5.5719999999999885","0","0","0","0","0","2","_7812c7d82e5a0000_p_Net","0","0","0","1","0","0","0","0","0","0","1","_7812c7d82e5a0000_p_odb__dbNet","0.0","0.0","0.0","6.256","6.256","","6.256","6.1299999999999955","1","6.1299999999999955","6.1299999999999955","6.1299999999999955","71.53","72.08","71.53","72.08","0","1","0","0","71.53","","72.08","","2"
"_0293_","OK","374.8180399999998","0.22385688799276965","71.477","92.46549999999999","9.159999999999997","40.919","100.15799999999999","76.057","66.897","112.925","72.006","0","41.72","34.089999999999996","170.45","6.256","0","0","0","0","5","0","0","50.07899999999999","0","0","0","0","0","6","_f012c7d82e5a0000_p_Net","0","0","0","1","0","0","0","0","0","0","5","_f012c7d82e5a0000_p_odb__dbNet","0.0","0.0","0.0","12.512","6.50624","3.2046356183503923","32.5312","32.06599999999999","5","37.66","41.72","41.72","76.82","112.88","66.47","82.96","4","0","1","0","72.588","3.391544780774683","103.088","10.687904191187345","6"
"_0294_","OK","0.32116500000001136","9.590163882020574","84.3445","104.6115","1.7549999999999955","0.18300000000000693","3.8760000000000048","85.222","83.467","104.703","104.52","0","2.530000000000001","2.530000000000001","2.530000000000001","5.0048","0","0","0","0","1","0","0","1.9380000000000024","0","0","0","0","0","2","_6813c7d82e5a0000_p_Net","0","0","0","1","0","0","0","0","0","0","1","_6813c7d82e5a0000_p_odb__dbNet","0.0","0.0","0.0","6.256","6.256","","6.256","2.530000000000001","1","2.530000000000001","2.530000000000001","2.530000000000001","82.57","104.72","82.57","104.72","0","1","0","0","82.57","","104.72","","2"
"_0295_","OK","2.8705459999999894","0.40784018077352097","81.786","106.1685","1.0819999999999936","2.653000000000006","7.469999999999999","82.327","81.245","107.495","104.842","0","4.099999999999994","4.099999999999994","4.099999999999994","6.256","0","0","0","0","1","0","0","3.7349999999999994","0","0","0","0","0","2","_e013c7d82e5a0000_p_Net","0","0","0","1","0","0","0","0","0","0","1","_e013c7d82e5a0000_p_odb__dbNet","0.0","0.0","0.0","8.758400000000002","8.758400000000002","","8.758400000000002","4.099999999999994","1","4.099999999999994","4.099999999999994","4.099999999999994","81.19","107.44","81.19","107.44","0","1","0","0","81.19","","107.44","","2"
"_0296_","OK","0.7622559999999982","12.803278636052129","84.14","107.678","3.1239999999999952","0.24399999999999977","6.73599999999999","85.702","82.578","107.8","107.556","0","4.6000000000000085","4.6000000000000085","4.6000000000000085","3.7536","0","0","0","0","1","0","0","3.367999999999995","0","0","0","0","0","2","_5814c7d82e5a0000_p_Net","0","0","0","1","0","0","0","0","0","0","1","_5814c7d82e5a0000_p_odb__dbNet","0.0","0.0","0.0","8.758400000000002","8.758400000000002","","8.758400000000002","4.6000000000000085","1","4.6000000000000085","4.6000000000000085","4.6000000000000085","81.19","107.44","81.19","107.44","0","0","1","0","81.19","","107.44","","2"
"_0297_","OK","6.582889999999989","1.0507391126445291","83.532","108.89150000000001","2.6299999999999955","2.503","10.265999999999991","84.847","82.217","110.143","107.64","0","4.329999999999998","4.329999999999998","4.329999999999998","5.0048","0","0","0","0","1","0","0","5.132999999999996","0","0","0","0","0","2","_d014c7d82e5a0000_p_Net","0","0","0","1","0","0","0","0","0","0","1","_d014c7d82e5a0000_p_odb__dbNet","0.0","0.0","0.0","6.256","6.256","","6.256","4.329999999999998","1","4.329999999999998","4.329999999999998","4.329999999999998","83.95","107.44","83.95","107.44","0","0","0","1","83.95","","107.44","","2"
"_0298_","OK","0.34727400000001124","11.084745700085701","82.726","107.4065","1.961999999999989","0.1770000000000067","4.277999999999992","83.707","81.745","107.495","107.318","0","2.760000000000005","2.760000000000005","2.760000000000005","6.256","0","0","0","0","1","0","0","2.138999999999996","0","0","0","0","0","2","_4815c7d82e5a0000_p_Net","0","0","0","1","0","0","0","0","0","0","1","_4815c7d82e5a0000_p_odb__dbNet","0.0","0.0","0.0","8.758400000000002","8.758400000000002","","8.758400000000002","2.760000000000005","1","2.760000000000005","2.760000000000005","2.760000000000005","81.19","107.44","81.19","107.44","0","1","0","0","81.19","","107.44","","2"
"_0299_","OK","7.790400000000024","0.9392361107849933","80.6695","105.97","2.7050000000000125","2.8799999999999955","11.170000000000016","82.022","79.317","107.41","104.53","0","5.25","5.25","5.25","8.758400000000002","0","0","0","0","1","0","0","5.585000000000008","0","0","0","0","0","2","_c015c7d82e5a0000_p_Net","0","1","0","1","0","0","0","0","0","0","1","_c015c7d82e5a0000_p_odb__dbNet","5.0048","0.0","0.0","5.0048","5.0048","","5.0048","5.25","1","5.25","5.25","5.25","78.66","104.72","78.66","104.72","0","0","1","0","78.66","","104.72","","2"
"_0300_","OK","4.4872659999999795","0.5899202318383168","83.8135","62.701","1.6269999999999953","2.7579999999999956","8.769999999999982","84.627","83.0","64.08","61.322","0","5.02000000000001","5.02000000000001","5.02000000000001","6.256","0","0","0","0","1","0","0","4.384999999999991","0","0","0","0","0","2","_3816c7d82e5a0000_p_Net","0","0","0","1","0","0","0","0","0","0","1","_3816c7d82e5a0000_p_odb__dbNet","0.0","0.0","0.0","3.7536","3.7536","","3.7536","5.02000000000001","1","5.02000000000001","5.02000000000001","5.02000000000001","82.57","63.92","82.57","63.92","0","1","0","0","82.57","","63.92","","2"
"_0301_","OK","96.34371600000003","0.06580941926543807","81.484","83.059","2.5180000000000007","38.262","81.56","82.743","80.225","102.19","63.928","0","40.83999999999999","40.83999999999999","40.83999999999999","3.7536","0","0","0","0","1","0","0","40.78","0","0","0","0","0","2","_b016c7d82e5a0000_p_Net","0","1","0","1","0","0","0","0","0","0","1","_b016c7d82e5a0000_p_odb__dbNet","3.7536","0.0","0.0","3.7536","3.7536","","3.7536","40.83999999999999","1","40.83999999999999","40.83999999999999","40.83999999999999","79.81","102.0","79.81","102.0","0","1","0","0","79.81","","102.0","","2"
"_0302_","OK","0.4079760000000045","11.183246014747233","72.128","110.0555","2.1359999999999957","0.1910000000000025","4.653999999999996","73.196","71.06","110.151","109.96","0","2.990000000000009","2.990000000000009","2.990000000000009","3.7536","0","0","0","0","1","0","0","2.326999999999998","0","0","0","0","0","2","_2817c7d82e5a0000_p_Net","0","0","0","1","0","0","0","0","0","0","1","_2817c7d82e5a0000_p_odb__dbNet","0.0","0.0","0.0","5.0048","5.0048","","5.0048","2.990000000000009","1","2.990000000000009","2.990000000000009","2.990000000000009","70.38","110.16","70.38","110.16","0","1","0","0","70.38","","110.16","","2"
"_0303_","OK","0.24001800000001933","0.049500454110131015","86.6875","87.109","0.10900000000000887","2.201999999999998","4.622000000000014","86.742","86.633","88.21","86.008","0","3.8700000000000045","3.8700000000000045","3.8700000000000045","6.256","0","0","0","0","1","0","0","2.311000000000007","0","0","0","0","0","2","_a017c7d82e5a0000_p_Net","0","1","0","1","0","0","0","0","0","0","1","_a017c7d82e5a0000_p_odb__dbNet","5.0048","0.0","0.0","5.0048","5.0048","","5.0048","3.8700000000000045","1","3.8700000000000045","3.8700000000000045","3.8700000000000045","87.4","88.4","87.4","88.4","1","0","0","0","87.4","","88.4","","2"
"_0304_","OK","24.49859999999993","0.7200411450848532","83.262","85.4385","4.199999999999989","5.832999999999998","20.065999999999974","85.362","81.162","88.355","82.522","0","9.580000000000013","7.320000000000007","14.640000000000015","5.0048","0","0","0","0","2","0","0","10.032999999999987","0","0","0","0","0","3","_1818c7d82e5a0000_p_Net","0","0","0","1","0","0","0","0","0","0","2","_1818c7d82e5a0000_p_odb__dbNet","0.0","0.0","0.0","5.0048","5.0048","0.0","10.0096","7.319999999999993","2","5.060000000000002","9.580000000000013","9.580000000000013","81.42","88.4","80.5","82.96","0","1","1","0","80.96000000000001","0.46000000000000085","85.68","2.720000000000006","3"
"_0305_","OK","3.331901999999988","0.31778875839475224","87.6515","84.389","1.0289999999999964","3.2379999999999995","8.533999999999992","88.166","87.137","86.008","82.77","0","4.790000000000006","4.790000000000006","4.790000000000006","6.256","0","0","0","0","1","0","0","4.266999999999996","0","0","0","0","0","2","_9018c7d82e5a0000_p_Net","0","1","0","1","0","0","0","0","0","0","1","_9018c7d82e5a0000_p_odb__dbNet","5.0048","0.0","0.0","5.0048","5.0048","","5.0048","4.790000000000006","1","4.790000000000006","4.790000000000006","4.790000000000006","86.48","82.96","86.48","82.96","0","0","1","0","86.48","","82.96","","2"
"_0306_","OK","5.841000000000019","0.9535353531500832","82.80199999999999","81.67750000000001","2.3599999999999994","2.4750000000000085","9.670000000000016","83.982","81.622","82.915","80.44","0","5.940000000000012","4.3500000000000085","8.700000000000017","5.0048","0","0","0","0","2","0","0","4.835000000000008","0","0","0","0","0","3","_0819c7d82e5a0000_p_Net","0","0","0","1","0","0","0","0","0","0","2","_0819c7d82e5a0000_p_odb__dbNet","0.0","0.0","0.0","5.0048","5.0048","0.0","10.0096","4.3500000000000085","2","2.760000000000005","5.940000000000012","5.940000000000012","81.42","82.96","80.96","80.24","0","1","1","0","81.19","0.23000000000000398","81.6","1.3599999999999994","3"
"_0307_","OK","43.43539200000005","0.3691002949512265","79.019","88.226","4.004000000000005","10.847999999999999","29.704000000000008","81.021","77.017","93.65","82.802","0","15.940000000000012","15.940000000000012","15.940000000000012","5.0048","0","0","0","0","1","0","0","14.852000000000004","0","0","0","0","0","2","_8019c7d82e5a0000_p_Net","0","1","0","1","0","0","0","0","0","0","1","_8019c7d82e5a0000_p_odb__dbNet","5.0048","0.0","0.0","5.0048","5.0048","","5.0048","15.940000000000012","1","15.940000000000012","15.940000000000012","15.940000000000012","76.36","93.84","76.36","93.84","0","1","0","0","76.36","","93.84","","2"
"_0308_","OK","3.178655999999972","0.05444313570809504","82.394","138.65050000000002","0.4159999999999968","7.640999999999991","16.113999999999976","82.602","82.186","142.471","134.83","0","8.850000000000037","8.850000000000037","8.850000000000037","6.256","0","0","0","0","1","0","0","8.056999999999988","0","0","0","0","0","2","_f819c7d82e5a0000_p_Net","0","1","0","1","0","0","0","0","0","0","1","_f819c7d82e5a0000_p_odb__dbNet","5.0048","0.0","0.0","5.0048","5.0048","","5.0048","8.850000000000037","1","8.850000000000037","8.850000000000037","8.850000000000037","83.26","134.64","83.26","134.64","0","0","0","1","83.26","","134.64","","2"
"_0309_","OK","113.66123600000012","0.607706931806983","75.2055","122.25800000000001","8.311000000000007","13.676000000000002","43.97400000000002","79.361","71.05","129.096","115.42","0","20.730000000000004","15.797499999999996","63.18999999999998","8.758400000000002","0","0","0","0","4","0","0","21.98700000000001","0","0","0","0","0","5","_701ac7d82e5a0000_p_Net","0","0","0","1","0","0","0","0","0","0","4","_701ac7d82e5a0000_p_odb__dbNet","0.0","0.0","0.0","12.512","8.4456","3.2356283593762742","33.7824","15.7975","4","13.259999999999991","20.730000000000004","20.730000000000004","77.74","126.48","70.84","115.6","0","2","1","1","73.77250000000001","2.5057072354926038","120.35999999999999","4.856171331409143","5"
"_0310_","OK","46.76224","1.5801470585330626","68.438","123.56","8.596000000000004","5.439999999999998","28.072000000000003","72.736","64.14","126.28","120.84","0","11.0","7.664999999999999","15.329999999999998","3.7536","0","0","0","0","2","0","0","14.036000000000001","0","0","0","0","0","3","_e81ac7d82e5a0000_p_Net","0","0","0","1","0","0","0","0","0","0","2","_e81ac7d82e5a0000_p_odb__dbNet","0.0","0.0","0.0","8.758400000000002","8.132800000000001","0.6256000000000008","16.265600000000003","4.944999999999993","2","4.329999999999998","11.0","11.0","71.3","126.48","64.63","121.04","0","1","0","1","67.965","3.335000000000001","123.76","2.719999999999999","3"
"_0311_","OK","68.32177599999969","0.035802582180299206","79.429","91.08","1.563999999999993","43.684","90.49599999999998","80.211","78.647","112.922","69.238","0","45.58999999999999","45.58999999999999","45.58999999999999","6.256","0","0","0","0","1","0","0","45.24799999999999","0","0","0","0","0","2","_601bc7d82e5a0000_p_Net","0","0","0","1","0","0","0","0","0","0","1","_601bc7d82e5a0000_p_odb__dbNet","0.0","0.0","0.0","10.0096","10.0096","","10.0096","45.58999999999999","1","45.58999999999999","45.58999999999999","45.58999999999999","80.96","112.88","80.96","112.88","1","0","0","0","80.96","","112.88","","2"
"_0312_","OK","61.430834999999945","0.9124923825822674","76.6635","111.3175","7.486999999999995","8.204999999999998","31.383999999999986","80.407","72.92","115.42","107.215","0","12.569999999999993","9.00666666666666","27.019999999999982","10.0096","0","0","0","0","3","0","0","15.691999999999993","0","0","0","0","0","4","_d81bc7d82e5a0000_p_Net","0","0","0","1","0","0","0","0","0","0","3","_d81bc7d82e5a0000_p_odb__dbNet","0.0","0.0","0.0","12.512","8.341333333333333","2.9491066820686944","25.024","7.193333333333342","3","8.509999999999991","12.569999999999993","12.569999999999993","77.74","115.6","72.45","107.44","1","1","1","0","74.67333333333333","2.240451343417707","111.97333333333331","3.392436030675039","4"
"_0313_","OK","41.943240000000024","1.4841986453189988","74.457","112.503","7.890000000000001","5.3160000000000025","26.412000000000006","78.402","70.512","115.161","109.845","0","12.799999999999997","12.799999999999997","12.799999999999997","12.512","0","0","0","0","1","0","0","13.206000000000003","0","0","0","0","0","2","_501cc7d82e5a0000_p_Net","0","0","0","1","0","0","0","0","0","0","1","_501cc7d82e5a0000_p_odb__dbNet","0.0","0.0","0.0","5.0048","5.0048","","5.0048","12.799999999999997","1","12.799999999999997","12.799999999999997","12.799999999999997","70.38","110.16","70.38","110.16","0","0","1","0","70.38","","110.16","","2"
"_0314_","OK","13.266376000000017","0.49864288474241164","80.606","42.141","2.5720000000000027","5.158000000000001","15.460000000000008","81.892","79.32","44.72","39.562","0","8.20000000000001","8.20000000000001","8.20000000000001","6.256","0","0","0","0","1","0","0","7.730000000000004","0","0","0","0","0","2","_c81cc7d82e5a0000_p_Net","0","0","0","1","0","0","0","0","0","0","1","_c81cc7d82e5a0000_p_odb__dbNet","0.0","0.0","0.0","3.7536","3.7536","","3.7536","8.20000000000001","1","8.20000000000001","8.20000000000001","8.20000000000001","78.89","44.88","78.89","44.88","0","1","0","0","78.89","","44.88","","2"
"_0315_","OK","7.350041999999994","0.8626241860696743","77.804","46.3305","2.5180000000000007","2.918999999999997","10.873999999999995","79.063","76.545","47.79","44.871","0","5.480000000000004","5.480000000000004","5.480000000000004","3.7536","0","0","0","0","1","0","0","5.436999999999998","0","0","0","0","0","2","_401dc7d82e5a0000_p_Net","0","1","0","1","0","0","0","0","0","0","1","_401dc7d82e5a0000_p_odb__dbNet","3.7536","0.0","0.0","3.7536","3.7536","","3.7536","5.480000000000004","1","5.480000000000004","5.480000000000004","5.480000000000004","76.13","47.6","76.13","47.6","0","1","0","0","76.13","","47.6","","2"
"_0316_","OK","37.15965900000003","1.203347129529723","83.5835","63.8185","6.687000000000012","5.556999999999995","24.488000000000014","86.927","80.24","66.597","61.04","0","12.569999999999993","9.964999999999996","19.929999999999993","6.256","0","0","0","0","2","0","0","12.244000000000007","0","0","0","0","0","3","_b81dc7d82e5a0000_p_Net","0","0","0","1","0","0","0","0","0","0","2","_b81dc7d82e5a0000_p_odb__dbNet","0.0","0.0","0.0","10.0096","6.881600000000001","3.1280000000000006","13.763200000000001","9.96499999999999","2","7.359999999999999","12.569999999999993","12.569999999999993","80.04","66.64","79.81","61.2","0","1","1","0","79.92500000000001","0.11500000000000199","63.92","2.719999999999999","3"
"_0317_","OK","7.507538000000024","1.1812772704556644","78.494","59.9305","2.9780000000000086","2.521000000000001","10.998000000000019","79.983","77.005","61.191","58.67","0","5.940000000000005","5.940000000000005","5.940000000000005","3.7536","0","0","0","0","1","0","0","5.499000000000009","0","0","0","0","0","2","_301ec7d82e5a0000_p_Net","0","1","0","1","0","0","0","0","0","0","1","_301ec7d82e5a0000_p_odb__dbNet","3.7536","0.0","0.0","3.7536","3.7536","","3.7536","5.940000000000005","1","5.940000000000005","5.940000000000005","5.940000000000005","76.59","58.48","76.59","58.48","0","0","1","0","76.59","","58.48","","2"
"_0318_","OK","15.54042199999988","0.017601130779511177","73.0635","73.353","0.5229999999999961","29.71399999999999","60.473999999999975","73.325","72.802","88.21","58.496","0","30.15","30.15","30.15","5.0048","0","0","0","0","1","0","0","30.236999999999988","0","0","0","0","0","2","_a81ec7d82e5a0000_p_Net","0","1","0","1","0","0","0","0","0","0","1","_a81ec7d82e5a0000_p_odb__dbNet","3.7536","0.0","0.0","3.7536","3.7536","","3.7536","30.15","1","30.15","30.15","30.15","72.91","88.4","72.91","88.4","0","1","0","0","72.91","","88.4","","2"
"_0319_","OK","44.37322499999997","0.2314915131649337","68.9745","117.0375","3.2049999999999983","13.844999999999999","34.099999999999994","70.577","67.372","123.96","110.115","0","17.28","17.28","17.28","5.0048","0","0","0","0","1","0","0","17.049999999999997","0","0","0","0","0","2","_201fc7d82e5a0000_p_Net","0","0","0","1","0","0","0","0","0","0","1","_201fc7d82e5a0000_p_odb__dbNet","0.0","0.0","0.0","5.0048","5.0048","","5.0048","17.28","1","17.28","17.28","17.28","66.7","123.76","66.7","123.76","0","1","0","0","66.7","","123.76","","2"
"_0320_","OK","11.522906999999979","0.4015307074105779","65.22550000000001","126.5965","2.1509999999999962","5.356999999999999","15.015999999999991","66.301","64.15","129.275","123.918","0","8.65999999999999","8.65999999999999","8.65999999999999","5.0048","0","0","0","0","1","0","0","7.507999999999996","0","0","0","0","0","2","_981fc7d82e5a0000_p_Net","0","0","0","1","0","0","0","0","0","0","1","_981fc7d82e5a0000_p_odb__dbNet","0.0","0.0","0.0","5.0048","5.0048","","5.0048","8.65999999999999","1","8.65999999999999","8.65999999999999","8.65999999999999","63.48","129.2","63.48","129.2","0","1","0","0","63.48","","129.2","","2"
"_0321_","OK","1.4865839999999764","0.04688332444558914","86.555","150.8555","0.2639999999999958","5.631","11.789999999999992","86.687","86.423","153.671","148.04","0","5.8999999999999915","5.8999999999999915","5.8999999999999915","3.7536","0","0","0","0","1","0","0","5.894999999999996","0","0","0","0","0","2","_1020c7d82e5a0000_p_Net","0","0","0","1","0","0","0","0","0","0","1","_1020c7d82e5a0000_p_odb__dbNet","0.0","0.0","0.0","6.256","6.256","","6.256","5.8999999999999915","1","5.8999999999999915","5.8999999999999915","5.8999999999999915","85.79","148.24","85.79","148.24","0","0","1","0","85.79","","148.24","","2"
"_0322_","OK","10.18475699999993","0.3722041673920448","88.1235","99.5005","1.9469999999999885","5.2309999999999945","14.355999999999966","89.097","87.15","102.116","96.885","0","6.359999999999999","6.359999999999999","6.359999999999999","3.7536","0","0","0","0","1","0","0","7.177999999999983","0","0","0","0","0","2","_8820c7d82e5a0000_p_Net","0","0","0","1","0","0","0","0","0","0","1","_8820c7d82e5a0000_p_odb__dbNet","0.0","0.0","0.0","6.256","6.256","","6.256","6.359999999999999","1","6.359999999999999","6.359999999999999","6.359999999999999","88.09","96.56","88.09","96.56","0","0","1","0","88.09","","96.56","","2"
"_0323_","OK","789.5156039999997","0.7127576467546194","73.686","131.721","23.721999999999994","33.282","114.00799999999998","85.547","61.825","148.362","115.08","0","56.560000000000024","49.26000000000002","98.52000000000004","6.256","0","0","0","0","2","0","0","57.00399999999999","0","0","0","0","0","3","_0021c7d82e5a0000_p_Net","0","1","0","1","0","0","0","0","0","0","2","_0021c7d82e5a0000_p_odb__dbNet","3.7536","0.0","0.0","8.758400000000002","6.256000000000001","2.502400000000001","12.512000000000002","49.260000000000005","2","41.96000000000001","56.560000000000024","56.560000000000024","68.31","123.76","61.87","115.6","0","0","2","0","65.09","3.2200000000000024","119.68","4.080000000000005","3"
"_0324_","OK","38.20168999999987","0.13871648085937188","82.306","50.5025","2.3019999999999925","16.595","37.79399999999998","83.457","81.155","58.8","42.205","0","19.54","19.54","19.54","5.0048","0","0","0","0","1","0","0","18.89699999999999","0","0","0","0","0","2","_7821c7d82e5a0000_p_Net","0","0","0","1","0","0","0","0","0","0","1","_7821c7d82e5a0000_p_odb__dbNet","0.0","0.0","0.0","7.5072","7.5072","","7.5072","19.54","1","19.54","19.54","19.54","80.04","58.48","80.04","58.48","0","1","0","0","80.04","","58.48","","2"
"_0325_","OK","935.6280959999999","0.29338433205316994","70.57900000000001","86.844","16.567999999999998","56.472","146.07999999999998","78.863","62.295","115.08","58.608","0","75.29","75.29","75.29","7.5072","0","0","0","0","1","0","0","73.03999999999999","0","0","0","0","0","2","_f021c7d82e5a0000_p_Net","0","0","0","1","0","0","0","0","0","0","1","_f021c7d82e5a0000_p_odb__dbNet","0.0","0.0","0.0","8.758400000000002","8.758400000000002","","8.758400000000002","75.29","1","75.29","75.29","75.29","61.87","115.6","61.87","115.6","0","1","0","0","61.87","","115.6","","2"
"_0326_","OK","13.407977999999986","2.765213441069387","84.6615","97.989","6.088999999999999","2.201999999999998","16.581999999999994","87.706","81.617","99.09","96.888","0","9.850000000000009","9.850000000000009","9.850000000000009","6.256","0","0","0","0","1","0","0","8.290999999999997","0","0","0","0","0","2","_6822c7d82e5a0000_p_Net","0","1","0","1","0","0","0","0","0","0","1","_6822c7d82e5a0000_p_odb__dbNet","5.0048","0.0","0.0","5.0048","5.0048","","5.0048","9.850000000000009","1","9.850000000000009","9.850000000000009","9.850000000000009","80.96","99.28","80.96","99.28","0","1","0","0","80.96","","99.28","","2"
"_0327_","OK","230.84234999999984","0.5671375464402904","77.281","117.30250000000001","11.441999999999993","20.174999999999997","63.23399999999998","83.002","71.56","127.39","107.215","0","31.000000000000014","22.506666666666675","67.52000000000002","6.256","0","0","0","0","3","0","0","31.61699999999999","0","0","0","0","0","4","_e022c7d82e5a0000_p_Net","0","0","0","1","0","0","0","0","0","0","3","_e022c7d82e5a0000_p_odb__dbNet","0.0","0.0","0.0","6.256","5.421866666666666","1.1796426728274778","16.2656","22.50666666666666","3","26.860000000000014","31.000000000000014","31.000000000000014","76.13","126.48","71.99","107.44","0","1","2","0","74.13666666666667","1.6936220226353806","113.78666666666668","8.975542075861245","4"
"_0328_","OK","2.60978400000001","0.4485903812402243","91.87100000000001","92.45400000000001","1.0820000000000078","2.411999999999992","6.9879999999999995","92.412","91.33","93.66","91.248","0","3.4099999999999966","3.4099999999999966","3.4099999999999966","6.256","0","0","0","0","1","0","0","3.4939999999999998","0","0","0","0","0","2","_5823c7d82e5a0000_p_Net","0","0","0","1","0","0","0","0","0","0","1","_5823c7d82e5a0000_p_odb__dbNet","0.0","0.0","0.0","12.512","12.512","","12.512","3.4099999999999966","1","3.4099999999999966","3.4099999999999966","3.4099999999999966","91.08","93.84","91.08","93.84","0","1","0","0","91.08","","93.84","","2"
"_0329_","OK","68.13715300000011","2.105290911916804","85.7535","96.24549999999999","11.977000000000004","5.689000000000007","35.33200000000002","91.742","79.765","99.09","93.401","0","17.17","17.17","17.17","12.512","0","0","0","0","1","0","0","17.66600000000001","0","0","0","0","0","2","_d023c7d82e5a0000_p_Net","0","1","0","1","0","0","0","0","0","0","1","_d023c7d82e5a0000_p_odb__dbNet","3.7536","0.0","0.0","3.7536","3.7536","","3.7536","17.17","1","17.17","17.17","17.17","79.35","99.28","79.35","99.28","0","1","0","0","79.35","","99.28","","2"
"_0330_","OK","14.232620000000043","1.506180871338255","71.035","127.888","4.6299999999999955","3.0740000000000123","15.408000000000015","73.35","68.72","129.425","126.351","0","7.779999999999987","7.779999999999987","7.779999999999987","6.256","0","0","0","0","1","0","0","7.704000000000008","0","0","0","0","0","2","_4824c7d82e5a0000_p_Net","0","0","0","1","0","0","0","0","0","0","1","_4824c7d82e5a0000_p_odb__dbNet","0.0","0.0","0.0","8.758400000000002","8.758400000000002","","8.758400000000002","7.779999999999987","1","7.779999999999987","7.779999999999987","7.779999999999987","69.23","129.2","69.23","129.2","0","1","0","0","69.23","","129.2","","2"
"_0331_","OK","0.32116499999999887","9.590163882020947","87.1045","44.7715","1.7549999999999955","0.18299999999999983","3.8759999999999906","87.982","86.227","44.863","44.68","0","2.530000000000001","2.530000000000001","2.530000000000001","5.0048","0","0","0","0","1","0","0","1.9379999999999953","0","0","0","0","0","2","_c024c7d82e5a0000_p_Net","0","0","0","1","0","0","0","0","0","0","1","_c024c7d82e5a0000_p_odb__dbNet","0.0","0.0","0.0","6.256","6.256","","6.256","2.530000000000001","1","2.530000000000001","2.530000000000001","2.530000000000001","85.33","44.88","85.33","44.88","0","1","0","0","85.33","","44.88","","2"
"_0332_","OK","993.90216","0.19895302772780196","78.05600000000001","80.06","14.061999999999998","70.68","169.484","85.087","71.025","115.4","44.72","0","82.72","58.123333333333335","174.37","6.256","0","0","0","0","3","0","0","84.742","0","0","0","0","0","4","_3825c7d82e5a0000_p_Net","0","1","0","1","0","0","0","0","0","0","3","_3825c7d82e5a0000_p_odb__dbNet","3.7536","0.0","0.0","10.0096","5.838933333333333","2.9491066820686944","17.5168","58.12333333333333","3","82.45","82.72","82.72","76.13","115.6","70.61","44.88","0","2","1","0","73.44666666666667","2.2561373086661964","91.12","32.71546830883927","4"
"_0333_","OK","1.9339289999999933","0.0704064109768354","69.4175","126.4965","0.3689999999999998","5.2409999999999854","11.21999999999997","69.602","69.233","129.117","123.876","0","5.899999999999977","5.899999999999977","5.899999999999977","3.7536","0","0","0","0","1","0","0","5.609999999999985","0","0","0","0","0","2","_b025c7d82e5a0000_p_Net","0","0","0","1","0","0","0","0","0","0","1","_b025c7d82e5a0000_p_odb__dbNet","0.0","0.0","0.0","8.758400000000002","8.758400000000002","","8.758400000000002","5.899999999999977","1","5.899999999999977","5.899999999999977","5.899999999999977","69.23","129.2","69.23","129.2","0","1","0","0","69.23","","129.2","","2"
"_0334_","OK","1.8988559999999972","0.26398210280984924","90.066","103.501","0.7079999999999984","2.682000000000002","6.780000000000001","90.42","89.712","104.842","102.16","0","4.099999999999994","4.099999999999994","4.099999999999994","6.256","0","0","0","0","1","0","0","3.3900000000000006","0","0","0","0","0","2","_2826c7d82e5a0000_p_Net","0","0","0","1","0","0","0","0","0","0","1","_2826c7d82e5a0000_p_odb__dbNet","0.0","0.0","0.0","3.7536","3.7536","","3.7536","4.099999999999994","1","4.099999999999994","4.099999999999994","4.099999999999994","90.85","102.0","90.85","102.0","0","0","0","1","90.85","","102.0","","2"
"_0335_","OK","63.92776199999997","2.0225898253250456","84.9905","104.81899999999999","11.370999999999995","5.622","33.98599999999999","90.676","79.305","107.63","102.008","0","17.39999999999999","17.39999999999999","17.39999999999999","3.7536","0","0","0","0","1","0","0","16.992999999999995","0","0","0","0","0","2","_a026c7d82e5a0000_p_Net","0","1","0","1","0","0","0","0","0","0","1","_a026c7d82e5a0000_p_odb__dbNet","3.7536","0.0","0.0","3.7536","3.7536","","3.7536","17.39999999999999","1","17.39999999999999","17.39999999999999","17.39999999999999","78.89","107.44","78.89","107.44","0","1","0","0","78.89","","107.44","","2"
"_0336_","OK","0.06376499999994208","283.399981106926","65.7775","129.2105","4.251000000000005","0.014999999999986358","8.531999999999982","67.903","63.652","129.218","129.203","0","5.750000000000007","5.750000000000007","5.750000000000007","8.758400000000002","0","0","0","0","1","0","0","4.265999999999991","0","0","0","0","0","2","_1827c7d82e5a0000_p_Net","0","0","0","1","0","0","0","0","0","0","1","_1827c7d82e5a0000_p_odb__dbNet","0.0","0.0","0.0","5.0048","5.0048","","5.0048","5.750000000000007","1","5.750000000000007","5.750000000000007","5.750000000000007","63.48","129.2","63.48","129.2","0","0","1","0","63.48","","129.2","","2"
"_0337_","OK","208.80596799999998","0.7972071180921154","71.031","110.53","12.902000000000001","16.183999999999997","58.172","77.482","64.58","118.622","102.438","0","28.73999999999998","28.73999999999998","28.73999999999998","12.512","0","0","0","0","1","0","0","29.086","0","0","0","0","0","2","_9027c7d82e5a0000_p_Net","0","0","0","1","0","0","0","0","0","0","1","_9027c7d82e5a0000_p_odb__dbNet","0.0","0.0","0.0","10.0096","10.0096","","10.0096","28.73999999999998","1","28.73999999999998","28.73999999999998","28.73999999999998","64.4","118.32","64.4","118.32","0","1","0","0","64.4","","118.32","","2"
"_0338_","OK","17.157855000000026","0.06364577623097363","71.1045","112.8845","1.0450000000000017","16.418999999999997","34.928","71.627","70.582","121.094","104.675","0","18.620000000000005","10.78500000000001","21.57000000000002","7.5072","0","0","0","0","2","0","0","17.464","0","0","0","0","0","3","_0828c7d82e5a0000_p_Net","0","0","0","1","0","0","0","0","0","0","2","_0828c7d82e5a0000_p_odb__dbNet","0.0","0.0","0.0","16.265600000000003","14.388800000000002","1.8768000000000011","28.777600000000003","10.555000000000007","2","2.950000000000017","18.620000000000005","18.620000000000005","71.53","118.32","69.0","104.72","1","0","1","0","70.265","1.2650000000000006","111.52","6.799999999999997","3"
"_0339_","OK","5.815826000000038","0.1924686192118498","70.981","115.75649999999999","1.058000000000007","5.497","13.110000000000014","71.51","70.452","118.505","113.008","0","6.359999999999999","6.359999999999999","6.359999999999999","6.256","0","0","0","0","1","0","0","6.555000000000007","0","0","0","0","0","2","_8028c7d82e5a0000_p_Net","0","0","0","1","0","0","0","0","0","0","1","_8028c7d82e5a0000_p_odb__dbNet","0.0","0.0","0.0","16.265600000000003","16.265600000000003","","16.265600000000003","6.359999999999999","1","6.359999999999999","6.359999999999999","6.359999999999999","71.53","118.32","71.53","118.32","1","0","0","0","71.53","","118.32","","2"
"_0340_","OK","110.58889899999991","0.31594419796269435","66.73349999999999","127.5435","5.910999999999994","18.709000000000003","49.239999999999995","69.689","63.778","136.898","118.189","0","25.940000000000026","25.940000000000026","25.940000000000026","16.265600000000003","0","0","0","0","1","0","0","24.619999999999997","0","0","0","0","0","2","_f828c7d82e5a0000_p_Net","0","0","0","1","0","0","0","0","0","0","1","_f828c7d82e5a0000_p_odb__dbNet","0.0","0.0","0.0","8.758400000000002","8.758400000000002","","8.758400000000002","25.940000000000026","1","25.940000000000026","25.940000000000026","25.940000000000026","64.63","137.36","64.63","137.36","0","1","0","0","64.63","","137.36","","2"
"_0341_","OK","17.863419999999962","0.1470961887343827","65.94550000000001","120.92","1.6209999999999951","11.02000000000001","25.28200000000001","66.756","65.135","126.43","115.41","0","10.460000000000022","7.280000000000015","14.56000000000003","3.7536","0","0","0","0","2","0","0","12.641000000000005","0","0","0","0","0","3","_7029c7d82e5a0000_p_Net","0","1","0","1","0","0","0","0","0","0","2","_7029c7d82e5a0000_p_odb__dbNet","3.7536","0.0","0.0","8.758400000000002","6.256000000000001","2.502400000000001","12.512000000000002","4.560000000000002","2","4.1000000000000085","10.460000000000022","10.460000000000022","65.55","126.48","64.63","115.6","0","1","1","0","65.09","0.46000000000000085","121.03999999999999","5.440000000000005","3"
"_0342_","OK","0.6707720000000152","6.675078843296126","70.75800000000001","107.6065","2.1159999999999997","0.3170000000000073","4.866000000000014","71.816","69.7","107.765","107.448","0","2.989999999999995","2.989999999999995","2.989999999999995","3.7536","0","0","0","0","1","0","0","2.433000000000007","0","0","0","0","0","2","_e829c7d82e5a0000_p_Net","0","0","0","1","0","0","0","0","0","0","1","_e829c7d82e5a0000_p_odb__dbNet","0.0","0.0","0.0","5.0048","5.0048","","5.0048","2.989999999999995","1","2.989999999999995","2.989999999999995","2.989999999999995","69.0","107.44","69.0","107.44","0","0","1","0","69.0","","107.44","","2"
"_0343_","OK","2.3265000000000025","0.29255319138562114","68.3895","106.075","0.8250000000000028","2.819999999999993","7.289999999999992","68.802","67.977","107.485","104.665","0","2.719999999999999","2.719999999999999","2.719999999999999","5.0048","0","0","0","0","1","0","0","3.644999999999996","0","0","0","0","0","2","_602ac7d82e5a0000_p_Net","0","0","0","1","0","0","0","0","0","0","1","_602ac7d82e5a0000_p_odb__dbNet","0.0","0.0","0.0","12.512","12.512","","12.512","2.719999999999999","1","2.719999999999999","2.719999999999999","2.719999999999999","69.0","104.72","69.0","104.72","0","0","0","1","69.0","","104.72","","2"
"_0344_","OK","33.07234999999997","1.0489759570705306","75.4","52.7725","5.890000000000001","5.614999999999995","23.00999999999999","78.345","72.455","55.58","49.965","0","8.89","8.219999999999999","16.439999999999998","10.0096","0","0","0","0","2","0","0","11.504999999999995","0","0","0","0","0","3","_d82ac7d82e5a0000_p_Net","0","0","0","1","0","0","0","0","0","0","2","_d82ac7d82e5a0000_p_odb__dbNet","0.0","0.0","0.0","21.270400000000002","21.270400000000002","0.0","42.540800000000004","8.219999999999999","2","7.549999999999997","8.89","8.89","75.67","55.76","74.29","53.04","1","1","0","0","74.98","0.6899999999999977","54.4","1.3599999999999994","3"
"_0345_","OK","52.417170000000105","0.016252861418977797","70.1185","70.715","0.9230000000000018","56.79","115.426","70.58","69.657","99.11","42.32","0","53.51999999999999","29.93999999999999","59.87999999999998","8.758400000000002","0","0","0","0","2","0","0","57.713","0","0","0","0","0","3","_502bc7d82e5a0000_p_Net","0","0","0","1","0","0","0","0","0","0","2","_502bc7d82e5a0000_p_odb__dbNet","0.0","0.0","0.0","3.7536","3.7536","0.0","7.5072","24.499999999999993","2","6.359999999999992","53.51999999999999","53.51999999999999","70.15","99.28","69.23","42.16","0","1","0","1","69.69","0.46000000000000085","70.72","28.560000000000002","3"
"_0346_","OK","816.3486120000005","0.19272017699906713","70.3515","86.08","12.543000000000006","65.084","155.25400000000002","76.623","64.08","118.622","53.538","0","76.55","76.55","76.55","21.270400000000002","0","0","0","0","1","0","0","77.62700000000001","0","0","0","0","0","2","_c82bc7d82e5a0000_p_Net","0","0","0","1","0","0","0","0","0","0","1","_c82bc7d82e5a0000_p_odb__dbNet","0.0","0.0","0.0","10.0096","10.0096","","10.0096","76.55","1","76.55","76.55","76.55","64.4","118.32","64.4","118.32","0","1","0","0","64.4","","118.32","","2"
"_0347_","OK","45.953631999999864","0.0187402815077295","74.779","80.0205","0.9279999999999973","49.519","100.89399999999999","75.243","74.315","104.78","55.261","0","50.34000000000001","50.34000000000001","50.34000000000001","21.270400000000002","0","0","0","0","1","0","0","50.446999999999996","0","0","0","0","0","2","_402cc7d82e5a0000_p_Net","0","0","0","1","0","0","0","0","0","0","1","_402cc7d82e5a0000_p_odb__dbNet","0.0","0.0","0.0","8.758400000000002","8.758400000000002","","8.758400000000002","50.34000000000001","1","50.34000000000001","50.34000000000001","50.34000000000001","72.91","104.72","72.91","104.72","0","1","0","0","72.91","","104.72","","2"
"_0348_","OK","12.049380000000008","0.3980370773540452","68.047","101.914","2.1899999999999977","5.5020000000000095","15.384000000000015","69.142","66.952","104.665","99.163","0","5.670000000000002","5.670000000000002","5.670000000000002","3.7536","0","0","0","0","1","0","0","7.692000000000007","0","0","0","0","0","2","_b82cc7d82e5a0000_p_Net","0","0","0","1","0","0","0","0","0","0","1","_b82cc7d82e5a0000_p_odb__dbNet","0.0","0.0","0.0","12.512","12.512","","12.512","5.670000000000002","1","5.670000000000002","5.670000000000002","5.670000000000002","69.0","104.72","69.0","104.72","1","0","0","0","69.0","","104.72","","2"
"_0349_","OK","15.721258999999966","0.014594314615197744","67.58449999999999","120.7595","0.4789999999999992","32.820999999999984","66.59999999999997","67.824","67.345","137.17","104.349","0","34.71000000000001","34.71000000000001","34.71000000000001","12.512","0","0","0","0","1","0","0","33.29999999999998","0","0","0","0","0","2","_302dc7d82e5a0000_p_Net","0","1","0","1","0","0","0","0","0","0","1","_302dc7d82e5a0000_p_odb__dbNet","3.7536","0.0","0.0","3.7536","3.7536","","3.7536","34.71000000000001","1","34.71000000000001","34.71000000000001","34.71000000000001","66.93","137.36","66.93","137.36","0","1","0","0","66.93","","137.36","","2"
"_0350_","OK","0.9705590000000026","0.12406149441399363","63.411500000000004","117.1015","0.3470000000000013","2.796999999999997","6.287999999999997","63.585","63.238","118.5","115.703","0","5.250000000000007","5.250000000000007","5.250000000000007","8.758400000000002","0","0","0","0","1","0","0","3.1439999999999984","0","0","0","0","0","2","_a82dc7d82e5a0000_p_Net","0","0","0","1","0","0","0","0","0","0","1","_a82dc7d82e5a0000_p_odb__dbNet","0.0","0.0","0.0","10.0096","10.0096","","10.0096","5.250000000000007","1","5.250000000000007","5.250000000000007","5.250000000000007","64.4","118.32","64.4","118.32","1","0","0","0","64.4","","118.32","","2"
"_0351_","OK","8.15187600000001","0.6410544025123234","74.603","105.985","2.2860000000000014","3.5660000000000025","11.704000000000008","75.746","73.46","107.768","104.202","0","5.939999999999998","5.939999999999998","5.939999999999998","6.256","0","0","0","0","1","0","0","5.852000000000004","0","0","0","0","0","2","_202ec7d82e5a0000_p_Net","0","0","0","1","0","0","0","0","0","0","1","_202ec7d82e5a0000_p_odb__dbNet","0.0","0.0","0.0","8.758400000000002","8.758400000000002","","8.758400000000002","5.939999999999998","1","5.939999999999998","5.939999999999998","5.939999999999998","72.91","104.72","72.91","104.72","0","0","1","0","72.91","","104.72","","2"
"_0352_","OK","1.7518879999999977","0.13761210758474995","73.2005","105.98400000000001","0.49099999999999966","3.567999999999998","8.117999999999995","73.446","72.955","107.768","104.2","0","3.6400000000000006","3.6400000000000006","3.6400000000000006","6.256","0","0","0","0","1","0","0","4.0589999999999975","0","0","0","0","0","2","_982ec7d82e5a0000_p_Net","0","0","0","1","0","0","0","0","0","0","1","_982ec7d82e5a0000_p_odb__dbNet","0.0","0.0","0.0","8.758400000000002","8.758400000000002","","8.758400000000002","3.6400000000000006","1","3.6400000000000006","3.6400000000000006","3.6400000000000006","72.91","104.72","72.91","104.72","0","0","1","0","72.91","","104.72","","2"
"_0353_","OK","11.51362000000002","0.18973042359567008","63.522999999999996","122.57","1.4780000000000015","7.790000000000006","18.536000000000016","64.262","62.784","126.465","118.675","0","8.39","7.260000000000009","14.520000000000017","10.0096","0","0","0","0","2","0","0","9.268000000000008","0","0","0","0","0","3","_102fc7d82e5a0000_p_Net","0","0","0","1","0","0","0","0","0","0","2","_102fc7d82e5a0000_p_odb__dbNet","0.0","0.0","0.0","11.2608","10.0096","1.251199999999999","20.0192","7.030000000000015","2","6.130000000000017","8.39","8.39","64.63","126.48","63.71","123.76","2","0","0","0","64.17","0.4599999999999973","125.12","1.3599999999999994","3"
"_0354_","OK","11.390000000000029","0.45559999990888117","64.91300000000001","123.375","2.278000000000006","5.0","14.556000000000012","66.052","63.774","125.875","120.875","0","8.200000000000003","5.919999999999998","11.839999999999996","8.758400000000002","0","0","0","0","2","0","0","7.278000000000006","0","0","0","0","0","3","_882fc7d82e5a0000_p_Net","0","1","0","1","0","0","0","0","0","0","2","_882fc7d82e5a0000_p_odb__dbNet","11.2608","0.0","0.0","11.2608","11.2608","0.0","22.5216","5.0","2","3.6399999999999935","8.200000000000003","8.200000000000003","67.39","123.76","63.71","121.04","0","1","0","1","65.55","1.8399999999999999","122.4","1.3599999999999994","3"
"_0355_","OK","16.953111999999965","0.13844207481127363","73.251","109.733","1.5319999999999965","11.066000000000003","25.195999999999998","74.017","72.485","115.266","104.2","0","11.569999999999993","11.569999999999993","11.569999999999993","10.0096","0","0","0","0","1","0","0","12.597999999999999","0","0","0","0","0","2","_0030c7d82e5a0000_p_Net","0","0","0","1","0","0","0","0","0","0","1","_0030c7d82e5a0000_p_odb__dbNet","0.0","0.0","0.0","8.758400000000002","8.758400000000002","","8.758400000000002","11.569999999999993","1","11.569999999999993","11.569999999999993","11.569999999999993","72.91","104.72","72.91","104.72","0","0","1","0","72.91","","104.72","","2"
"_0356_","OK","291.86200199999956","0.17954759660252104","67.92150000000001","84.66399999999999","7.23899999999999","40.318","95.11399999999998","71.541","64.302","104.823","64.505","0","46.31999999999999","27.624999999999993","110.49999999999997","8.758400000000002","0","0","0","0","4","0","0","47.55699999999999","0","0","0","0","0","5","_7830c7d82e5a0000_p_Net","0","0","0","1","0","0","0","0","0","0","4","_7830c7d82e5a0000_p_odb__dbNet","0.0","0.0","0.0","6.256","6.256","0.0","25.024","27.624999999999986","4","13.679999999999993","46.31999999999999","46.31999999999999","69.23","102.0","64.17","63.92","1","1","2","0","67.045","1.8219426445418094","82.96000000000001","16.545114082411157","5"
"_0357_","OK","11.936329999999995","1.449128919355699","67.1965","67.998","4.158999999999992","2.8700000000000045","14.057999999999993","69.276","65.117","69.433","66.563","0","7.780000000000001","7.780000000000001","7.780000000000001","6.256","0","0","0","0","1","0","0","7.028999999999996","0","0","0","0","0","2","_f030c7d82e5a0000_p_Net","0","0","0","1","0","0","0","0","0","0","1","_f030c7d82e5a0000_p_odb__dbNet","0.0","0.0","0.0","11.2608","11.2608","","11.2608","7.780000000000001","1","7.780000000000001","7.780000000000001","7.780000000000001","69.23","66.64","69.23","66.64","0","0","0","1","69.23","","66.64","","2"
"_0358_","OK","6.368625000000241","0.017411764704972594","70.48949999999999","32.6055","0.3330000000000126","19.125","38.916000000000025","70.656","70.323","42.168","23.043","0","19.49999999999999","19.49999999999999","19.49999999999999","3.7536","0","0","0","0","1","0","0","19.458000000000013","0","0","0","0","0","2","_6831c7d82e5a0000_p_Net","0","0","0","1","0","0","0","0","0","0","1","_6831c7d82e5a0000_p_odb__dbNet","0.0","0.0","0.0","11.2608","11.2608","","11.2608","19.49999999999999","1","19.49999999999999","19.49999999999999","19.49999999999999","70.61","23.12","70.61","23.12","0","0","0","1","70.61","","23.12","","2"
"_0359_","OK","86.18292799999968","0.14507857054342546","66.45400000000001","48.8965","3.535999999999987","24.372999999999998","55.81799999999997","68.222","64.686","61.083","36.71","0","28.85000000000001","28.85000000000001","28.85000000000001","3.7536","0","0","0","0","1","0","0","27.908999999999985","0","0","0","0","0","2","_e031c7d82e5a0000_p_Net","0","0","0","1","0","0","0","0","0","0","1","_e031c7d82e5a0000_p_odb__dbNet","0.0","0.0","0.0","10.0096","10.0096","","10.0096","28.85000000000001","1","28.85000000000001","28.85000000000001","28.85000000000001","63.94","36.72","63.94","36.72","0","0","1","0","63.94","","36.72","","2"
"_0360_","OK","88.01757400000012","0.12007830390337322","66.6275","52.986","3.2510000000000048","27.073999999999998","60.650000000000006","68.253","65.002","66.523","39.449","0","31.11","31.11","31.11","3.7536","0","0","0","0","1","0","0","30.325000000000003","0","0","0","0","0","2","_5832c7d82e5a0000_p_Net","0","0","0","1","0","0","0","0","0","0","1","_5832c7d82e5a0000_p_odb__dbNet","0.0","0.0","0.0","10.0096","10.0096","","10.0096","31.11","1","31.11","31.11","31.11","69.0","39.44","69.0","39.44","0","0","0","1","69.0","","39.44","","2"
"_0361_","OK","0.23574599999998172","14.849206231356579","67.3175","82.906","1.8709999999999951","0.12599999999999056","3.9939999999999714","68.253","66.382","82.969","82.843","0","2.530000000000001","2.530000000000001","2.530000000000001","3.7536","0","0","0","0","1","0","0","1.9969999999999857","0","0","0","0","0","2","_d032c7d82e5a0000_p_Net","0","0","0","1","0","0","0","0","0","0","1","_d032c7d82e5a0000_p_odb__dbNet","0.0","0.0","0.0","10.0096","10.0096","","10.0096","2.530000000000001","1","2.530000000000001","2.530000000000001","2.530000000000001","69.0","82.96","69.0","82.96","1","0","0","0","69.0","","82.96","","2"
"_0362_","OK","9.29592999999994","1.1285714281781984","69.9565","95.19800000000001","3.23899999999999","2.8699999999999903","12.217999999999961","71.576","68.337","96.633","93.763","0","6.859999999999999","6.859999999999999","6.859999999999999","6.256","0","0","0","0","1","0","0","6.1089999999999804","0","0","0","0","0","2","_4833c7d82e5a0000_p_Net","0","0","0","1","0","0","0","0","0","0","1","_4833c7d82e5a0000_p_odb__dbNet","0.0","0.0","0.0","11.2608","11.2608","","11.2608","6.859999999999999","1","6.859999999999999","6.859999999999999","6.859999999999999","71.53","93.84","71.53","93.84","0","0","0","1","71.53","","93.84","","2"
"_0363_","OK","0.2937060000000115","18.49999985317393","72.60749999999999","129.253","2.331000000000003","0.12600000000000477","4.914000000000016","73.773","71.442","129.316","129.19","0","2.989999999999995","2.989999999999995","2.989999999999995","3.7536","0","0","0","0","1","0","0","2.457000000000008","0","0","0","0","0","2","_c033c7d82e5a0000_p_Net","0","0","0","1","0","0","0","0","0","0","1","_c033c7d82e5a0000_p_odb__dbNet","0.0","0.0","0.0","10.0096","10.0096","","10.0096","2.989999999999995","1","2.989999999999995","2.989999999999995","2.989999999999995","74.52","129.2","74.52","129.2","0","0","0","1","74.52","","129.2","","2"
"_0364_","OK","19.39299999999998","0.6410909089743464","78.85900000000001","85.633","3.5259999999999962","5.5","18.051999999999992","80.622","77.096","88.383","82.883","0","8.890000000000015","8.890000000000015","8.890000000000015","5.0048","0","0","0","0","1","0","0","9.025999999999996","0","0","0","0","0","2","_3834c7d82e5a0000_p_Net","0","0","0","1","0","0","0","0","0","0","1","_3834c7d82e5a0000_p_odb__dbNet","0.0","0.0","0.0","11.2608","11.2608","","11.2608","8.890000000000015","1","8.890000000000015","8.890000000000015","8.890000000000015","77.05","82.96","77.05","82.96","0","0","1","0","77.05","","82.96","","2"
"_0365_","OK","6.935321999999971","0.2500949486801931","80.42349999999999","77.62299999999999","1.316999999999993","5.266000000000005","13.165999999999997","81.082","79.765","80.256","74.99","0","7.049999999999997","7.049999999999997","7.049999999999997","5.0048","0","0","0","0","1","0","0","6.582999999999998","0","0","0","0","0","2","_b034c7d82e5a0000_p_Net","0","1","0","1","0","0","0","0","0","0","1","_b034c7d82e5a0000_p_odb__dbNet","3.7536","0.0","0.0","3.7536","3.7536","","3.7536","7.049999999999997","1","7.049999999999997","7.049999999999997","7.049999999999997","79.35","74.8","79.35","74.8","0","0","1","0","79.35","","74.8","","2"
"_0366_","OK","123.33140299999961","0.08506447461498874","69.9565","44.9545","3.23899999999999","38.077","82.63199999999998","71.576","68.337","63.993","25.916","0","42.22","42.22","42.22","6.256","0","0","0","0","1","0","0","41.31599999999999","0","0","0","0","0","2","_2835c7d82e5a0000_p_Net","0","0","0","1","0","0","0","0","0","0","1","_2835c7d82e5a0000_p_odb__dbNet","0.0","0.0","0.0","11.2608","11.2608","","11.2608","42.22","1","42.22","42.22","42.22","71.53","25.84","71.53","25.84","0","0","0","1","71.53","","25.84","","2"
"_0367_","OK","1.8341639999999921","0.06045751632889265","76.4695","42.117000000000004","0.3329999999999984","5.508000000000003","11.682000000000002","76.636","76.303","44.871","39.363","0","5.900000000000013","5.900000000000013","5.900000000000013","3.7536","0","0","0","0","1","0","0","5.841000000000001","0","0","0","0","0","2","_a035c7d82e5a0000_p_Net","0","0","0","1","0","0","0","0","0","0","1","_a035c7d82e5a0000_p_odb__dbNet","0.0","0.0","0.0","11.2608","11.2608","","11.2608","5.900000000000013","1","5.900000000000013","5.900000000000013","5.900000000000013","76.59","39.44","76.59","39.44","0","0","0","1","76.59","","39.44","","2"
"_0368_","OK","25.67680699999995","0.14074183755528646","78.50649999999999","32.6695","1.9009999999999962","13.507000000000001","30.815999999999995","79.457","77.556","39.423","25.916","0","15.669999999999991","15.669999999999991","15.669999999999991","5.0048","0","0","0","0","1","0","0","15.407999999999998","0","0","0","0","0","2","_1836c7d82e5a0000_p_Net","0","0","0","1","0","0","0","0","0","0","1","_1836c7d82e5a0000_p_odb__dbNet","0.0","0.0","0.0","11.2608","11.2608","","11.2608","15.669999999999991","1","15.669999999999991","15.669999999999991","15.669999999999991","77.51","25.84","77.51","25.84","0","0","1","0","77.51","","25.84","","2"
"_0369_","OK","9.832116","0.31041222453617406","79.7185","69.076","1.7469999999999999","5.628","14.75","80.592","78.845","71.89","66.262","0","7.049999999999997","7.049999999999997","7.049999999999997","10.0096","0","0","0","0","1","0","0","7.375","0","0","0","0","0","2","_9036c7d82e5a0000_p_Net","0","1","0","1","0","0","0","0","0","0","1","_9036c7d82e5a0000_p_odb__dbNet","3.7536","0.0","0.0","3.7536","3.7536","","3.7536","7.049999999999997","1","7.049999999999997","7.049999999999997","7.049999999999997","78.43","72.08","78.43","72.08","0","1","0","0","78.43","","72.08","","2"
"_0370_","OK","48.386669999999654","0.018222394721167677","70.6465","127.838","0.938999999999993","51.530000000000015","104.93800000000002","71.116","70.177","153.603","102.073","0","53.519999999999996","53.519999999999996","53.519999999999996","6.256","0","0","0","0","1","0","0","52.46900000000001","0","0","0","0","0","2","_0837c7d82e5a0000_p_Net","0","0","0","1","0","0","0","0","0","0","1","_0837c7d82e5a0000_p_odb__dbNet","0.0","0.0","0.0","11.2608","11.2608","","11.2608","53.519999999999996","1","53.519999999999996","53.519999999999996","53.519999999999996","71.07","153.68","71.07","153.68","1","0","0","0","71.07","","153.68","","2"
"_0371_","OK","134.212365","0.14907515413600808","66.5795","130.5935","4.472999999999999","30.00500000000001","68.95600000000002","68.816","64.343","145.596","115.591","0","34.52000000000001","34.52000000000001","34.52000000000001","3.7536","0","0","0","0","1","0","0","34.47800000000001","0","0","0","0","0","2","_8037c7d82e5a0000_p_Net","0","0","0","1","0","0","0","0","0","0","1","_8037c7d82e5a0000_p_odb__dbNet","0.0","0.0","0.0","11.2608","11.2608","","11.2608","34.52000000000001","1","34.52000000000001","34.52000000000001","34.52000000000001","68.77","145.52","68.77","145.52","1","0","0","0","68.77","","145.52","","2"
"_0372_","OK","6.898920000000029","0.025569219528456862","71.767","134.747","0.4200000000000017","16.426000000000002","33.69200000000001","71.977","71.557","142.96","126.534","0","18.16000000000001","18.16000000000001","18.16000000000001","7.5072","0","0","0","0","1","0","0","16.846000000000004","0","0","0","0","0","2","_f837c7d82e5a0000_p_Net","0","0","0","1","0","0","0","0","0","0","1","_f837c7d82e5a0000_p_odb__dbNet","0.0","0.0","0.0","5.0048","5.0048","","5.0048","18.16000000000001","1","18.16000000000001","18.16000000000001","18.16000000000001","72.68","142.8","72.68","142.8","1","0","0","0","72.68","","142.8","","2"
"_0373_","OK","6.8163199999999975","1.0853950514423796","71.537","133.22699999999998","2.719999999999999","2.5060000000000002","10.451999999999998","72.897","70.177","134.48","131.974","0","6.859999999999999","6.859999999999999","6.859999999999999","7.5072","0","0","0","0","1","0","0","5.225999999999999","0","0","0","0","0","2","_7038c7d82e5a0000_p_Net","0","0","0","1","0","0","0","0","0","0","1","_7038c7d82e5a0000_p_odb__dbNet","0.0","0.0","0.0","5.0048","5.0048","","5.0048","6.859999999999999","1","6.859999999999999","6.859999999999999","6.859999999999999","73.6","134.64","73.6","134.64","1","0","0","0","73.6","","134.64","","2"
"_0374_","OK","41.044799999999874","0.6336978130425348","57.95","138.61599999999999","5.100000000000001","8.047999999999973","26.29599999999995","60.5","55.4","142.64","134.592","0","14.830000000000027","14.830000000000027","14.830000000000027","10.0096","0","0","0","0","1","0","0","13.147999999999975","0","0","0","0","0","2","_e838c7d82e5a0000_p_Net","0","0","0","1","0","0","0","0","0","0","1","_e838c7d82e5a0000_p_odb__dbNet","0.0","0.0","0.0","3.7536","3.7536","","3.7536","14.830000000000027","1","14.830000000000027","14.830000000000027","14.830000000000027","54.97","142.8","54.97","142.8","0","1","0","0","54.97","","142.8","","2"
"_0375_","OK","403.2203600000001","0.37801592160508235","42.71","145.7","12.346000000000004","32.66","90.012","48.883","36.537","162.03","129.37","0","35.32999999999999","19.66857142857143","137.68","7.5072","0","0","0","0","7","0","0","45.006","0","0","0","0","0","8","_6039c7d82e5a0000_p_Net","0","1","0","1","0","0","0","0","0","0","7","_6039c7d82e5a0000_p_odb__dbNet","5.0048","0.0","0.0","8.758400000000002","6.077257142857143","2.3577802192844404","42.540800000000004","16.55999999999996","7","18.93000000000002","35.32999999999999","35.32999999999999","48.07","161.84","36.11","129.2","2","2","2","1","42.05714285714286","3.8963085617239384","149.01714285714283","12.22611457295491","8"
"_0376_","OK","3.064248000000003","0.528019925061017","50.704","141.4495","1.2720000000000056","2.408999999999992","7.361999999999995","51.34","50.068","142.654","140.245","0","5.709999999999994","5.709999999999994","5.709999999999994","6.256","0","0","0","0","1","0","0","3.6809999999999974","0","0","0","0","0","2","_d839c7d82e5a0000_p_Net","0","1","0","1","0","0","0","0","0","0","1","_d839c7d82e5a0000_p_odb__dbNet","7.5072","0.0","0.0","7.5072","7.5072","","7.5072","5.709999999999994","1","5.709999999999994","5.709999999999994","5.709999999999994","52.44","140.08","52.44","140.08","0","0","0","1","52.44","","140.08","","2"
"_0377_","OK","42.49846000000007","1.3007347793385684","40.1995","137.338","7.435000000000002","5.716000000000008","26.30200000000002","43.917","36.482","140.196","134.48","0","13.490000000000023","13.490000000000023","13.490000000000023","3.7536","0","0","0","0","1","0","0","13.15100000000001","0","0","0","0","0","2","_503ac7d82e5a0000_p_Net","0","0","0","1","0","0","0","0","0","0","1","_503ac7d82e5a0000_p_odb__dbNet","0.0","0.0","0.0","5.0048","5.0048","","5.0048","13.490000000000023","1","13.490000000000023","13.490000000000023","13.490000000000023","44.62","134.64","44.62","134.64","0","0","0","1","44.62","","134.64","","2"
"_0378_","OK","6.6624539999999675","0.21290668569665533","44.814499999999995","137.468","1.1909999999999954","5.593999999999994","13.569999999999979","45.41","44.219","140.265","134.671","0","7.510000000000026","7.510000000000026","7.510000000000026","5.0048","0","0","0","0","1","0","0","6.7849999999999895","0","0","0","0","0","2","_c83ac7d82e5a0000_p_Net","0","0","0","1","0","0","0","0","0","0","1","_c83ac7d82e5a0000_p_odb__dbNet","0.0","0.0","0.0","8.758400000000002","8.758400000000002","","8.758400000000002","7.510000000000026","1","7.510000000000026","7.510000000000026","7.510000000000026","46.69","140.08","46.69","140.08","1","0","0","0","46.69","","140.08","","2"
"_0379_","OK","10.115279999999956","1.412556053283805","37.527","138.858","3.780000000000001","2.6759999999999877","12.911999999999978","39.417","35.637","140.196","137.52","0","5.709999999999994","5.709999999999994","5.709999999999994","3.7536","0","0","0","0","1","0","0","6.455999999999989","0","0","0","0","0","2","_403bc7d82e5a0000_p_Net","0","0","0","1","0","0","0","0","0","0","1","_403bc7d82e5a0000_p_odb__dbNet","0.0","0.0","0.0","5.0048","5.0048","","5.0048","5.709999999999994","1","5.709999999999994","5.709999999999994","5.709999999999994","36.34","137.36","36.34","137.36","0","0","1","0","36.34","","137.36","","2"
"_0380_","OK","3.0961240000000045","0.44288956110329325","38.965500000000006","138.918","1.1709999999999994","2.6440000000000055","7.63000000000001","39.551","38.38","140.24","137.596","0","5.479999999999997","5.479999999999997","5.479999999999997","8.758400000000002","0","0","0","0","1","0","0","3.815000000000005","0","0","0","0","0","2","_b83bc7d82e5a0000_p_Net","0","0","0","1","0","0","0","0","0","0","1","_b83bc7d82e5a0000_p_odb__dbNet","0.0","0.0","0.0","3.7536","3.7536","","3.7536","5.479999999999997","1","5.479999999999997","5.479999999999997","5.479999999999997","37.95","140.08","37.95","140.08","0","1","0","0","37.95","","140.08","","2"
"_0381_","OK","3.1197389999999956","0.39707456282658793","37.5665","138.6865","1.1129999999999995","2.8029999999999973","7.831999999999994","38.123","37.01","140.088","137.285","0","4.329999999999998","4.329999999999998","4.329999999999998","3.7536","0","0","0","0","1","0","0","3.915999999999997","0","0","0","0","0","2","_303cc7d82e5a0000_p_Net","0","0","0","1","0","0","0","0","0","0","1","_303cc7d82e5a0000_p_odb__dbNet","0.0","0.0","0.0","5.0048","5.0048","","5.0048","4.329999999999998","1","4.329999999999998","4.329999999999998","4.329999999999998","36.34","137.36","36.34","137.36","0","0","1","0","36.34","","137.36","","2"
"_0382_","OK","0.08377599999997476","106.85713904084848","35.016000000000005","137.34199999999998","2.9919999999999973","0.027999999999991587","6.039999999999978","36.512","33.52","137.356","137.328","0","3.220000000000006","3.220000000000006","3.220000000000006","5.0048","0","0","0","0","1","0","0","3.019999999999989","0","0","0","0","0","2","_a83cc7d82e5a0000_p_Net","0","0","0","1","0","0","0","0","0","0","1","_a83cc7d82e5a0000_p_odb__dbNet","0.0","0.0","0.0","5.0048","5.0048","","5.0048","3.220000000000006","1","3.220000000000006","3.220000000000006","3.220000000000006","36.34","137.36","36.34","137.36","1","0","0","0","36.34","","137.36","","2"
"_0383_","OK","0.08668000000002189","44.77272625515395","40.732","129.33800000000002","1.9699999999999989","0.04400000000001114","4.02800000000002","41.717","39.747","129.36","129.316","0","2.3000000000000043","2.3000000000000043","2.3000000000000043","3.7536","0","0","0","0","1","0","0","2.01400000000001","0","0","0","0","0","2","_604cc7d82e5a0000_p_Net","0","0","0","1","0","0","0","0","0","0","1","_604cc7d82e5a0000_p_odb__dbNet","0.0","0.0","0.0","3.7536","3.7536","","3.7536","2.3000000000000043","1","2.3000000000000043","2.3000000000000043","2.3000000000000043","39.33","129.2","39.33","129.2","0","0","1","0","39.33","","129.2","","2"
"_0384_","OK","8.981919999999963","0.9492847851270209","40.34","138.57299999999998","2.9199999999999946","3.0759999999999934","11.991999999999976","41.8","38.88","140.111","137.035","0","5.939999999999998","5.939999999999998","5.939999999999998","5.0048","0","0","0","0","1","0","0","5.995999999999988","0","0","0","0","0","2","_d84cc7d82e5a0000_p_Net","0","0","0","1","0","0","0","0","0","0","1","_d84cc7d82e5a0000_p_odb__dbNet","0.0","0.0","0.0","5.0048","5.0048","","5.0048","5.939999999999998","1","5.939999999999998","5.939999999999998","5.939999999999998","38.18","137.36","38.18","137.36","0","0","1","0","38.18","","137.36","","2"
"_0385_","OK","4.7986699999999995","0.1639556376776424","37.5385","134.61","0.8870000000000005","5.409999999999997","12.593999999999994","37.982","37.095","137.315","131.905","0","7.2800000000000225","7.2800000000000225","7.2800000000000225","5.0048","0","0","0","0","1","0","0","6.296999999999997","0","0","0","0","0","2","_504dc7d82e5a0000_p_Net","0","0","0","1","0","0","0","0","0","0","1","_504dc7d82e5a0000_p_odb__dbNet","0.0","0.0","0.0","7.5072","7.5072","","7.5072","7.2800000000000225","1","7.2800000000000225","7.2800000000000225","7.2800000000000225","36.34","131.92","36.34","131.92","0","0","1","0","36.34","","131.92","","2"
"_0386_","OK","5.912412000000012","0.7233298353538515","37.868","130.79950000000002","2.067999999999998","2.859000000000009","9.854000000000013","38.902","36.834","132.229","129.37","0","5.709999999999994","5.709999999999994","5.709999999999994","7.5072","0","0","0","0","1","0","0","4.927000000000007","0","0","0","0","0","2","_c84dc7d82e5a0000_p_Net","0","0","0","1","0","0","0","0","0","0","1","_c84dc7d82e5a0000_p_odb__dbNet","0.0","0.0","0.0","3.7536","3.7536","","3.7536","5.709999999999994","1","5.709999999999994","5.709999999999994","5.709999999999994","39.33","129.2","39.33","129.2","0","0","0","1","39.33","","129.2","","2"
"_0387_","OK","14.809319000000006","0.20608705907678565","39.7485","146.92149999999998","1.7469999999999999","8.477000000000004","20.448000000000008","40.622","38.875","151.16","142.683","0","10.919999999999995","10.919999999999995","10.919999999999995","3.7536","0","0","0","0","1","0","0","10.224000000000004","0","0","0","0","0","2","_404ec7d82e5a0000_p_Net","0","0","0","1","0","0","0","0","0","0","1","_404ec7d82e5a0000_p_odb__dbNet","0.0","0.0","0.0","6.256","6.256","","6.256","10.919999999999995","1","10.919999999999995","10.919999999999995","10.919999999999995","37.95","150.96","37.95","150.96","0","1","0","0","37.95","","150.96","","2"
"_0388_","OK","0.5811840000000222","15.765624917886779","35.4965","151.064","3.027000000000001","0.19200000000000728","6.438000000000017","37.01","33.983","151.16","150.968","0","4.140000000000001","4.140000000000001","4.140000000000001","3.7536","0","0","0","0","1","0","0","3.2190000000000083","0","0","0","0","0","2","_b84ec7d82e5a0000_p_Net","0","0","0","1","0","0","0","0","0","0","1","_b84ec7d82e5a0000_p_odb__dbNet","0.0","0.0","0.0","6.256","6.256","","6.256","4.140000000000001","1","4.140000000000001","4.140000000000001","4.140000000000001","37.95","150.96","37.95","150.96","0","0","0","1","37.95","","150.96","","2"
"_0389_","OK","3.594077999999977","0.3861029169498194","37.921","149.5805","1.1779999999999973","3.0509999999999877","8.45799999999997","38.51","37.332","151.106","148.055","0","4.559999999999995","4.559999999999995","4.559999999999995","6.256","0","0","0","0","1","0","0","4.228999999999985","0","0","0","0","0","2","_304fc7d82e5a0000_p_Net","0","0","0","1","0","0","0","0","0","0","1","_304fc7d82e5a0000_p_odb__dbNet","0.0","0.0","0.0","8.758400000000002","8.758400000000002","","8.758400000000002","4.559999999999995","1","4.559999999999995","4.559999999999995","4.559999999999995","39.79","148.24","39.79","148.24","0","0","0","1","39.79","","148.24","","2"
"_0390_","OK","3.4252799999999874","0.4783258593130348","35.382","160.618","1.2800000000000011","2.6759999999999877","7.911999999999978","36.022","34.742","161.956","159.28","0","4.789999999999999","4.789999999999999","4.789999999999999","3.7536","0","0","0","0","1","0","0","3.955999999999989","0","0","0","0","0","2","_a84fc7d82e5a0000_p_Net","0","0","0","1","0","0","0","0","0","0","1","_a84fc7d82e5a0000_p_odb__dbNet","0.0","0.0","0.0","5.0048","5.0048","","5.0048","4.789999999999999","1","4.789999999999999","4.789999999999999","4.789999999999999","34.04","159.12","34.04","159.12","0","0","1","0","34.04","","159.12","","2"
"_0391_","OK","1.7537760000000049","0.0526954411418457","37.167","159.3155","0.30400000000000205","5.768999999999977","12.145999999999958","37.319","37.015","162.2","156.431","0","5.439999999999998","5.439999999999998","5.439999999999998","5.0048","0","0","0","0","1","0","0","6.072999999999979","0","0","0","0","0","2","_2050c7d82e5a0000_p_Net","0","0","0","1","0","0","0","0","0","0","1","_2050c7d82e5a0000_p_odb__dbNet","0.0","0.0","0.0","5.0048","5.0048","","5.0048","5.439999999999998","1","5.439999999999998","5.439999999999998","5.439999999999998","37.72","161.84","37.72","161.84","1","0","0","0","37.72","","161.84","","2"
"_0392_","OK","11.667303000000013","1.3379613947382443","35.3455","160.5215","3.9510000000000005","2.953000000000003","13.808000000000007","37.321","33.37","161.998","159.045","0","6.399999999999999","6.399999999999999","6.399999999999999","5.0048","0","0","0","0","1","0","0","6.9040000000000035","0","0","0","0","0","2","_9850c7d82e5a0000_p_Net","0","0","0","1","0","0","0","0","0","0","1","_9850c7d82e5a0000_p_odb__dbNet","0.0","0.0","0.0","5.0048","5.0048","","5.0048","6.399999999999999","1","6.399999999999999","6.399999999999999","6.399999999999999","34.04","159.12","34.04","159.12","0","0","1","0","34.04","","159.12","","2"
"_0393_","OK","0.06123600000004369","78.10714006754624","32.7735","159.102","2.1869999999999976","0.02800000000002001","4.430000000000035","33.867","31.68","159.116","159.088","0","2.759999999999998","2.759999999999998","2.759999999999998","5.0048","0","0","0","0","1","0","0","2.2150000000000176","0","0","0","0","0","2","_1051c7d82e5a0000_p_Net","0","0","0","1","0","0","0","0","0","0","1","_1051c7d82e5a0000_p_odb__dbNet","0.0","0.0","0.0","5.0048","5.0048","","5.0048","2.759999999999998","1","2.759999999999998","2.759999999999998","2.759999999999998","34.04","159.12","34.04","159.12","1","0","0","0","34.04","","159.12","","2"
"_0394_","OK","0.6589379999999625","3.997536935966873","44.451499999999996","156.63400000000001","1.6229999999999976","0.4059999999999775","4.05799999999995","45.263","43.64","156.837","156.431","0","1.8399999999999963","1.8399999999999963","1.8399999999999963","5.0048","0","0","0","0","1","0","0","2.028999999999975","0","0","0","0","0","2","_8851c7d82e5a0000_p_Net","0","0","0","1","0","0","0","0","0","0","1","_8851c7d82e5a0000_p_odb__dbNet","0.0","0.0","0.0","5.0048","5.0048","","5.0048","1.8399999999999963","1","1.8399999999999963","1.8399999999999963","1.8399999999999963","45.08","156.4","45.08","156.4","0","0","0","1","45.08","","156.4","","2"
"_0395_","OK","4.9324359999999965","0.5749402524496606","46.594","155.13549999999998","1.6839999999999975","2.929000000000002","9.225999999999999","47.436","45.752","156.6","153.671","0","5.25","5.25","5.25","3.7536","0","0","0","0","1","0","0","4.6129999999999995","0","0","0","0","0","2","_0052c7d82e5a0000_p_Net","0","0","0","1","0","0","0","0","0","0","1","_0052c7d82e5a0000_p_odb__dbNet","0.0","0.0","0.0","5.0048","5.0048","","5.0048","5.25","1","5.25","5.25","5.25","45.08","156.4","45.08","156.4","0","1","0","0","45.08","","156.4","","2"
"_0396_","OK","2.848384000000031","22.98863629832748","40.329","156.584","8.091999999999999","0.35200000000000387","16.888000000000005","44.375","36.283","156.76","156.408","0","8.969999999999999","8.969999999999999","8.969999999999999","3.7536","0","0","0","0","1","0","0","8.444000000000003","0","0","0","0","0","2","_7852c7d82e5a0000_p_Net","0","0","0","1","0","0","0","0","0","0","1","_7852c7d82e5a0000_p_odb__dbNet","0.0","0.0","0.0","5.0048","5.0048","","5.0048","8.969999999999999","1","8.969999999999999","8.969999999999999","8.969999999999999","45.08","156.4","45.08","156.4","0","0","0","1","45.08","","156.4","","2"
"_0397_","OK","11.529903000000036","0.3857691603464839","45.7355","159.29149999999998","2.1090000000000018","5.467000000000013","15.15200000000003","46.79","44.681","162.025","156.558","0","8.43","8.43","8.43","5.0048","0","0","0","0","1","0","0","7.576000000000015","0","0","0","0","0","2","_f052c7d82e5a0000_p_Net","0","0","0","1","0","0","0","0","0","0","1","_f052c7d82e5a0000_p_odb__dbNet","0.0","0.0","0.0","8.758400000000002","8.758400000000002","","8.758400000000002","8.43","1","8.43","8.43","8.43","48.07","161.84","48.07","161.84","1","0","0","0","48.07","","161.84","","2"
"_0398_","OK","2.1822669999999937","0.25025397891965545","46.081500000000005","163.3195","0.7389999999999972","2.953000000000003","7.384","46.451","45.712","164.796","161.843","0","4.789999999999999","4.789999999999999","4.789999999999999","8.758400000000002","0","0","0","0","1","0","0","3.692","0","0","0","0","0","2","_6853c7d82e5a0000_p_Net","0","0","0","1","0","0","0","0","0","0","1","_6853c7d82e5a0000_p_odb__dbNet","0.0","0.0","0.0","5.0048","5.0048","","5.0048","4.789999999999999","1","4.789999999999999","4.789999999999999","4.789999999999999","45.54","161.84","45.54","161.84","0","0","1","0","45.54","","161.84","","2"
"_0399_","OK","10.375065000000026","1.3590300393199295","42.959500000000006","163.06150000000002","3.7550000000000026","2.7630000000000052","13.036000000000016","44.837","41.082","164.443","161.68","0","7.089999999999996","7.089999999999996","7.089999999999996","3.7536","0","0","0","0","1","0","0","6.518000000000008","0","0","0","0","0","2","_e053c7d82e5a0000_p_Net","0","0","0","1","0","0","0","0","0","0","1","_e053c7d82e5a0000_p_odb__dbNet","0.0","0.0","0.0","5.0048","5.0048","","5.0048","7.089999999999996","1","7.089999999999996","7.089999999999996","7.089999999999996","45.54","161.84","45.54","161.84","0","0","0","1","45.54","","161.84","","2"
"_0400_","OK","0.7501339999999815","31.62986992448208","47.5745","161.948","4.870999999999995","0.15399999999999636","10.049999999999983","50.01","45.139","162.025","161.871","0","5.75","5.75","5.75","5.0048","0","0","0","0","1","0","0","5.0249999999999915","0","0","0","0","0","2","_5854c7d82e5a0000_p_Net","0","0","0","1","0","0","0","0","0","0","1","_5854c7d82e5a0000_p_odb__dbNet","0.0","0.0","0.0","8.758400000000002","8.758400000000002","","8.758400000000002","5.75","1","5.75","5.75","5.75","51.29","161.84","51.29","161.84","0","0","0","1","51.29","","161.84","","2"
"_0401_","OK","0.7386389999999995","0.11942098909552605","41.7205","176.9195","0.29699999999999704","2.487000000000023","5.5680000000000405","41.869","41.572","178.163","175.676","0","3.4099999999999966","3.4099999999999966","3.4099999999999966","8.758400000000002","0","0","0","0","1","0","0","2.7840000000000202","0","0","0","0","0","2","_d054c7d82e5a0000_p_Net","0","0","0","1","0","0","0","0","0","0","1","_d054c7d82e5a0000_p_odb__dbNet","0.0","0.0","0.0","5.0048","5.0048","","5.0048","3.4099999999999966","1","3.4099999999999966","3.4099999999999966","3.4099999999999966","41.4","178.16","41.4","178.16","0","1","0","0","41.4","","178.16","","2"
"_0402_","OK","1.54422000000006","20.271739056985705","37.8995","178.138","5.595000000000006","0.27600000000001046","11.742000000000033","40.697","35.102","178.276","178.0","0","6.210000000000001","6.210000000000001","6.210000000000001","3.7536","0","0","0","0","1","0","0","5.871000000000016","0","0","0","0","0","2","_4855c7d82e5a0000_p_Net","0","0","0","1","0","0","0","0","0","0","1","_4855c7d82e5a0000_p_odb__dbNet","0.0","0.0","0.0","5.0048","5.0048","","5.0048","6.210000000000001","1","6.210000000000001","6.210000000000001","6.210000000000001","41.4","178.16","41.4","178.16","1","0","0","0","41.4","","178.16","","2"
"_0403_","OK","11.158745999999988","0.39935679144923186","42.054500000000004","175.548","2.110999999999997","5.286000000000001","14.793999999999997","43.11","40.999","178.191","172.905","0","8.43","8.43","8.43","5.0048","0","0","0","0","1","0","0","7.3969999999999985","0","0","0","0","0","2","_c055c7d82e5a0000_p_Net","0","0","0","1","0","0","0","0","0","0","1","_c055c7d82e5a0000_p_odb__dbNet","0.0","0.0","0.0","8.758400000000002","8.758400000000002","","8.758400000000002","8.43","1","8.43","8.43","8.43","44.39","172.72","44.39","172.72","0","0","0","1","44.39","","172.72","","2"
"_0404_","OK","25.506327000000013","0.3620874537874316","43.5515","176.91950000000003","3.0390000000000015","8.393","22.864000000000004","45.071","42.032","181.116","172.723","0","12.529999999999994","12.529999999999994","12.529999999999994","8.758400000000002","0","0","0","0","1","0","0","11.432000000000002","0","0","0","0","0","2","_3856c7d82e5a0000_p_Net","0","0","0","1","0","0","0","0","0","0","1","_3856c7d82e5a0000_p_odb__dbNet","0.0","0.0","0.0","5.0048","5.0048","","5.0048","12.529999999999994","1","12.529999999999994","12.529999999999994","12.529999999999994","41.86","172.72","41.86","172.72","0","0","1","0","41.86","","172.72","","2"
"_0405_","OK","0.5285400000000198","6.938405771962032","40.1995","172.698","1.9149999999999991","0.27600000000001046","4.382000000000019","41.157","39.242","172.836","172.56","0","2.530000000000001","2.530000000000001","2.530000000000001","3.7536","0","0","0","0","1","0","0","2.1910000000000096","0","0","0","0","0","2","_b056c7d82e5a0000_p_Net","0","0","0","1","0","0","0","0","0","0","1","_b056c7d82e5a0000_p_odb__dbNet","0.0","0.0","0.0","5.0048","5.0048","","5.0048","2.530000000000001","1","2.530000000000001","2.530000000000001","2.530000000000001","41.86","172.72","41.86","172.72","1","0","0","0","41.86","","172.72","","2"
"_0406_","OK","2.982263999999977","0.475638977445831","42.054500000000004","174.003","1.1909999999999954","2.5039999999999907","7.389999999999972","42.65","41.459","175.255","172.751","0","4.789999999999999","4.789999999999999","4.789999999999999","5.0048","0","0","0","0","1","0","0","3.694999999999986","0","0","0","0","0","2","_2857c7d82e5a0000_p_Net","0","0","0","1","0","0","0","0","0","0","1","_2857c7d82e5a0000_p_odb__dbNet","0.0","0.0","0.0","8.758400000000002","8.758400000000002","","8.758400000000002","4.789999999999999","1","4.789999999999999","4.789999999999999","4.789999999999999","43.93","175.44","43.93","175.44","1","0","0","0","43.93","","175.44","","2"
"_0407_","OK","8.863789999999975","1.248030018293426","47.613","190.38049999999998","3.3260000000000005","2.664999999999992","11.981999999999985","49.276","45.95","191.713","189.048","0","6.399999999999999","6.399999999999999","6.399999999999999","3.7536","0","0","0","0","1","0","0","5.9909999999999926","0","0","0","0","0","2","_a057c7d82e5a0000_p_Net","0","0","0","1","0","0","0","0","0","0","1","_a057c7d82e5a0000_p_odb__dbNet","0.0","0.0","0.0","8.758400000000002","8.758400000000002","","8.758400000000002","6.399999999999999","1","6.399999999999999","6.399999999999999","6.399999999999999","45.77","191.76","45.77","191.76","0","1","0","0","45.77","","191.76","","2"
"_0408_","OK","0.21548600000001486","8.110429398094999","42.693","197.1145","1.3220000000000027","0.16300000000001091","2.9700000000000273","43.354","42.032","197.196","197.033","0","2.530000000000001","2.530000000000001","2.530000000000001","8.758400000000002","0","0","0","0","1","0","0","1.4850000000000136","0","0","0","0","0","2","_1858c7d82e5a0000_p_Net","0","0","0","1","0","0","0","0","0","0","1","_1858c7d82e5a0000_p_odb__dbNet","0.0","0.0","0.0","5.0048","5.0048","","5.0048","2.530000000000001","1","2.530000000000001","2.530000000000001","2.530000000000001","41.86","197.2","41.86","197.2","0","1","0","0","41.86","","197.2","","2"
"_0409_","OK","1.2465000000000686","16.245487305972073","38.907","197.2215","4.5","0.27700000000001523","9.55400000000003","41.157","36.657","197.36","197.083","0","5.289999999999999","5.289999999999999","5.289999999999999","3.7536","0","0","0","0","1","0","0","4.777000000000015","0","0","0","0","0","2","_9058c7d82e5a0000_p_Net","0","0","0","1","0","0","0","0","0","0","1","_9058c7d82e5a0000_p_odb__dbNet","0.0","0.0","0.0","5.0048","5.0048","","5.0048","5.289999999999999","1","5.289999999999999","5.289999999999999","5.289999999999999","41.86","197.2","41.86","197.2","0","0","0","1","41.86","","197.2","","2"
"_0410_","OK","7.5510269999999515","0.8753830436243205","42.7445","198.6365","2.570999999999998","2.9369999999999834","11.015999999999963","44.03","41.459","200.105","197.168","0","6.170000000000002","6.170000000000002","6.170000000000002","5.0048","0","0","0","0","1","0","0","5.507999999999981","0","0","0","0","0","2","_0859c7d82e5a0000_p_Net","0","0","0","1","0","0","0","0","0","0","1","_0859c7d82e5a0000_p_odb__dbNet","0.0","0.0","0.0","8.758400000000002","8.758400000000002","","8.758400000000002","6.170000000000002","1","6.170000000000002","6.170000000000002","6.170000000000002","45.31","199.92","45.31","199.92","1","0","0","0","45.31","","199.92","","2"
"_0411_","OK","0.28776000000001045","4.9958333125171634","44.0115","191.876","1.198999999999998","0.2400000000000091","2.8780000000000143","44.611","43.412","191.996","191.756","0","2.530000000000001","2.530000000000001","2.530000000000001","8.758400000000002","0","0","0","0","1","0","0","1.4390000000000072","0","0","0","0","0","2","_8059c7d82e5a0000_p_Net","0","0","0","1","0","0","0","0","0","0","1","_8059c7d82e5a0000_p_odb__dbNet","0.0","0.0","0.0","5.0048","5.0048","","5.0048","2.530000000000001","1","2.530000000000001","2.530000000000001","2.530000000000001","43.24","191.76","43.24","191.76","0","0","1","0","43.24","","191.76","","2"
"_0412_","OK","4.021619999999968","0.5264109983623723","41.8095","190.538","1.4549999999999983","2.7639999999999816","8.43799999999996","42.537","41.082","191.92","189.156","0","4.789999999999999","4.789999999999999","4.789999999999999","3.7536","0","0","0","0","1","0","0","4.21899999999998","0","0","0","0","0","2","_f859c7d82e5a0000_p_Net","0","0","0","1","0","0","0","0","0","0","1","_f859c7d82e5a0000_p_odb__dbNet","0.0","0.0","0.0","5.0048","5.0048","","5.0048","4.789999999999999","1","4.789999999999999","4.789999999999999","4.789999999999999","43.24","191.76","43.24","191.76","1","0","0","0","43.24","","191.76","","2"
"_0413_","OK","18.45691699999992","0.6602988461017052","44.5845","194.3715","3.4909999999999997","5.286999999999978","17.555999999999955","46.33","42.839","197.015","191.728","0","9.809999999999995","9.809999999999995","9.809999999999995","5.0048","0","0","0","0","1","0","0","8.777999999999977","0","0","0","0","0","2","_705ac7d82e5a0000_p_Net","0","0","0","1","0","0","0","0","0","0","1","_705ac7d82e5a0000_p_odb__dbNet","0.0","0.0","0.0","8.758400000000002","8.758400000000002","","8.758400000000002","9.809999999999995","1","9.809999999999995","9.809999999999995","9.809999999999995","47.61","197.2","47.61","197.2","1","0","0","0","47.61","","197.2","","2"
"_0414_","OK","31.37839199999992","0.5286863966084274","42.701499999999996","193.15800000000002","4.073","7.703999999999979","23.55399999999996","44.738","40.665","197.01","189.306","0","13.449999999999996","13.449999999999996","13.449999999999996","7.5072","0","0","0","0","1","0","0","11.77699999999998","0","0","0","0","0","2","_e85ac7d82e5a0000_p_Net","0","1","0","1","0","0","0","0","0","0","1","_e85ac7d82e5a0000_p_odb__dbNet","3.7536","0.0","0.0","3.7536","3.7536","","3.7536","13.449999999999996","1","13.449999999999996","13.449999999999996","13.449999999999996","40.25","197.2","40.25","197.2","0","1","0","0","40.25","","197.2","","2"
"_0415_","OK","20.99214300000002","2.446910207426796","34.8065","187.77550000000002","7.167000000000002","2.929000000000002","20.192000000000007","38.39","31.223","189.24","186.311","0","10.999999999999996","10.999999999999996","10.999999999999996","3.7536","0","0","0","0","1","0","0","10.096000000000004","0","0","0","0","0","2","_605bc7d82e5a0000_p_Net","0","0","0","1","0","0","0","0","0","0","1","_605bc7d82e5a0000_p_odb__dbNet","0.0","0.0","0.0","6.256","6.256","","6.256","10.999999999999996","1","10.999999999999996","10.999999999999996","10.999999999999996","39.33","189.04","39.33","189.04","1","0","0","0","39.33","","189.04","","2"
"_0416_","OK","1.7153019999999781","0.3005441606109074","39.071","190.38049999999998","0.7179999999999964","2.3889999999999816","6.213999999999956","39.43","38.712","191.575","189.186","0","4.100000000000001","4.100000000000001","4.100000000000001","6.256","0","0","0","0","1","0","0","3.106999999999978","0","0","0","0","0","2","_d85bc7d82e5a0000_p_Net","0","0","0","1","0","0","0","0","0","0","1","_d85bc7d82e5a0000_p_odb__dbNet","0.0","0.0","0.0","8.758400000000002","8.758400000000002","","8.758400000000002","4.100000000000001","1","4.100000000000001","4.100000000000001","4.100000000000001","40.71","191.76","40.71","191.76","1","0","0","0","40.71","","191.76","","2"
"_0417_","OK","0.13292399999993867","92.0526291565521","36.373999999999995","172.747","3.4979999999999976","0.03799999999998249","7.07199999999996","38.123","34.625","172.766","172.728","0","3.6799999999999997","3.6799999999999997","3.6799999999999997","3.7536","0","0","0","0","1","0","0","3.53599999999998","0","0","0","0","0","2","_505cc7d82e5a0000_p_Net","0","0","0","1","0","0","0","0","0","0","1","_505cc7d82e5a0000_p_odb__dbNet","0.0","0.0","0.0","8.758400000000002","8.758400000000002","","8.758400000000002","3.6799999999999997","1","3.6799999999999997","3.6799999999999997","3.6799999999999997","34.27","172.72","34.27","172.72","0","0","1","0","34.27","","172.72","","2"
"_0418_","OK","1.1617799999999974","0.13910034597263066","29.813","171.441","0.402000000000001","2.8899999999999864","6.583999999999975","30.014","29.612","172.886","169.996","0","4.329999999999998","4.329999999999998","4.329999999999998","8.758400000000002","0","0","0","0","1","0","0","3.2919999999999874","0","0","0","0","0","2","_c85cc7d82e5a0000_p_Net","0","0","0","1","0","0","0","0","0","0","1","_c85cc7d82e5a0000_p_odb__dbNet","0.0","0.0","0.0","5.0048","5.0048","","5.0048","4.329999999999998","1","4.329999999999998","4.329999999999998","4.329999999999998","29.44","170.0","29.44","170.0","0","0","1","0","29.44","","170.0","","2"
"_0419_","OK","0.6578749999999687","8.57400718926392","27.5495","170.0215","2.375","0.2769999999999868","5.303999999999974","28.737","26.362","170.16","169.883","0","2.990000000000002","2.990000000000002","2.990000000000002","3.7536","0","0","0","0","1","0","0","2.651999999999987","0","0","0","0","0","2","_405dc7d82e5a0000_p_Net","0","0","0","1","0","0","0","0","0","0","1","_405dc7d82e5a0000_p_odb__dbNet","0.0","0.0","0.0","5.0048","5.0048","","5.0048","2.990000000000002","1","2.990000000000002","2.990000000000002","2.990000000000002","29.44","170.0","29.44","170.0","0","0","0","1","29.44","","170.0","","2"
"_0420_","OK","7.310193000000032","0.8474633977366454","27.7945","171.4365","2.4890000000000008","2.937000000000012","10.852000000000025","29.039","26.55","172.905","169.968","0","4.330000000000002","4.330000000000002","4.330000000000002","5.0048","0","0","0","0","1","0","0","5.426000000000013","0","0","0","0","0","2","_b85dc7d82e5a0000_p_Net","0","0","0","1","0","0","0","0","0","0","1","_b85dc7d82e5a0000_p_odb__dbNet","0.0","0.0","0.0","8.758400000000002","8.758400000000002","","8.758400000000002","4.330000000000002","1","4.330000000000002","4.330000000000002","4.330000000000002","27.83","172.72","27.83","172.72","1","0","0","0","27.83","","172.72","","2"
"_0421_","OK","50.48090000000001","0.40561133018952894","34.2195","172.698","4.524999999999999","11.156000000000006","31.36200000000001","36.482","31.957","178.276","167.12","0","14.79","14.79","14.79","3.7536","0","0","0","0","1","0","0","15.681000000000004","0","0","0","0","0","2","_305ec7d82e5a0000_p_Net","0","0","0","1","0","0","0","0","0","0","1","_305ec7d82e5a0000_p_odb__dbNet","0.0","0.0","0.0","5.0048","5.0048","","5.0048","14.79","1","14.79","14.79","14.79","32.66","167.28","32.66","167.28","0","0","1","0","32.66","","167.28","","2"
"_0422_","OK","8.536915999999993","0.11854819701643332","33.737","168.643","1.0060000000000002","8.48599999999999","18.98399999999998","34.24","33.234","172.886","164.4","0","8.619999999999997","8.619999999999997","8.619999999999997","8.758400000000002","0","0","0","0","1","0","0","9.49199999999999","0","0","0","0","0","2","_a85ec7d82e5a0000_p_Net","0","0","0","1","0","0","0","0","0","0","1","_a85ec7d82e5a0000_p_odb__dbNet","0.0","0.0","0.0","3.7536","3.7536","","3.7536","8.619999999999997","1","8.619999999999997","8.619999999999997","8.619999999999997","33.81","164.56","33.81","164.56","0","0","0","1","33.81","","164.56","","2"
"_0423_","OK","1.8310119999999976","0.23288159763449237","33.656499999999994","165.95299999999997","0.6529999999999987","2.804000000000002","6.9140000000000015","33.983","33.33","167.355","164.551","0","3.8700000000000045","3.8700000000000045","3.8700000000000045","3.7536","0","0","0","0","1","0","0","3.4570000000000007","0","0","0","0","0","2","_205fc7d82e5a0000_p_Net","0","0","0","1","0","0","0","0","0","0","1","_205fc7d82e5a0000_p_odb__dbNet","0.0","0.0","0.0","5.0048","5.0048","","5.0048","3.8700000000000045","1","3.8700000000000045","3.8700000000000045","3.8700000000000045","32.66","167.28","32.66","167.28","0","1","0","0","32.66","","167.28","","2"
"_0424_","OK","24.519439999999985","0.3651006710963884","31.336","163.1855","2.992000000000001","8.194999999999993","22.373999999999988","32.832","29.84","167.283","159.088","0","11.379999999999992","11.379999999999992","11.379999999999992","5.0048","0","0","0","0","1","0","0","11.186999999999994","0","0","0","0","0","2","_985fc7d82e5a0000_p_Net","0","0","0","1","0","0","0","0","0","0","1","_985fc7d82e5a0000_p_odb__dbNet","0.0","0.0","0.0","5.0048","5.0048","","5.0048","11.379999999999992","1","11.379999999999992","11.379999999999992","11.379999999999992","32.66","167.28","32.66","167.28","1","0","0","0","32.66","","167.28","","2"
"_0425_","OK","14.273220000000022","0.212117517955368","31.012","192.98149999999998","1.740000000000002","8.203000000000003","19.88600000000001","31.882","30.142","197.083","188.88","0","10.689999999999994","10.689999999999994","10.689999999999994","3.7536","0","0","0","0","1","0","0","9.943000000000005","0","0","0","0","0","2","_1060c7d82e5a0000_p_Net","0","0","0","1","0","0","0","0","0","0","1","_1060c7d82e5a0000_p_odb__dbNet","0.0","0.0","0.0","5.0048","5.0048","","5.0048","10.689999999999994","1","10.689999999999994","10.689999999999994","10.689999999999994","29.44","189.04","29.44","189.04","0","0","1","0","29.44","","189.04","","2"
"_0426_","OK","10.93646399999996","0.19277748271471376","34.491","193.244","1.4519999999999982","7.531999999999982","17.96799999999996","35.217","33.765","197.01","189.478","0","10.689999999999998","10.689999999999998","10.689999999999998","12.512","0","0","0","0","1","0","0","8.98399999999998","0","0","0","0","0","2","_8860c7d82e5a0000_p_Net","0","1","0","1","0","0","0","0","0","0","1","_8860c7d82e5a0000_p_odb__dbNet","3.7536","0.0","0.0","3.7536","3.7536","","3.7536","10.689999999999998","1","10.689999999999998","10.689999999999998","10.689999999999998","33.35","197.2","33.35","197.2","0","1","0","0","33.35","","197.2","","2"
"_0427_","OK","19.779099000000052","0.7151549722922292","31.9825","188.9305","3.7609999999999992","5.2590000000000146","18.040000000000028","33.863","30.102","191.56","186.301","0","11.189999999999994","11.189999999999994","11.189999999999994","8.758400000000002","0","0","0","0","1","0","0","9.020000000000014","0","0","0","0","0","2","_0061c7d82e5a0000_p_Net","0","0","0","1","0","0","0","0","0","0","1","_0061c7d82e5a0000_p_odb__dbNet","0.0","0.0","0.0","5.0048","5.0048","","5.0048","11.189999999999994","1","11.189999999999994","11.189999999999994","11.189999999999994","29.44","191.76","29.44","191.76","0","1","0","0","29.44","","191.76","","2"
"_0428_","OK","2.081375999999993","0.30136986289902434","29.166","190.429","0.7920000000000016","2.627999999999986","6.839999999999975","29.562","28.77","191.743","189.115","0","2.719999999999999","2.719999999999999","2.719999999999999","5.0048","0","0","0","0","1","0","0","3.4199999999999875","0","0","0","0","0","2","_7861c7d82e5a0000_p_Net","0","0","0","1","0","0","0","0","0","0","1","_7861c7d82e5a0000_p_odb__dbNet","0.0","0.0","0.0","5.0048","5.0048","","5.0048","2.719999999999999","1","2.719999999999999","2.719999999999999","2.719999999999999","29.44","189.04","29.44","189.04","0","0","0","1","29.44","","189.04","","2"
"_0429_","OK","0.03547599999998933","45.249998383942206","28.633499999999998","189.05700000000002","1.2669999999999995","0.027999999999991587","2.589999999999982","29.267","28.0","189.071","189.043","0","1.8399999999999999","1.8399999999999999","1.8399999999999999","5.0048","0","0","0","0","1","0","0","1.294999999999991","0","0","0","0","0","2","_f061c7d82e5a0000_p_Net","0","0","0","1","0","0","0","0","0","0","1","_f061c7d82e5a0000_p_odb__dbNet","0.0","0.0","0.0","5.0048","5.0048","","5.0048","1.8399999999999999","1","1.8399999999999999","1.8399999999999999","1.8399999999999999","29.44","189.04","29.44","189.04","0","0","0","1","29.44","","189.04","","2"
"_0430_","OK","30.51140000000003","0.4559902199931549","30.671999999999997","190.393","3.7300000000000004","8.180000000000007","23.820000000000014","32.537","28.807","194.483","186.303","0","11.839999999999993","11.839999999999993","11.839999999999993","5.0048","0","0","0","0","1","0","0","11.910000000000007","0","0","0","0","0","2","_6862c7d82e5a0000_p_Net","0","0","0","1","0","0","0","0","0","0","1","_6862c7d82e5a0000_p_odb__dbNet","0.0","0.0","0.0","5.0048","5.0048","","5.0048","11.839999999999993","1","11.839999999999993","11.839999999999993","11.839999999999993","28.98","194.48","28.98","194.48","0","1","0","0","28.98","","194.48","","2"
"_0431_","OK","0.20549699999998514","12.348837113575799","28.5835","194.57549999999998","1.593","0.12899999999999068","3.4439999999999813","29.38","27.787","194.64","194.511","0","1.6099999999999994","1.6099999999999994","1.6099999999999994","5.0048","0","0","0","0","1","0","0","1.7219999999999906","0","0","0","0","0","2","_e062c7d82e5a0000_p_Net","0","0","0","1","0","0","0","0","0","0","1","_e062c7d82e5a0000_p_odb__dbNet","0.0","0.0","0.0","3.7536","3.7536","","3.7536","1.6099999999999994","1","1.6099999999999994","1.6099999999999994","1.6099999999999994","27.37","194.48","27.37","194.48","0","0","1","0","27.37","","194.48","","2"
"_0432_","OK","7.6796999999999915","0.2479784366131215","26.252000000000002","191.8675","1.379999999999999","5.564999999999998","13.889999999999993","26.942","25.562","194.65","189.085","0","7.049999999999997","7.049999999999997","7.049999999999997","5.0048","0","0","0","0","1","0","0","6.944999999999997","0","0","0","0","0","2","_5863c7d82e5a0000_p_Net","0","0","0","1","0","0","0","0","0","0","1","_5863c7d82e5a0000_p_odb__dbNet","0.0","0.0","0.0","3.7536","3.7536","","3.7536","7.049999999999997","1","7.049999999999997","7.049999999999997","7.049999999999997","27.37","194.48","27.37","194.48","1","0","0","0","27.37","","194.48","","2"
"_0433_","OK","1208.8853159999996","0.546277794299854","24.226000000000003","89.79599999999999","25.698","47.04199999999999","145.47999999999996","37.075","11.377","113.317","66.275","0","62.92","38.31625","306.53","7.5072","0","0","0","0","8","0","0","72.73999999999998","0","0","0","0","0","9","_d063c7d82e5a0000_p_Net","0","1","0","1","0","0","0","0","0","0","8","_d063c7d82e5a0000_p_odb__dbNet","3.7536","0.0","0.0","15.0144","9.540400000000002","3.853284666359339","76.32320000000001","34.23624999999999","8","33.6","62.92","62.92","37.49","112.88","14.26","66.64","1","2","1","4","28.83625","8.749782765160518","88.74000000000001","16.569550386175237","9"
"_0434_","OK","1214.5320000000002","0.5738506683931345","21.217","76.2325","26.400000000000002","46.005","144.81","34.417","8.017","99.235","53.23","0","53.83","43.55","87.1","5.0048","0","0","0","0","2","0","0","72.405","0","0","0","0","0","3","_4864c7d82e5a0000_p_Net","0","1","0","1","0","0","0","0","0","0","2","_4864c7d82e5a0000_p_odb__dbNet","3.7536","0.0","0.0","16.265600000000003","10.0096","6.256000000000001","20.0192","43.550000000000004","2","33.269999999999996","53.83","53.83","35.65","93.84","15.41","53.04","1","0","1","0","25.53","10.12","73.44","20.400000000000002","3"
"_0435_","OK","36.69382499999991","0.09724581724081083","34.2275","103.3675","1.8889999999999958","19.424999999999997","42.627999999999986","35.172","33.283","113.08","93.655","0","22.25999999999999","13.10333333333333","39.30999999999999","6.256","0","0","0","0","3","0","0","21.313999999999993","0","0","0","0","0","4","_c064c7d82e5a0000_p_Net","0","1","0","1","0","0","0","0","0","0","3","_c064c7d82e5a0000_p_odb__dbNet","3.7536","0.0","0.0","16.265600000000003","8.341333333333333","5.626536946371978","25.024","13.103333333333332","3","14.979999999999997","22.25999999999999","22.25999999999999","35.65","112.88","33.81","93.84","1","0","1","1","34.653333333333336","0.7589612784735597","102.0","8.007463185470577","4"
"_0436_","OK","118.99481999999998","0.15931211122724798","36.948","79.93700000000001","4.353999999999999","27.33","63.367999999999995","39.125","34.771","93.602","66.272","0","27.43","17.7575","71.03","16.265600000000003","0","0","0","0","4","0","0","31.683999999999997","0","0","0","0","0","5","_3865c7d82e5a0000_p_Net","0","0","0","1","0","0","0","1","0","0","4","_3865c7d82e5a0000_p_odb__dbNet","0.0","0.0","3.7536","10.0096","8.4456","2.7089274630377242","33.7824","16.72250000000001","4","14.56000000000001","27.43","27.43","39.33","88.4","34.04","66.64","1","1","2","0","36.0525","1.9743527420397797","77.52","8.601395235657993","5"
"_0437_","OK","7.793502000000058","0.10883951783161978","40.0015","87.07400000000001","0.9210000000000065","8.462000000000003","18.76600000000002","40.462","39.541","91.305","82.843","0","13.45000000000001","13.45000000000001","13.45000000000001","3.7536","0","0","0","1","1","0","0","9.38300000000001","0","0","0","0","0","2","_b065c7d82e5a0000_p_Net","0","0","0","1","0","0","1","0","0","0","1","_b065c7d82e5a0000_p_odb__dbNet","0.0","0.0","0.0","27.5264","27.5264","","27.5264","13.45000000000001","1","13.45000000000001","13.45000000000001","13.45000000000001","44.62","91.12","44.62","91.12","1","0","0","0","44.62","","91.12","","2"
"_0438_","OK","33.284866","5.886038685497881","19.0015","38.061","13.997","2.378","32.75","26.0","12.003","39.25","36.872","0","16.059999999999995","14.219999999999995","28.43999999999999","6.256","0","0","0","0","2","0","0","16.375","0","0","0","0","0","3","_2866c7d82e5a0000_p_Net","0","1","0","1","0","0","0","0","0","0","2","_2866c7d82e5a0000_p_odb__dbNet","3.7536","0.0","0.0","8.758400000000002","6.256000000000001","2.502400000000001","12.512000000000002","14.219999999999997","2","12.379999999999997","16.059999999999995","16.059999999999995","25.99","39.44","22.31","39.44","2","0","0","0","24.15","1.8399999999999999","39.44","0.0","3"
"_0439_","OK","12.20513199999993","1.3017635528080524","14.829","144.14100000000002","3.985999999999999","3.0619999999999834","14.095999999999965","16.822","12.836","145.672","142.61","0","8.01","8.01","8.01","6.256","0","0","0","0","1","0","0","7.047999999999982","0","0","0","0","0","2","_a066c7d82e5a0000_p_Net","0","1","0","1","0","0","0","0","0","0","1","_a066c7d82e5a0000_p_odb__dbNet","5.0048","0.0","0.0","5.0048","5.0048","","5.0048","8.01","1","8.01","8.01","8.01","17.48","142.8","17.48","142.8","0","0","0","1","17.48","","142.8","","2"
"_0440_","OK","92.66329800000014","1.2819336625168265","27.945500000000003","87.021","10.899000000000004","8.50200000000001","38.80200000000003","33.395","22.496","91.272","82.77","0","14.909999999999997","12.915000000000003","25.830000000000005","6.256","0","0","0","0","2","0","0","19.401000000000014","0","0","0","0","0","3","_1867c7d82e5a0000_p_Net","0","1","0","1","0","0","0","0","0","0","2","_1867c7d82e5a0000_p_odb__dbNet","3.7536","0.0","0.0","10.0096","6.881600000000001","3.1280000000000006","13.763200000000001","12.914999999999996","2","10.920000000000009","14.909999999999997","14.909999999999997","34.04","88.4","24.61","82.96","1","0","1","0","29.325","4.715","85.68","2.720000000000006","3"
"_0441_","OK","15.76237999999999","0.6315052040369293","40.0325","88.368","3.155000000000001","4.995999999999995","16.301999999999992","41.61","38.455","90.866","85.87","0","11.189999999999998","11.189999999999998","11.189999999999998","27.5264","0","0","0","0","1","0","0","8.150999999999996","0","0","0","0","0","2","_9067c7d82e5a0000_p_Net","0","1","0","1","0","0","0","0","0","0","1","_9067c7d82e5a0000_p_odb__dbNet","3.7536","0.0","0.0","3.7536","3.7536","","3.7536","11.189999999999998","1","11.189999999999998","11.189999999999998","11.189999999999998","38.87","85.68","38.87","85.68","0","0","1","0","38.87","","85.68","","2"
"_0442_","OK","10.090505","0.3087283539778332","41.6795","85.70150000000001","1.7650000000000006","5.716999999999999","14.963999999999999","42.562","40.797","88.56","82.843","0","6.5900000000000105","6.5900000000000105","6.5900000000000105","3.7536","0","0","0","0","1","0","0","7.481999999999999","0","0","0","0","0","2","_0868c7d82e5a0000_p_Net","0","0","0","1","0","0","0","0","0","0","1","_0868c7d82e5a0000_p_odb__dbNet","0.0","0.0","0.0","5.0048","5.0048","","5.0048","6.5900000000000105","1","6.5900000000000105","6.5900000000000105","6.5900000000000105","41.86","88.4","41.86","88.4","1","0","0","0","41.86","","88.4","","2"
"_0443_","OK","61.88879999999996","0.5405607476130319","16.648","39.197","5.783999999999999","10.699999999999996","32.96799999999999","19.54","13.756","44.547","33.847","0","13.640000000000002","11.400000000000002","22.800000000000004","6.256","0","0","0","0","2","0","0","16.483999999999995","0","0","0","0","0","3","_8068c7d82e5a0000_p_Net","0","0","0","1","0","0","0","0","0","0","2","_8068c7d82e5a0000_p_odb__dbNet","0.0","0.0","0.0","8.758400000000002","8.758400000000002","0.0","17.516800000000003","11.399999999999999","2","9.16","13.640000000000002","13.640000000000002","19.55","44.88","15.87","36.72","0","1","0","1","17.71","1.8400000000000007","40.8","4.080000000000002","3"
"_0444_","OK","5.1325379999999905","0.16419245212588227","40.730999999999995","91.12049999999999","0.9179999999999993","5.590999999999994","13.017999999999986","41.19","40.272","93.916","88.325","0","7.509999999999998","7.509999999999998","7.509999999999998","6.256","0","0","0","0","1","0","0","6.508999999999993","0","0","0","0","0","2","_f868c7d82e5a0000_p_Net","0","0","0","1","0","0","0","0","0","0","1","_f868c7d82e5a0000_p_odb__dbNet","0.0","0.0","0.0","5.0048","5.0048","","5.0048","7.509999999999998","1","7.509999999999998","7.509999999999998","7.509999999999998","41.86","88.4","41.86","88.4","0","0","0","1","41.86","","88.4","","2"
"_0445_","OK","12.376181999999993","0.17746377677194775","39.196","92.5745","1.4819999999999993","8.350999999999999","19.665999999999997","39.937","38.455","96.75","88.399","0","8.850000000000001","8.850000000000001","8.850000000000001","5.0048","0","0","0","0","1","0","0","9.832999999999998","0","0","0","0","0","2","_7069c7d82e5a0000_p_Net","0","1","0","1","0","0","0","0","0","0","1","_7069c7d82e5a0000_p_odb__dbNet","3.7536","0.0","0.0","3.7536","3.7536","","3.7536","8.850000000000001","1","8.850000000000001","8.850000000000001","8.850000000000001","38.87","96.56","38.87","96.56","0","1","0","0","38.87","","96.56","","2"
"_0446_","OK","7.513619999999993","0.2817583268238264","41.9095","110.138","1.4549999999999983","5.1640000000000015","13.238","42.637","41.182","112.72","107.556","0","7.509999999999998","7.509999999999998","7.509999999999998","3.7536","0","0","0","0","1","0","0","6.619","0","0","0","0","0","2","_e869c7d82e5a0000_p_Net","0","0","0","1","0","0","0","0","0","0","1","_e869c7d82e5a0000_p_odb__dbNet","0.0","0.0","0.0","5.0048","5.0048","","5.0048","7.509999999999998","1","7.509999999999998","7.509999999999998","7.509999999999998","40.48","112.88","40.48","112.88","0","1","0","0","40.48","","112.88","","2"
"_0447_","OK","31.022400000000022","0.9822064055191795","9.42","123.517","5.52","5.6200000000000045","22.28000000000001","12.18","6.66","126.327","120.707","0","7.739999999999998","6.839999999999998","13.679999999999996","6.256","0","0","0","0","2","0","0","11.140000000000004","0","0","0","0","0","3","_606ac7d82e5a0000_p_Net","0","0","0","1","0","0","0","0","0","0","2","_606ac7d82e5a0000_p_odb__dbNet","0.0","0.0","0.0","8.758400000000002","8.758400000000002","0.0","17.516800000000003","4.539999999999997","2","5.939999999999998","7.739999999999998","7.739999999999998","12.19","123.76","6.67","121.04","1","0","1","0","9.43","2.76","122.4","1.3599999999999994","3"
"_0448_","OK","1.3825350000000158","0.17722878618788923","40.0595","114.2795","0.49500000000000455","2.7930000000000064","6.576000000000022","40.307","39.812","115.676","112.883","0","3.8699999999999974","3.8699999999999974","3.8699999999999974","6.256","0","0","0","0","1","0","0","3.288000000000011","0","0","0","0","0","2","_d86ac7d82e5a0000_p_Net","0","0","0","1","0","0","0","0","0","0","1","_d86ac7d82e5a0000_p_odb__dbNet","0.0","0.0","0.0","5.0048","5.0048","","5.0048","3.8699999999999974","1","3.8699999999999974","3.8699999999999974","3.8699999999999974","40.48","112.88","40.48","112.88","0","0","0","1","40.48","","112.88","","2"
"_0449_","OK","1.4782049999999858","0.19363011212680717","41.4495","97.7815","0.5349999999999966","2.762999999999991","6.595999999999975","41.717","41.182","99.163","96.4","0","3.8700000000000045","3.8700000000000045","3.8700000000000045","3.7536","0","0","0","0","1","0","0","3.2979999999999876","0","0","0","0","0","2","_506bc7d82e5a0000_p_Net","0","0","0","1","0","0","0","0","0","0","1","_506bc7d82e5a0000_p_odb__dbNet","0.0","0.0","0.0","5.0048","5.0048","","5.0048","3.8700000000000045","1","3.8700000000000045","3.8700000000000045","3.8700000000000045","40.48","96.56","40.48","96.56","0","0","1","0","40.48","","96.56","","2"
"_0450_","OK","52.11450000000004","0.26269080580314574","9.89","138.6295","3.700000000000001","14.085000000000008","35.57000000000002","11.74","8.04","145.672","131.587","0","16.82000000000002","15.440000000000023","30.880000000000045","6.256","0","0","0","0","2","0","0","17.78500000000001","0","0","0","0","0","3","_c86bc7d82e5a0000_p_Net","0","0","0","1","0","0","0","0","0","0","2","_c86bc7d82e5a0000_p_odb__dbNet","0.0","0.0","0.0","8.758400000000002","8.758400000000002","0.0","17.516800000000003","14.980000000000024","2","14.060000000000022","16.82000000000002","16.82000000000002","11.73","131.92","8.05","131.92","0","0","1","1","9.89","1.8399999999999999","131.92","0.0","3"
"_0451_","OK","204.07400000000024","0.08541325695406282","38.2195","121.00300000000001","4.175000000000004","48.88000000000001","106.11000000000003","40.307","36.132","145.443","96.563","0","53.790000000000006","53.790000000000006","53.790000000000006","6.256","0","0","0","0","1","0","0","53.055000000000014","0","0","0","0","0","2","_406cc7d82e5a0000_p_Net","0","0","0","1","0","0","0","0","0","0","1","_406cc7d82e5a0000_p_odb__dbNet","0.0","0.0","0.0","5.0048","5.0048","","5.0048","53.790000000000006","1","53.790000000000006","53.790000000000006","53.790000000000006","40.48","96.56","40.48","96.56","0","0","0","1","40.48","","96.56","","2"
"_0452_","OK","12.720324999999965","0.38919013461794727","40.9895","112.9015","2.2249999999999943","5.716999999999999","15.883999999999986","42.102","39.877","115.76","110.043","0","7.049999999999997","7.049999999999997","7.049999999999997","3.7536","0","0","0","0","1","0","0","7.941999999999993","0","0","0","0","0","2","_b86cc7d82e5a0000_p_Net","0","0","0","1","0","0","0","0","0","0","1","_b86cc7d82e5a0000_p_odb__dbNet","0.0","0.0","0.0","5.0048","5.0048","","5.0048","7.049999999999997","1","7.049999999999997","7.049999999999997","7.049999999999997","41.4","115.6","41.4","115.6","1","0","0","0","41.4","","115.6","","2"
"_0453_","OK","10.396400000000003","0.0849909584009956","18.17","131.677","0.9400000000000013","11.059999999999988","23.99999999999998","18.64","17.7","137.207","126.147","0","11.34000000000001","7.720000000000018","15.440000000000037","6.256","0","0","0","0","2","0","0","11.99999999999999","0","0","0","0","0","3","_306dc7d82e5a0000_p_Net","0","0","0","1","0","0","0","0","0","0","2","_306dc7d82e5a0000_p_odb__dbNet","0.0","0.0","0.0","8.758400000000002","8.758400000000002","0.0","17.516800000000003","7.720000000000013","2","4.100000000000026","11.34000000000001","11.34000000000001","18.63","134.64","17.71","126.48","1","0","1","0","18.17","0.4599999999999991","130.56","4.079999999999991","3"
"_0454_","OK","7.806435000000003","1.0007160755457472","39.829499999999996","114.1995","2.7949999999999946","2.7930000000000064","11.176000000000002","41.227","38.432","115.596","112.803","0","6.169999999999995","6.169999999999995","6.169999999999995","6.256","0","0","0","0","1","0","0","5.588000000000001","0","0","0","0","0","2","_a86dc7d82e5a0000_p_Net","0","0","0","1","0","0","0","0","0","0","1","_a86dc7d82e5a0000_p_odb__dbNet","0.0","0.0","0.0","5.0048","5.0048","","5.0048","6.169999999999995","1","6.169999999999995","6.169999999999995","6.169999999999995","41.4","115.6","41.4","115.6","1","0","0","0","41.4","","115.6","","2"
"_0455_","OK","6.346536000000034","0.6764609857406229","8.439","149.61849999999998","2.072","3.0630000000000166","10.270000000000033","9.475","7.403","151.15","148.087","0","4.559999999999999","4.559999999999999","4.559999999999999","6.256","0","0","0","0","1","0","0","5.135000000000017","0","0","0","0","0","2","_206ec7d82e5a0000_p_Net","0","1","0","1","0","0","0","0","0","0","1","_206ec7d82e5a0000_p_odb__dbNet","3.7536","0.0","0.0","3.7536","3.7536","","3.7536","4.559999999999999","1","4.559999999999999","4.559999999999999","4.559999999999999","9.89","150.96","9.89","150.96","1","0","0","0","9.89","","150.96","","2"
"_0456_","OK","0.30898399999999804","0.03500504879333357","34.153","114.5235","0.1039999999999992","2.9710000000000036","6.150000000000006","34.205","34.101","116.009","113.038","0","2.9499999999999957","2.9499999999999957","2.9499999999999957","5.0048","0","0","0","0","1","0","0","3.075000000000003","0","0","0","0","0","2","_986ec7d82e5a0000_p_Net","0","0","0","1","0","0","0","0","0","0","1","_986ec7d82e5a0000_p_odb__dbNet","0.0","0.0","0.0","11.2608","11.2608","","11.2608","2.9499999999999957","1","2.9499999999999957","2.9499999999999957","2.9499999999999957","34.27","115.6","34.27","115.6","1","0","0","0","34.27","","115.6","","2"
"_0457_","OK","1753.4857769999999","0.19469763226736603","19.0815","143.8715","18.477","94.901","226.756","28.32","9.843","191.322","96.421","0","100.71999999999998","71.755","1148.08","15.0144","0","0","0","0","16","0","0","113.378","0","0","0","0","0","17","_106fc7d82e5a0000_p_Net","0","0","0","1","0","0","0","0","0","0","16","_106fc7d82e5a0000_p_odb__dbNet","0.0","0.0","0.0","5.0048","4.379200000000001","0.6256000000000003","70.06720000000001","68.5925","16","72.1","99.91999999999999","100.71999999999998","28.75","191.76","9.66","129.2","7","6","0","3","20.7575","5.8455191172384335","163.37","18.621790998719753","17"
"_0458_","OK","20.106638999999998","0.7763804282223661","18.7805","145.3355","3.9510000000000005","5.088999999999999","18.08","20.756","16.805","147.88","142.791","0","10.269999999999996","10.269999999999996","10.269999999999996","3.7536","0","0","0","0","1","0","0","9.04","0","0","0","0","0","2","_886fc7d82e5a0000_p_Net","0","0","0","1","0","0","0","0","0","0","1","_886fc7d82e5a0000_p_odb__dbNet","0.0","0.0","0.0","5.0048","5.0048","","5.0048","10.269999999999996","1","10.269999999999996","10.269999999999996","10.269999999999996","16.1","148.24","16.1","148.24","0","1","0","0","16.1","","148.24","","2"
"_0459_","OK","5.167567999999999","0.48983990132702043","9.1265","35.286","1.591000000000001","3.2479999999999976","9.677999999999997","9.922","8.331","36.91","33.662","0","5.249999999999998","5.249999999999998","5.249999999999998","6.256","0","0","0","0","1","0","0","4.838999999999999","0","0","0","0","0","2","_0070c7d82e5a0000_p_Net","0","1","0","1","0","0","0","0","0","0","1","_0070c7d82e5a0000_p_odb__dbNet","5.0048","0.0","0.0","5.0048","5.0048","","5.0048","5.249999999999998","1","5.249999999999998","5.249999999999998","5.249999999999998","10.58","36.72","10.58","36.72","1","0","0","0","10.58","","36.72","","2"
"_0460_","OK","149.99358400000006","0.12138711879490814","17.369500000000002","173.98399999999998","4.2669999999999995","35.152000000000015","78.83800000000002","19.503","15.236","191.56","156.408","0","36.969999999999985","36.759999999999984","73.51999999999997","3.7536","0","0","0","0","2","0","0","39.41900000000001","0","0","0","0","0","3","_7870c7d82e5a0000_p_Net","0","0","0","1","0","0","0","0","0","0","2","_7870c7d82e5a0000_p_odb__dbNet","0.0","0.0","0.0","5.0048","5.0048","0.0","10.0096","36.75999999999998","2","36.54999999999998","36.969999999999985","36.969999999999985","19.32","191.76","17.02","189.04","1","1","0","0","18.17","1.1500000000000004","190.39999999999998","1.3599999999999994","3"
"_0461_","OK","20.10663899999998","0.7763804282223654","19.700499999999998","188.8555","3.950999999999997","5.088999999999999","18.07999999999999","21.676","17.725","191.4","186.311","0","10.27","10.27","10.27","3.7536","0","0","0","0","1","0","0","9.039999999999996","0","0","0","0","0","2","_f070c7d82e5a0000_p_Net","0","0","0","1","0","0","0","0","0","0","1","_f070c7d82e5a0000_p_odb__dbNet","0.0","0.0","0.0","5.0048","5.0048","","5.0048","10.27","1","10.27","10.27","10.27","17.02","191.76","17.02","191.76","0","1","0","0","17.02","","191.76","","2"
"_0462_","OK","44.43263999999998","0.746694321915129","27.663","133.065","5.759999999999998","7.713999999999999","26.947999999999993","30.543","24.783","136.922","129.208","0","13.910000000000025","9.580000000000013","19.160000000000025","3.7536","0","0","0","0","2","0","0","13.473999999999997","0","0","0","0","0","3","_6871c7d82e5a0000_p_Net","0","0","0","1","0","0","0","0","0","0","2","_6871c7d82e5a0000_p_odb__dbNet","0.0","0.0","0.0","5.0048","5.0048","0.0","10.0096","9.579999999999998","2","5.25","13.910000000000025","13.910000000000025","30.36","137.36","27.14","131.92","1","0","1","0","28.75","1.6099999999999994","134.64","2.720000000000013","3"
"_0463_","OK","1.7193120000000066","0.31079931959574875","28.2105","130.38400000000001","0.7310000000000016","2.352000000000004","6.166000000000011","28.576","27.845","131.56","129.208","0","4.329999999999998","4.329999999999998","4.329999999999998","3.7536","0","0","0","0","1","0","0","3.0830000000000055","0","0","0","0","0","2","_e071c7d82e5a0000_p_Net","0","0","0","1","0","0","0","0","0","0","1","_e071c7d82e5a0000_p_odb__dbNet","0.0","0.0","0.0","5.0048","5.0048","","5.0048","4.329999999999998","1","4.329999999999998","4.329999999999998","4.329999999999998","27.14","131.92","27.14","131.92","0","1","0","0","27.14","","131.92","","2"
"_0464_","OK","0.4192319999999716","3.3835227176606897","22.4605","167.464","1.1910000000000025","0.35199999999997544","3.085999999999956","23.056","21.865","167.64","167.288","0","2.0700000000000003","2.0700000000000003","2.0700000000000003","3.7536","0","0","0","0","1","0","0","1.542999999999978","0","0","0","0","0","2","_5872c7d82e5a0000_p_Net","0","0","0","1","0","0","0","0","0","0","1","_5872c7d82e5a0000_p_odb__dbNet","0.0","0.0","0.0","5.0048","5.0048","","5.0048","2.0700000000000003","1","2.0700000000000003","2.0700000000000003","2.0700000000000003","21.16","167.28","21.16","167.28","0","0","1","0","21.16","","167.28","","2"
"_0465_","OK","54.50937999999997","0.42620921386274563","18.105999999999998","167.5025","4.8199999999999985","11.308999999999997","32.257999999999996","20.516","15.696","173.157","161.848","0","15.709999999999996","13.219999999999997","26.439999999999994","3.7536","0","0","0","0","2","0","0","16.128999999999998","0","0","0","0","0","3","_d072c7d82e5a0000_p_Net","0","0","0","1","0","0","0","0","0","0","2","_d072c7d82e5a0000_p_odb__dbNet","0.0","0.0","0.0","5.0048","5.0048","0.0","10.0096","13.219999999999997","2","10.729999999999999","15.709999999999996","15.709999999999996","21.16","172.72","20.7","167.28","1","0","0","1","20.93","0.23000000000000043","170.0","2.719999999999999","3"
"_0466_","OK","2.5378079999999708","0.45875850320631445","14.8555","163.024","1.0789999999999988","2.3519999999999754","6.861999999999949","15.395","14.316","164.2","161.848","0","4.33","4.33","4.33","3.7536","0","0","0","0","1","0","0","3.4309999999999743","0","0","0","0","0","2","_4873c7d82e5a0000_p_Net","0","0","0","1","0","0","0","0","0","0","1","_4873c7d82e5a0000_p_odb__dbNet","0.0","0.0","0.0","5.0048","5.0048","","5.0048","4.33","1","4.33","4.33","4.33","16.1","164.56","16.1","164.56","1","0","0","0","16.1","","164.56","","2"
"_0467_","OK","135.48266100000018","0.48295420619243135","12.7275","159.3425","8.088999999999999","16.749000000000024","49.676000000000045","16.772","8.683","167.717","150.968","0","21.189999999999998","18.869999999999997","37.739999999999995","3.7536","0","0","0","0","2","0","0","24.838000000000022","0","0","0","0","0","3","_c073c7d82e5a0000_p_Net","0","0","0","1","0","0","0","0","0","0","2","_c073c7d82e5a0000_p_odb__dbNet","0.0","0.0","0.0","5.0048","5.0048","0.0","10.0096","18.87000000000001","2","16.549999999999994","21.189999999999998","21.189999999999998","16.1","167.28","8.74","164.56","1","1","0","0","12.420000000000002","3.6800000000000006","165.92000000000002","1.3599999999999994","3"
"_0468_","OK","6.046992000000005","1.0931122444331978","26.8305","152.144","2.570999999999998","2.352000000000004","9.846000000000004","28.116","25.545","153.32","150.968","0","6.169999999999998","6.169999999999998","6.169999999999998","3.7536","0","0","0","0","1","0","0","4.923000000000002","0","0","0","0","0","2","_3874c7d82e5a0000_p_Net","0","0","0","1","0","0","0","0","0","0","1","_3874c7d82e5a0000_p_odb__dbNet","0.0","0.0","0.0","5.0048","5.0048","","5.0048","6.169999999999998","1","6.169999999999998","6.169999999999998","6.169999999999998","24.84","153.68","24.84","153.68","0","1","0","0","24.84","","153.68","","2"
"_0469_","OK","20.198080000000015","0.31941649895379615","24.086","149.504","2.5400000000000027","7.951999999999998","20.984","25.356","22.816","153.48","145.528","0","10.689999999999998","9.769999999999998","19.539999999999996","3.7536","0","0","0","0","2","0","0","10.492","0","0","0","0","0","3","_b074c7d82e5a0000_p_Net","0","0","0","1","0","0","0","0","0","0","2","_b074c7d82e5a0000_p_odb__dbNet","0.0","0.0","0.0","5.0048","5.0048","0.0","10.0096","9.769999999999996","2","8.849999999999998","10.689999999999998","10.689999999999998","24.84","153.68","23.0","153.68","1","1","0","0","23.92","0.9199999999999999","153.68","0.0","3"
"_0470_","OK","38.78945399999998","0.031821045997828305","10.8875","173.865","1.1109999999999989","34.914000000000016","72.05000000000003","11.443","10.332","191.322","156.408","0","36.04999999999998","32.429999999999986","64.85999999999997","3.7536","0","0","0","0","2","0","0","36.02500000000001","0","0","0","0","0","3","_2875c7d82e5a0000_p_Net","0","0","0","1","0","0","0","0","0","0","2","_2875c7d82e5a0000_p_odb__dbNet","0.0","0.0","0.0","5.0048","5.0048","0.0","10.0096","32.43","2","28.809999999999988","36.04999999999998","36.04999999999998","10.58","191.76","9.66","183.6","0","2","0","0","10.120000000000001","0.45999999999999996","187.68","4.079999999999998","3"
"_0471_","OK","0.9155520000000097","7.389204524462403","10.2555","183.784","2.600999999999999","0.35200000000000387","5.906000000000006","11.556","8.955","183.96","183.608","0","2.0700000000000003","2.0700000000000003","2.0700000000000003","3.7536","0","0","0","0","1","0","0","2.953000000000003","0","0","0","0","0","2","_a075c7d82e5a0000_p_Net","0","0","0","1","0","0","0","0","0","0","1","_a075c7d82e5a0000_p_odb__dbNet","0.0","0.0","0.0","5.0048","5.0048","","5.0048","2.0700000000000003","1","2.0700000000000003","2.0700000000000003","2.0700000000000003","9.66","183.6","9.66","183.6","0","0","1","0","9.66","","183.6","","2"
"_0472_","OK","24.783647999999964","0.95735062874266","25.680500000000002","175.62400000000002","4.870999999999999","5.087999999999994","19.917999999999985","28.116","23.245","178.168","173.08","0","11.189999999999998","11.189999999999998","11.189999999999998","3.7536","0","0","0","0","1","0","0","9.958999999999993","0","0","0","0","0","2","_1876c7d82e5a0000_p_Net","0","0","0","1","0","0","0","0","0","0","1","_1876c7d82e5a0000_p_odb__dbNet","0.0","0.0","0.0","5.0048","5.0048","","5.0048","11.189999999999998","1","11.189999999999998","11.189999999999998","11.189999999999998","22.54","172.72","22.54","172.72","0","0","1","0","22.54","","172.72","","2"
"_0473_","OK","36.750186000000085","0.021602094748057982","21.4215","168.85399999999998","0.8910000000000018","41.24600000000001","84.27400000000003","21.867","20.976","189.477","148.231","0","41.48999999999998","33.329999999999984","66.65999999999997","3.7536","0","0","0","0","2","0","0","42.137000000000015","0","0","0","0","0","3","_9076c7d82e5a0000_p_Net","0","0","0","1","0","0","0","0","0","0","2","_9076c7d82e5a0000_p_odb__dbNet","0.0","0.0","0.0","5.0048","5.0048","0.0","10.0096","32.639999999999986","2","25.169999999999987","41.48999999999998","41.48999999999998","22.54","189.04","21.16","172.72","1","1","0","0","21.85","0.6899999999999995","180.88","8.159999999999997","3"
"_0474_","OK","1704.9315799999997","0.27416020999157786","20.222","152.1705","21.619999999999997","78.859","200.95799999999997","31.032","9.412","191.6","112.741","0","85.32","62.757500000000014","1004.1200000000002","15.0144","0","0","0","0","16","0","0","100.47899999999998","0","0","0","0","0","17","_0877c7d82e5a0000_p_Net","0","0","0","1","0","0","0","0","0","0","16","_0877c7d82e5a0000_p_odb__dbNet","0.0","0.0","0.0","5.0048","4.379200000000001","0.6256000000000003","70.06720000000001","59.508749999999985","16","62.68000000000001","83.25","85.32","30.36","191.76","8.74","137.36","6","7","0","3","19.578749999999996","5.989874659581784","169.82999999999998","18.23284673329976","17"
"_0475_","OK","0.5795009999999984","4.7037036903028495","20.390500000000003","158.9355","1.6509999999999998","0.3509999999999991","4.003999999999998","21.216","19.565","159.111","158.76","0","2.530000000000001","2.530000000000001","2.530000000000001","3.7536","0","0","0","0","1","0","0","2.001999999999999","0","0","0","0","0","2","_8077c7d82e5a0000_p_Net","0","0","0","1","0","0","0","0","0","0","1","_8077c7d82e5a0000_p_odb__dbNet","0.0","0.0","0.0","5.0048","5.0048","","5.0048","2.530000000000001","1","2.530000000000001","2.530000000000001","2.530000000000001","18.86","159.12","18.86","159.12","0","1","0","0","18.86","","159.12","","2"
"_0476_","OK","11.188408999999993","2.02424500126574","16.2355","190.5755","4.758999999999999","2.350999999999999","14.219999999999995","18.615","13.856","191.751","189.4","0","8.01","8.01","8.01","3.7536","0","0","0","0","1","0","0","7.109999999999998","0","0","0","0","0","2","_f877c7d82e5a0000_p_Net","0","0","0","1","0","0","0","0","0","0","1","_f877c7d82e5a0000_p_odb__dbNet","0.0","0.0","0.0","5.0048","5.0048","","5.0048","8.01","1","8.01","8.01","8.01","19.32","189.04","19.32","189.04","0","0","0","1","19.32","","189.04","","2"
"_0477_","OK","19.567788999999998","0.5834916248344866","27.9655","139.8955","3.3790000000000013","5.790999999999997","18.339999999999996","29.655","26.276","142.791","137.0","0","9.349999999999998","9.349999999999998","9.349999999999998","3.7536","0","0","0","0","1","0","0","9.169999999999998","0","0","0","0","0","2","_7078c7d82e5a0000_p_Net","0","0","0","1","0","0","0","0","0","0","1","_7078c7d82e5a0000_p_odb__dbNet","0.0","0.0","0.0","5.0048","5.0048","","5.0048","9.349999999999998","1","9.349999999999998","9.349999999999998","9.349999999999998","30.36","137.36","30.36","137.36","0","0","0","1","30.36","","137.36","","2"
"_0478_","OK","0.9049920000000092","7.30397725197725","22.6905","172.904","2.570999999999998","0.35200000000000387","5.846000000000004","23.976","21.405","173.08","172.728","0","3.4499999999999993","3.4499999999999993","3.4499999999999993","3.7536","0","0","0","0","1","0","0","2.923000000000002","0","0","0","0","0","2","_e878c7d82e5a0000_p_Net","0","0","0","1","0","0","0","0","0","0","1","_e878c7d82e5a0000_p_odb__dbNet","0.0","0.0","0.0","5.0048","5.0048","","5.0048","3.4499999999999993","1","3.4499999999999993","3.4499999999999993","3.4499999999999993","20.7","172.72","20.7","172.72","0","0","1","0","20.7","","172.72","","2"
"_0479_","OK","41.80062899999998","0.5746277405821754","10.4855","163.3755","4.901","8.528999999999996","26.859999999999992","12.936","8.035","167.64","159.111","0","12.529999999999996","12.529999999999996","12.529999999999996","3.7536","0","0","0","0","1","0","0","13.429999999999996","0","0","0","0","0","2","_6079c7d82e5a0000_p_Net","0","0","0","1","0","0","0","0","0","0","1","_6079c7d82e5a0000_p_odb__dbNet","0.0","0.0","0.0","5.0048","5.0048","","5.0048","12.529999999999996","1","12.529999999999996","12.529999999999996","12.529999999999996","8.74","167.28","8.74","167.28","0","1","0","0","8.74","","167.28","","2"
"_0480_","OK","4.96507200000001","0.8975340132238363","24.7605","152.144","2.1110000000000007","2.352000000000004","8.926000000000009","25.816","23.705","153.32","150.968","0","5.709999999999997","5.709999999999997","5.709999999999997","3.7536","0","0","0","0","1","0","0","4.4630000000000045","0","0","0","0","0","2","_d879c7d82e5a0000_p_Net","0","0","0","1","0","0","0","0","0","0","1","_d879c7d82e5a0000_p_odb__dbNet","0.0","0.0","0.0","5.0048","5.0048","","5.0048","5.709999999999997","1","5.709999999999997","5.709999999999997","5.709999999999997","23.0","153.68","23.0","153.68","0","1","0","0","23.0","","153.68","","2"
"_0481_","OK","0.41804099999999916","3.3931623834952744","11.880500000000001","191.5755","1.1910000000000007","0.3509999999999991","3.0839999999999996","12.476","11.285","191.751","191.4","0","2.0700000000000003","2.0700000000000003","2.0700000000000003","3.7536","0","0","0","0","1","0","0","1.5419999999999998","0","0","0","0","0","2","_507ac7d82e5a0000_p_Net","0","0","0","1","0","0","0","0","0","0","1","_507ac7d82e5a0000_p_odb__dbNet","0.0","0.0","0.0","5.0048","5.0048","","5.0048","2.0700000000000003","1","2.0700000000000003","2.0700000000000003","2.0700000000000003","10.58","191.76","10.58","191.76","0","1","0","0","10.58","","191.76","","2"
"_0482_","OK","0.2573120000000034","2.0767045395547985","22.2305","189.224","0.7310000000000016","0.35200000000000387","2.166000000000011","22.596","21.865","189.4","189.048","0","1.6099999999999994","1.6099999999999994","1.6099999999999994","3.7536","0","0","0","0","1","0","0","1.0830000000000055","0","0","0","0","0","2","_c87ac7d82e5a0000_p_Net","0","0","0","1","0","0","0","0","0","0","1","_c87ac7d82e5a0000_p_odb__dbNet","0.0","0.0","0.0","5.0048","5.0048","","5.0048","1.6099999999999994","1","1.6099999999999994","1.6099999999999994","1.6099999999999994","21.16","189.04","21.16","189.04","0","0","1","0","21.16","","189.04","","2"
"_0483_","OK","998.9174399999999","0.17232094776294946","12.65","96.73849999999999","13.120000000000001","76.13699999999999","178.51399999999998","19.21","6.09","134.807","58.67","0","64.21","38.83285714285715","271.83000000000004","7.5072","0","0","0","0","7","0","0","89.25699999999999","0","0","0","0","0","8","_407bc7d82e5a0000_p_Net","0","1","0","1","0","0","0","0","0","0","7","_407bc7d82e5a0000_p_odb__dbNet","3.7536","0.0","0.0","11.2608","8.400914285714288","2.084482003094411","58.80640000000001","26.921428571428557","7","28.390000000000004","64.21","64.21","19.55","134.64","6.67","58.48","1","3","1","2","13.372857142857143","5.145055085879518","100.8342857142857","28.52230748887256","8"
"_0484_","OK","986.1728400000001","0.15641923377047903","13.423","95.271","12.419999999999998","79.40200000000002","183.64400000000003","19.633","7.213","134.972","55.57","0","47.7","34.15","204.9","11.2608","0","0","0","0","6","0","0","91.82200000000002","0","0","0","0","0","7","_b87bc7d82e5a0000_p_Net","0","1","0","1","0","0","0","0","0","0","6","_b87bc7d82e5a0000_p_odb__dbNet","3.7536","0.0","0.0","8.758400000000002","7.924266666666668","1.865178835631825","47.54560000000001","6.756666666666652","6","38.579999999999984","47.7","47.7","19.09","134.64","6.67","55.76","1","3","0","2","13.493333333333334","5.254324145142001","101.09333333333332","31.39476531030115","7"
"_0485_","OK","0.4937640000000026","0.017141792432058652","10.354","47.3985","0.09200000000000053","5.366999999999997","10.917999999999996","10.4","10.308","50.082","44.715","0","7.509999999999998","7.509999999999998","7.509999999999998","16.265600000000003","0","0","0","0","1","0","0","5.458999999999998","0","0","0","0","0","2","_307cc7d82e5a0000_p_Net","0","1","0","1","0","0","0","0","0","0","1","_307cc7d82e5a0000_p_odb__dbNet","7.5072","0.0","0.0","7.5072","7.5072","","7.5072","7.509999999999998","1","7.509999999999998","7.509999999999998","7.509999999999998","11.5","44.88","11.5","44.88","0","0","0","1","11.5","","44.88","","2"
"_0486_","OK","567.3749580000002","0.10670890589282883","21.555500000000002","73.511","7.781000000000002","72.918","161.39800000000002","25.446","17.665","109.97","37.052","0","69.88","55.176","275.88","11.2608","0","0","0","0","5","0","0","80.69900000000001","0","0","0","0","0","6","_a87cc7d82e5a0000_p_Net","0","1","0","1","0","0","0","0","0","0","5","_a87cc7d82e5a0000_p_odb__dbNet","3.7536","0.0","0.0","8.758400000000002","7.757440000000001","2.001920000000001","38.787200000000006","48.60000000000001","5","67.12","69.88","69.88","25.99","110.16","17.25","36.72","0","1","2","2","21.573999999999998","3.6868935433505525","53.58399999999999","28.444490222185383","6"
"_0487_","OK","10.031239999999986","1.3966417905236395","36.1085","48.935","3.742999999999995","2.6799999999999997","12.84599999999999","37.98","34.237","50.275","47.595","0","3.8699999999999974","3.8699999999999974","3.8699999999999974","5.0048","0","0","0","0","1","0","0","6.422999999999995","0","0","0","0","0","2","_207dc7d82e5a0000_p_Net","0","0","0","1","1","0","0","0","0","0","1","_207dc7d82e5a0000_p_odb__dbNet","0.0","23.772800000000004","0.0","23.772800000000004","23.772800000000004","","23.772800000000004","3.8699999999999974","1","3.8699999999999974","3.8699999999999974","3.8699999999999974","35.19","47.6","35.19","47.6","0","0","1","0","35.19","","47.6","","2"
"_0488_","OK","178.59578999999997","0.6746773201797988","16.7885","77.53999999999999","10.977","16.269999999999996","54.49399999999999","22.277","11.3","85.675","69.405","0","29.890000000000008","29.890000000000008","29.890000000000008","5.0048","0","0","0","0","1","0","0","27.246999999999996","0","0","0","0","0","2","_987dc7d82e5a0000_p_Net","0","0","0","1","1","0","0","0","0","0","1","_987dc7d82e5a0000_p_odb__dbNet","0.0","23.772800000000004","0.0","23.772800000000004","23.772800000000004","","23.772800000000004","29.890000000000008","1","29.890000000000008","29.890000000000008","29.890000000000008","8.51","85.68","8.51","85.68","0","1","0","0","8.51","","85.68","","2"
"_0489_","OK","149.7165400000001","0.5655808235669584","16.361","93.86","9.202","16.27000000000001","50.94400000000002","20.962","11.76","101.995","85.725","0","28.50999999999999","28.50999999999999","28.50999999999999","5.0048","0","0","0","0","1","0","0","25.47200000000001","0","0","0","0","0","2","_107ec7d82e5a0000_p_Net","0","0","0","1","1","0","0","0","0","0","1","_107ec7d82e5a0000_p_odb__dbNet","0.0","23.772800000000004","0.0","23.772800000000004","23.772800000000004","","23.772800000000004","28.50999999999999","1","28.50999999999999","28.50999999999999","28.50999999999999","8.97","102.0","8.97","102.0","0","1","0","0","8.97","","102.0","","2"
"_0490_","OK","548.9628899999998","0.10960859120941627","15.1785","134.62","7.756999999999998","70.77","157.05399999999997","19.057","11.3","170.005","99.235","0","81.07","81.07","81.07","5.0048","0","0","0","0","1","0","0","78.52699999999999","0","0","0","0","0","2","_887ec7d82e5a0000_p_Net","0","0","0","1","1","0","0","0","0","0","1","_887ec7d82e5a0000_p_odb__dbNet","0.0","23.772800000000004","0.0","23.772800000000004","23.772800000000004","","23.772800000000004","81.07","1","81.07","81.07","81.07","8.51","170.0","8.51","170.0","0","1","0","0","8.51","","170.0","","2"
"_0491_","OK","19.555960000000052","2.722761193013888","14.948500000000001","76.185","7.297000000000001","2.680000000000007","19.954000000000015","18.597","11.3","77.525","74.845","0","12.609999999999998","12.609999999999998","12.609999999999998","5.0048","0","0","0","0","1","0","0","9.977000000000007","0","0","0","0","0","2","_007fc7d82e5a0000_p_Net","0","0","0","1","1","0","0","0","0","0","1","_007fc7d82e5a0000_p_odb__dbNet","0.0","23.772800000000004","0.0","23.772800000000004","23.772800000000004","","23.772800000000004","12.609999999999998","1","12.609999999999998","12.609999999999998","12.609999999999998","8.51","77.52","8.51","77.52","0","1","0","0","8.51","","77.52","","2"
"_0492_","OK","317.20059000000015","0.16786289394598886","14.948500000000001","140.1","7.297000000000001","43.47000000000001","101.53400000000002","18.597","11.3","161.835","118.365","0","53.41000000000001","53.41000000000001","53.41000000000001","5.0048","0","0","0","0","1","0","0","50.76700000000001","0","0","0","0","0","2","_787fc7d82e5a0000_p_Net","0","0","0","1","1","0","0","0","0","0","1","_787fc7d82e5a0000_p_odb__dbNet","0.0","23.772800000000004","0.0","23.772800000000004","23.772800000000004","","23.772800000000004","53.41000000000001","1","53.41000000000001","53.41000000000001","53.41000000000001","8.51","161.84","8.51","161.84","0","1","0","0","8.51","","161.84","","2"
"_0493_","OK","0.3941499999999776","157.659996846809","22.0785","88.38","7.882999999999999","0.04999999999999716","15.865999999999993","26.02","18.137","88.405","88.355","0","5.289999999999999","5.289999999999999","5.289999999999999","5.0048","0","0","0","0","1","0","0","7.932999999999996","0","0","0","0","0","2","_f07fc7d82e5a0000_p_Net","0","0","0","1","1","0","0","0","0","0","1","_f07fc7d82e5a0000_p_odb__dbNet","0.0","23.772800000000004","0.0","23.772800000000004","23.772800000000004","","23.772800000000004","5.289999999999999","1","5.289999999999999","5.289999999999999","5.289999999999999","23.23","88.4","23.23","88.4","1","0","0","0","23.23","","88.4","","2"
"_0494_","OK","8.798440000000015","1.2249999995429064","27.5985","119.705","3.2829999999999977","2.680000000000007","11.926000000000009","29.24","25.957","121.045","118.365","0","3.410000000000011","3.410000000000011","3.410000000000011","5.0048","0","0","0","0","1","0","0","5.9630000000000045","0","0","0","0","0","2","_6880c7d82e5a0000_p_Net","0","0","0","1","1","0","0","0","0","0","1","_6880c7d82e5a0000_p_odb__dbNet","0.0","23.772800000000004","0.0","23.772800000000004","23.772800000000004","","23.772800000000004","3.410000000000011","1","3.410000000000011","3.410000000000011","3.410000000000011","26.45","121.04","26.45","121.04","0","1","0","0","26.45","","121.04","","2"
"ack","OK","537.5986420000002","1.1331894770151418","39.451","107.6105","24.682000000000002","21.781000000000006","92.92600000000002","51.792","27.11","118.501","96.72","0","38.08999999999999","23.399999999999995","70.19999999999999","25.024","0","0","1","0","3","0","0","46.46300000000001","0","0","0","0","0","4","_e080c7d82e5a0000_p_Net","0","0","0","1","0","0","0","0","0","0","3","_e080c7d82e5a0000_p_odb__dbNet","0.0","0.0","0.0","11.2608","8.341333333333333","3.2839862173211922","25.024","16.499999999999993","3","27.779999999999994","38.08999999999999","38.08999999999999","52.21","115.6","27.14","96.56","0","1","1","1","37.873333333333335","10.547171290076891","103.81333333333333","8.408080769249434","4"
"al","OK","659.4058599999998","0.9013938698967947","41.42","101.7415","24.38","27.046999999999997","102.85399999999998","53.61","29.23","115.265","88.218","0","47.43999999999998","25.769999999999992","51.539999999999985","25.024","0","0","1","0","2","0","0","51.42699999999999","0","0","0","0","0","3","_5881c7d82e5a0000_p_Net","0","0","0","1","0","0","0","0","0","0","2","_5881c7d82e5a0000_p_odb__dbNet","0.0","0.0","0.0","7.5072","6.256","1.2511999999999999","12.512","24.389999999999993","2","4.100000000000001","47.43999999999998","47.43999999999998","50.6","115.6","28.98","91.12","0","1","0","1","39.79","10.81","103.36","12.239999999999995","3"
"arst_i","OK","14853.508099999997","0.39983916156272786","38.932500000000005","106.08","77.065","192.73999999999998","539.6099999999999","77.465","0.4","202.45","9.71","1","","","","","0","0","0","0","118","1","0","269.80499999999995","0","0","0","0","1","118","_d081c7d82e5a0000_p_Net","0","118","0","1","0","0","0","0","1","0","118","_d081c7d82e5a0000_p_odb__dbNet","442.9248000000006","0.0","0.0","3.7536","3.753600000000005","4.884981308350689e-15","442.9248000000006","","118","","","","77.05","202.64","5.29","9.52","29","27","22","40","41.72745762711863","20.39215760633055","99.8793220338983","60.7840663740432","119"
"byte_controller.ack_out","OK","8.608359999999994","1.5222876360293143","52.197","114.22900000000001","3.6199999999999974","2.378","11.995999999999995","54.007","50.387","115.418","113.04","0","5.75","5.039999999999999","10.079999999999998","25.024","0","0","1","0","2","0","0","5.9979999999999976","0","0","0","0","0","3","_4882c7d82e5a0000_p_Net","0","0","0","1","0","0","0","0","0","0","2","_4882c7d82e5a0000_p_odb__dbNet","0.0","0.0","0.0","6.256","5.0048","1.2512","10.0096","5.039999999999999","2","4.329999999999998","5.75","5.75","53.59","115.6","49.45","112.88","0","1","0","1","51.52","2.0700000000000003","114.24","1.3599999999999994","3"
"byte_controller.bit_controller.al","OK","213.33507499999988","0.20018379536835088","49.8825","107.6275","6.534999999999997","32.644999999999996","78.35999999999999","53.15","46.615","123.95","91.305","0","31.33999999999999","22.86","68.58","25.024","0","0","1","0","3","0","0","39.17999999999999","0","0","0","0","0","4","_c082c7d82e5a0000_p_Net","0","1","0","1","0","0","0","0","0","0","3","_c082c7d82e5a0000_p_odb__dbNet","5.0048","0.0","0.0","27.5264","12.512","10.6167840554473","37.536","16.47333333333333","3","29.039999999999992","31.33999999999999","31.33999999999999","51.52","123.76","44.62","91.12","1","0","1","1","48.913333333333334","3.058990392633203","102.0","15.386643558619273","4"
"byte_controller.bit_controller.busy","OK","523.59615","0.5990191104143745","39.245000000000005","73.4225","17.71","29.564999999999998","94.55","48.1","30.39","88.205","58.64","0","41.040000000000006","24.045000000000005","48.09000000000001","25.024","0","0","1","0","2","0","0","47.275","0","0","0","0","0","3","_3883c7d82e5a0000_p_Net","0","0","0","1","0","0","0","0","0","0","2","_3883c7d82e5a0000_p_odb__dbNet","0.0","0.0","0.0","10.0096","6.881600000000001","3.1280000000000006","13.763200000000001","16.994999999999997","2","7.050000000000004","41.040000000000006","41.040000000000006","48.53","88.4","30.36","58.48","0","1","0","1","39.445","9.085","73.44","14.960000000000004","3"
"byte_controller.bit_controller.c_state[0]","OK","45.98209","0.6318133863988029","71.982","65.2755","5.390000000000001","8.530999999999999","27.842","74.677","69.287","69.541","61.01","0","10.5","7.295999999999995","36.479999999999976","25.024","0","0","1","0","5","0","0","13.921","1","0","0","0","0","6","_b083c7d82e5a0000_p_Net","0","1","0","1","0","0","0","0","0","0","5","_b083c7d82e5a0000_p_odb__dbNet","3.7536","0.0","0.0","12.512","8.007679999999999","3.4128185878537405","40.038399999999996","7.019999999999982","5","8.239999999999995","10.5","10.5","75.44","66.64","69.23","61.2","2","1","1","1","72.588","2.34825381933044","65.00800000000001","2.1759999999999993","6"
"byte_controller.bit_controller.c_state[10]","OK","44.82006000000005","1.3650959858001572","86.041","41.985","7.822000000000003","5.730000000000004","27.104000000000013","89.952","82.13","44.85","39.12","0","12.190000000000012","9.07600000000001","45.380000000000045","25.024","0","0","1","0","5","0","0","13.552000000000007","1","0","0","0","0","6","_2884c7d82e5a0000_p_Net","0","1","0","1","0","0","0","0","0","0","5","_2884c7d82e5a0000_p_odb__dbNet","3.7536","0.0","0.0","7.5072","6.00576","1.2259206264681253","30.0288","7.988000000000021","5","8.469999999999999","12.190000000000012","12.190000000000012","89.93","44.88","81.65","39.44","1","1","2","1","84.64000000000001","3.1803270272096245","41.071999999999996","2.1760000000000015","6"
"byte_controller.bit_controller.c_state[11]","OK","100.07269999999995","0.20687460215482048","85.785","33.935","4.549999999999997","21.994000000000003","53.088","88.06","83.51","44.932","22.938","0","30.499999999999996","22.86799999999999","114.33999999999996","25.024","0","0","1","0","5","0","0","26.544","1","0","0","0","0","6","_a084c7d82e5a0000_p_Net","0","1","0","1","0","0","0","0","0","0","5","_a084c7d82e5a0000_p_odb__dbNet","3.7536","0.0","0.0","12.512","6.50624","3.3008923069982155","32.5312","22.86799999999999","5","23.679999999999996","30.499999999999996","30.499999999999996","87.86","44.88","85.33","28.56","4","0","1","0","86.756","0.9130739290988427","38.352","5.600822796696929","6"
"byte_controller.bit_controller.c_state[12]","OK","195.1686400000002","0.5593147751306579","83.711","144.18","10.448000000000008","18.680000000000007","58.25600000000003","88.935","78.487","153.52","134.84","0","24.14000000000003","13.165714285714287","92.16000000000001","25.024","0","0","1","0","7","0","0","29.128000000000014","1","0","0","0","0","8","_1885c7d82e5a0000_p_Net","0","0","0","1","0","0","0","0","0","0","7","_1885c7d82e5a0000_p_odb__dbNet","0.0","0.0","0.0","15.0144","8.579657142857142","4.091611015884345","60.0576","12.322857142857174","7","12.069999999999993","24.14000000000003","24.14000000000003","86.48","153.68","78.43","134.64","2","1","1","3","84.37714285714287","2.736429969794921","144.3542857142857","6.478780434492852","8"
"byte_controller.bit_controller.c_state[13]","OK","301.8256500000004","0.7998970398558612","78.896","143.4425","15.538000000000011","19.42500000000001","69.92600000000004","86.665","71.127","153.155","133.73","0","28.32000000000002","17.982000000000003","89.91000000000001","25.024","0","0","1","0","5","0","0","34.96300000000002","1","0","0","0","0","6","_9085c7d82e5a0000_p_Net","0","1","0","1","0","0","0","0","0","0","5","_9085c7d82e5a0000_p_odb__dbNet","3.7536","0.0","0.0","12.512","8.25792","3.224116865375695","41.2896","15.530000000000001","5","17.209999999999994","28.32000000000002","28.32000000000002","86.48","153.68","71.07","134.64","2","1","0","2","82.938","5.952691492089947","143.888","7.0089497073384734","6"
"byte_controller.bit_controller.c_state[14]","OK","363.852538","0.7516931048247034","77.096","140.14049999999997","16.537999999999997","22.001000000000005","77.078","85.365","68.827","151.141","129.14","0","33.34000000000003","24.16833333333334","145.01000000000005","25.024","0","0","1","0","6","0","0","38.539","1","0","0","0","0","7","_0886c7d82e5a0000_p_Net","0","1","0","1","0","0","0","0","0","0","6","_0886c7d82e5a0000_p_odb__dbNet","3.7536","0.0","0.0","12.512","8.549866666666667","2.836359983421631","51.2992","23.938333333333375","6","26.75","33.34000000000003","33.34000000000003","86.48","148.24","68.77","129.2","1","1","0","4","81.61166666666668","6.0290668616480145","139.17333333333332","6.411101482758038","7"
"byte_controller.bit_controller.c_state[15]","OK","65.53924999999997","0.5401724920072454","83.265","140.2025","5.949999999999989","11.015000000000015","33.93000000000001","86.24","80.29","145.71","134.695","0","21.460000000000022","16.0675","64.27","25.024","0","0","1","0","4","0","0","16.965000000000003","1","0","0","0","0","5","_8086c7d82e5a0000_p_Net","0","1","0","1","0","0","0","0","0","0","4","_8086c7d82e5a0000_p_odb__dbNet","3.7536","0.0","0.0","12.512","7.1944","3.354406296202057","28.7776","16.067499999999995","4","16.47999999999999","21.460000000000022","21.460000000000022","86.94","145.52","84.87","134.64","1","0","0","3","85.8475","0.8814583087134638","139.4","4.022934252507746","5"
"byte_controller.bit_controller.c_state[16]","OK","315.82917900000007","0.13184725088098723","84.4335","134.4665","6.453000000000003","48.942999999999984","110.79199999999997","87.66","81.207","158.938","109.995","0","57.93000000000001","32.668749999999996","261.34999999999997","26.2752","0","0","1","0","8","0","0","55.39599999999999","1","0","0","0","0","9","_f886c7d82e5a0000_p_Net","0","1","0","1","0","0","0","1","0","0","8","_f886c7d82e5a0000_p_odb__dbNet","7.5072","0.0","3.7536","10.0096","6.4124","2.293274165903415","51.2992","32.66874999999999","8","21.83999999999999","57.93000000000001","57.93000000000001","88.09","153.68","80.96","110.16","2","2","2","2","84.89874999999999","2.36082844304706","134.3","16.001687411020132","9"
"byte_controller.bit_controller.c_state[1]","OK","294.68081700000005","0.1399986922090718","72.4785","43.5205","6.423000000000002","45.87899999999999","104.60399999999998","75.69","69.267","66.46","20.581","0","50.38","33.458333333333336","200.75000000000003","25.024","0","0","1","0","6","0","0","52.30199999999999","1","0","0","0","0","7","_7087c7d82e5a0000_p_Net","0","1","0","1","0","0","0","0","0","0","6","_7087c7d82e5a0000_p_odb__dbNet","3.7536","0.0","0.0","12.512","8.966933333333333","2.836359983421631","53.8016","32.99833333333335","6","30.379999999999995","50.38","50.38","75.44","66.64","70.61","23.12","2","3","1","0","72.56500000000001","1.9639988968089237","52.13333333333333","14.703662431139016","7"
"byte_controller.bit_controller.c_state[2]","OK","235.8663000000003","0.19259894270059755","73.265","48.942499999999995","6.740000000000009","34.995","83.47000000000001","76.635","69.895","66.44","31.445","0","36.59","24.206000000000007","121.03000000000003","25.024","0","0","1","0","5","0","0","41.73500000000001","1","0","0","0","0","6","_e887c7d82e5a0000_p_Net","0","1","0","1","0","0","0","1","0","0","5","_e887c7d82e5a0000_p_odb__dbNet","3.7536","0.0","3.7536","7.5072","4.75456","1.459137402166088","23.7728","22.84200000000002","5","34.480000000000004","36.59","36.59","77.05","66.64","69.69","31.28","2","1","2","0","73.09400000000001","2.6078389520827394","54.12800000000001","13.826592349527052","6"
"byte_controller.bit_controller.c_state[3]","OK","140.7320519999999","0.11724297176824902","73.76599999999999","54.224000000000004","4.061999999999998","34.645999999999994","77.41599999999998","75.797","71.735","71.547","36.901","0","36.510000000000005","24.175000000000008","145.05000000000004","25.024","0","0","1","0","6","0","0","38.70799999999999","1","0","0","0","0","7","_80ecc7d82e5a0000_p_Net","0","0","0","1","0","0","0","1","0","0","6","_80ecc7d82e5a0000_p_odb__dbNet","0.0","0.0","3.7536","12.512","6.464533333333333","3.014731427875827","38.7872","24.175000000000004","6","28.580000000000013","36.510000000000005","36.510000000000005","75.44","72.08","71.53","39.44","2","2","2","0","72.795","1.7147473088864524","58.48","11.95975473550078","7"
"byte_controller.bit_controller.c_state[4]","OK","197.178245","1.12669135980598","82.2225","92.47550000000001","14.905000000000001","13.229","56.268","89.675","74.77","99.09","85.861","0","29.929999999999993","19.63","117.78","25.024","0","0","1","0","6","0","0","28.134","1","0","0","0","0","7","_f8ecc7d82e5a0000_p_Net","0","1","0","1","0","0","0","1","0","0","6","_f8ecc7d82e5a0000_p_odb__dbNet","3.7536","0.0","3.7536","12.512","6.673066666666667","2.9491066820686944","40.0384","19.629999999999995","6","17.36","29.929999999999993","29.929999999999993","89.47","99.28","79.58","85.68","1","1","1","3","85.02333333333333","3.996238509176125","90.66666666666667","4.818999435106373","7"
"byte_controller.bit_controller.c_state[5]","OK","13.387380000000086","0.312996941848167","78.0935","93.47999999999999","2.0470000000000113","6.540000000000006","17.174000000000035","79.117","77.07","96.75","90.21","0","11.419999999999987","9.15999999999999","18.31999999999998","25.024","0","0","1","0","2","0","0","8.587000000000018","1","0","0","0","0","3","_70edc7d82e5a0000_p_Net","0","1","0","1","0","0","0","0","0","0","2","_70edc7d82e5a0000_p_odb__dbNet","5.0048","0.0","0.0","7.5072","6.256","1.2511999999999999","12.512","9.159999999999997","2","6.8999999999999915","11.419999999999987","11.419999999999987","79.58","96.56","78.66","91.12","1","0","0","1","79.12","0.46000000000000085","93.84","2.719999999999999","3"
"byte_controller.bit_controller.c_state[6]","OK","222.84794000000005","0.13722765397445963","81.23","111.589","5.530000000000001","40.298","91.656","83.995","78.465","131.738","91.44","0","47.04999999999998","33.715999999999994","168.57999999999996","25.024","0","0","1","0","5","0","0","45.828","1","0","0","0","0","6","_e8edc7d82e5a0000_p_Net","0","1","0","1","0","0","0","1","0","0","5","_e8edc7d82e5a0000_p_odb__dbNet","3.7536","0.0","3.7536","12.512","6.50624","3.3008923069982155","32.5312","33.715999999999994","5","42.219999999999985","47.04999999999998","47.04999999999998","84.41","129.2","78.43","91.12","0","1","2","2","80.868","2.1897159633157885","103.63199999999999","14.454439318078022","6"
"byte_controller.bit_controller.c_state[7]","OK","103.62919999999994","0.8224498885681563","81.723","88.0475","9.232","11.224999999999994","40.91399999999999","86.339","77.107","93.66","82.435","0","14.370000000000005","7.868333333333339","47.210000000000036","25.024","0","0","1","0","6","0","0","20.456999999999994","1","0","0","0","0","7","_60eec7d82e5a0000_p_Net","0","1","0","1","0","0","0","0","0","0","6","_60eec7d82e5a0000_p_odb__dbNet","3.7536","0.0","0.0","12.512","7.7157333333333336","3.1831231846865253","46.2944","5.211666666666659","6","6.670000000000002","14.370000000000005","14.370000000000005","86.25","93.84","77.05","82.96","1","2","1","2","82.07166666666667","3.4967480924742413","88.39999999999999","4.711178196587349","7"
"byte_controller.bit_controller.c_state[8]","OK","438.58508100000046","0.1960589466520911","84.0435","40.8035","9.27300000000001","47.297","113.14000000000001","88.68","79.407","64.452","17.155","0","52.49","30.185000000000002","181.11","25.024","0","0","1","0","6","0","0","56.57000000000001","1","0","0","0","0","7","_d8eec7d82e5a0000_p_Net","0","1","0","1","0","0","0","0","0","0","6","_d8eec7d82e5a0000_p_odb__dbNet","3.7536","0.0","0.0","11.2608","6.464533333333333","2.545473731067668","38.7872","28.89500000000001","6","27.089999999999996","52.49","52.49","89.47","63.92","79.35","17.68","2","1","1","2","85.36833333333334","3.370936648602121","44.42666666666667","15.419998558870088","7"
"byte_controller.bit_controller.c_state[9]","OK","394.6893599999998","0.5275665399046661","78.80199999999999","31.174","14.429999999999993","27.352","83.564","86.017","71.587","44.85","17.498","0","39.849999999999994","30.477999999999998","152.39","25.024","0","0","1","0","5","0","0","41.782","1","0","0","0","0","6","_50efc7d82e5a0000_p_Net","0","1","0","1","0","0","0","0","0","0","5","_50efc7d82e5a0000_p_odb__dbNet","3.7536","0.0","0.0","11.2608","6.756479999999999","2.576378486480587","33.782399999999996","30.018","5","35.059999999999995","39.849999999999994","39.849999999999994","86.48","44.88","71.53","25.84","4","0","1","0","82.57000000000001","5.635704037651374","37.808","6.573177009635447","6"
"byte_controller.bit_controller.clk_cnt[0]","OK","1126.5587200000002","0.19422268907308005","28.756","107.642","14.792000000000002","76.16000000000001","181.90400000000002","36.152","21.36","145.722","69.562","0","89.27000000000001","39.53","118.59","26.2752","0","0","1","0","3","0","0","90.95200000000001","1","0","0","0","0","4","_c8efc7d82e5a0000_p_Net","0","0","0","1","0","0","0","0","0","0","3","_c8efc7d82e5a0000_p_odb__dbNet","0.0","0.0","0.0","10.0096","5.838933333333333","2.9491066820686944","17.5168","39.53","3","23.839999999999996","89.27000000000001","89.27000000000001","36.57","142.8","20.93","69.36","1","1","0","1","29.593333333333334","6.495436004525708","117.41333333333334","33.99697764344485","4"
"byte_controller.bit_controller.clk_cnt[10]","OK","1325.6499360000003","0.14516078398391474","33.816","141.4185","13.872000000000003","95.56299999999999","218.86999999999998","40.752","26.88","189.2","93.637","0","59.53999999999998","37.62333333333333","112.86999999999999","26.2752","0","0","1","0","3","0","0","109.43499999999999","1","0","0","0","0","4","_40f0c7d82e5a0000_p_Net","0","0","0","1","0","0","0","0","0","0","3","_40f0c7d82e5a0000_p_odb__dbNet","0.0","0.0","0.0","10.0096","5.838933333333333","2.9491066820686944","17.5168","4.036666666666665","3","46.47000000000001","59.53999999999998","59.53999999999998","41.17","189.04","26.45","93.84","1","1","1","0","32.81333333333333","6.172499943746907","141.89333333333335","38.87052467987651","4"
"byte_controller.bit_controller.clk_cnt[11]","OK","525.9813200000002","0.0693591171632884","27.6","142.61849999999998","6.040000000000003","87.083","186.246","30.62","24.58","186.16","99.077","0","80.99","35.056666666666665","105.16999999999999","26.2752","0","0","1","0","3","0","0","93.123","1","0","0","0","0","4","_b8f0c7d82e5a0000_p_Net","0","0","0","1","0","0","0","0","0","0","3","_b8f0c7d82e5a0000_p_odb__dbNet","0.0","0.0","0.0","10.0096","5.838933333333333","2.9491066820686944","17.5168","27.803333333333356","3","19.619999999999997","80.99","80.99","31.05","186.32","24.15","99.28","1","1","1","0","27.44666666666667","2.825247285145537","152.7733333333333","38.23081247138519","4"
"byte_controller.bit_controller.clk_cnt[12]","OK","709.5456","0.21992957746091676","19.786","141.44","12.492","56.8","138.584","26.032","13.54","169.84","113.04","0","61.800000000000004","30.513333333333332","91.53999999999999","26.2752","0","0","1","0","3","0","0","69.292","1","0","0","0","0","4","_30f1c7d82e5a0000_p_Net","0","0","0","1","0","0","0","0","0","0","3","_30f1c7d82e5a0000_p_odb__dbNet","0.0","0.0","0.0","3.7536","3.7536","0.0","11.2608","26.886666666666663","3","21.54","61.800000000000004","61.800000000000004","26.45","170.0","13.11","112.88","1","1","0","1","20.01","5.45573704156154","147.33333333333334","24.763787181195767","4"
"byte_controller.bit_controller.clk_cnt[13]","OK","172.16261999999986","0.08980244375722732","28.386000000000003","137.1525","3.9319999999999986","43.78499999999998","95.43399999999997","30.352","26.42","159.045","115.26","0","43.79000000000001","18.466666666666672","55.40000000000001","26.2752","0","0","1","0","3","0","0","47.716999999999985","1","0","0","0","0","4","_a8f1c7d82e5a0000_p_Net","0","0","0","1","0","0","0","0","0","0","3","_a8f1c7d82e5a0000_p_odb__dbNet","0.0","0.0","0.0","7.5072","5.421866666666666","1.5605205741105186","16.2656","16.65333333333333","3","6.170000000000002","43.79000000000001","43.79000000000001","29.44","159.12","25.99","115.6","1","1","0","1","28.136666666666667","1.5294951963166015","141.89333333333335","18.88828443477303","4"
"byte_controller.bit_controller.clk_cnt[14]","OK","1504.9687","0.1274594614480917","20.005","140.351","13.85","108.66199999999999","245.02399999999997","26.93","13.08","194.682","86.02","0","120.52999999999999","48.49333333333333","145.48","26.2752","0","0","1","0","3","0","0","122.51199999999999","1","0","0","0","0","4","_20f2c7d82e5a0000_p_Net","0","0","0","1","0","0","0","0","0","0","3","_20f2c7d82e5a0000_p_odb__dbNet","0.0","0.0","0.0","7.5072","5.421866666666666","1.5605205741105186","16.2656","48.49333333333335","3","21.31","120.52999999999999","120.52999999999999","27.6","191.76","12.65","85.68","1","1","0","1","21.236666666666668","6.302540933799814","155.4933333333333","49.377968996529425","4"
"byte_controller.bit_controller.clk_cnt[15]","OK","299.9998040000001","0.05153544700248329","25.166","153.4085","3.932000000000002","76.29699999999998","160.45799999999997","27.132","23.2","191.557","115.26","0","78.22999999999999","28.886666666666667","86.66","26.2752","0","0","1","0","3","0","0","80.22899999999998","1","0","0","0","0","4","_98f2c7d82e5a0000_p_Net","0","0","0","1","0","0","0","0","0","0","3","_98f2c7d82e5a0000_p_odb__dbNet","0.0","0.0","0.0","7.5072","5.421866666666666","1.5605205741105186","16.2656","28.886666666666684","3","5.710000000000001","78.22999999999999","78.22999999999999","25.76","189.04","22.77","115.6","1","1","1","0","24.456666666666667","1.2503954929896743","164.55999999999997","34.61994800689337","4"
"byte_controller.bit_controller.clk_cnt[1]","OK","1250.26929","0.08272529832285867","27.365000000000002","133.2135","10.170000000000002","122.93699999999998","266.21399999999994","32.45","22.28","194.682","71.745","0","125.38999999999999","67.31333333333332","201.93999999999994","26.2752","0","0","1","0","3","0","0","133.10699999999997","1","0","0","0","0","4","_10f3c7d82e5a0000_p_Net","0","0","0","1","0","0","0","0","0","0","3","_10f3c7d82e5a0000_p_odb__dbNet","0.0","0.0","0.0","7.5072","5.421866666666666","1.5605205741105186","16.2656","67.31333333333333","3","68.38999999999997","125.38999999999999","125.38999999999999","33.12","186.32","21.85","72.08","1","1","1","0","26.603333333333335","4.7669160773910075","131.92","46.79664945271189","4"
"byte_controller.bit_controller.clk_cnt[2]","OK","248.00594000000024","0.1461271451769273","32.19","114.24350000000001","6.020000000000003","41.19700000000002","94.43400000000004","35.2","29.18","134.842","93.645","0","41.94999999999998","19.233333333333327","57.69999999999998","26.2752","0","0","1","0","3","0","0","47.21700000000002","1","0","0","0","0","4","_88f3c7d82e5a0000_p_Net","0","0","0","1","0","0","0","0","0","0","3","_88f3c7d82e5a0000_p_odb__dbNet","0.0","0.0","0.0","10.0096","7.090133333333334","2.5709716001715948","21.270400000000002","18.619999999999976","3","9.39","41.94999999999998","41.94999999999998","36.34","131.92","28.75","93.84","1","1","1","0","31.97","3.203529303752349","118.32000000000001","17.34555466586948","4"
"byte_controller.bit_controller.clk_cnt[3]","OK","664.4106000000002","0.14219881500779463","28.520000000000003","133.2625","9.720000000000002","68.355","156.15","33.38","23.66","167.44","99.085","0","69.19","32.029999999999994","96.08999999999999","26.2752","0","0","1","0","3","0","0","78.075","1","0","0","0","0","4","_00f4c7d82e5a0000_p_Net","0","0","0","1","0","0","0","0","0","0","3","_00f4c7d82e5a0000_p_odb__dbNet","0.0","0.0","0.0","10.0096","5.838933333333333","2.9491066820686944","17.5168","30.216666666666686","3","24.179999999999996","69.19","69.19","33.81","167.28","23.23","99.28","1","1","1","0","28.060000000000002","4.367981990194862","139.17333333333332","28.984986151837685","4"
"byte_controller.bit_controller.clk_cnt[4]","OK","1451.1210299999998","0.16964546368495415","22.765","121.2385","15.69","92.487","216.35399999999998","30.61","14.92","167.482","74.995","0","102.37","44.25333333333333","132.76","26.2752","0","0","1","0","3","0","0","108.17699999999999","1","0","0","0","0","4","_78f4c7d82e5a0000_p_Net","0","0","0","1","0","0","0","0","0","0","3","_78f4c7d82e5a0000_p_odb__dbNet","0.0","0.0","0.0","10.0096","6.256","2.702900920615972","18.768","44.25333333333332","3","24.949999999999996","102.37","102.37","31.28","161.84","14.49","74.8","1","1","0","1","23.383333333333336","6.890623258377206","131.92000000000002","40.40520098535171","4"
"byte_controller.bit_controller.clk_cnt[5]","OK","456.31215","0.1275813059087437","31.865000000000002","126.6575","7.629999999999999","59.80500000000001","134.87","35.68","28.05","156.56","96.755","0","58.730000000000004","23.99666666666667","71.99000000000001","26.2752","0","0","1","0","3","0","0","67.435","1","0","0","0","0","4","_f0f4c7d82e5a0000_p_Net","0","0","0","1","0","0","0","0","0","0","3","_f0f4c7d82e5a0000_p_odb__dbNet","0.0","0.0","0.0","10.0096","5.838933333333333","2.9491066820686944","17.5168","19.57666666666666","3","8.239999999999998","58.730000000000004","58.730000000000004","36.11","156.4","28.29","96.56","1","1","1","0","31.12666666666667","3.534990177575541","134.64000000000001","27.018058158695766","4"
"byte_controller.bit_controller.clk_cnt[6]","OK","2799.499904","0.29201732167362515","26.456000000000003","137.161","28.592000000000002","97.91199999999999","253.00799999999998","40.752","12.16","186.117","88.205","0","117.92999999999998","58.20333333333332","174.60999999999996","26.2752","0","0","1","0","3","0","0","126.50399999999999","1","0","0","0","0","4","_68f5c7d82e5a0000_p_Net","0","0","0","1","0","0","0","0","0","0","3","_68f5c7d82e5a0000_p_odb__dbNet","0.0","0.0","0.0","10.0096","5.838933333333333","2.9491066820686944","17.5168","58.20333333333335","3","52.57999999999999","117.92999999999998","117.92999999999998","41.17","183.6","11.73","88.4","1","1","0","1","27.753333333333334","12.15934300125719","145.51999999999998","41.131100965895214","4"
"byte_controller.bit_controller.clk_cnt[7]","OK","623.4774799999998","0.09361941990155719","30.951999999999998","137.55849999999998","7.639999999999997","81.607","178.494","34.772","27.132","178.362","96.755","0","91.49","36.47666666666667","109.42999999999999","26.2752","0","0","1","0","3","0","0","89.247","1","0","0","0","0","4","_e0f5c7d82e5a0000_p_Net","0","0","0","1","0","0","0","0","0","0","3","_e0f5c7d82e5a0000_p_odb__dbNet","0.0","0.0","0.0","10.0096","5.838933333333333","2.9491066820686944","17.5168","36.476666666666645","3","12.419999999999998","91.49","91.49","35.19","178.16","28.29","96.56","1","1","0","1","32.04666666666666","2.8501033119676356","150.96","38.46660889654818","4"
"byte_controller.bit_controller.clk_cnt[8]","OK","2098.265196","0.1392276174406032","30.366","111.49849999999999","17.092","122.763","279.71000000000004","38.912","21.82","172.88","50.117","0","121.41000000000001","50.98333333333333","152.95","26.2752","0","0","1","0","3","0","0","139.85500000000002","1","0","0","0","0","4","_58f6c7d82e5a0000_p_Net","0","0","0","1","0","0","0","0","0","0","3","_58f6c7d82e5a0000_p_odb__dbNet","0.0","0.0","0.0","10.0096","5.838933333333333","2.9491066820686944","17.5168","43.730000000000004","3","28.819999999999993","121.41000000000001","121.41000000000001","39.33","172.72","21.39","50.32","1","1","0","1","30.666666666666668","7.336803724299082","127.38666666666667","54.77647508029539","4"
"byte_controller.bit_controller.clk_cnt[9]","OK","2942.0937810000005","0.17248455242090546","25.7235","131.7385","22.527","130.603","306.26","36.987","14.46","197.04","66.437","0","137.69","55.22333333333333","165.67","26.2752","0","0","1","0","3","0","0","153.13","1","0","0","0","0","4","_d0f6c7d82e5a0000_p_Net","0","0","0","1","0","0","0","0","0","0","3","_d0f6c7d82e5a0000_p_odb__dbNet","0.0","0.0","0.0","10.0096","5.838933333333333","2.9491066820686944","17.5168","50.31666666666668","3","15.18","137.69","137.69","36.57","197.2","14.03","66.64","1","1","0","1","26.373333333333335","9.32627232904742","151.86666666666665","60.30526197789229","4"
"byte_controller.bit_controller.clk_en","OK","201.16764000000006","0.3567909033330473","65.976","125.28450000000001","8.472000000000001","23.745000000000005","64.43400000000001","70.212","61.74","137.157","113.412","0","32.840000000000025","22.940000000000026","137.64000000000016","26.2752","0","0","1","0","6","0","0","32.217000000000006","0","0","1","0","0","7","_48f7c7d82e5a0000_p_Net","0","0","0","1","0","0","0","0","0","0","6","_48f7c7d82e5a0000_p_odb__dbNet","0.0","0.0","0.0","16.265600000000003","8.341333333333335","4.128749354896173","50.04800000000001","22.940000000000005","6","22.570000000000014","32.840000000000025","32.840000000000025","71.53","134.64","60.95","112.88","1","1","1","3","66.16333333333333","3.8017700555866814","122.85333333333334","7.309780358457349","7"
"byte_controller.bit_controller.cmd_ack","OK","503.4451500000001","0.1690365375422539","57.314499999999995","91.214","9.225000000000001","54.574000000000005","127.59800000000001","61.927","52.702","118.501","63.927","0","56.92999999999999","37.79799999999999","188.98999999999995","25.024","0","0","1","0","5","0","0","63.79900000000001","0","0","0","0","0","6","_c0f7c7d82e5a0000_p_Net","0","1","0","1","0","0","0","0","0","0","5","_c0f7c7d82e5a0000_p_odb__dbNet","3.7536","0.0","0.0","11.2608","6.256","2.741241855801855","31.28","35.49799999999998","5","33.329999999999984","56.92999999999999","56.92999999999999","61.87","96.56","53.13","63.92","1","1","1","2","58.098","3.0150184079040034","82.96000000000001","12.164209797598856","6"
"byte_controller.bit_controller.cmd_stop","OK","70.57225999999999","0.5968364906569035","60.025000000000006","140.264","6.490000000000002","10.873999999999995","34.727999999999994","63.27","56.78","145.701","134.827","0","13.640000000000022","9.445000000000011","18.890000000000022","25.024","0","0","1","0","2","0","0","17.363999999999997","0","0","0","0","0","3","_38f8c7d82e5a0000_p_Net","0","0","0","1","0","0","0","0","0","0","2","_38f8c7d82e5a0000_p_odb__dbNet","0.0","0.0","0.0","10.0096","6.881600000000001","3.1280000000000006","13.763200000000001","6.915000000000013","2","5.25","13.640000000000022","13.640000000000022","61.64","142.8","56.35","134.64","0","1","0","1","58.995000000000005","2.6449999999999996","138.72","4.0800000000000125","3"
"byte_controller.bit_controller.cnt[0]","OK","83.85984000000008","2.5838160430781434","48.09","137.5635","14.720000000000006","5.697000000000003","40.83400000000002","55.45","40.73","140.412","134.715","0","15.10000000000003","11.255000000000024","67.53000000000014","25.024","0","0","1","0","6","0","0","20.41700000000001","1","0","0","0","0","7","_b0f8c7d82e5a0000_p_Net","0","0","0","1","0","0","0","0","0","0","6","_b0f8c7d82e5a0000_p_odb__dbNet","0.0","0.0","0.0","8.758400000000002","6.8816","1.5743921409017942","41.2896","11.255000000000024","6","10.31000000000003","15.10000000000003","15.10000000000003","46.69","140.08","40.71","134.64","0","3","3","0","43.43166666666667","1.9848376647866073","138.26666666666668","2.027368299599817","7"
"byte_controller.bit_controller.cnt[10]","OK","92.2791109999999","1.3600825541629138","51.688500000000005","192.74849999999998","11.202999999999996","8.236999999999995","38.87999999999998","57.29","46.087","196.867","188.63","0","12.799999999999997","10.289999999999996","41.15999999999998","25.024","0","0","1","0","4","0","0","19.43999999999999","1","0","0","0","0","5","_28f9c7d82e5a0000_p_Net","0","0","0","1","0","0","0","0","0","0","4","_28f9c7d82e5a0000_p_odb__dbNet","0.0","0.0","0.0","8.758400000000002","7.507200000000001","1.5324007830851567","30.028800000000004","8.929999999999993","4","9.849999999999994","12.799999999999997","12.799999999999997","47.84","197.2","45.54","189.04","0","1","3","0","46.690000000000005","1.0413692908858032","191.76","3.331306050185121","5"
"byte_controller.bit_controller.cnt[11]","OK","39.952769999999965","1.359527762154674","44.405","191.9505","7.3700000000000045","5.420999999999992","25.581999999999994","48.09","40.72","194.661","189.24","0","9.579999999999998","7.523333333333331","22.569999999999993","25.024","0","0","1","0","3","0","0","12.790999999999997","1","0","0","0","0","4","_a0f9c7d82e5a0000_p_Net","0","0","0","1","0","0","0","0","0","0","3","_a0f9c7d82e5a0000_p_odb__dbNet","0.0","0.0","0.0","8.758400000000002","7.090133333333334","1.5605205741105188","21.270400000000002","5.5300000000000225","3","7.279999999999994","9.579999999999998","9.579999999999998","47.84","191.76","40.71","189.04","0","0","1","2","44.696666666666665","2.9712660975116694","189.94666666666663","1.2822202965516056","4"
"byte_controller.bit_controller.cnt[12]","OK","111.47307599999996","0.4194577352214787","35.471000000000004","183.409","6.838000000000001","16.301999999999992","46.27999999999999","38.89","32.052","191.56","175.258","0","19.079999999999995","12.604999999999997","50.41999999999999","25.024","0","0","1","0","4","0","0","23.139999999999993","1","0","0","0","0","5","_18fac7d82e5a0000_p_Net","0","1","0","1","0","0","0","0","0","0","4","_18fac7d82e5a0000_p_odb__dbNet","3.7536","0.0","0.0","12.512","8.1328","3.1279999999999997","32.5312","11.569999999999993","4","11.569999999999993","19.079999999999995","19.079999999999995","35.88","191.76","31.74","178.16","1","2","1","0","33.81","1.7591617321895114","186.32","5.088654046012558","5"
"byte_controller.bit_controller.cnt[13]","OK","184.4841959999998","0.35327323646274883","35.313500000000005","181.244","8.073","22.851999999999975","61.84999999999995","39.35","31.277","192.67","169.818","0","24.979999999999993","14.933999999999994","74.66999999999997","25.024","0","0","1","0","5","0","0","30.924999999999976","1","0","0","0","0","6","_90fac7d82e5a0000_p_Net","0","0","0","1","0","0","0","0","0","0","5","_90fac7d82e5a0000_p_odb__dbNet","0.0","0.0","0.0","12.512","8.25792","2.808937033398933","41.2896","13.829999999999991","5","16.54999999999999","24.979999999999993","24.979999999999993","36.57","191.76","31.74","172.72","1","2","1","1","34.730000000000004","1.677581592650564","183.6","7.092892216860479","6"
"byte_controller.bit_controller.cnt[14]","OK","90.2537999999999","0.7568681317988225","34.7575","191.57999999999998","8.265","10.919999999999987","38.369999999999976","38.89","30.625","197.04","186.12","0","8.849999999999994","6.599999999999999","26.399999999999995","25.024","0","0","1","0","4","0","0","19.184999999999988","1","0","0","0","0","5","_08fbc7d82e5a0000_p_Net","0","0","0","1","0","0","0","0","0","0","4","_08fbc7d82e5a0000_p_odb__dbNet","0.0","0.0","0.0","12.512","8.1328","3.1279999999999997","32.5312","4.205000000000005","4","5.48","8.849999999999994","8.849999999999994","35.88","197.2","31.74","186.32","0","2","0","2","33.695","1.857881858461405","191.07999999999998","4.022934252507737","5"
"byte_controller.bit_controller.cnt[15]","OK","13.794627999999983","0.19568842303529238","30.5035","195.90300000000002","1.6430000000000007","8.395999999999987","20.077999999999975","31.325","29.682","200.101","191.705","0","14.599999999999994","11.859999999999996","23.71999999999999","25.024","0","0","1","0","2","0","0","10.038999999999987","1","0","0","0","0","3","_80fbc7d82e5a0000_p_Net","0","0","0","1","0","0","0","0","0","0","2","_80fbc7d82e5a0000_p_odb__dbNet","0.0","0.0","0.0","7.5072","6.256","1.2511999999999999","12.512","11.859999999999982","2","9.119999999999997","14.599999999999994","14.599999999999994","31.74","194.48","28.98","191.76","0","0","1","1","30.36","1.379999999999999","193.12","1.3599999999999994","3"
"byte_controller.bit_controller.cnt[1]","OK","22.721867000000035","0.773758995981958","41.8435","137.53050000000002","4.192999999999998","5.419000000000011","19.224000000000018","43.94","39.747","140.24","134.821","0","10.040000000000028","6.974000000000025","34.870000000000125","25.024","0","0","1","0","5","0","0","9.612000000000009","1","0","0","0","0","6","_f8fbc7d82e5a0000_p_Net","0","0","0","1","0","0","0","0","0","0","5","_f8fbc7d82e5a0000_p_odb__dbNet","0.0","0.0","0.0","8.758400000000002","6.256","1.7694640092412168","31.28","6.974000000000025","5","7.090000000000025","10.040000000000028","10.040000000000028","43.7","140.08","39.33","137.36","1","2","1","1","41.721999999999994","1.662376611962525","138.99200000000002","1.3325224200740484","6"
"byte_controller.bit_controller.cnt[2]","OK","82.96186200000001","0.3163517351910372","44.6085","132.038","5.123000000000005","16.19399999999999","42.633999999999986","47.17","42.047","140.135","123.941","0","17.70000000000001","13.955000000000002","55.82000000000001","25.024","0","0","1","0","4","0","0","21.316999999999993","1","0","0","0","0","5","_70fcc7d82e5a0000_p_Net","0","0","0","1","0","0","0","0","0","0","4","_70fcc7d82e5a0000_p_odb__dbNet","0.0","0.0","0.0","7.5072","5.6304","1.3988841267238685","22.5216","13.150000000000006","4","14.290000000000006","17.70000000000001","17.70000000000001","43.7","140.08","41.4","129.2","0","3","1","0","42.55","1.0413692908858032","136.68","4.45905819652537","5"
"byte_controller.bit_controller.cnt[3]","OK","81.09821999999988","1.3828675892683668","45.095","144.22899999999998","10.590000000000003","7.657999999999987","36.49599999999998","50.39","39.8","148.058","140.4","0","10.729999999999997","9.133333333333331","27.39999999999999","25.024","0","0","1","0","3","0","0","18.24799999999999","1","0","0","0","0","4","_e8fcc7d82e5a0000_p_Net","0","0","0","1","0","0","0","0","0","0","3","_e8fcc7d82e5a0000_p_odb__dbNet","0.0","0.0","0.0","8.758400000000002","6.673066666666667","2.1266310718024313","20.0192","9.133333333333333","3","10.459999999999994","10.729999999999997","10.729999999999997","43.7","148.24","39.79","140.08","0","1","2","0","41.4","1.66915148104259","143.70666666666668","3.392436030675039","4"
"byte_controller.bit_controller.cnt[4]","OK","10.631799999999922","1.9088983042759005","44.2975","157.76","4.5049999999999955","2.359999999999985","13.729999999999961","46.55","42.045","158.94","156.58","0","11.0","7.563333333333333","22.689999999999998","25.024","0","0","1","0","3","0","0","6.864999999999981","1","0","0","0","0","4","_60fdc7d82e5a0000_p_Net","0","1","0","1","0","0","0","0","0","0","3","_60fdc7d82e5a0000_p_odb__dbNet","3.7536","0.0","0.0","12.512","8.7584","3.683433065316467","26.275199999999998","7.563333333333361","3","6.899999999999999","11.0","11.0","47.84","159.12","41.63","156.4","1","0","1","1","45.31","2.662442487641752","157.30666666666664","1.2822202965516056","4"
"byte_controller.bit_controller.cnt[5]","OK","81.90905599999984","2.327714092662224","50.846000000000004","159.20600000000002","13.808","5.931999999999988","39.479999999999976","57.75","43.942","162.172","156.24","0","12.839999999999996","8.997499999999997","35.98999999999999","25.024","0","0","1","0","4","0","0","19.739999999999988","1","0","0","0","0","5","_d8fdc7d82e5a0000_p_Net","0","0","0","1","0","0","0","0","0","0","4","_d8fdc7d82e5a0000_p_odb__dbNet","0.0","0.0","0.0","12.512","9.071200000000001","2.7089274630377242","36.284800000000004","7.637500000000003","4","8.009999999999998","12.839999999999996","12.839999999999996","48.07","161.84","43.24","156.4","0","1","3","0","46.4025","1.9268935492133445","158.44","2.2553048574416708","5"
"byte_controller.bit_controller.cnt[6]","OK","24.37855399999993","0.8243839645413061","49.058499999999995","161.659","4.482999999999997","5.437999999999988","19.84199999999997","51.3","46.817","164.378","158.94","0","12.799999999999997","8.086666666666666","24.259999999999998","25.024","0","0","1","0","3","0","0","9.920999999999985","1","0","0","0","0","4","_50fec7d82e5a0000_p_Net","0","0","0","1","0","0","0","0","0","0","3","_50fec7d82e5a0000_p_odb__dbNet","0.0","0.0","0.0","12.512","10.0096","1.7694640092412157","30.028800000000004","8.086666666666659","3","6.210000000000001","12.799999999999997","12.799999999999997","51.29","164.56","46.46","159.12","1","1","1","0","48.45333333333334","2.060037755856808","161.84","2.220870700123414","4"
"byte_controller.bit_controller.cnt[7]","OK","112.51635000000023","1.780251572103109","47.453500000000005","176.86","14.152999999999999","7.950000000000017","44.20600000000003","54.53","40.377","180.835","172.885","0","9.43","7.641999999999999","38.209999999999994","25.024","0","0","1","0","5","0","0","22.103000000000016","1","0","0","0","0","6","_c8fec7d82e5a0000_p_Net","0","0","0","1","0","0","0","0","0","0","5","_c8fec7d82e5a0000_p_odb__dbNet","0.0","0.0","0.0","11.2608","8.7584","1.5826567233610702","43.792","5.46599999999998","5","8.469999999999999","9.43","9.43","49.45","180.88","40.71","172.72","1","1","3","0","45.218","2.9440000000000004","175.98399999999998","3.1720378307958423","6"
"byte_controller.bit_controller.cnt[8]","OK","77.15153000000007","1.7171415781415573","49.695","178.45850000000002","11.510000000000005","6.703000000000003","36.426000000000016","55.45","43.94","181.81","175.107","0","9.850000000000001","7.100000000000001","28.400000000000006","25.024","0","0","1","0","4","0","0","18.213000000000008","1","0","0","0","0","5","_40ffc7d82e5a0000_p_Net","0","0","0","1","0","0","0","0","0","0","4","_40ffc7d82e5a0000_p_odb__dbNet","0.0","0.0","0.0","11.2608","9.384","1.0835709852150888","37.536","5.740000000000009","4","6.670000000000002","9.850000000000001","9.850000000000001","49.45","180.88","43.93","175.44","0","2","2","0","46.0","2.16981566037302","178.84","2.2553048574416708","5"
"byte_controller.bit_controller.cnt[9]","OK","126.93222000000023","1.0391784291495476","50.6275","194.726","11.485","11.052000000000021","45.07400000000004","56.37","44.885","200.252","189.2","0","14.829999999999991","9.825999999999993","49.12999999999997","25.024","0","0","1","0","5","0","0","22.53700000000002","1","0","0","0","0","6","_b8ffc7d82e5a0000_p_Net","0","0","0","1","0","0","0","0","0","0","5","_b8ffc7d82e5a0000_p_odb__dbNet","0.0","0.0","0.0","8.758400000000002","6.756480000000001","2.032959370376103","33.7824","6.5619999999999905","5","9.159999999999997","14.829999999999991","14.829999999999991","49.45","199.92","44.39","189.04","0","2","3","0","46.506","1.859447229689513","192.84799999999998","4.742482050572251","6"
"byte_controller.bit_controller.dSCL","OK","31.061500000000006","1.064420584771488","50.477","41.976","5.75","5.402000000000001","22.304000000000002","53.352","47.602","44.677","39.275","0","6.820000000000007","6.820000000000007","6.820000000000007","26.2752","0","0","1","0","1","0","0","11.152000000000001","0","0","0","0","0","2","_3000c8d82e5a0000_p_Net","0","0","0","1","0","0","0","0","0","0","1","_3000c8d82e5a0000_p_odb__dbNet","0.0","0.0","0.0","6.256","6.256","","6.256","6.820000000000007","1","6.820000000000007","6.820000000000007","6.820000000000007","47.61","39.44","47.61","39.44","0","0","1","0","47.61","","39.44","","2"
"byte_controller.bit_controller.dSDA","OK","9.544820000000012","0.2942932396322579","43.61","39.5145","1.676000000000002","5.695","14.742000000000004","44.448","42.772","42.362","36.667","0","11.649999999999999","9.945","19.89","26.2752","0","0","1","0","2","0","0","7.371000000000002","0","0","0","0","0","3","_a800c8d82e5a0000_p_Net","0","0","0","1","0","0","0","0","0","0","2","_a800c8d82e5a0000_p_odb__dbNet","0.0","0.0","0.0","6.256","5.6304","0.6255999999999999","11.2608","9.945","2","8.240000000000002","11.649999999999999","11.649999999999999","44.62","39.44","43.93","36.72","0","0","0","2","44.275","0.34499999999999886","38.08","1.3599999999999994","3"
"byte_controller.bit_controller.din","OK","3.6371449999999808","0.6648140228025564","68.64750000000001","103.3505","1.5549999999999926","2.3389999999999986","7.7879999999999825","69.425","67.87","104.52","102.181","0","8.240000000000002","8.240000000000002","8.240000000000002","25.024","0","0","1","0","1","0","0","3.8939999999999912","0","0","0","0","0","2","_2001c8d82e5a0000_p_Net","0","0","0","1","0","0","0","0","0","0","1","_2001c8d82e5a0000_p_odb__dbNet","0.0","0.0","0.0","12.512","12.512","","12.512","8.240000000000002","1","8.240000000000002","8.240000000000002","8.240000000000002","69.0","104.72","69.0","104.72","1","0","0","0","69.0","","104.72","","2"
"byte_controller.bit_controller.dout","OK","816.9770289999999","0.2999061176728698","47.1335","59.9085","15.652999999999999","52.193","135.692","54.96","39.307","86.005","33.812","0","50.42000000000001","34.81","69.62","30.0288","0","0","0","0","2","0","0","67.846","0","0","0","0","0","3","_9801c8d82e5a0000_p_Net","0","0","0","1","0","0","0","0","0","0","2","_9801c8d82e5a0000_p_odb__dbNet","0.0","0.0","0.0","10.0096","7.507200000000001","2.5024","15.014400000000002","19.750000000000007","2","19.199999999999996","50.42000000000001","50.42000000000001","55.66","85.68","37.72","34.0","1","0","1","0","46.69","8.969999999999999","59.84","25.840000000000003","3"
"byte_controller.bit_controller.dscl_oen","OK","17.154280999999955","0.5390888139444979","51.1325","140.00650000000002","3.040999999999997","5.640999999999991","17.363999999999976","52.653","49.612","142.827","137.186","0","7.740000000000002","5.530000000000001","16.590000000000003","20.0192","0","0","1","0","3","0","0","8.681999999999988","0","0","1","0","0","4","_1002c8d82e5a0000_p_Net","0","0","0","1","0","0","0","0","0","0","3","_1002c8d82e5a0000_p_odb__dbNet","0.0","0.0","0.0","7.5072","6.256","1.0216005220567708","18.768","5.530000000000001","3","5.670000000000002","7.740000000000002","7.740000000000002","51.52","142.8","49.45","140.08","1","2","0","0","50.21666666666667","0.9263668579755846","141.89333333333335","1.2822202965516056","4"
"byte_controller.bit_controller.ena","OK","539.6983440000001","0.18296140815689052","34.1985","164.326","9.937000000000001","54.31200000000001","128.49800000000002","39.167","29.23","191.482","137.17","0","66.16999999999997","49.78999999999998","199.1599999999999","25.024","0","0","1","0","4","0","0","64.24900000000001","0","0","0","0","0","5","_8802c8d82e5a0000_p_Net","0","1","0","1","0","0","0","0","0","0","4","_8802c8d82e5a0000_p_odb__dbNet","3.7536","0.0","0.0","8.758400000000002","6.881600000000001","2.074880468846339","27.526400000000002","49.789999999999964","4","58.809999999999974","66.16999999999997","66.16999999999997","39.33","191.76","31.97","137.36","2","1","0","1","35.19","2.642498817407493","176.79999999999998","22.797754275366675","5"
"byte_controller.bit_controller.sSCL","OK","92.70719999999992","0.4784482758276976","43.342","40.8","6.659999999999997","13.919999999999995","41.15999999999998","46.672","40.012","47.76","33.84","0","16.019999999999996","12.83","51.32","26.2752","0","0","1","0","4","0","0","20.57999999999999","0","0","0","0","0","5","_0003c8d82e5a0000_p_Net","0","0","0","1","0","0","0","0","0","0","4","_0003c8d82e5a0000_p_odb__dbNet","0.0","0.0","0.0","6.256","5.0048","1.2512","20.0192","10.11","4","11.96","16.019999999999996","16.019999999999996","47.61","47.6","42.55","34.0","0","1","0","3","45.08","1.9651208614230324","40.12","4.856171331409139","5"
"byte_controller.bit_controller.sSDA","OK","62.32176000000008","0.5295907079157827","42.1725","42.346000000000004","5.7450000000000045","10.848000000000006","33.18600000000002","45.045","39.3","47.77","36.922","0","19.009999999999998","16.363333333333333","49.09","26.2752","0","0","1","0","3","0","0","16.59300000000001","0","0","0","0","0","4","_7803c8d82e5a0000_p_Net","0","0","0","1","0","0","0","0","0","0","3","_7803c8d82e5a0000_p_odb__dbNet","0.0","0.0","0.0","30.0288","12.512","12.386248064688514","37.536","16.363333333333337","3","18.240000000000002","19.009999999999998","19.009999999999998","48.76","47.6","38.87","42.16","1","1","0","1","43.39333333333334","4.081375040623224","44.879999999999995","2.2208707001234167","4"
"byte_controller.bit_controller.sda_chk","OK","138.53491999999986","1.7548677544451488","55.856","119.8425","15.591999999999999","8.884999999999991","48.95399999999998","63.652","48.06","124.285","115.4","0","18.78000000000001","12.245000000000005","24.49000000000001","25.024","0","0","1","0","2","0","0","24.47699999999999","0","0","0","0","0","3","_f003c8d82e5a0000_p_Net","0","0","0","1","0","0","0","0","0","0","2","_f003c8d82e5a0000_p_odb__dbNet","0.0","0.0","0.0","11.2608","8.1328","3.1279999999999997","16.2656","6.534999999999997","2","5.710000000000001","18.78000000000001","18.78000000000001","63.71","123.76","47.38","115.6","1","0","1","0","55.545","8.165","119.68","4.080000000000005","3"
"byte_controller.bit_controller.sta_condition","OK","19.97970000000002","0.2764055516023989","50.135000000000005","54.388999999999996","2.3500000000000014","8.502000000000002","21.704000000000008","51.31","48.96","58.64","50.138","0","9.769999999999996","9.769999999999996","9.769999999999996","25.024","0","0","1","0","1","0","0","10.852000000000004","0","0","0","0","0","2","_6804c8d82e5a0000_p_Net","0","0","0","1","0","0","0","0","0","0","1","_6804c8d82e5a0000_p_odb__dbNet","0.0","0.0","0.0","3.7536","3.7536","","3.7536","9.769999999999996","1","9.769999999999996","9.769999999999996","9.769999999999996","48.53","58.48","48.53","58.48","0","1","0","0","48.53","","58.48","","2"
"byte_controller.bit_controller.sto_condition","OK","509.14817100000005","0.09538865848019563","51.0355","84.3105","6.969000000000001","73.059","160.05599999999998","54.52","47.551","120.84","47.781","0","80.8","47.43","94.86","25.024","0","0","1","0","2","0","0","80.02799999999999","0","0","0","0","0","3","_e004c8d82e5a0000_p_Net","0","0","0","1","0","0","0","0","0","0","2","_e004c8d82e5a0000_p_odb__dbNet","0.0","0.0","0.0","5.0048","5.0048","0.0","10.0096","46.970000000000006","2","14.060000000000002","80.8","80.8","55.2","121.04","47.38","61.2","1","0","1","0","51.290000000000006","3.91","91.12","29.92","3"
"byte_controller.c_state[0]","OK","64.71497500000014","1.9539530839350188","62.4495","74.7575","11.245000000000005","5.75500000000001","34.00000000000003","68.072","56.827","77.635","71.88","0","12.11","8.086666666666668","24.260000000000005","26.2752","0","0","1","0","3","0","0","17.000000000000014","1","0","0","0","0","4","_5805c8d82e5a0000_p_Net","0","0","0","1","0","0","0","0","0","0","3","_5805c8d82e5a0000_p_odb__dbNet","0.0","0.0","0.0","11.2608","7.090133333333333","2.949106682068694","21.2704","8.086666666666666","3","7.590000000000003","12.11","12.11","61.87","77.52","56.12","72.08","0","2","1","0","58.343333333333334","2.5218555778544407","74.8","2.220870700123414","4"
"byte_controller.c_state[1]","OK","137.14772800000006","0.1307112867334308","60.693","77.21600000000001","4.234000000000002","32.392","73.25200000000001","62.81","58.576","93.412","61.02","0","31.299999999999997","20.713333333333335","62.14","25.024","0","0","1","0","3","0","0","36.626000000000005","1","0","0","0","0","4","_d005c8d82e5a0000_p_Net","0","0","0","1","0","0","0","0","0","0","3","_d005c8d82e5a0000_p_odb__dbNet","0.0","0.0","0.0","12.512","9.175466666666667","2.3592853456549556","27.526400000000002","18.28666666666667","3","27.660000000000004","31.299999999999997","31.299999999999997","59.8","93.84","57.96","61.2","0","1","2","0","58.57333333333333","0.8673843182554966","72.98666666666666","14.787285830138748","4"
"byte_controller.c_state[2]","OK","108.6292599999999","0.049976405987517104","57.505","62.569","2.3299999999999983","46.62199999999999","97.90399999999998","58.67","56.34","85.88","39.258","0","50.61000000000001","32.7475","130.99","25.024","0","0","1","0","4","0","0","48.95199999999999","1","0","0","0","0","5","_4806c8d82e5a0000_p_Net","0","1","0","1","0","0","0","0","0","0","4","_4806c8d82e5a0000_p_odb__dbNet","3.7536","0.0","0.0","12.512","7.82","3.580159638898802","31.28","32.7475","4","27.28","50.61000000000001","50.61000000000001","59.8","85.68","55.66","42.16","1","1","1","1","57.787499999999994","1.5715497924023918","68.68","18.284288337258307","5"
"byte_controller.c_state[3]","OK","16.182045000000013","0.22852049908157832","60.0615","43.5925","1.9230000000000018","8.415","20.676000000000002","61.023","59.1","47.8","39.385","0","12.990000000000002","8.795","35.18","25.024","0","0","1","0","4","0","0","10.338000000000001","1","0","0","0","0","5","_c006c8d82e5a0000_p_Net","0","0","0","1","0","0","0","0","0","0","4","_c006c8d82e5a0000_p_odb__dbNet","0.0","0.0","0.0","8.758400000000002","6.881600000000001","1.398884126723869","27.526400000000002","8.795000000000002","4","6.439999999999998","12.990000000000002","12.990000000000002","61.64","47.6","58.42","39.44","1","1","1","1","60.145","1.155735696428902","43.519999999999996","3.0410524493997158","5"
"byte_controller.c_state[4]","OK","65.26258999999992","0.5534579610872578","62.565","36.8905","6.009999999999991","10.859000000000002","33.737999999999985","65.57","59.56","42.32","31.461","0","12.489999999999995","8.917499999999995","35.66999999999998","25.024","0","0","1","0","4","0","0","16.868999999999993","1","0","0","0","0","5","_3807c8d82e5a0000_p_Net","0","1","0","1","0","0","0","0","0","0","4","_3807c8d82e5a0000_p_odb__dbNet","3.7536","0.0","0.0","6.256","4.692","1.0374402344231692","18.768","8.112499999999997","4","7.739999999999995","12.489999999999995","12.489999999999995","62.79","42.16","58.88","36.72","1","1","2","0","60.5475","1.4213088158454503","38.76","2.2553048574416708","5"
"byte_controller.c_state[5]","OK","62.076321999999955","0.36714604319255906","57.769999999999996","59.9785","4.773999999999994","13.003000000000007","35.554","60.157","55.383","66.48","53.477","0","15.900000000000006","12.216000000000001","61.080000000000005","25.024","0","0","1","0","5","0","0","17.777","1","0","0","0","0","6","_b007c8d82e5a0000_p_Net","0","0","0","1","0","0","0","0","0","0","5","_b007c8d82e5a0000_p_odb__dbNet","0.0","0.0","0.0","12.512","6.00576","3.3008923069982155","30.0288","12.216000000000001","5","12.990000000000002","15.900000000000006","15.900000000000006","59.8","66.64","55.2","53.04","2","0","3","0","57.5","1.5463117408853864","59.024","4.67966494527119","6"
"byte_controller.cmd_ack","OK","105.94997000000006","0.8935623105066054","50.614999999999995","74.9855","9.729999999999997","10.88900000000001","41.238000000000014","55.48","45.75","80.43","69.541","0","14.139999999999993","10.929999999999994","43.71999999999998","25.024","0","0","1","0","4","0","0","20.619000000000007","0","0","0","0","0","5","_2808c8d82e5a0000_p_Net","0","1","0","1","0","0","0","0","0","0","4","_2808c8d82e5a0000_p_odb__dbNet","3.7536","0.0","0.0","5.0048","4.3792","0.6256000000000002","17.5168","8.975000000000009","4","9.349999999999994","14.139999999999993","14.139999999999993","56.12","80.24","47.84","74.8","1","1","1","1","51.635000000000005","3.535198014256059","76.84","2.2553048574416708","5"
"byte_controller.core_cmd[1]","OK","227.554792","0.17486278205425343","64.256","46.415","6.308","36.074","84.764","67.41","61.102","64.452","28.378","0","39.73","27.93","55.86","25.024","0","0","1","0","2","0","0","42.382","1","0","0","0","0","3","_a008c8d82e5a0000_p_Net","0","0","0","1","0","0","0","0","0","0","2","_a008c8d82e5a0000_p_odb__dbNet","0.0","0.0","0.0","8.758400000000002","7.507200000000001","1.2512000000000008","15.014400000000002","25.399999999999995","2","16.13","39.73","39.73","67.39","63.92","60.49","42.16","1","0","1","0","63.94","3.4499999999999993","53.04","10.880000000000003","3"
"byte_controller.core_cmd[2]","OK","395.20794200000034","0.14396686643234036","65.0185","76.335","7.543000000000006","52.394","119.87400000000001","68.79","61.247","102.532","50.138","0","56.51","31.110000000000003","62.220000000000006","25.024","0","0","1","0","2","0","0","59.937000000000005","1","0","0","0","0","3","_1809c8d82e5a0000_p_Net","0","0","0","1","0","0","0","0","0","0","2","_1809c8d82e5a0000_p_odb__dbNet","0.0","0.0","0.0","8.758400000000002","7.507200000000001","1.2512000000000008","15.014400000000002","28.119999999999983","2","5.710000000000008","56.51","56.51","69.23","102.0","61.41","53.04","1","0","1","0","65.32","3.9100000000000037","77.52","24.480000000000004","3"
"byte_controller.core_cmd[3]","OK","304.70876399999986","0.1815142048183756","64.6115","114.144","7.436999999999998","40.971999999999994","96.81799999999998","68.33","60.893","134.63","93.658","0","43.09999999999998","17.483333333333327","52.44999999999998","25.024","0","0","1","0","3","0","0","48.40899999999999","1","0","0","0","0","4","_9009c8d82e5a0000_p_Net","0","0","0","1","0","0","0","0","0","0","3","_9009c8d82e5a0000_p_odb__dbNet","0.0","0.0","0.0","10.0096","7.924266666666667","1.5605205741105186","23.7728","15.64333333333333","3","6.170000000000002","43.09999999999998","43.09999999999998","67.39","134.64","61.64","96.56","0","1","1","1","64.17","2.3975960182371567","109.25333333333333","17.95108415172248","4"
"byte_controller.core_cmd[4]","OK","11.08861400000001","1.9608915046421833","64.6185","70.709","4.663000000000004","2.378","14.082000000000008","66.95","62.287","71.898","69.52","0","4.329999999999998","3.870000000000001","7.740000000000002","25.024","0","0","1","0","2","0","0","7.041000000000004","1","0","0","0","0","3","_080ac8d82e5a0000_p_Net","0","0","0","1","0","0","0","0","0","0","2","_080ac8d82e5a0000_p_odb__dbNet","0.0","0.0","0.0","6.256","5.0048","1.2512","10.0096","3.1799999999999926","2","3.4100000000000037","4.329999999999998","4.329999999999998","64.17","69.36","61.87","69.36","0","0","2","0","63.019999999999996","1.1500000000000021","69.36","0.0","3"
"byte_controller.dcnt[0]","OK","147.13024000000004","1.242922794003408","48.808499999999995","20.56","13.523000000000003","10.88","48.80600000000001","55.57","42.047","26.0","15.12","0","15.790000000000003","10.398333333333333","62.39","25.024","0","0","1","0","6","0","0","24.403000000000006","1","0","0","0","0","7","_800ac8d82e5a0000_p_Net","0","0","0","1","0","0","0","0","0","0","6","_800ac8d82e5a0000_p_odb__dbNet","0.0","0.0","0.0","10.0096","6.047466666666666","2.095734062857743","36.2848","8.341666666666665","6","8.890000000000004","15.790000000000003","15.790000000000003","55.43","25.84","41.63","14.96","2","1","2","1","49.794999999999995","4.54940930231607","21.30666666666667","3.3924360306750403","7"
"byte_controller.dcnt[1]","OK","74.77279999999996","0.4042647058526274","52.211","19.2","5.4979999999999976","13.6","38.196","54.96","49.462","26.0","12.4","0","14.830000000000002","10.365000000000002","41.46000000000001","25.024","0","0","1","0","4","0","0","19.098","1","0","0","0","0","5","_f80ac8d82e5a0000_p_Net","0","0","0","1","0","0","0","0","0","0","4","_f80ac8d82e5a0000_p_odb__dbNet","0.0","0.0","0.0","10.0096","6.256","2.340780861165778","25.024","9.005000000000003","4","10.96","14.830000000000002","14.830000000000002","55.43","25.84","48.76","12.24","2","1","1","0","52.325","2.6649249520389886","20.4","5.08865404601256","5"
"byte_controller.dcnt[2]","OK","34.961056000000006","1.1892290665456973","55.446","20.209000000000003","6.448","5.422000000000001","23.740000000000002","58.67","52.222","22.92","17.498","0","6.59","4.929999999999999","14.789999999999996","25.024","0","0","1","0","3","0","0","11.870000000000001","1","0","0","0","0","4","_700bc8d82e5a0000_p_Net","0","0","0","1","0","0","0","0","0","0","3","_700bc8d82e5a0000_p_odb__dbNet","0.0","0.0","0.0","10.0096","7.090133333333334","2.126631071802431","21.270400000000002","4.163333333333327","3","5.479999999999997","6.59","6.59","55.43","23.12","51.52","20.4","0","3","0","0","53.74333333333334","1.6407383161925053","21.306666666666665","1.2822202965516074","4"
"byte_controller.din[0]","OK","221.691696","0.8535616777827276","31.588","42.067","13.756","16.116","59.744","38.466","24.71","50.125","34.009","0","15.020000000000003","11.930000000000001","35.790000000000006","25.024","0","0","1","0","3","0","0","29.872","1","0","0","0","0","4","_e80bc8d82e5a0000_p_Net","0","0","0","1","0","0","0","0","0","0","3","_e80bc8d82e5a0000_p_odb__dbNet","0.0","0.0","0.0","10.0096","9.592533333333334","0.5898213364137384","28.7776","5.54333333333334","3","13.030000000000005","15.020000000000003","15.020000000000003","37.72","50.32","25.99","34.0","0","1","1","1","31.66333333333333","4.796417644682563","41.25333333333333","6.784872061350081","4"
"byte_controller.din[1]","OK","434.89263999999986","0.2317850216956371","29.73","44.787","10.04","43.31599999999999","106.71199999999997","34.75","24.71","66.445","23.129","0","37.2","18.39","55.17","25.024","0","0","1","0","3","0","0","53.35599999999999","1","0","0","0","0","4","_600cc8d82e5a0000_p_Net","0","0","0","1","0","0","0","0","0","0","3","_600cc8d82e5a0000_p_odb__dbNet","0.0","0.0","0.0","10.0096","9.592533333333334","0.5898213364137384","28.7776","12.950000000000006","3","9.809999999999999","37.2","37.2","30.36","66.64","25.99","23.12","0","1","1","1","28.289999999999996","1.7914426216506818","42.160000000000004","18.1786101412255","4"
"byte_controller.din[2]","OK","599.09684","0.16825593671685993","22.83","52.9645","10.040000000000003","59.67099999999999","139.422","27.85","17.81","82.8","23.129","0","41.03","22.540000000000003","67.62","25.024","0","0","1","0","3","0","0","69.711","1","0","0","0","0","4","_d80cc8d82e5a0000_p_Net","0","0","0","1","0","0","0","0","0","0","3","_d80cc8d82e5a0000_p_odb__dbNet","0.0","0.0","0.0","10.0096","7.5072","2.702900920615972","22.5216","9.539999999999996","3","19.499999999999996","41.03","41.03","23.92","82.96","19.09","23.12","1","0","1","1","22.080000000000002","2.1329322539640128","50.31999999999999","24.730569477201016","4"
"byte_controller.din[3]","OK","536.5751999999999","0.0802005012521523","21.810000000000002","66.72749999999999","6.559999999999999","81.795","176.71","25.09","18.53","107.625","25.83","0","79.8","30.546666666666667","91.64","25.024","0","0","1","0","3","0","0","88.355","1","0","0","0","0","4","_500dc8d82e5a0000_p_Net","0","0","0","1","0","0","0","0","0","0","3","_500dc8d82e5a0000_p_odb__dbNet","0.0","0.0","0.0","10.0096","7.5072","2.702900920615972","22.5216","28.12","3","6.169999999999998","79.8","79.8","21.62","107.44","17.25","25.84","0","2","1","0","19.78","1.8495585058782722","77.52","36.694806171991154","4"
"byte_controller.din[4]","OK","259.84632200000004","0.12055744625596528","22.7515","51.782000000000004","5.597000000000001","46.426","104.046","25.55","19.953","74.995","28.569","0","46.739999999999995","18.99","56.97","25.024","0","0","1","0","3","0","0","52.023","1","0","0","0","0","4","_c80dc8d82e5a0000_p_Net","0","0","0","1","0","0","0","0","0","0","3","_c80dc8d82e5a0000_p_odb__dbNet","0.0","0.0","0.0","10.0096","9.592533333333334","0.5898213364137384","28.7776","15.79666666666666","3","7.049999999999997","46.739999999999995","46.739999999999995","24.38","74.8","19.55","28.56","1","0","2","0","21.543333333333333","2.0600377558568077","46.69333333333333","20.151673765609534","4"
"byte_controller.din[5]","OK","671.3470649999998","0.0626044131131997","16.7115","72.16749999999999","6.482999999999999","103.55499999999999","220.076","19.953","13.47","123.945","20.39","0","108.46000000000001","40.17666666666667","120.53000000000002","25.024","0","0","1","0","3","0","0","110.038","1","0","0","0","0","4","_400ec8d82e5a0000_p_Net","0","0","0","1","0","0","0","0","0","0","3","_400ec8d82e5a0000_p_odb__dbNet","0.0","0.0","0.0","10.0096","8.7584","1.021600522056771","26.2752","37.90333333333335","3","8.660000000000013","108.46000000000001","108.46000000000001","20.7","123.76","12.19","20.4","0","2","0","1","16.330000000000002","3.477997508145551","86.58666666666666","46.919452492779826","4"
"byte_controller.din[6]","OK","2959.1057160000005","0.21567974592583","17.9015","76.255","25.263","117.132","284.79","30.533","5.27","134.821","17.689","0","138.57999999999998","67.17666666666666","201.52999999999997","25.024","0","0","1","0","3","0","0","142.395","1","0","0","0","0","4","_b80ec8d82e5a0000_p_Net","0","0","0","1","0","0","0","0","0","0","3","_b80ec8d82e5a0000_p_odb__dbNet","0.0","0.0","0.0","10.0096","8.7584","1.021600522056771","26.2752","67.17666666666666","3","58.15999999999998","138.57999999999998","138.57999999999998","31.28","131.92","11.73","17.68","1","1","0","1","20.623333333333335","8.078062198874733","78.42666666666666","46.91945249277981","4"
"byte_controller.din[7]","OK","159.92935500000013","0.6011280730426627","23.8925","121.2255","9.805000000000003","16.311000000000007","52.23200000000002","28.795","18.99","129.381","113.07","0","26.209999999999994","17.45999999999999","52.37999999999997","25.024","0","0","1","0","3","0","0","26.11600000000001","1","0","0","0","0","4","_300fc8d82e5a0000_p_Net","0","1","0","1","0","0","0","0","0","0","3","_300fc8d82e5a0000_p_odb__dbNet","3.7536","0.0","0.0","8.758400000000002","6.673066666666667","2.1266310718024313","20.0192","16.38666666666665","3","21.839999999999993","26.209999999999994","26.209999999999994","29.21","126.48","17.71","112.88","0","1","0","2","23.92","4.739711664929278","117.41333333333334","6.411101482758035","4"
"byte_controller.dout[0]","OK","150.63510000000016","0.1416960588823281","31.082","33.8225","4.6200000000000045","32.605000000000004","74.45000000000002","33.392","28.772","50.125","17.52","0","32.72","15.86333333333333","47.58999999999999","25.024","0","0","1","0","3","0","0","37.22500000000001","1","0","0","0","0","4","_a80fc8d82e5a0000_p_Net","0","0","0","1","0","0","0","0","0","0","3","_a80fc8d82e5a0000_p_odb__dbNet","0.0","0.0","0.0","10.0096","7.924266666666668","2.9491066820686944","23.772800000000004","12.236666666666665","3","8.429999999999996","32.72","32.72","33.81","50.32","30.36","17.68","1","0","1","1","31.816666666666666","1.458682815267102","30.373333333333335","14.278200944874751","4"
"byte_controller.dout[1]","OK","219.35280399999994","0.08049500019002151","23.471","38.159000000000006","4.201999999999998","52.202000000000005","112.808","25.572","21.37","64.26","12.058","0","55.36","25.49","76.47","25.024","0","0","1","0","3","0","0","56.404","1","0","0","0","0","4","_2010c8d82e5a0000_p_Net","0","0","0","1","0","0","0","0","0","0","3","_2010c8d82e5a0000_p_odb__dbNet","0.0","0.0","0.0","10.0096","7.090133333333334","2.5709716001715948","21.270400000000002","25.336666666666666","3","12.72","55.36","55.36","25.99","63.92","22.08","20.4","0","1","0","2","23.996666666666666","1.597171110293307","35.81333333333333","19.90541188275747","4"
"byte_controller.dout[2]","OK","118.03540000000004","0.06920096852132686","21.461","32.730000000000004","2.8580000000000005","41.300000000000004","88.316","22.89","20.032","53.38","12.08","0","44.980000000000004","22.209999999999997","66.63","25.024","0","0","1","0","3","0","0","44.158","1","0","0","0","0","4","_9810c8d82e5a0000_p_Net","0","0","0","1","0","0","0","0","0","0","3","_9810c8d82e5a0000_p_odb__dbNet","0.0","0.0","0.0","10.0096","7.090133333333334","2.5709716001715948","21.270400000000002","20.39666666666667","3","15.48","44.980000000000004","44.980000000000004","23.92","53.04","20.47","12.24","1","0","1","1","22.003333333333334","1.4343019982633454","30.373333333333335","16.9621801533752","4"
"byte_controller.dout[3]","OK","33.02760399999995","0.007034237179197413","19.351","57.199","0.4819999999999993","68.52199999999999","138.00799999999998","19.592","19.11","91.46","22.938","0","71.67999999999999","29.463333333333328","88.38999999999999","25.024","0","0","1","0","3","0","0","69.00399999999999","1","0","0","0","0","4","_1011c8d82e5a0000_p_Net","0","0","0","1","0","0","0","0","0","0","3","_1011c8d82e5a0000_p_odb__dbNet","0.0","0.0","0.0","10.0096","7.090133333333334","2.5709716001715948","21.270400000000002","29.46333333333333","3","11.419999999999996","71.67999999999999","71.67999999999999","20.7","91.12","18.4","23.12","0","1","0","2","19.703333333333333","0.9636850568982016","47.6","30.853321809274718","4"
"byte_controller.dout[4]","OK","298.61000399999995","0.23192687140538637","14.950999999999999","29.999","8.322","35.882","88.40799999999999","19.112","10.79","47.94","12.058","0","38.120000000000005","19.156666666666666","57.47","25.024","0","0","1","0","3","0","0","44.20399999999999","1","0","0","0","0","4","_8811c8d82e5a0000_p_Net","0","0","0","1","0","0","0","0","0","0","3","_8811c8d82e5a0000_p_odb__dbNet","0.0","0.0","0.0","10.0096","7.090133333333334","2.5709716001715948","21.270400000000002","19.156666666666666","3","13.679999999999998","38.120000000000005","38.120000000000005","20.7","47.6","15.41","17.68","1","0","0","2","18.016666666666666","2.1603137632194898","28.560000000000002","13.509029079347883","4"
"byte_controller.dout[5]","OK","230.396322","0.034589653735454834","29.1985","55.948","2.8230000000000004","81.61399999999999","168.87399999999997","30.61","27.787","96.755","15.141","0","84.36","32.00333333333334","96.01","25.024","0","0","1","0","3","0","0","84.43699999999998","1","0","0","0","0","4","_0012c8d82e5a0000_p_Net","0","0","0","1","0","0","0","0","0","0","3","_0012c8d82e5a0000_p_odb__dbNet","0.0","0.0","0.0","10.0096","7.924266666666668","2.9491066820686944","23.772800000000004","32.003333333333345","3","7.780000000000001","84.36","84.36","31.28","96.56","27.37","17.68","0","1","1","1","29.210000000000004","1.6045144644616536","43.973333333333336","37.18438859999658","4"
"byte_controller.dout[6]","OK","1295.3411999999998","0.23696490159955405","31.97","49.0475","17.519999999999996","73.935","182.91","40.73","23.21","86.015","12.08","0","83.6","31.736666666666665","95.21","25.024","0","0","1","0","3","0","0","91.455","1","0","0","0","0","4","_7812c8d82e5a0000_p_Net","0","0","0","1","0","0","0","0","0","0","3","_7812c8d82e5a0000_p_odb__dbNet","0.0","0.0","0.0","10.0096","7.090133333333334","2.5709716001715948","21.270400000000002","29.923333333333343","3","5.899999999999999","83.6","83.6","35.88","85.68","23.46","12.24","0","1","0","2","30.896666666666665","5.358994515972397","39.440000000000005","32.86588504817724","4"
"byte_controller.dout[7]","OK","1282.3375500000002","0.20427868231472576","43.6995","57.135","16.185000000000002","79.23","190.83","51.792","35.607","96.75","17.52","0","80.99","57.15","171.45","25.024","0","0","1","0","3","0","0","95.415","1","0","0","0","0","4","_f012c8d82e5a0000_p_Net","0","1","0","1","0","0","0","0","0","0","3","_f012c8d82e5a0000_p_odb__dbNet","3.7536","0.0","0.0","3.7536","3.7536","0.0","11.2608","48.74333333333333","3","80.61","80.99","80.99","52.21","96.56","35.19","17.68","1","1","1","0","41.63","7.539885056595138","68.45333333333333","35.9707930904443","4"
"byte_controller.ld","OK","579.184026","1.6488635150117996","48.3185","24.459","30.903000000000006","18.741999999999997","99.29","63.77","32.867","33.83","15.088","0","40.89","24.724999999999998","197.79999999999998","28.777600000000003","0","0","1","0","8","0","0","49.645","0","0","0","0","0","9","_6813c8d82e5a0000_p_Net","0","1","0","1","0","0","0","0","0","0","8","_6813c8d82e5a0000_p_odb__dbNet","5.0048","0.0","0.0","16.265600000000003","8.1328","4.0057945229379905","65.0624","24.725","8","21.040000000000003","40.89","40.89","59.11","34.0","31.28","17.68","0","2","4","2","42.665","9.14159586724331","22.78","4.796290233086401","9"
"byte_controller.read","OK","0.037092000000001506","0.003882238756427753","50.396","111.5155","0.012000000000000455","3.091000000000008","6.206000000000017","50.402","50.39","113.061","109.97","0","7.780000000000001","7.780000000000001","7.780000000000001","25.024","0","0","1","0","1","0","0","3.1030000000000086","0","0","0","0","0","2","_e013c8d82e5a0000_p_Net","0","1","0","1","0","0","0","0","0","0","1","_e013c8d82e5a0000_p_odb__dbNet","5.0048","0.0","0.0","5.0048","5.0048","","5.0048","7.780000000000001","1","7.780000000000001","7.780000000000001","7.780000000000001","51.06","110.16","51.06","110.16","0","0","0","1","51.06","","110.16","","2"
"byte_controller.shift","OK","39.90636","0.5488448457196147","62.769999999999996","16.3215","4.68","8.527000000000001","26.414","65.11","60.43","20.585","12.058","0","9.769999999999998","9.769999999999998","9.769999999999998","25.024","0","0","1","0","1","0","0","13.207","0","0","0","0","0","2","_5814c8d82e5a0000_p_Net","0","0","0","1","0","0","0","0","0","0","1","_5814c8d82e5a0000_p_odb__dbNet","0.0","0.0","0.0","16.265600000000003","16.265600000000003","","16.265600000000003","9.769999999999998","1","9.769999999999998","9.769999999999998","9.769999999999998","59.11","20.4","59.11","20.4","0","1","0","0","59.11","","20.4","","2"
"byte_controller.start","OK","866.272","0.5286561264691537","44.3","89.75999999999999","21.4","40.480000000000004","123.76","55.0","33.6","110.0","69.52","0","51.15","28.402499999999996","113.60999999999999","25.024","0","0","1","0","4","0","0","61.88","0","0","0","0","0","5","_d014c8d82e5a0000_p_Net","0","0","0","1","0","0","0","1","0","0","4","_d014c8d82e5a0000_p_odb__dbNet","0.0","0.0","3.7536","10.0096","5.3176","2.7089274630377242","21.2704","19.8925","4","26.019999999999996","51.15","51.15","55.43","110.16","32.66","69.36","0","2","0","2","44.9075","9.134178602917727","90.44","14.944537463568418","5"
"byte_controller.stop","OK","348.0420400000001","0.9838898340608306","41.1375","89.686","18.505","18.808000000000007","74.626","50.39","31.885","99.09","80.282","0","23.799999999999997","16.65666666666667","49.970000000000006","25.024","0","0","1","0","3","0","0","37.313","0","0","0","0","0","4","_4815c8d82e5a0000_p_Net","0","1","0","1","0","0","0","0","0","0","3","_4815c8d82e5a0000_p_odb__dbNet","3.7536","0.0","0.0","10.0096","7.924266666666668","2.9491066820686944","23.772800000000004","10.089999999999996","3","21.38000000000001","23.799999999999997","23.799999999999997","51.06","99.28","30.36","80.24","1","0","1","1","43.163333333333334","9.135244325626376","89.30666666666667","7.799441575451984","4"
"byte_controller.write","OK","223.4318999999999","0.13786079785041822","51.72","73.529","5.549999999999997","40.258","91.616","54.495","48.945","93.658","53.4","0","49.540000000000006","26.896666666666675","80.69000000000003","25.024","0","0","1","0","3","0","0","45.808","0","0","0","0","0","4","_c015c8d82e5a0000_p_Net","0","1","0","1","0","0","0","0","0","0","3","_c015c8d82e5a0000_p_odb__dbNet","3.7536","0.0","0.0","10.0096","6.256","2.702900920615972","18.768","26.896666666666675","3","18.20000000000001","49.540000000000006","49.540000000000006","55.2","82.96","48.53","53.04","0","2","0","1","51.59666666666667","2.749331231812971","72.08","13.50902907934788","4"
"cr[0]","OK","93.76401199999995","1.489538694039635","37.159","68.068","11.817999999999998","7.9339999999999975","39.50399999999999","43.068","31.25","72.035","64.101","0","11.879999999999995","11.099999999999996","33.29999999999999","25.024","0","0","1","0","3","0","0","19.751999999999995","1","0","0","0","0","4","_3816c8d82e5a0000_p_Net","0","0","0","1","0","0","0","0","0","0","3","_3816c8d82e5a0000_p_odb__dbNet","0.0","0.0","0.0","10.0096","8.341333333333333","2.3592853456549556","25.024","7.419999999999995","3","10.96","11.879999999999995","11.879999999999995","43.24","72.08","31.28","69.36","1","2","0","0","36.64666666666667","4.959094899497511","70.26666666666667","1.2822202965516056","4"
"cr[1]","OK","42.16752000000005","4.399224804780607","35.3","67.993","13.620000000000001","3.0960000000000036","33.43200000000001","42.11","28.49","69.541","66.445","0","11.919999999999998","8.469999999999997","16.939999999999994","25.024","0","0","1","0","2","0","0","16.716000000000005","1","0","0","0","0","3","_b016c8d82e5a0000_p_Net","0","0","0","1","0","0","0","0","0","0","2","_b016c8d82e5a0000_p_odb__dbNet","0.0","0.0","0.0","10.0096","10.0096","0.0","20.0192","8.469999999999999","2","5.019999999999996","11.919999999999998","11.919999999999998","35.42","66.64","28.52","66.64","0","0","1","1","31.97","3.450000000000001","66.64","0.0","3"
"cr[2]","OK","40.41559999999994","1.4442344042638522","34.61","91.0","7.640000000000001","5.289999999999992","25.859999999999985","38.43","30.79","93.645","88.355","0","5.939999999999998","4.329999999999998","8.659999999999997","25.024","0","0","1","0","2","0","0","12.929999999999993","1","0","0","0","0","3","_2817c8d82e5a0000_p_Net","0","0","0","1","0","0","0","0","0","0","2","_2817c8d82e5a0000_p_odb__dbNet","0.0","0.0","0.0","10.0096","10.0096","0.0","20.0192","1.6099999999999994","2","2.719999999999999","5.939999999999998","5.939999999999998","34.04","93.84","30.82","88.4","0","1","1","0","32.43","1.6099999999999994","91.12","2.719999999999999","3"
"ctr[0]","OK","14.56591999999999","1.529488009873789","25.95","46.238","4.719999999999999","3.0859999999999985","15.611999999999995","28.31","23.59","47.781","44.695","0","6.6299999999999955","5.479999999999999","10.959999999999997","25.024","0","0","1","0","2","0","0","7.805999999999997","1","0","0","0","0","3","_a017c8d82e5a0000_p_Net","0","0","0","1","0","0","0","0","0","0","2","_a017c8d82e5a0000_p_odb__dbNet","0.0","0.0","0.0","8.758400000000002","6.256000000000001","2.502400000000001","12.512000000000002","3.8699999999999974","2","4.330000000000002","6.6299999999999955","6.6299999999999955","27.83","44.88","22.31","44.88","0","0","1","1","25.07","2.76","44.88","0.0","3"
"ctr[1]","OK","11.10615999999997","2.0059498504012154","22.73","65.2815","4.719999999999999","2.3529999999999944","14.145999999999987","25.09","20.37","66.458","64.105","0","4.329999999999998","4.214999999999998","8.429999999999996","25.024","0","0","1","0","2","0","0","7.072999999999993","1","0","0","0","0","3","_1818c8d82e5a0000_p_Net","0","0","0","1","0","0","0","0","0","0","2","_1818c8d82e5a0000_p_odb__dbNet","0.0","0.0","0.0","8.758400000000002","8.132800000000001","0.6256000000000008","16.265600000000003","2.8349999999999973","2","4.099999999999998","4.329999999999998","4.329999999999998","22.08","63.92","19.09","63.92","0","0","2","0","20.585","1.4949999999999992","63.92","0.0","3"
"ctr[2]","OK","12.30060000000001","1.173926474768635","24.11","51.7565","3.8000000000000007","3.237000000000002","14.074000000000005","26.01","22.21","53.375","50.138","0","5.02","4.215","8.43","25.024","0","0","1","0","2","0","0","7.037000000000003","1","0","0","0","0","3","_9018c8d82e5a0000_p_Net","0","0","0","1","0","0","0","0","0","0","2","_9018c8d82e5a0000_p_odb__dbNet","0.0","0.0","0.0","8.758400000000002","8.132800000000001","0.6256000000000008","16.265600000000003","3.5249999999999986","2","3.41","5.02","5.02","23.92","53.04","20.93","53.04","0","2","0","0","22.425","1.495000000000001","53.04","0.0","3"
"ctr[3]","OK","49.81279999999999","0.8534031412495542","14.89","95.275","6.519999999999998","7.640000000000001","28.319999999999997","18.15","11.63","99.095","91.455","0","10.539999999999997","8.104999999999997","16.209999999999994","25.024","0","0","1","0","2","0","0","14.159999999999998","1","0","0","0","0","3","_0819c8d82e5a0000_p_Net","0","0","0","1","0","0","0","0","0","0","2","_0819c8d82e5a0000_p_odb__dbNet","0.0","0.0","0.0","8.758400000000002","8.132800000000001","0.6256000000000008","16.265600000000003","5.154999999999999","2","5.669999999999998","10.539999999999997","10.539999999999997","18.4","99.28","10.35","91.12","0","1","0","1","14.375","4.0249999999999995","95.2","4.079999999999998","3"
"ctr[4]","OK","8.391000000000002","0.2681444404239999","17.9","45.138000000000005","1.5","5.594000000000001","14.188000000000002","18.65","17.15","47.935","42.341","0","9.120000000000006","6.725000000000006","13.450000000000012","25.024","0","0","1","0","2","0","0","7.094000000000001","1","0","0","0","0","3","_8019c8d82e5a0000_p_Net","0","0","0","1","0","0","0","0","0","0","2","_8019c8d82e5a0000_p_odb__dbNet","0.0","0.0","0.0","8.758400000000002","8.132800000000001","0.6256000000000008","16.265600000000003","6.725000000000007","2","4.330000000000005","9.120000000000006","9.120000000000006","17.94","47.6","15.87","44.88","1","0","1","0","16.905","1.035000000000001","46.24","1.3599999999999994","3"
"ctr[5]","OK","46.95600000000004","1.5026833628796625","12.15","118.06","8.400000000000002","5.590000000000003","27.98000000000001","16.35","7.95","120.855","115.265","0","10.08","7.435000000000007","14.870000000000013","25.024","0","0","1","0","2","0","0","13.990000000000006","1","0","0","0","0","3","_f819c8d82e5a0000_p_Net","0","0","0","1","0","0","0","0","0","0","2","_f819c8d82e5a0000_p_odb__dbNet","0.0","0.0","0.0","8.758400000000002","8.132800000000001","0.6256000000000008","16.265600000000003","2.6450000000000014","2","4.790000000000013","10.08","10.08","16.1","121.04","6.67","115.6","0","1","0","1","11.385000000000002","4.715000000000001","118.32","2.720000000000006","3"
"ctr[6]","OK","474.79263999999995","0.1813810761647796","13.969999999999999","111.59649999999999","9.28","51.163","120.886","18.61","9.33","137.178","86.015","0","61.800000000000004","39.820000000000014","119.46000000000004","25.024","0","0","1","0","3","0","0","60.443","1","0","0","0","0","4","_701ac8d82e5a0000_p_Net","0","0","0","1","0","0","0","0","0","0","3","_701ac8d82e5a0000_p_odb__dbNet","0.0","0.0","0.0","8.758400000000002","6.673066666666667","2.1266310718024313","20.0192","39.36","3","51.53000000000001","61.800000000000004","61.800000000000004","18.86","131.92","8.05","85.68","0","1","0","2","13.646666666666667","4.421480395624172","102.90666666666668","20.635382773823746","4"
"irq_flag","OK","751.0094549999999","1.5897400505364738","31.7335","80.42250000000001","34.553","21.735","112.576","49.01","14.457","91.29","69.555","0","49.63","23.876666666666665","71.63","25.024","0","0","1","0","3","0","0","56.288","0","0","0","0","0","4","_e81ac8d82e5a0000_p_Net","0","0","0","1","0","0","0","0","0","0","3","_e81ac8d82e5a0000_p_odb__dbNet","0.0","0.0","0.0","10.0096","6.256","2.702900920615972","18.768","19.91666666666666","3","16.059999999999995","49.63","49.63","47.84","91.12","14.03","69.36","0","1","1","1","31.05","13.803832801073769","78.42666666666666","9.24622205131492","4"
"rxack","OK","154.3886","2.6429412530887157","35.19","117.0365","20.2","7.643000000000001","55.686","45.29","25.09","120.858","113.215","0","33.000000000000014","33.000000000000014","33.000000000000014","25.024","0","0","1","0","1","0","0","27.843","0","0","0","0","0","2","_601bc8d82e5a0000_p_Net","0","0","0","1","0","0","0","0","0","0","1","_601bc8d82e5a0000_p_odb__dbNet","0.0","0.0","0.0","7.5072","7.5072","","7.5072","33.000000000000014","1","33.000000000000014","33.000000000000014","33.000000000000014","24.84","112.88","24.84","112.88","0","0","1","0","24.84","","112.88","","2"
"scl_pad_i","OK","21.223349999999996","0.5954773868349286","2.1775","58.555","3.555","5.969999999999999","19.049999999999997","3.955","0.4","61.54","55.57","1","","","","","0","0","0","0","1","1","0","9.524999999999999","0","0","0","0","0","1","_d81bc8d82e5a0000_p_Net","0","1","0","1","0","0","0","0","1","0","1","_d81bc8d82e5a0000_p_odb__dbNet","3.7536","0.0","0.0","3.7536","3.7536","","3.7536","","1","","","","4.37","55.76","4.37","55.76","0","0","0","1","4.37","","55.76","","2"
"scl_padoen_o","OK","2164.9525300000005","2.099750856365625","34.1115","126.555","67.42299999999999","32.110000000000014","199.066","67.823","0.4","142.61","110.5","1","26.14","26.14","26.14","3.7536","1","0","0","0","2","1","0","99.533","0","0","0","0","0","2","_501cc8d82e5a0000_p_Net","1","1","0","1","0","0","0","0","0","1","2","_501cc8d82e5a0000_p_odb__dbNet","3.7536","0.0","0.0","3.7536","3.7536","","3.7536","26.14","1","26.14","26.14","26.14","47.61","142.8","47.61","142.8","1","0","0","0","47.61","","142.8","","3"
"sda_pad_i","OK","29.542049999999996","0.42779783388353826","2.1775","24.744999999999997","3.555","8.309999999999999","23.729999999999997","3.955","0.4","28.9","20.59","1","","","","","0","0","0","0","1","1","0","11.864999999999998","0","0","0","0","0","1","_c81cc8d82e5a0000_p_Net","0","1","0","1","0","0","0","0","1","0","1","_c81cc8d82e5a0000_p_odb__dbNet","3.7536","0.0","0.0","3.7536","3.7536","","3.7536","","1","","","","4.37","20.4","4.37","20.4","0","0","0","1","4.37","","20.4","","2"
"sda_padoen_o","OK","1191.8087389999998","3.360218764755471","32.0415","125.3565","63.283","18.833","164.232","63.683","0.4","134.773","115.94","1","37.019999999999996","37.019999999999996","37.019999999999996","3.7536","1","0","0","0","2","1","0","82.116","0","0","0","0","0","2","_401dc8d82e5a0000_p_Net","1","1","0","1","0","0","0","0","0","1","2","_401dc8d82e5a0000_p_odb__dbNet","3.7536","0.0","0.0","3.7536","3.7536","","3.7536","37.019999999999996","1","37.019999999999996","37.019999999999996","37.019999999999996","43.47","118.32","43.47","118.32","0","0","0","1","43.47","","118.32","","3"
"tip","OK","117.36603999999994","4.20673987046446","36.980000000000004","69.09899999999999","22.220000000000002","5.2819999999999965","55.004","48.09","25.87","71.74","66.458","0","24.3","24.3","24.3","25.024","0","0","1","0","1","0","0","27.502","0","0","0","0","0","2","_b81dc8d82e5a0000_p_Net","0","0","0","1","0","0","0","0","0","0","1","_b81dc8d82e5a0000_p_odb__dbNet","0.0","0.0","0.0","7.5072","7.5072","","7.5072","24.3","1","24.3","24.3","24.3","24.84","72.08","24.84","72.08","0","1","0","0","24.84","","72.08","","2"
"wb_ack_o","OK","105.39573000000003","1.526233453486614","6.7415","117.225","12.683","8.310000000000002","41.986000000000004","13.083","0.4","121.38","113.07","1","5.02","5.02","5.02","3.7536","1","0","0","0","2","1","0","20.993000000000002","0","0","0","0","0","2","_301ec8d82e5a0000_p_Net","1","1","0","1","0","0","0","0","0","1","2","_301ec8d82e5a0000_p_odb__dbNet","3.7536","0.0","0.0","3.7536","3.7536","","3.7536","5.02","1","5.02","5.02","5.02","11.27","112.88","11.27","112.88","0","0","0","1","11.27","","112.88","","3"
"wb_adr_i[0]","OK","127.80109999999999","1.7523419201695152","7.8825","59.84","14.965","8.54","47.01","15.365","0.4","64.11","55.57","1","","","","","0","0","0","0","7","1","0","23.505","1","0","0","0","0","7","_a81ec8d82e5a0000_p_Net","0","7","0","1","0","0","0","0","1","0","7","_a81ec8d82e5a0000_p_odb__dbNet","26.275199999999998","0.0","0.0","3.7536","3.7535999999999996","4.440892098500626e-16","26.275199999999998","","7","","","","14.95","63.92","4.83","55.76","2","2","1","2","9.364285714285714","3.2566716451127875","59.64571428571429","2.855405185872964","8"
"wb_adr_i[1]","OK","593.9797500000001","0.35421245420380426","7.6525","73.705","14.504999999999999","40.95000000000001","110.91000000000003","14.905","0.4","94.18","53.23","1","","","","","0","0","0","0","7","1","0","55.45500000000001","1","0","0","0","0","7","_201fc8d82e5a0000_p_Net","0","7","0","1","0","0","0","0","1","0","7","_201fc8d82e5a0000_p_odb__dbNet","26.275199999999998","0.0","0.0","3.7536","3.7535999999999996","4.440892098500626e-16","26.275199999999998","","7","","","","14.49","74.8","4.83","53.04","1","1","4","1","7.787142857142858","2.9999129239063604","65.08571428571429","8.826646114615281","8"
"wb_adr_i[2]","OK","281.92800000000005","0.3810661764565784","5.5825000000000005","52.85","10.365","27.200000000000003","75.13000000000001","10.765","0.4","66.45","39.25","1","","","","","0","0","0","0","8","1","0","37.565000000000005","1","0","0","0","0","8","_981fc8d82e5a0000_p_Net","0","8","0","1","0","0","0","0","1","0","8","_981fc8d82e5a0000_p_odb__dbNet","30.028799999999997","0.0","0.0","3.7536","3.7535999999999996","4.440892098500626e-16","30.028799999999997","","8","","","","10.35","66.64","6.21","39.44","4","0","0","4","8.2225","1.2792942390240019","52.36000000000001","10.154565475686294","9"
"wb_clk_i","OK","14228.667","0.4034345047901841","38.282500000000006","106.08","75.765","187.79999999999998","527.13","76.165","0.4","199.98","12.18","1","","","","","0","0","0","0","129","1","0","263.565","0","0","0","0","0","129","_1020c8d82e5a0000_p_Net","0","0","0","1","0","0","0","0","1","0","129","_1020c8d82e5a0000_p_odb__dbNet","0.0","0.0","0.0","30.0288","25.29557829457359","1.1444263273595547","3263.1295999999934","","129","","","","80.5","199.92","8.51","12.24","30","31","28","40","41.38930232558142","20.6668673603426","99.4908527131783","56.7756864114379","130"
"wb_cyc_i","OK","328.54884999999985","0.2986132046940425","5.3525","126.55499999999999","9.905","33.16999999999999","86.14999999999998","10.305","0.4","143.14","109.97","1","","","","","0","0","0","0","3","1","0","43.07499999999999","0","0","0","0","0","3","_8820c8d82e5a0000_p_Net","0","3","0","1","0","0","0","0","1","0","3","_8820c8d82e5a0000_p_odb__dbNet","11.2608","0.0","0.0","3.7536","3.7536","0.0","11.2608","","3","","","","9.89","112.88","5.75","110.16","0","0","0","3","7.59","1.7211623979160133","111.06666666666666","1.2822202965516056","4"
"wb_dat_i[0]","OK","124.35915000000003","1.8008423583873832","7.8825","30.185000000000002","14.965","8.310000000000002","46.550000000000004","15.365","0.4","34.34","26.03","1","","","","","0","0","0","0","2","1","0","23.275000000000002","1","0","0","0","0","2","_0021c8d82e5a0000_p_Net","0","2","0","1","0","0","0","0","1","0","2","_0021c8d82e5a0000_p_odb__dbNet","7.5072","0.0","0.0","3.7536","3.7536","0.0","7.5072","","2","","","","14.95","34.0","6.67","25.84","1","0","1","0","10.809999999999999","4.14","29.92","4.08","3"
"wb_dat_i[1]","OK","79.3390499999999","1.2365792757507406","5.3525","152.585","9.905","8.009999999999991","35.829999999999984","10.305","0.4","156.59","148.58","1","","","","","0","0","0","0","2","1","0","17.914999999999992","1","0","0","0","0","2","_7821c8d82e5a0000_p_Net","0","2","0","1","0","0","0","0","1","0","2","_7821c8d82e5a0000_p_odb__dbNet","7.5072","0.0","0.0","3.7536","3.7536","0.0","7.5072","","2","","","","9.89","156.4","8.51","153.68","2","0","0","0","9.2","0.6900000000000004","155.04000000000002","1.3599999999999994","3"
"wb_dat_i[2]","OK","132.01424999999992","1.2323671496393853","6.7775","83.035","12.754999999999999","10.349999999999994","46.20999999999999","13.155","0.4","88.21","77.86","1","","","","","0","0","0","0","2","1","0","23.104999999999993","1","0","0","0","0","2","_f021c8d82e5a0000_p_Net","0","2","0","1","0","0","0","0","1","0","2","_f021c8d82e5a0000_p_odb__dbNet","7.5072","0.0","0.0","3.7536","3.7536","0.0","7.5072","","2","","","","13.57","88.4","12.19","88.4","2","0","0","0","12.879999999999999","0.6900000000000004","88.4","0.0","3"
"wb_dat_i[3]","OK","135.65789999999987","1.860070257393436","8.3425","163.2","15.885","8.539999999999992","48.84999999999998","16.285","0.4","167.47","158.93","1","","","","","0","0","0","0","2","1","0","24.42499999999999","1","0","0","0","0","2","_6822c8d82e5a0000_p_Net","0","2","0","1","0","0","0","0","1","0","2","_6822c8d82e5a0000_p_odb__dbNet","7.5072","0.0","0.0","3.7536","3.7536","0.0","7.5072","","2","","","","15.87","167.28","7.13","159.12","0","1","0","1","11.5","4.37","163.2","4.079999999999998","3"
"wb_dat_i[4]","OK","622.4448","0.14606311274286055","5.1675","55.56999999999999","9.535","65.28","149.63","9.935","0.4","88.21","22.93","1","","","","","0","0","0","0","3","1","0","74.815","1","0","0","0","0","3","_e022c8d82e5a0000_p_Net","0","3","0","1","0","0","0","0","1","0","3","_e022c8d82e5a0000_p_odb__dbNet","11.2608","0.0","0.0","3.7536","3.7536","0.0","11.2608","","3","","","","10.35","88.4","5.29","23.12","2","0","0","1","7.59","2.091187860204498","66.64","30.773287117238546","4"
"wb_dat_i[5]","OK","12.80745000000003","45.59433953661436","12.4825","131.995","24.165000000000003","0.5300000000000011","49.39000000000001","24.565","0.4","132.26","131.73","1","","","","","0","0","0","0","3","1","0","24.695000000000004","1","0","0","0","0","3","_5823c8d82e5a0000_p_Net","0","3","0","1","0","0","0","0","1","0","3","_5823c8d82e5a0000_p_odb__dbNet","11.2608","0.0","0.0","3.7536","3.7536","0.0","11.2608","","3","","","","24.15","131.92","5.75","131.92","0","0","1","2","17.55666666666667","8.367561705113914","131.92","0.0","4"
"wb_dat_i[6]","OK","62.18514999999995","2.5794297347088753","6.7325","156.47500000000002","12.665","4.909999999999997","35.14999999999999","13.065","0.4","158.93","154.02","1","","","","","0","0","0","0","3","1","0","17.574999999999996","1","0","0","0","0","3","_d023c8d82e5a0000_p_Net","0","3","0","1","0","0","0","0","1","0","3","_d023c8d82e5a0000_p_odb__dbNet","11.2608","0.0","0.0","3.7536","3.7536","0.0","11.2608","","3","","","","12.65","159.12","5.75","156.4","1","1","0","1","8.51","2.981140721267616","158.21333333333334","1.2822202965516056","4"
"wb_dat_i[7]","OK","195.09225000000023","1.0784386616298545","7.6525","133.54500000000002","14.504999999999999","13.450000000000017","55.91000000000003","14.905","0.4","140.27","126.82","1","","","","","0","0","0","0","3","1","0","27.955000000000016","1","0","0","0","0","3","_4824c8d82e5a0000_p_Net","0","3","0","1","0","0","0","0","1","0","3","_4824c8d82e5a0000_p_odb__dbNet","11.2608","0.0","0.0","3.7536","3.7536","0.0","11.2608","","3","","","","14.95","140.08","14.03","129.2","2","0","0","1","14.49","0.37558842722675395","134.64","4.44174140024684","4"
"wb_dat_o[0]","OK","78.71987500000002","12.504982059583504","16.0875","46.4745","31.375","2.5090000000000003","67.768","31.775","0.4","47.729","45.22","1","","","","23.772800000000004","0","0","1","0","1","1","0","33.884","1","0","0","0","0","1","_c024c8d82e5a0000_p_Net","0","0","0","1","0","0","0","0","0","1","1","_c024c8d82e5a0000_p_odb__dbNet","0.0","0.0","0.0","","","","0.0","","0","","","","","","","","0","0","0","0","","","","","2"
"wb_dat_o[1]","OK","13.761044999999985","1.6018423740696557","2.7475","87.27449999999999","4.694999999999999","2.9309999999999974","15.251999999999994","5.095","0.4","88.74","85.809","1","","","","23.772800000000004","0","0","1","0","1","1","0","7.625999999999997","1","0","0","0","0","1","_3825c8d82e5a0000_p_Net","0","0","0","1","0","0","0","0","0","1","1","_3825c8d82e5a0000_p_odb__dbNet","0.0","0.0","0.0","","","","0.0","","0","","","","","","","","0","0","0","0","","","","","2"
"wb_dat_o[2]","OK","15.109304999999985","1.7587853968752025","2.9775","103.59450000000001","5.154999999999999","2.9309999999999974","16.171999999999993","5.555","0.4","105.06","102.129","1","","","","23.772800000000004","0","0","1","0","1","1","0","8.085999999999997","1","0","0","0","0","1","_b025c8d82e5a0000_p_Net","0","0","0","1","0","0","0","0","0","1","1","_b025c8d82e5a0000_p_odb__dbNet","0.0","0.0","0.0","","","","0.0","","0","","","","","","","","0","0","0","0","","","","","2"
"wb_dat_o[3]","OK","27.74744999999998","0.7944162435204037","2.7475","172.825","4.694999999999999","5.909999999999997","21.209999999999994","5.095","0.4","175.78","169.87","1","","","","23.772800000000004","0","0","1","0","1","1","0","10.604999999999997","1","0","0","0","0","1","_2826c8d82e5a0000_p_Net","0","0","0","1","0","0","0","0","0","1","1","_2826c8d82e5a0000_p_odb__dbNet","0.0","0.0","0.0","","","","0.0","","0","","","","","","","","0","0","0","0","","","","","2"
"wb_dat_o[4]","OK","23.33414999999999","0.9446680078582158","2.7475","74.905","4.694999999999999","4.969999999999999","19.33","5.095","0.4","77.39","72.42","1","","","","23.772800000000004","0","0","1","0","1","1","0","9.665","1","0","0","0","0","1","_a026c8d82e5a0000_p_Net","0","0","0","1","0","0","0","0","0","1","1","_a026c8d82e5a0000_p_odb__dbNet","0.0","0.0","0.0","","","","0.0","","0","","","","","","","","0","0","0","0","","","","","2"
"wb_dat_o[5]","OK","13.761045000000053","1.601842374069648","2.7475","163.4345","4.694999999999999","2.9310000000000116","15.252000000000022","5.095","0.4","164.9","161.969","1","","","","23.772800000000004","0","0","1","0","1","1","0","7.626000000000011","1","0","0","0","0","1","_1827c8d82e5a0000_p_Net","0","0","0","1","0","0","0","0","0","1","1","_1827c8d82e5a0000_p_odb__dbNet","0.0","0.0","0.0","","","","0.0","","0","","","","","","","","0","0","0","0","","","","","2"
"wb_dat_o[6]","OK","1804.6242500000003","0.20887573964272324","10.1075","134.745","19.415000000000003","92.95","224.73000000000002","19.815","0.4","181.22","88.27","1","","","","23.772800000000004","0","0","1","0","1","1","0","112.36500000000001","1","0","0","0","0","1","_9027c8d82e5a0000_p_Net","0","0","0","1","0","0","0","0","0","1","1","_9027c8d82e5a0000_p_odb__dbNet","0.0","0.0","0.0","","","","0.0","","0","","","","","","","","0","0","0","0","","","","","2"
"wb_dat_o[7]","OK","1118.8480500000003","0.45792029131179607","11.7175","145.625","22.635","49.43000000000001","144.13000000000002","23.035","0.4","170.34","120.91","1","","","","23.772800000000004","0","0","1","0","1","1","0","72.06500000000001","1","0","0","0","0","1","_0828c8d82e5a0000_p_Net","0","0","0","1","0","0","0","0","0","1","1","_0828c8d82e5a0000_p_odb__dbNet","0.0","0.0","0.0","","","","0.0","","0","","","","","","","","0","0","0","0","","","","","2"
"wb_inta_o","OK","76.56033","0.30471263640750035","2.8150000000000004","74.9055","4.83","15.850999999999999","41.361999999999995","5.23","0.4","82.831","66.98","1","","","","28.777600000000003","0","0","1","0","1","1","0","20.680999999999997","0","0","0","0","0","1","_5046c8d82e5a0000_p_Net","0","0","0","1","0","0","0","0","0","1","1","_5046c8d82e5a0000_p_odb__dbNet","0.0","0.0","0.0","","","","0.0","","0","","","","","","","","0","0","0","0","","","","","2"
"wb_rst_i","OK","6257.8768","0.3997362531937361","25.4075","90.93","50.015","125.12","350.27","50.415","0.4","153.49","28.37","1","","","","","0","0","0","0","50","1","0","175.135","0","0","0","0","1","50","_c846c8d82e5a0000_p_Net","0","50","0","1","0","0","0","0","1","0","50","_c846c8d82e5a0000_p_odb__dbNet","187.68000000000018","0.0","0.0","3.7536","3.7536000000000036","3.552713678800501e-15","187.68000000000018","","50","","","","50.83","153.68","4.37","28.56","15","15","7","13","28.648800000000005","15.762446211169125","99.38879999999999","44.99429228868923","51"
"wb_stb_i","OK","83.72625000000001","0.462825278775998","3.5125","90.025","6.225","13.450000000000003","39.35000000000001","6.625","0.4","96.75","83.3","1","","","","","0","0","0","0","3","1","0","19.675000000000004","0","0","0","0","0","3","_4047c8d82e5a0000_p_Net","0","3","0","1","0","0","0","0","1","0","3","_4047c8d82e5a0000_p_odb__dbNet","11.2608","0.0","0.0","3.7536","3.7536","0.0","11.2608","","3","","","","6.21","96.56","4.83","91.12","3","0","0","0","5.4433333333333325","0.5737207993053376","93.83999999999999","2.220870700123414","4"
"wb_we_i","OK","3.055450000000006","10.877358470042697","3.2825","99.355","5.765","0.5300000000000011","12.590000000000002","6.165","0.4","99.62","99.09","1","","","","","0","0","0","0","2","1","0","6.295000000000001","0","0","0","0","0","2","_b847c8d82e5a0000_p_Net","0","2","0","1","0","0","0","0","1","0","2","_b847c8d82e5a0000_p_odb__dbNet","7.5072","0.0","0.0","3.7536","3.7536","0.0","7.5072","","2","","","","5.75","99.28","4.37","99.28","0","0","0","2","5.0600000000000005","0.69","99.28","0.0","3"
"zero_","OK","0.0","3679999999.9999995","3.45","0.242","3.6799999999999997","0.0","7.359999999999999","5.29","1.61","0.242","0.242","2","","","","","0","0","0","0","2","1","0","3.6799999999999997","0","0","0","0","0","0","_3048c8d82e5a0000_p_Net","0","0","0","0","0","0","0","0","0","2","2","_3048c8d82e5a0000_p_odb__dbNet","0.0","0.0","0.0","","","","0.0","","0","","","","","","","","0","0","0","0","","","","","2"
"VSS","OK","19638.8352","0.5120506535921566","53.59","103.36","100.28","195.84","592.24","103.73","3.45","201.28","5.44","0","","","","","0","0","0","0","0","0","0","296.12","0","0","0","0","0","770","_2049c8d82e5a0000_p_Net","0","0","0","0","0","770","0","0","0","0","0","_2049c8d82e5a0000_p_odb__dbNet","0.0","0.0","0.0","","","","0.0","","0","","","","","","","","0","0","0","0","","","","","770"
"net678","OK","18.604800000000026","0.2545029239468419","60.684","48.965","2.176000000000002","8.550000000000004","21.452000000000012","61.772","59.596","53.24","44.69","0","10.689999999999998","6.494999999999997","12.989999999999995","3.7536","1","0","0","0","2","0","0","10.726000000000006","0","0","0","0","0","3","_9849c8d82e5a0000_p_Net","1","0","0","1","0","0","0","0","0","0","2","_9849c8d82e5a0000_p_odb__dbNet","0.0","0.0","0.0","8.758400000000002","8.132800000000001","0.6256000000000008","16.265600000000003","6.494999999999997","2","2.299999999999997","10.689999999999998","10.689999999999998","61.64","53.04","61.41","44.88","1","0","0","1","61.525","0.11500000000000199","48.96","4.079999999999998","3"
"net679","OK","30.33791999999999","1.0043668120443305","60.587","96.398","5.520000000000003","5.495999999999995","22.031999999999996","63.347","57.827","99.146","93.65","0","7.549999999999997","6.839999999999996","13.679999999999993","3.7536","1","0","0","0","2","0","0","11.015999999999998","0","0","0","0","0","3","_104ac8d82e5a0000_p_Net","1","0","0","1","0","0","0","0","0","0","2","_104ac8d82e5a0000_p_odb__dbNet","0.0","0.0","0.0","7.5072","7.5072","0.0","15.0144","6.149999999999999","2","6.1299999999999955","7.549999999999997","7.549999999999997","63.48","96.56","57.96","93.84","1","0","1","0","60.72","2.759999999999998","95.2","1.3599999999999994","3"
"net459","OK","0.23290399999998906","74.26785581664888","19.3555","93.678","4.158999999999999","0.055999999999997385","8.429999999999993","21.435","17.276","93.706","93.65","0","5.060000000000002","5.060000000000002","5.060000000000002","3.7536","1","0","0","0","1","0","0","4.214999999999996","0","0","0","0","0","2","_884ac8d82e5a0000_p_Net","1","1","0","1","0","0","0","0","0","0","1","_884ac8d82e5a0000_p_odb__dbNet","3.7536","0.0","0.0","3.7536","3.7536","","3.7536","5.060000000000002","1","5.060000000000002","5.060000000000002","5.060000000000002","21.85","93.84","21.85","93.84","1","0","0","0","21.85","","93.84","","2"
"net681","OK","898.50772","0.617772766588411","40.089999999999996","181.0185","23.56","38.137","123.394","51.87","28.31","200.087","161.95","0","46.43999999999998","28.950999999999993","289.50999999999993","5.0048","1","0","0","0","10","0","0","61.697","0","0","0","0","0","11","_004bc8d82e5a0000_p_Net","1","0","0","1","0","0","0","0","0","0","10","_004bc8d82e5a0000_p_odb__dbNet","0.0","0.0","0.0","8.758400000000002","7.382079999999999","2.12704","73.82079999999999","25.225","10","25.83","46.16999999999999","46.43999999999998","51.29","199.92","27.83","161.84","3","2","2","3","39.859","7.709667243143508","184.144","12.746327471079656","11"
"net680","OK","1788.468812","0.38252628807373046","39.538","166.0635","26.156","68.37700000000001","189.06600000000003","52.616","26.46","200.252","131.875","0","75.63999999999997","42.98249999999997","687.7199999999996","7.5072","1","0","0","0","16","0","0","94.53300000000002","0","0","0","0","0","17","_784bc8d82e5a0000_p_Net","1","0","0","1","0","0","0","0","0","0","16","_784bc8d82e5a0000_p_odb__dbNet","0.0","0.0","0.0","8.758400000000002","7.507200000000001","1.7132761598761599","120.11520000000002","41.62249999999999","16","40.68999999999998","73.79999999999998","75.63999999999997","51.29","199.92","25.76","131.92","5","3","4","4","38.697500000000005","8.232947907645233","167.96","21.014090510892917","17"
"net458","OK","0.15321600000004393","47.15789390949707","25.079","145.6815","2.687999999999999","0.05700000000001637","5.49000000000003","26.423","23.735","145.71","145.653","0","2.7600000000000016","2.7600000000000016","2.7600000000000016","3.7536","1","0","0","0","1","0","0","2.745000000000015","0","0","0","0","0","2","_f04bc8d82e5a0000_p_Net","1","1","0","1","0","0","0","0","0","0","1","_f04bc8d82e5a0000_p_odb__dbNet","3.7536","0.0","0.0","3.7536","3.7536","","3.7536","2.7600000000000016","1","2.7600000000000016","2.7600000000000016","2.7600000000000016","24.15","145.52","24.15","145.52","0","0","1","0","24.15","","145.52","","2"
"net456","OK","12.378923999999968","1.3368386456336416","5.989","127.8115","4.068","3.042999999999992","14.221999999999984","8.023","3.955","129.333","126.29","0","6.859999999999984","6.859999999999984","6.859999999999984","3.7536","1","0","0","0","1","0","0","7.110999999999992","0","0","0","0","0","2","_684cc8d82e5a0000_p_Net","1","1","0","1","0","0","0","0","0","0","1","_684cc8d82e5a0000_p_odb__dbNet","3.7536","0.0","0.0","3.7536","3.7536","","3.7536","6.859999999999984","1","6.859999999999984","6.859999999999984","6.859999999999984","4.37","126.48","4.37","126.48","0","0","1","0","4.37","","126.48","","2"
"net792","OK","14.959356999999986","0.5162548763670346","30.625500000000002","66.8015","2.779","5.382999999999996","16.32399999999999","32.015","29.236","69.493","64.11","0","9.119999999999997","9.119999999999997","9.119999999999997","3.7536","1","0","0","0","1","0","0","8.161999999999995","0","0","0","0","0","2","_e04cc8d82e5a0000_p_Net","1","1","0","1","0","0","0","0","0","0","1","_e04cc8d82e5a0000_p_odb__dbNet","3.7536","0.0","0.0","3.7536","3.7536","","3.7536","9.119999999999997","1","9.119999999999997","9.119999999999997","9.119999999999997","32.43","63.92","32.43","63.92","0","0","0","1","32.43","","63.92","","2"
"net682","OK","75.23519999999992","0.10169117646684957","40.739000000000004","96.39","2.7659999999999982","27.19999999999999","59.931999999999974","42.122","39.356","109.99","82.79","0","25.43999999999999","17.94","71.76","3.7536","1","0","0","0","4","0","0","29.965999999999987","0","0","0","0","0","5","_584dc8d82e5a0000_p_Net","1","0","0","1","0","0","0","0","0","0","4","_584dc8d82e5a0000_p_odb__dbNet","0.0","0.0","0.0","3.7536","3.7536","0.0","15.0144","16.57999999999999","4","16.36","25.43999999999999","25.43999999999999","42.55","110.16","39.79","82.96","2","1","1","0","41.17","1.0285912696499027","99.96","10.60015094232153","5"
"net776","OK","1250.8261019999995","0.45999693168296724","22.3335","125.02","23.987","52.14599999999999","152.26599999999996","34.327","10.34","151.093","98.947","0","59.740000000000016","54.25333333333335","162.76000000000005","3.7536","1","0","0","0","3","0","0","76.13299999999998","0","0","0","0","0","4","_d04dc8d82e5a0000_p_Net","1","0","0","1","0","0","0","0","0","0","3","_d04dc8d82e5a0000_p_odb__dbNet","0.0","0.0","0.0","11.2608","9.592533333333334","1.1796426728274767","28.777600000000003","54.253333333333345","3","52.14000000000001","59.740000000000016","59.740000000000016","34.27","115.6","10.35","99.28","0","0","2","1","20.623333333333335","10.05240048722471","107.44","6.662612100370242","4"
"net774","OK","0.2674059999999899","69.56451500702667","34.8465","96.72399999999999","4.313000000000002","0.06199999999999761","8.75","37.003","32.69","96.755","96.693","0","4.830000000000005","4.830000000000005","4.830000000000005","3.7536","1","0","0","0","1","0","0","4.375","0","0","0","0","0","2","_484ec8d82e5a0000_p_Net","1","0","0","1","0","0","0","0","0","0","1","_484ec8d82e5a0000_p_odb__dbNet","0.0","0.0","0.0","10.0096","10.0096","","10.0096","4.830000000000005","1","4.830000000000005","4.830000000000005","4.830000000000005","32.66","96.56","32.66","96.56","0","0","1","0","32.66","","96.56","","2"
"net775","OK","952.2733799999996","0.06413518038223306","14.7685","97.756","7.814999999999998","121.85199999999999","259.33399999999995","18.676","10.861","158.682","36.83","0","130.68","123.86000000000001","247.72000000000003","5.0048","1","0","0","0","2","0","0","129.66699999999997","0","0","0","0","0","3","_c04ec8d82e5a0000_p_Net","1","0","0","1","0","0","0","0","0","0","2","_c04ec8d82e5a0000_p_odb__dbNet","0.0","0.0","0.0","5.0048","5.0048","0.0","10.0096","123.86000000000001","2","117.04","130.68","130.68","18.86","159.12","16.1","148.24","2","0","0","0","17.48","1.379999999999999","153.68","5.439999999999998","3"
"net455","OK","0.10596300000000401","32.614034515542016","7.6255","80.4015","1.859","0.05700000000000216","3.8320000000000043","8.555","6.696","80.43","80.373","0","2.7600000000000007","2.7600000000000007","2.7600000000000007","3.7536","1","0","0","0","1","0","0","1.9160000000000021","0","0","0","0","0","2","_384fc8d82e5a0000_p_Net","1","1","0","1","0","0","0","0","0","0","1","_384fc8d82e5a0000_p_odb__dbNet","3.7536","0.0","0.0","3.7536","3.7536","","3.7536","2.7600000000000007","1","2.7600000000000007","2.7600000000000007","2.7600000000000007","8.97","80.24","8.97","80.24","0","0","0","1","8.97","","80.24","","2"
"net457","OK","9.524296000000017","0.3285661217814687","35.6405","150.798","1.7689999999999984","5.3840000000000146","14.306000000000026","36.525","34.756","153.49","148.106","0","7.279999999999994","7.279999999999994","7.279999999999994","3.7536","1","0","0","0","1","0","0","7.153000000000013","0","0","0","0","0","2","_b04fc8d82e5a0000_p_Net","1","1","0","1","0","0","0","0","0","0","1","_b04fc8d82e5a0000_p_odb__dbNet","3.7536","0.0","0.0","3.7536","3.7536","","3.7536","7.279999999999994","1","7.279999999999994","7.279999999999994","7.279999999999994","36.11","153.68","36.11","153.68","1","0","0","0","36.11","","153.68","","2"
"net728","OK","0.5752299999999954","13.68780481127912","19.935000000000002","75.01249999999999","2.806000000000001","0.2049999999999983","6.0219999999999985","21.338","18.532","75.115","74.91","0","3.2200000000000024","3.2200000000000024","3.2200000000000024","5.0048","1","0","0","0","1","0","0","3.0109999999999992","0","0","0","0","0","2","_2850c8d82e5a0000_p_Net","1","0","0","1","0","0","0","0","0","0","1","_2850c8d82e5a0000_p_odb__dbNet","0.0","0.0","0.0","5.0048","5.0048","","5.0048","3.2200000000000024","1","3.2200000000000024","3.2200000000000024","3.2200000000000024","18.4","74.8","18.4","74.8","0","0","1","0","18.4","","74.8","","2"
"net753","OK","411.158727","0.6940712436544612","25.7965","125.0565","16.893","24.339","82.464","34.243","17.35","137.226","112.887","0","31.650000000000016","25.750000000000018","77.25000000000006","3.7536","1","0","0","0","3","0","0","41.232","0","0","0","0","0","4","_a050c8d82e5a0000_p_Net","1","0","0","1","0","0","0","0","0","0","3","_a050c8d82e5a0000_p_odb__dbNet","0.0","0.0","0.0","8.758400000000002","7.507200000000001","1.0216005220567714","22.521600000000003","25.750000000000007","3","26.780000000000015","31.650000000000016","31.650000000000016","32.43","134.64","18.63","112.88","0","1","1","1","25.299999999999997","5.643208307337237","121.04","9.680550948508385","4"
"net684","OK","3.8503920000000313","0.06286736518491406","40.009","193.15300000000002","0.49200000000000443","7.825999999999993","16.635999999999996","40.255","39.763","197.066","189.24","0","9.079999999999998","9.079999999999998","9.079999999999998","3.7536","1","0","0","0","1","0","0","8.317999999999998","0","0","0","0","0","2","_1851c8d82e5a0000_p_Net","1","0","0","1","0","0","0","0","0","0","1","_1851c8d82e5a0000_p_odb__dbNet","0.0","0.0","0.0","6.256","6.256","","6.256","9.079999999999998","1","9.079999999999998","9.079999999999998","9.079999999999998","39.33","189.04","39.33","189.04","0","0","1","0","39.33","","189.04","","2"
"net685","OK","77.88565900000005","0.16741619916697992","70.6175","99.0505","3.611000000000004","21.56899999999999","50.359999999999985","72.423","68.812","109.835","88.266","0","24.289999999999992","19.42499999999999","38.84999999999998","3.7536","1","0","0","0","2","0","0","25.179999999999993","0","0","0","0","0","3","_9051c8d82e5a0000_p_Net","1","0","0","1","0","0","0","0","0","0","2","_9051c8d82e5a0000_p_odb__dbNet","0.0","0.0","0.0","5.0048","4.3792","0.6256000000000002","8.7584","19.424999999999983","2","14.559999999999988","24.289999999999992","24.289999999999992","70.38","110.16","69.23","99.28","0","2","0","0","69.805","0.5749999999999957","104.72","5.439999999999998","3"
"net702","OK","151.204989","0.40371001909762283","73.57650000000001","125.09649999999999","7.813000000000002","19.352999999999994","54.331999999999994","77.483","69.67","134.773","115.42","0","23.409999999999997","17.462499999999995","69.84999999999998","3.7536","1","0","0","0","4","0","0","27.165999999999997","0","0","0","0","0","5","_0852c8d82e5a0000_p_Net","1","0","0","1","0","0","0","0","0","0","4","_0852c8d82e5a0000_p_odb__dbNet","0.0","0.0","0.0","12.512","8.445599999999999","3.2356283593762742","33.782399999999996","17.46249999999999","4","15.939999999999984","23.409999999999997","23.409999999999997","77.74","131.92","69.46","115.6","0","1","1","2","73.4275","2.942629563842517","121.72","6.7659145723250145","5"
"net693","OK","20.315800000000017","0.07765069551297364","69.495","115.8425","1.2560000000000002","16.17500000000001","34.86200000000002","70.123","68.867","123.93","107.755","0","11.800000000000011","9.425000000000004","18.85000000000001","3.7536","1","0","0","0","2","0","0","17.43100000000001","0","0","0","0","0","3","_8052c8d82e5a0000_p_Net","1","0","0","1","0","0","0","0","0","0","2","_8052c8d82e5a0000_p_odb__dbNet","0.0","0.0","0.0","5.0048","4.3792","0.6256000000000002","8.7584","3.9849999999999994","2","7.049999999999997","11.800000000000011","11.800000000000011","69.69","123.76","69.0","107.44","1","0","1","0","69.345","0.34499999999999886","115.6","8.160000000000004","3"
"net695","OK","7.6032600000000015","0.8392026575285014","79.41499999999999","100.67500000000001","2.5259999999999962","3.010000000000005","11.072000000000003","80.678","78.152","102.18","99.17","0","6.859999999999999","6.859999999999999","6.859999999999999","5.0048","1","0","0","0","1","0","0","5.536000000000001","0","0","0","0","0","2","_f852c8d82e5a0000_p_Net","1","0","0","1","0","0","0","0","0","0","1","_f852c8d82e5a0000_p_odb__dbNet","0.0","0.0","0.0","12.512","12.512","","12.512","6.859999999999999","1","6.859999999999999","6.859999999999999","6.859999999999999","76.82","102.0","76.82","102.0","0","1","0","0","76.82","","102.0","","2"
"net703","OK","193.08354000000023","0.5359852476008433","36.4915","182.256","10.173000000000002","18.980000000000018","58.30600000000004","41.578","31.405","191.746","172.766","0","18.969999999999995","14.862857142857138","104.03999999999996","5.0048","1","0","0","0","7","0","0","29.15300000000002","0","0","0","0","0","8","_7053c8d82e5a0000_p_Net","1","0","0","1","0","0","0","0","0","0","7","_7053c8d82e5a0000_p_odb__dbNet","0.0","0.0","0.0","12.512","8.22217142857143","2.4895999160589675","57.555200000000006","10.199999999999996","7","14.139999999999993","18.969999999999995","18.969999999999995","39.33","191.76","31.05","172.72","1","4","1","1","35.15714285714285","2.7502037030306075","184.37714285714284","7.514613789687613","8"
"net696","OK","65.84720000000003","0.915683962156169","68.48249999999999","119.68","7.765000000000001","8.480000000000004","32.49000000000001","72.365","64.6","123.92","115.44","0","13.450000000000003","8.21","32.84","3.7536","1","0","0","0","4","0","0","16.245000000000005","0","0","0","0","0","5","_e853c8d82e5a0000_p_Net","1","0","0","1","0","0","0","0","0","0","4","_e853c8d82e5a0000_p_odb__dbNet","0.0","0.0","0.0","10.0096","6.255999999999999","2.6541960138618252","25.023999999999997","6.140000000000001","4","5.709999999999994","13.450000000000003","13.450000000000003","73.6","123.76","64.17","115.6","2","0","1","1","69.69","3.4767297853011216","119.0","3.533383647440515","5"
"net700","OK","54.30590099999996","0.8774628192605217","75.8715","106.06649999999999","6.902999999999992","7.867000000000004","29.539999999999992","79.323","72.42","110.0","102.133","0","14.599999999999994","12.326666666666668","36.980000000000004","3.7536","1","0","0","0","3","0","0","14.769999999999996","0","0","0","0","0","4","_6054c8d82e5a0000_p_Net","1","0","0","1","0","0","0","0","0","0","3","_6054c8d82e5a0000_p_odb__dbNet","0.0","0.0","0.0","6.256","4.587733333333333","1.1796426728274778","13.763200000000001","12.326666666666654","3","13.260000000000005","14.599999999999994","14.599999999999994","76.13","110.16","71.99","107.44","1","2","0","0","73.83","1.7211623979160122","108.34666666666665","1.2822202965516056","4"
"net707","OK","88.59312000000001","0.18789720916515146","68.02000000000001","126.32300000000001","4.079999999999998","21.714000000000013","51.58800000000002","70.06","65.98","137.18","115.466","0","22.68000000000002","19.693333333333342","59.08000000000003","3.7536","1","0","0","0","3","0","0","25.79400000000001","0","0","0","0","0","4","_d854c8d82e5a0000_p_Net","1","0","0","1","0","0","0","0","0","0","3","_d854c8d82e5a0000_p_odb__dbNet","0.0","0.0","0.0","8.758400000000002","7.924266666666668","0.5898213364137396","23.772800000000004","19.08","3","20.22999999999999","22.68000000000002","22.68000000000002","70.84","137.36","64.63","126.48","2","1","0","0","68.31","2.662442487641754","131.92","4.441741400246833","4"
"net706","OK","63.2376989999999","0.08592281322253208","40.5215","101.9605","2.330999999999996","27.129000000000005","58.92","41.687","39.356","115.525","88.396","0","21.569999999999993","13.064999999999996","52.259999999999984","3.7536","1","0","0","0","4","0","0","29.46","0","0","0","0","0","5","_5055c8d82e5a0000_p_Net","1","0","0","1","0","0","0","0","0","0","4","_5055c8d82e5a0000_p_odb__dbNet","0.0","0.0","0.0","5.0048","5.0048","0.0","20.0192","8.984999999999978","4","11.149999999999999","21.569999999999993","21.569999999999993","41.86","115.6","40.48","88.4","1","1","1","1","41.05499999999999","0.5975575286112638","103.35999999999999","11.297008453568576","5"
"net710","OK","0.9782599999999901","5.819512180928057","90.628","109.845","2.3859999999999957","0.4099999999999966","5.5919999999999845","91.821","89.435","110.05","109.64","0","2.530000000000001","2.530000000000001","2.530000000000001","5.0048","1","0","0","0","1","0","0","2.7959999999999923","0","0","0","0","0","2","_c855c8d82e5a0000_p_Net","1","0","0","1","0","0","0","0","0","0","1","_c855c8d82e5a0000_p_odb__dbNet","0.0","0.0","0.0","8.758400000000002","8.758400000000002","","8.758400000000002","2.530000000000001","1","2.530000000000001","2.530000000000001","2.530000000000001","89.01","110.16","89.01","110.16","0","1","0","0","89.01","","110.16","","2"
"net28","OK","1.6827390000000022","0.16756074466154502","26.1575","117.0505","0.5309999999999988","3.169000000000011","7.40000000000002","26.423","25.892","118.635","115.466","0","3.8699999999999974","3.8699999999999974","3.8699999999999974","3.7536","1","0","0","0","1","0","0","3.70000000000001","0","0","0","0","0","2","_4056c8d82e5a0000_p_Net","1","0","0","1","0","0","0","0","0","0","1","_4056c8d82e5a0000_p_odb__dbNet","0.0","0.0","0.0","5.0048","5.0048","","5.0048","3.8699999999999974","1","3.8699999999999974","3.8699999999999974","3.8699999999999974","25.76","118.32","25.76","118.32","0","1","0","0","25.76","","118.32","","2"
"net29","OK","6.658865999999981","1.1589486853738271","28.714","114.2115","2.7780000000000022","2.3969999999999914","10.349999999999987","30.103","27.325","115.41","113.013","0","6.399999999999999","6.399999999999999","6.399999999999999","3.7536","1","0","0","0","1","0","0","5.174999999999994","0","0","0","0","0","2","_b856c8d82e5a0000_p_Net","1","1","0","1","0","0","0","0","0","0","1","_b856c8d82e5a0000_p_odb__dbNet","3.7536","0.0","0.0","3.7536","3.7536","","3.7536","6.399999999999999","1","6.399999999999999","6.399999999999999","6.399999999999999","26.91","115.6","26.91","115.6","0","1","0","0","26.91","","115.6","","2"
"net30","OK","0.09894600000000375","0.003274513370334031","31.014","110.32149999999999","0.018000000000000682","5.497","11.030000000000001","31.023","31.005","113.07","107.573","0","6.359999999999999","6.359999999999999","6.359999999999999","3.7536","1","0","0","0","1","0","0","5.515000000000001","0","0","0","0","0","2","_3057c8d82e5a0000_p_Net","1","1","0","1","0","0","0","0","0","0","1","_3057c8d82e5a0000_p_odb__dbNet","3.7536","0.0","0.0","3.7536","3.7536","","3.7536","6.359999999999999","1","6.359999999999999","6.359999999999999","6.359999999999999","30.59","112.88","30.59","112.88","0","1","0","0","30.59","","112.88","","2"
"net31","OK","0.09132099999999076","20.34328327846061","19.761499999999998","118.4865","1.363000000000003","0.06699999999999307","2.8599999999999923","20.443","19.08","118.52","118.453","0","2.530000000000001","2.530000000000001","2.530000000000001","3.7536","1","0","0","0","1","0","0","1.4299999999999962","0","0","0","0","0","2","_a857c8d82e5a0000_p_Net","1","0","0","1","0","0","0","0","0","0","1","_a857c8d82e5a0000_p_odb__dbNet","0.0","0.0","0.0","5.0048","5.0048","","5.0048","2.530000000000001","1","2.530000000000001","2.530000000000001","2.530000000000001","18.4","118.32","18.4","118.32","0","0","1","0","18.4","","118.32","","2"
"net32","OK","2.8552720000000176","0.3081471746688081","21.814","116.988","0.9380000000000024","3.044000000000011","7.964000000000027","22.283","21.345","118.51","115.466","0","4.559999999999999","4.559999999999999","4.559999999999999","3.7536","1","0","0","0","1","0","0","3.9820000000000135","0","0","0","0","0","2","_2058c8d82e5a0000_p_Net","1","1","0","1","0","0","0","0","0","0","1","_2058c8d82e5a0000_p_odb__dbNet","3.7536","0.0","0.0","3.7536","3.7536","","3.7536","4.559999999999999","1","4.559999999999999","4.559999999999999","4.559999999999999","20.93","118.32","20.93","118.32","0","1","0","0","20.93","","118.32","","2"
"net33","OK","6.16168800000001","1.20424403129786","31.978","48.864","2.7240000000000038","2.2620000000000005","9.972000000000008","33.34","30.616","49.995","47.733","0","6.629999999999999","6.629999999999999","6.629999999999999","3.7536","1","0","0","0","1","0","0","4.986000000000004","0","0","0","0","0","2","_9858c8d82e5a0000_p_Net","1","0","0","1","0","0","0","0","0","0","1","_9858c8d82e5a0000_p_odb__dbNet","0.0","0.0","0.0","5.0048","5.0048","","5.0048","6.629999999999999","1","6.629999999999999","6.629999999999999","6.629999999999999","34.04","50.32","34.04","50.32","1","0","0","0","34.04","","50.32","","2"
"net34","OK","11.993324000000014","0.41389559717371444","30.829","50.4815","2.2280000000000015","5.383000000000003","15.222000000000008","31.943","29.715","53.173","47.79","0","7.739999999999998","7.739999999999998","7.739999999999998","3.7536","1","0","0","0","1","0","0","7.611000000000004","0","0","0","0","0","2","_1059c8d82e5a0000_p_Net","1","1","0","1","0","0","0","0","0","0","1","_1059c8d82e5a0000_p_odb__dbNet","3.7536","0.0","0.0","3.7536","3.7536","","3.7536","7.739999999999998","1","7.739999999999998","7.739999999999998","7.739999999999998","30.13","47.6","30.13","47.6","0","0","1","0","30.13","","47.6","","2"
"net712","OK","4.386000000000045","0.06070588234579993","91.53800000000001","97.91","0.5160000000000053","8.5","18.03200000000001","91.796","91.28","102.16","93.66","0","5.900000000000006","4.425000000000004","8.850000000000009","3.7536","1","0","0","0","2","0","0","9.016000000000005","0","0","0","0","0","3","_8859c8d82e5a0000_p_Net","1","0","0","1","0","0","0","0","0","0","2","_8859c8d82e5a0000_p_odb__dbNet","0.0","0.0","0.0","12.512","8.1328","4.3792","16.2656","1.7049999999999983","2","2.950000000000003","5.900000000000006","5.900000000000006","91.08","102.0","90.85","93.84","0","1","1","0","90.965","0.11500000000000199","97.92","4.079999999999998","3"
"net713","OK","15.681749999999997","0.1952907041406885","88.55","62.0255","1.75","8.960999999999999","21.421999999999997","89.425","87.675","66.506","57.545","0","10.000000000000007","6.360000000000003","12.720000000000006","3.7536","1","0","0","0","2","0","0","10.710999999999999","0","0","0","0","0","3","_005ac8d82e5a0000_p_Net","1","0","0","1","0","0","0","0","0","0","2","_005ac8d82e5a0000_p_odb__dbNet","0.0","0.0","0.0","6.256","6.256","0.0","12.512","6.359999999999999","2","2.719999999999999","10.000000000000007","10.000000000000007","89.47","63.92","87.63","58.48","1","0","1","0","88.55","0.9200000000000017","61.2","2.7200000000000024","3"
"net714","OK","387.5256000000003","0.04551957341607581","80.03999999999999","85.62599999999999","4.200000000000003","92.268","192.936","82.14","77.94","131.76","39.492","0","68.22999999999998","20.972857142857134","146.80999999999995","5.0048","1","0","0","0","7","0","0","96.468","0","0","0","0","0","8","_785ac8d82e5a0000_p_Net","1","0","0","1","0","0","0","0","0","0","7","_785ac8d82e5a0000_p_odb__dbNet","0.0","0.0","0.0","10.0096","4.826057142857143","2.15975816030879","33.782399999999996","1.8614285714285614","7","21.109999999999992","68.22999999999998","68.22999999999998","82.57","131.92","77.51","39.44","1","0","4","2","79.87571428571428","1.4479528124005865","64.69714285714285","29.17651389843046","8"
"net718","OK","4.059613000000008","0.16928731873202213","61.3905","71.94149999999999","0.8290000000000006","4.897000000000006","11.452000000000012","61.805","60.976","74.39","69.493","0","6.819999999999993","6.819999999999993","6.819999999999993","3.7536","1","0","0","0","1","0","0","5.726000000000006","0","0","0","0","0","2","_f05ac8d82e5a0000_p_Net","1","0","0","1","0","0","0","0","0","0","1","_f05ac8d82e5a0000_p_odb__dbNet","0.0","0.0","0.0","11.2608","11.2608","","11.2608","6.819999999999993","1","6.819999999999993","6.819999999999993","6.819999999999993","61.87","74.8","61.87","74.8","1","0","0","0","61.87","","74.8","","2"
"net725","OK","0.3055150000000032","6.6093022948403135","86.9705","88.1825","1.4209999999999923","0.2150000000000034","3.2719999999999914","87.681","86.26","88.29","88.075","0","1.8400000000000034","1.8400000000000034","1.8400000000000034","5.0048","1","0","0","0","1","0","0","1.6359999999999957","0","0","0","0","0","2","_685bc8d82e5a0000_p_Net","1","0","0","1","0","0","0","0","0","0","1","_685bc8d82e5a0000_p_odb__dbNet","0.0","0.0","0.0","5.0048","5.0048","","5.0048","1.8400000000000034","1","1.8400000000000034","1.8400000000000034","1.8400000000000034","85.56","88.4","85.56","88.4","0","1","0","0","85.56","","88.4","","2"
"net721","OK","89.52243999999999","0.46327602327434914","18.509999999999998","51.6625","6.440000000000001","13.900999999999996","40.681999999999995","21.73","15.29","58.613","44.712","0","17.279999999999994","13.48666666666666","40.45999999999998","3.7536","1","0","0","0","3","0","0","20.340999999999998","0","0","0","0","0","4","_e05bc8d82e5a0000_p_Net","1","0","0","1","0","0","0","0","0","0","3","_e05bc8d82e5a0000_p_odb__dbNet","0.0","0.0","0.0","8.758400000000002","8.758400000000002","0.0","26.275200000000005","11.033333333333328","3","16.359999999999992","17.279999999999994","17.279999999999994","22.31","53.04","15.87","44.88","1","0","1","1","19.703333333333333","2.768505413074394","47.6","3.8466608896548165","4"
"net726","OK","10.858685999999985","1.9073763613129227","77.51150000000001","70.753","4.551000000000002","2.3859999999999957","13.873999999999995","79.787","75.236","71.946","69.56","0","6.859999999999999","5.479999999999997","10.959999999999994","3.7536","1","0","0","0","2","0","0","6.936999999999998","0","0","0","0","0","3","_585cc8d82e5a0000_p_Net","1","0","0","1","0","0","0","0","0","0","2","_585cc8d82e5a0000_p_odb__dbNet","0.0","0.0","0.0","6.256","6.256","0.0","12.512","5.47999999999999","2","4.099999999999994","6.859999999999999","6.859999999999999","78.89","69.36","76.13","69.36","0","0","1","1","77.50999999999999","1.3800000000000026","69.36","0.0","3"
"net723","OK","16.277079999999952","0.6433399601106659","81.923","132.235","3.23599999999999","5.030000000000001","16.531999999999982","83.541","80.305","134.75","129.72","0","7.969999999999999","7.969999999999999","7.969999999999999","5.0048","1","0","0","0","1","0","0","8.265999999999991","0","0","0","0","0","2","_d05cc8d82e5a0000_p_Net","1","0","0","1","0","0","0","0","0","0","1","_d05cc8d82e5a0000_p_odb__dbNet","0.0","0.0","0.0","8.758400000000002","8.758400000000002","","8.758400000000002","7.969999999999999","1","7.969999999999999","7.969999999999999","7.969999999999999","80.73","129.2","80.73","129.2","0","0","1","0","80.73","","129.2","","2"
"net722","OK","181.1192099999999","0.16762495816471584","36.620000000000005","82.7105","5.509999999999998","32.870999999999995","76.76199999999999","39.375","33.865","99.146","66.275","0","34.25","22.699999999999996","90.79999999999998","3.7536","1","0","0","0","4","0","0","38.38099999999999","0","0","0","0","0","5","_485dc8d82e5a0000_p_Net","1","0","0","1","0","0","0","0","0","0","4","_485dc8d82e5a0000_p_odb__dbNet","0.0","0.0","0.0","10.0096","8.758400000000002","2.1671419704301793","35.03360000000001","22.700000000000003","4","16.629999999999995","34.25","34.25","39.56","88.4","34.04","66.64","1","1","2","0","36.11","2.0700000000000007","78.88","9.712342662818278","5"
"net388","OK","0.8581299999999928","20.419512095514744","21.085","99.0675","4.186","0.2049999999999983","8.781999999999996","23.178","18.992","99.17","98.965","0","4.600000000000001","4.600000000000001","4.600000000000001","5.0048","1","0","0","0","1","0","0","4.390999999999998","0","0","0","0","0","2","_c05dc8d82e5a0000_p_Net","1","0","0","1","0","0","0","0","0","0","1","_c05dc8d82e5a0000_p_odb__dbNet","0.0","0.0","0.0","5.0048","5.0048","","5.0048","4.600000000000001","1","4.600000000000001","4.600000000000001","4.600000000000001","18.86","99.28","18.86","99.28","0","1","0","0","18.86","","99.28","","2"
"net782","OK","1218.528192","0.2871001412125146","22.868","82.691","18.704","65.148","167.704","32.22","13.516","115.265","50.117","0","75.47999999999999","52.69222222222223","474.23","7.5072","1","0","0","0","9","0","0","83.852","0","0","0","0","0","10","_385ec8d82e5a0000_p_Net","1","0","0","1","0","0","0","0","0","0","9","_385ec8d82e5a0000_p_odb__dbNet","0.0","0.0","0.0","15.0144","9.036444444444445","2.876114097223355","81.328","51.483333333333334","9","57.32000000000001","75.47999999999999","75.47999999999999","31.28","115.6","17.02","50.32","5","2","0","2","25.836666666666666","4.551185437761122","94.74666666666667","22.09738446060981","10"
"net46","OK","16.429721","2.8835358178116723","22.061500000000002","87.0065","6.882999999999999","2.3870000000000005","18.54","25.503","18.62","88.2","85.813","0","10.769999999999996","10.769999999999996","10.769999999999996","3.7536","1","0","0","0","1","0","0","9.27","0","0","0","0","0","2","_b05ec8d82e5a0000_p_Net","1","0","0","1","0","0","0","0","0","0","1","_b05ec8d82e5a0000_p_odb__dbNet","0.0","0.0","0.0","5.0048","5.0048","","5.0048","10.769999999999996","1","10.769999999999996","10.769999999999996","10.769999999999996","17.94","88.4","17.94","88.4","0","1","0","0","17.94","","88.4","","2"
"net47","OK","0.053466000000001956","16.456140062172338","26.874000000000002","85.8415","0.9379999999999988","0.05700000000000216","1.990000000000002","27.343","26.405","85.87","85.813","0","1.8399999999999999","1.8399999999999999","1.8399999999999999","3.7536","1","0","0","0","1","0","0","0.995000000000001","0","0","0","0","0","2","_285fc8d82e5a0000_p_Net","1","1","0","1","0","0","0","0","0","0","1","_285fc8d82e5a0000_p_odb__dbNet","3.7536","0.0","0.0","3.7536","3.7536","","3.7536","1.8399999999999999","1","1.8399999999999999","1.8399999999999999","1.8399999999999999","25.99","85.68","25.99","85.68","0","0","1","0","25.99","","85.68","","2"
"net48","OK","0.02724600000000092","8.38596476515816","28.484","85.8415","0.477999999999998","0.05700000000000216","1.0700000000000003","28.723","28.245","85.87","85.813","0","1.3800000000000026","1.3800000000000026","1.3800000000000026","3.7536","1","0","0","0","1","0","0","0.5350000000000001","0","0","0","0","0","2","_a05fc8d82e5a0000_p_Net","1","1","0","1","0","0","0","0","0","0","1","_a05fc8d82e5a0000_p_odb__dbNet","3.7536","0.0","0.0","3.7536","3.7536","","3.7536","1.3800000000000026","1","1.3800000000000026","1.3800000000000026","1.3800000000000026","27.83","85.68","27.83","85.68","0","0","1","0","27.83","","85.68","","2"
"net729","OK","185.71615999999995","0.12807247898823337","21.1595","72.41499999999999","4.876999999999999","38.08","85.91399999999999","23.598","18.721","91.455","53.375","0","37.89000000000001","25.350000000000005","76.05000000000001","3.7536","1","0","0","0","3","0","0","42.956999999999994","0","0","0","0","0","4","_1860c8d82e5a0000_p_Net","1","0","0","1","0","0","0","0","0","0","3","_1860c8d82e5a0000_p_odb__dbNet","0.0","0.0","0.0","7.5072","7.5072","0.0","22.5216","21.849999999999998","3","32.45000000000001","37.89000000000001","37.89000000000001","23.92","91.12","18.4","53.04","1","1","0","1","21.926666666666666","2.5007909859793482","76.61333333333333","16.81616153849888","4"
"net731","OK","21.729162000000127","0.08091780069073594","86.939","132.0865","1.3260000000000076","16.387","35.426000000000016","87.602","86.276","140.28","123.893","0","17.47","11.914999999999985","23.82999999999997","3.7536","1","0","0","0","2","0","0","17.713000000000008","0","0","0","0","0","3","_9060c8d82e5a0000_p_Net","1","0","0","1","0","0","0","0","0","0","2","_9060c8d82e5a0000_p_odb__dbNet","0.0","0.0","0.0","5.0048","4.3792","0.6256000000000002","8.7584","11.914999999999964","2","6.359999999999971","17.47","17.47","86.94","140.08","86.71","129.2","1","0","1","0","86.82499999999999","0.11500000000000199","134.64","5.440000000000012","3"
"net389","OK","16.076684999999987","0.5866284621611022","22.5625","88.61250000000001","3.070999999999998","5.234999999999999","16.611999999999995","24.098","21.027","91.23","85.995","0","8.659999999999997","8.659999999999997","8.659999999999997","5.0048","1","0","0","0","1","0","0","8.305999999999997","0","0","0","0","0","2","_0861c8d82e5a0000_p_Net","1","0","0","1","0","0","0","0","0","0","1","_0861c8d82e5a0000_p_odb__dbNet","0.0","0.0","0.0","5.0048","5.0048","","5.0048","8.659999999999997","1","8.659999999999997","8.659999999999997","8.659999999999997","21.16","85.68","21.16","85.68","0","0","1","0","21.16","","85.68","","2"
"net730","OK","13.016268000000014","1.101221640168347","85.71","127.614","3.7860000000000014","3.4380000000000024","14.448000000000008","87.603","83.817","129.333","125.895","0","6.859999999999985","5.709999999999987","11.419999999999973","3.7536","1","0","0","0","2","0","0","7.224000000000004","0","0","0","0","0","3","_8061c8d82e5a0000_p_Net","1","0","0","1","0","0","0","0","0","0","2","_8061c8d82e5a0000_p_odb__dbNet","0.0","0.0","0.0","6.256","6.256","0.0","12.512","5.709999999999994","2","4.559999999999988","6.859999999999985","6.859999999999985","86.25","126.48","83.95","126.48","0","0","1","1","85.1","1.1499999999999986","126.48","0.0","3"
"net733","OK","234.11330600000002","0.35941540630203694","85.8295","51.744","9.173000000000002","25.522","69.39","90.416","81.243","64.505","38.983","0","26.820000000000007","18.440000000000005","73.76000000000002","3.7536","1","0","0","0","4","0","0","34.695","0","0","0","0","0","5","_f861c8d82e5a0000_p_Net","1","0","0","1","0","0","0","0","0","0","4","_f861c8d82e5a0000_p_odb__dbNet","0.0","0.0","0.0","6.256","6.256","0.0","25.024","18.440000000000012","4","13.720000000000006","26.820000000000007","26.820000000000007","89.47","63.92","81.65","39.44","1","1","2","0","84.41","3.2035293037523447","52.36","10.424202607394008","5"
"net54","OK","0.02968100000000308","6.611940199821038","22.9815","69.5265","0.44299999999999784","0.06700000000000728","1.0200000000000102","23.203","22.76","69.56","69.493","0","1.610000000000003","1.610000000000003","1.610000000000003","3.7536","1","0","0","0","1","0","0","0.5100000000000051","0","0","0","0","0","2","_7062c8d82e5a0000_p_Net","1","0","0","1","0","0","0","0","0","0","1","_7062c8d82e5a0000_p_odb__dbNet","0.0","0.0","0.0","5.0048","5.0048","","5.0048","1.610000000000003","1","1.610000000000003","1.610000000000003","1.610000000000003","22.08","69.36","22.08","69.36","0","0","1","0","22.08","","69.36","","2"
"net55","OK","0.17937099999999734","5.475138091297657","34.6675","50.0955","0.9909999999999997","0.18099999999999739","2.343999999999994","35.163","34.172","50.186","50.005","0","1.6099999999999994","1.6099999999999994","1.6099999999999994","3.7536","1","0","0","0","1","0","0","1.171999999999997","0","0","0","0","0","2","_e862c8d82e5a0000_p_Net","1","0","0","1","0","0","0","0","0","0","1","_e862c8d82e5a0000_p_odb__dbNet","0.0","0.0","0.0","5.0048","5.0048","","5.0048","1.6099999999999994","1","1.6099999999999994","1.6099999999999994","1.6099999999999994","34.04","50.32","34.04","50.32","0","1","0","0","34.04","","50.32","","2"
"net56","OK","0.21605300000001534","0.023332237915436357","36.1005","51.6515","0.07100000000000506","3.0429999999999993","6.228000000000009","36.136","36.065","53.173","50.13","0","2.719999999999999","2.719999999999999","2.719999999999999","3.7536","1","0","0","0","1","0","0","3.1140000000000043","0","0","0","0","0","2","_6063c8d82e5a0000_p_Net","1","1","0","1","0","0","0","0","0","0","1","_6063c8d82e5a0000_p_odb__dbNet","3.7536","0.0","0.0","3.7536","3.7536","","3.7536","2.719999999999999","1","2.719999999999999","2.719999999999999","2.719999999999999","35.65","50.32","35.65","50.32","0","0","1","0","35.65","","50.32","","2"
"net57","OK","0.027302999999997586","8.403508624500564","34.9955","53.201499999999996","0.4789999999999992","0.056999999999995055","1.0719999999999885","35.235","34.756","53.23","53.173","0","1.3799999999999955","1.3799999999999955","1.3799999999999955","3.7536","1","0","0","0","1","0","0","0.5359999999999943","0","0","0","0","0","2","_d863c8d82e5a0000_p_Net","1","1","0","1","0","0","0","0","0","0","1","_d863c8d82e5a0000_p_odb__dbNet","3.7536","0.0","0.0","3.7536","3.7536","","3.7536","1.3799999999999955","1","1.3799999999999955","1.3799999999999955","1.3799999999999955","35.65","53.04","35.65","53.04","0","0","0","1","35.65","","53.04","","2"
"net734","OK","146.64584999999934","0.03781917456178209","89.1395","100.67500000000001","2.3549999999999898","62.269999999999996","129.24999999999997","90.317","87.962","131.81","69.54","0","62.55999999999999","44.34799999999999","221.73999999999995","5.0048","1","0","0","0","5","0","0","64.62499999999999","0","0","0","0","0","6","_5064c8d82e5a0000_p_Net","1","0","0","1","0","0","0","0","0","0","5","_5064c8d82e5a0000_p_odb__dbNet","0.0","0.0","0.0","12.512","10.0096","3.0648015661703125","50.048","43.61199999999998","5","39.91999999999999","62.55999999999999","62.55999999999999","91.08","107.44","88.09","69.36","0","1","2","2","89.148","1.0549957345885335","88.4","14.185784433720963","6"
"net735","OK","952.8071199999997","0.11056770440471213","83.93100000000001","85.372","10.263999999999996","92.83000000000001","206.18800000000002","89.063","78.799","131.787","38.957","0","96.84999999999998","63.71416666666664","764.5699999999997","7.5072","1","0","0","0","12","0","0","103.09400000000001","0","0","0","0","0","13","_c864c8d82e5a0000_p_Net","1","0","0","1","0","0","0","0","0","0","12","_c864c8d82e5a0000_p_odb__dbNet","0.0","0.0","0.0","6.256","5.943200000000001","0.5417854926075447","71.31840000000001","62.94749999999998","12","69.68999999999998","92.51999999999998","96.84999999999998","89.47","107.44","78.89","39.44","3","1","4","4","84.04583333333333","2.6565719085986648","70.94666666666667","24.891055064464872","13"
"net736","OK","450.94675999999953","0.1398731947844333","85.11099999999999","97.93","7.941999999999993","56.77999999999999","129.44399999999996","89.082","81.14","126.32","69.54","0","37.93000000000001","29.808000000000003","149.04000000000002","5.0048","1","0","0","0","5","0","0","64.72199999999998","0","0","0","0","0","6","_4065c8d82e5a0000_p_Net","1","0","0","1","0","0","0","0","0","0","5","_4065c8d82e5a0000_p_odb__dbNet","0.0","0.0","0.0","12.512","9.00864","3.485439882482554","45.0432","11.663999999999987","5","30.92","37.93000000000001","37.93000000000001","89.24","126.48","80.96","69.36","2","1","0","2","86.84799999999998","2.9903538252186825","101.456","24.47395480914354","6"
"net737","OK","31.537988000000063","0.008706199012931275","81.018","99.6235","0.5240000000000009","60.18700000000001","121.42200000000003","81.28","80.756","129.717","69.53","0","33.099999999999994","30.380000000000003","60.760000000000005","3.7536","1","0","0","0","2","0","0","60.71100000000001","0","0","0","0","0","3","_b865c8d82e5a0000_p_Net","1","0","0","1","0","0","0","0","0","0","2","_b865c8d82e5a0000_p_odb__dbNet","0.0","0.0","0.0","8.758400000000002","6.256000000000001","2.502400000000001","12.512000000000002","3.180000000000007","2","27.66000000000001","33.099999999999994","33.099999999999994","80.73","129.2","80.73","69.36","0","1","1","0","80.73","0.0","99.28","29.919999999999995","3"
"net738","OK","12.979329999999988","0.10910424497028444","87.735","123.90650000000001","1.1899999999999977","10.90700000000001","24.194000000000017","88.33","87.14","129.36","118.453","0","11.340000000000003","8.620000000000005","17.24000000000001","3.7536","1","0","0","0","2","0","0","12.097000000000008","0","0","0","0","0","3","_3066c8d82e5a0000_p_Net","1","0","0","1","0","0","0","0","0","0","2","_3066c8d82e5a0000_p_odb__dbNet","0.0","0.0","0.0","6.256","5.0048","1.2512","10.0096","8.16000000000001","2","5.900000000000006","11.340000000000003","11.340000000000003","87.63","129.2","86.71","123.76","0","1","1","0","87.16999999999999","0.46000000000000085","126.47999999999999","2.7199999999999918","3"
"net793","OK","0.012501000000000453","17.148147513030896","10.5515","113.0265","0.4629999999999992","0.027000000000001023","0.9800000000000004","10.783","10.32","113.04","113.013","0","1.379999999999999","1.379999999999999","1.379999999999999","3.7536","1","0","0","0","1","0","0","0.4900000000000002","0","0","0","0","0","2","_a866c8d82e5a0000_p_Net","1","0","0","1","0","0","0","0","0","0","1","_a866c8d82e5a0000_p_odb__dbNet","0.0","0.0","0.0","3.7536","3.7536","","3.7536","1.379999999999999","1","1.379999999999999","1.379999999999999","1.379999999999999","9.89","112.88","9.89","112.88","0","0","1","0","9.89","","112.88","","2"
"net740","OK","214.43284500000004","0.44195759747392016","55.2075","31.573500000000003","9.735","22.027000000000005","63.52400000000001","60.075","50.34","42.587","20.56","0","25.939999999999994","18.276666666666667","54.83","3.7536","1","0","0","0","3","0","0","31.762000000000004","0","0","0","0","0","4","_2067c8d82e5a0000_p_Net","1","0","0","1","0","0","0","0","0","0","3","_2067c8d82e5a0000_p_odb__dbNet","0.0","0.0","0.0","10.0096","7.5072","2.702900920615972","22.5216","14.009999999999994","3","22.48999999999999","25.939999999999994","25.939999999999994","60.49","42.16","49.91","20.4","2","0","1","0","55.81333333333333","4.405499088891319","34.906666666666666","10.257762372412849","4"
"net780","OK","12.677574000000016","1.373601052872414","12.836500000000001","51.653999999999996","4.173","3.038000000000004","14.422000000000008","14.923","10.75","53.173","50.135","0","8.7","8.7","8.7","3.7536","1","0","0","0","1","0","0","7.211000000000004","0","0","0","0","0","2","_9867c8d82e5a0000_p_Net","1","0","0","1","0","0","0","0","0","0","1","_9867c8d82e5a0000_p_odb__dbNet","0.0","0.0","0.0","16.265600000000003","16.265600000000003","","16.265600000000003","8.7","1","8.7","8.7","8.7","9.43","50.32","9.43","50.32","0","0","1","0","9.43","","50.32","","2"
"net781","OK","26.191348000000012","0.8683539692519374","40.3605","88.559","4.768999999999998","5.492000000000004","20.522000000000006","42.745","37.976","91.305","85.813","0","12.569999999999993","8.679999999999996","17.359999999999992","3.7536","1","0","0","0","2","0","0","10.261000000000003","0","0","0","0","0","3","_1068c8d82e5a0000_p_Net","1","0","0","1","0","0","0","0","0","0","2","_1068c8d82e5a0000_p_odb__dbNet","0.0","0.0","0.0","27.5264","16.2656","11.2608","32.5312","8.68","2","4.789999999999999","12.569999999999993","12.569999999999993","44.62","91.12","39.56","88.4","1","0","1","0","42.09","2.5299999999999976","89.76","1.3599999999999994","3"
"net741","OK","962.4158699999998","0.2679626230557657","72.2505","69.205","16.058999999999997","59.93","151.978","80.28","64.221","99.17","39.24","0","75.48","52.940000000000005","317.64000000000004","5.0048","1","0","0","0","6","0","0","75.989","0","0","0","0","0","7","_8868c8d82e5a0000_p_Net","1","0","0","1","0","0","0","0","0","0","6","_8868c8d82e5a0000_p_odb__dbNet","0.0","0.0","0.0","10.0096","5.421866666666666","2.126631071802431","32.5312","52.940000000000005","6","48.74000000000001","75.48","75.48","80.96","88.4","70.15","39.44","2","0","1","3","77.89333333333333","3.801770055586679","60.29333333333333","19.2759977404255","7"
"net742","OK","985.2792","0.19722693831073526","64.142","96.38","13.939999999999998","70.68","169.24","71.112","57.172","131.72","61.04","0","72.87","39.155882352941184","665.6500000000001","7.5072","1","0","0","0","17","0","0","84.62","0","0","0","0","0","18","_0069c8d82e5a0000_p_Net","1","0","0","1","0","0","0","0","0","0","17","_0069c8d82e5a0000_p_odb__dbNet","0.0","0.0","0.0","7.5072","5.5200000000000005","1.3611026118555498","93.84","37.280588235294104","17","36.59","69.23","72.87","71.53","131.92","57.04","61.2","6","3","3","5","65.36058823529412","4.222780615254298","93.84000000000002","25.01634665573692","18"
"net772","OK","28.88570000000003","0.1652798789587536","71.8275","59.83","2.1850000000000023","13.219999999999999","30.810000000000002","72.92","70.735","66.44","53.22","0","10.690000000000005","6.590000000000001","19.770000000000003","3.7536","1","0","0","0","3","0","0","15.405000000000001","0","0","0","0","0","4","_7869c8d82e5a0000_p_Net","1","0","0","1","0","0","0","0","0","0","3","_7869c8d82e5a0000_p_odb__dbNet","0.0","0.0","0.0","10.0096","6.673066666666667","2.3592853456549556","20.0192","1.1499999999999986","3","5.670000000000002","10.690000000000005","10.690000000000005","72.22","66.64","69.92","53.04","1","1","1","0","71.30000000000001","0.9937135737558715","61.199999999999996","5.8758715665564605","4"
"net771","OK","6.849146999999926","0.20089056341823897","77.35849999999999","66.9725","1.1729999999999876","5.838999999999999","14.023999999999972","77.945","76.772","69.892","64.053","0","7.280000000000001","5.989999999999999","17.97","3.7536","1","0","0","0","3","0","0","7.011999999999986","0","0","0","0","0","4","_f069c8d82e5a0000_p_Net","1","0","0","1","0","0","0","0","0","0","3","_f069c8d82e5a0000_p_odb__dbNet","0.0","0.0","0.0","12.512","8.341333333333333","2.9491066820686944","25.024","4.763333333333335","3","6.359999999999999","7.280000000000001","7.280000000000001","78.89","69.36","75.44","66.64","1","1","1","0","76.82","1.4905703606338094","68.45333333333333","1.2822202965516056","4"
"net759","OK","631.6687800000008","0.1373650681275091","85.37950000000001","76.12100000000001","9.315000000000012","67.812","154.25400000000002","90.037","80.722","110.027","42.215","0","71.91000000000001","35.5488888888889","319.94000000000005","7.5072","1","0","0","0","9","0","0","77.12700000000001","0","0","0","0","0","10","_686ac8d82e5a0000_p_Net","1","0","0","1","0","0","0","0","0","0","9","_686ac8d82e5a0000_p_odb__dbNet","0.0","0.0","0.0","12.512","6.395022222222222","2.666908623097278","57.5552","33.65777777777778","9","27.00999999999999","71.91000000000001","71.91000000000001","90.39","107.44","81.19","42.16","4","1","2","2","86.73555555555556","2.8899254550597795","77.21777777777778","22.700892678374164","10"
"net758","OK","39.906155999999946","1.1854532917639702","39.131","159.37599999999998","6.878","5.8019999999999925","25.359999999999985","42.57","35.692","162.277","156.475","0","10.96","6.457500000000001","25.830000000000005","3.7536","1","0","0","0","4","0","0","12.679999999999993","0","0","0","0","0","5","_e06ac8d82e5a0000_p_Net","1","0","0","1","0","0","0","0","0","0","4","_e06ac8d82e5a0000_p_odb__dbNet","0.0","0.0","0.0","5.0048","4.692","0.5417854926075449","18.768","5.652499999999996","4","3.9100000000000037","10.96","10.96","43.24","161.84","36.11","156.4","0","2","1","1","38.697500000000005","2.703723127467013","159.12","2.719999999999999","5"
"net751","OK","51.13550000000003","0.8262361763281759","56.797","89.7465","6.5","7.867000000000004","28.73400000000001","60.047","53.547","93.68","85.813","0","13.679999999999993","8.429999999999996","33.719999999999985","3.7536","1","0","0","0","4","0","0","14.367000000000004","0","0","0","0","0","5","_586bc8d82e5a0000_p_Net","1","0","0","1","0","0","0","0","0","0","4","_586bc8d82e5a0000_p_odb__dbNet","0.0","0.0","0.0","10.0096","6.881600000000001","2.255632877930272","27.526400000000002","8.199999999999996","4","5.25","13.679999999999993","13.679999999999993","59.11","93.84","53.13","88.4","0","2","1","1","55.89","2.151452997395015","91.12","2.719999999999999","5"
"net752","OK","641.8773899999997","0.07481942929861024","33.161","66.70150000000001","6.929999999999996","92.623","199.106","36.626","29.696","113.013","20.39","0","99.14999999999999","99.14999999999999","99.14999999999999","3.7536","1","0","0","0","1","0","0","99.553","0","0","0","0","0","2","_d06bc8d82e5a0000_p_Net","1","0","0","1","0","0","0","0","0","0","1","_d06bc8d82e5a0000_p_odb__dbNet","0.0","0.0","0.0","10.0096","10.0096","","10.0096","99.14999999999999","1","99.14999999999999","99.14999999999999","99.14999999999999","35.88","20.4","35.88","20.4","0","0","0","1","35.88","","20.4","","2"
"net761","OK","3.3579350000000274","0.49942151928290446","86.46350000000001","141.3235","1.2950000000000017","2.5930000000000177","7.776000000000039","87.111","85.816","142.62","140.027","0","3.8700000000000045","2.740000000000002","5.480000000000004","3.7536","1","0","0","0","2","0","0","3.8880000000000194","0","0","0","0","0","3","_486cc8d82e5a0000_p_Net","1","0","0","1","0","0","0","0","0","0","2","_486cc8d82e5a0000_p_odb__dbNet","0.0","0.0","0.0","15.0144","10.0096","5.0047999999999995","20.0192","2.739999999999995","2","1.6099999999999994","3.8700000000000045","3.8700000000000045","86.94","142.8","86.48","140.08","1","0","0","1","86.71000000000001","0.22999999999999687","141.44","1.3599999999999994","3"
"net779","OK","406.3606499999999","0.3829741511517476","28.5375","55.592999999999996","12.474999999999998","32.574","90.09799999999998","34.775","22.3","71.88","39.306","0","45.75","25.595000000000002","51.190000000000005","3.7536","1","0","0","0","2","0","0","45.04899999999999","0","0","0","0","0","3","_c06cc8d82e5a0000_p_Net","1","0","0","1","0","0","0","0","0","0","2","_c06cc8d82e5a0000_p_odb__dbNet","0.0","0.0","0.0","10.0096","9.384","0.6255999999999995","18.768","25.59500000000001","2","5.440000000000005","45.75","45.75","35.42","72.08","22.31","44.88","1","0","1","0","28.865000000000002","6.5550000000000015","58.480000000000004","13.599999999999998","3"
"net777","OK","192.27541699999998","0.13122077378899083","21.6115","63.686499999999995","5.023","38.278999999999996","86.60399999999998","24.123","19.1","82.826","44.547","0","43.599999999999994","38.599999999999994","77.19999999999999","3.7536","1","0","0","0","2","0","0","43.30199999999999","0","0","0","0","0","3","_386dc8d82e5a0000_p_Net","1","0","0","1","0","0","0","0","0","0","2","_386dc8d82e5a0000_p_odb__dbNet","0.0","0.0","0.0","8.758400000000002","8.758400000000002","0.0","17.516800000000003","38.599999999999994","2","33.599999999999994","43.599999999999994","43.599999999999994","20.93","53.04","19.09","44.88","0","0","2","0","20.009999999999998","0.9199999999999999","48.96","4.079999999999998","3"
"net778","OK","1797.324932","0.1610594672356438","26.268","89.871","17.014","105.638","245.304","34.775","17.761","142.69","37.052","0","114.59","96.39333333333333","289.18","5.0048","1","0","0","0","3","0","0","122.652","0","0","0","0","0","4","_b06dc8d82e5a0000_p_Net","1","0","0","1","0","0","0","0","0","0","3","_b06dc8d82e5a0000_p_odb__dbNet","0.0","0.0","0.0","10.0096","9.175466666666667","0.5898213364137384","27.526400000000002","96.39333333333335","3","94.10000000000001","114.59","114.59","35.42","66.64","19.09","36.72","0","0","2","1","26.833333333333332","6.693311752953259","55.76","13.509029079347883","4"
"net784","OK","330.8527","0.23088099325767056","20.148","96.3375","8.74","37.855000000000004","93.19000000000001","24.518","15.778","115.265","77.41","0","42.67999999999999","24.428000000000004","122.14000000000001","5.0048","1","0","0","0","5","0","0","46.595000000000006","0","0","0","0","0","6","_286ec8d82e5a0000_p_Net","1","0","0","1","0","0","0","0","0","0","5","_286ec8d82e5a0000_p_odb__dbNet","0.0","0.0","0.0","7.5072","6.00576","1.8388809397021877","30.0288","21.76000000000001","5","21.990000000000006","42.67999999999999","42.67999999999999","24.84","115.6","16.1","82.96","2","1","1","1","20.700000000000003","3.102869639543369","99.28","13.435808870328572","6"
"net785","OK","516.3980799999999","0.2456974588233025","27.073","92.4775","11.264","45.845","114.21799999999999","32.705","21.441","115.4","69.555","0","52.06999999999999","31.655","189.93","5.0048","1","0","0","0","6","0","0","57.108999999999995","0","0","0","0","0","7","_a06ec8d82e5a0000_p_Net","1","0","0","1","0","0","0","0","0","0","6","_a06ec8d82e5a0000_p_odb__dbNet","0.0","0.0","0.0","10.0096","8.1328","1.3988841267238685","48.7968","30.748333333333328","6","25.520000000000007","52.06999999999999","52.06999999999999","32.43","115.6","24.84","69.36","2","1","1","2","28.788333333333338","2.9764543597299715","95.19999999999999","19.535458359949818","7"
"net786","OK","0.4625599999999951","48.163264814661055","13.023","50.235","4.719999999999999","0.09799999999999898","9.635999999999996","15.383","10.663","50.284","50.186","0","6.4399999999999995","6.4399999999999995","6.4399999999999995","3.7536","1","0","0","0","1","0","0","4.817999999999998","0","0","0","0","0","2","_186fc8d82e5a0000_p_Net","1","0","0","1","0","0","0","0","0","0","1","_186fc8d82e5a0000_p_odb__dbNet","0.0","0.0","0.0","16.265600000000003","16.265600000000003","","16.265600000000003","6.4399999999999995","1","6.4399999999999995","6.4399999999999995","6.4399999999999995","9.43","50.32","9.43","50.32","0","1","0","0","9.43","","50.32","","2"
"net788","OK","389.96930699999984","0.44741388068802573","25.6405","84.3235","13.208999999999996","29.522999999999996","85.46399999999998","32.245","19.036","99.085","69.562","0","38.28","25.268888888888892","227.42000000000002","7.5072","1","0","0","0","9","0","0","42.73199999999999","0","0","0","0","0","10","_906fc8d82e5a0000_p_Net","1","0","0","1","0","0","0","0","0","0","9","_906fc8d82e5a0000_p_odb__dbNet","0.0","0.0","0.0","15.0144","10.287644444444446","1.8443381945300783","92.5888","24.664444444444452","9","28.160000000000004","38.28","38.28","32.66","99.28","22.54","69.36","5","1","2","1","28.11111111111111","3.3414316440859246","87.49333333333334","11.324263037095765","10"
"net787","OK","746.55709","0.14939878341845525","22.1215","80.055","10.561","70.69","162.502","27.402","16.841","115.4","44.71","0","49.08","29.621250000000003","236.97000000000003","5.0048","1","0","0","0","8","0","0","81.251","0","0","0","0","0","9","_0870c8d82e5a0000_p_Net","1","0","0","1","0","0","0","0","0","0","8","_0870c8d82e5a0000_p_odb__dbNet","0.0","0.0","0.0","7.5072","7.037999999999999","1.2413865151515058","56.303999999999995","7.066250000000007","8","28.58","49.08","49.08","27.83","115.6","16.1","44.88","1","3","2","2","21.246249999999996","3.7966331713111283","77.18","27.146823018541227","9"
"net791","OK","0.10227700000002929","0.0035296303170120457","32.9255","61.3615","0.019000000000005457","5.382999999999996","10.804000000000002","32.935","32.916","64.053","58.67","0","6.3600000000000065","6.3600000000000065","6.3600000000000065","3.7536","1","0","0","0","1","0","0","5.402000000000001","0","0","0","0","0","2","_8070c8d82e5a0000_p_Net","1","1","0","1","0","0","0","0","0","0","1","_8070c8d82e5a0000_p_odb__dbNet","3.7536","0.0","0.0","3.7536","3.7536","","3.7536","6.3600000000000065","1","6.3600000000000065","6.3600000000000065","6.3600000000000065","33.35","58.48","33.35","58.48","0","0","0","1","33.35","","58.48","","2"
"net446","OK","4.423016000000001","0.7704507509305295","25.96","92.50800000000001","1.846","2.396000000000001","8.484000000000002","26.883","25.037","93.706","91.31","0","5.710000000000001","5.710000000000001","5.710000000000001","3.7536","1","0","0","0","1","0","0","4.242000000000001","0","0","0","0","0","2","_f870c8d82e5a0000_p_Net","1","1","0","1","0","0","0","0","0","0","1","_f870c8d82e5a0000_p_odb__dbNet","5.0048","0.0","0.0","5.0048","5.0048","","5.0048","5.710000000000001","1","5.710000000000001","5.710000000000001","5.710000000000001","24.38","91.12","24.38","91.12","0","0","1","0","24.38","","91.12","","2"
"net445","OK","0.02724600000000112","8.385964765158223","29.864","85.8415","0.47800000000000153","0.05700000000000216","1.0700000000000074","30.103","29.625","85.87","85.813","0","1.379999999999999","1.379999999999999","1.379999999999999","3.7536","1","0","0","0","1","0","0","0.5350000000000037","0","0","0","0","0","2","_7071c8d82e5a0000_p_Net","1","1","0","1","0","0","0","0","0","0","1","_7071c8d82e5a0000_p_odb__dbNet","3.7536","0.0","0.0","3.7536","3.7536","","3.7536","1.379999999999999","1","1.379999999999999","1.379999999999999","1.379999999999999","29.21","85.68","29.21","85.68","0","0","1","0","29.21","","85.68","","2"
"net444","OK","36.88350600000003","0.20923401369215697","24.573999999999998","108.7715","2.7780000000000022","13.277000000000001","32.11000000000001","25.963","23.185","115.41","102.133","0","17.279999999999994","17.279999999999994","17.279999999999994","3.7536","1","0","0","0","1","0","0","16.055000000000003","0","0","0","0","0","2","_e871c8d82e5a0000_p_Net","1","1","0","1","0","0","0","0","0","0","1","_e871c8d82e5a0000_p_odb__dbNet","3.7536","0.0","0.0","3.7536","3.7536","","3.7536","17.279999999999994","1","17.279999999999994","17.279999999999994","17.279999999999994","22.77","115.6","22.77","115.6","0","1","0","0","22.77","","115.6","","2"
"net443","OK","1.345447999999999","0.1452036793215496","31.704","106.108","0.44200000000000017","3.043999999999997","6.971999999999994","31.925","31.483","107.63","104.586","0","3.179999999999996","3.179999999999996","3.179999999999996","3.7536","1","0","0","0","1","0","0","3.485999999999997","0","0","0","0","0","2","_6072c8d82e5a0000_p_Net","1","1","0","1","0","0","0","0","0","0","1","_6072c8d82e5a0000_p_odb__dbNet","3.7536","0.0","0.0","3.7536","3.7536","","3.7536","3.179999999999996","1","3.179999999999996","3.179999999999996","3.179999999999996","31.51","107.44","31.51","107.44","0","1","0","0","31.51","","107.44","","2"
"net89","OK","3.3880920000000114","0.5751957146373305","9.625","108.78649999999999","1.3960000000000008","2.4270000000000067","7.646000000000015","10.323","8.927","110.0","107.573","0","5.02","5.02","5.02","3.7536","1","0","0","0","1","0","0","3.8230000000000075","0","0","0","0","0","2","_d872c8d82e5a0000_p_Net","1","0","0","1","0","0","0","0","0","0","1","_d872c8d82e5a0000_p_odb__dbNet","0.0","0.0","0.0","3.7536","3.7536","","3.7536","5.02","1","5.02","5.02","5.02","8.51","110.16","8.51","110.16","0","1","0","0","8.51","","110.16","","2"
"net90","OK","0.5129410000000085","10.502262395917194","8.3165","104.4755","2.3210000000000006","0.22100000000000364","5.0840000000000085","9.477","7.156","104.586","104.365","0","3.91","3.91","3.91","3.7536","1","0","0","0","1","0","0","2.5420000000000043","0","0","0","0","0","2","_5073c8d82e5a0000_p_Net","1","0","0","1","0","0","0","0","0","0","1","_5073c8d82e5a0000_p_odb__dbNet","0.0","0.0","0.0","7.5072","7.5072","","7.5072","3.91","1","3.91","3.91","3.91","10.58","104.72","10.58","104.72","1","0","0","0","10.58","","104.72","","2"
"net91","OK","0.33283800000001257","76.40908975137452","11.0215","99.113","5.042999999999999","0.0660000000000025","10.218000000000004","13.543","8.5","99.146","99.08","0","6.209999999999999","6.209999999999999","6.209999999999999","3.7536","1","0","0","0","1","0","0","5.109000000000002","0","0","0","0","0","2","_c873c8d82e5a0000_p_Net","1","0","0","1","0","0","0","0","0","0","1","_c873c8d82e5a0000_p_odb__dbNet","0.0","0.0","0.0","5.0048","5.0048","","5.0048","6.209999999999999","1","6.209999999999999","6.209999999999999","6.209999999999999","7.82","99.28","7.82","99.28","0","1","0","0","7.82","","99.28","","2"
"net92","OK","0.7621909999999891","23.265193241629106","10.057500000000001","99.0555","4.211","0.18099999999999739","8.783999999999995","12.163","7.952","99.146","98.965","0","4.83","4.83","4.83","3.7536","1","0","0","0","1","0","0","4.391999999999998","0","0","0","0","0","2","_4074c8d82e5a0000_p_Net","1","0","0","1","0","0","0","0","0","0","1","_4074c8d82e5a0000_p_odb__dbNet","0.0","0.0","0.0","5.0048","5.0048","","5.0048","4.83","1","4.83","4.83","4.83","7.82","99.28","7.82","99.28","0","1","0","0","7.82","","99.28","","2"
"net93","OK","0.7978879999999975","0.21689259634155864","10.124","106.614","0.41600000000000037","1.9179999999999922","4.667999999999985","10.332","9.916","107.573","105.655","0","3.869999999999999","3.869999999999999","3.869999999999999","3.7536","1","0","0","0","1","0","0","2.3339999999999925","0","0","0","0","0","2","_b874c8d82e5a0000_p_Net","1","0","0","1","0","0","0","0","0","0","1","_b874c8d82e5a0000_p_odb__dbNet","0.0","0.0","0.0","7.5072","7.5072","","7.5072","3.869999999999999","1","3.869999999999999","3.869999999999999","3.869999999999999","10.58","104.72","10.58","104.72","0","0","0","1","10.58","","104.72","","2"
"net94","OK","0.1783570000000038","0.019517036050441222","8.0525","111.5015","0.05900000000000105","3.0230000000000103","6.164000000000023","8.082","8.023","113.013","109.99","0","2.719999999999999","2.719999999999999","2.719999999999999","3.7536","1","0","0","0","1","0","0","3.0820000000000114","0","0","0","0","0","2","_3075c8d82e5a0000_p_Net","1","0","0","1","0","0","0","0","0","0","1","_3075c8d82e5a0000_p_odb__dbNet","0.0","0.0","0.0","3.7536","3.7536","","3.7536","2.719999999999999","1","2.719999999999999","2.719999999999999","2.719999999999999","8.51","110.16","8.51","110.16","0","0","0","1","8.51","","110.16","","2"
"net95","OK","5.0016119999999855","0.17070016623486112","7.618","153.8265","0.9240000000000004","5.4129999999999825","12.673999999999966","8.08","7.156","156.533","151.12","0","7.279999999999998","7.279999999999998","7.279999999999998","3.7536","1","0","0","0","1","0","0","6.336999999999983","0","0","0","0","0","2","_a875c8d82e5a0000_p_Net","1","0","0","1","0","0","0","0","0","0","1","_a875c8d82e5a0000_p_odb__dbNet","0.0","0.0","0.0","3.7536","3.7536","","3.7536","7.279999999999998","1","7.279999999999998","7.279999999999998","7.279999999999998","8.51","150.96","8.51","150.96","0","0","0","1","8.51","","150.96","","2"
"net96","OK","4.178745999999999","0.058399337976309286","22.089","87.0555","0.4939999999999998","8.459000000000003","17.906000000000006","22.336","21.842","91.285","82.826","0","8.16000000000001","8.16000000000001","8.16000000000001","3.7536","1","0","0","0","1","0","0","8.953000000000003","0","0","0","0","0","2","_2076c8d82e5a0000_p_Net","1","0","0","1","0","0","0","0","0","0","1","_2076c8d82e5a0000_p_odb__dbNet","0.0","0.0","0.0","6.256","6.256","","6.256","8.16000000000001","1","8.16000000000001","8.16000000000001","8.16000000000001","21.85","91.12","21.85","91.12","0","1","0","0","21.85","","91.12","","2"
"net97","OK","0.12728600000002427","132.45160863056802","6.909","126.3305","4.106","0.03100000000000591","8.274000000000012","8.962","4.856","126.346","126.315","0","4.6000000000000005","4.6000000000000005","4.6000000000000005","3.7536","1","0","0","0","1","0","0","4.137000000000006","0","0","0","0","0","2","_9876c8d82e5a0000_p_Net","1","0","0","1","0","0","0","0","0","0","1","_9876c8d82e5a0000_p_odb__dbNet","0.0","0.0","0.0","6.256","6.256","","6.256","4.6000000000000005","1","4.6000000000000005","4.6000000000000005","4.6000000000000005","8.97","126.48","8.97","126.48","1","0","0","0","8.97","","126.48","","2"
"net98","OK","3.2586659999999896","0.5559686077835753","11.509","146.8955","1.346","2.4209999999999923","7.533999999999985","12.182","10.836","148.106","145.685","0","4.559999999999999","4.559999999999999","4.559999999999999","3.7536","1","0","0","0","1","0","0","3.7669999999999924","0","0","0","0","0","2","_1077c8d82e5a0000_p_Net","1","0","0","1","0","0","0","0","0","0","1","_1077c8d82e5a0000_p_odb__dbNet","0.0","0.0","0.0","6.256","6.256","","6.256","4.559999999999999","1","4.559999999999999","4.559999999999999","4.559999999999999","12.19","145.52","12.19","145.52","0","0","0","1","12.19","","145.52","","2"
"net99","OK","73.71496199999997","0.06947258549550331","34.4915","169.833","2.262999999999998","32.57400000000001","69.67400000000002","35.623","33.36","186.12","153.546","0","36.08999999999999","36.08999999999999","36.08999999999999","3.7536","1","0","0","0","1","0","0","34.83700000000001","0","0","0","0","0","2","_8877c8d82e5a0000_p_Net","1","0","0","1","0","0","0","0","0","0","1","_8877c8d82e5a0000_p_odb__dbNet","0.0","0.0","0.0","5.0048","5.0048","","5.0048","36.08999999999999","1","36.08999999999999","36.08999999999999","36.08999999999999","32.66","186.32","32.66","186.32","0","1","0","0","32.66","","186.32","","2"
"net100","OK","2.5312210000000115","0.08468995791390341","16.5315","159.2665","0.46300000000000097","5.467000000000013","11.860000000000028","16.763","16.3","162.0","156.533","0","6.8199999999999985","6.8199999999999985","6.8199999999999985","3.7536","1","0","0","0","1","0","0","5.930000000000014","0","0","0","0","0","2","_0078c8d82e5a0000_p_Net","1","0","0","1","0","0","0","0","0","0","1","_0078c8d82e5a0000_p_odb__dbNet","0.0","0.0","0.0","3.7536","3.7536","","3.7536","6.8199999999999985","1","6.8199999999999985","6.8199999999999985","6.8199999999999985","15.87","161.84","15.87","161.84","0","1","0","0","15.87","","161.84","","2"
"net101","OK","0.16878400000000338","0.0185799601796353","15.868","155.053","0.05600000000000094","3.01400000000001","6.140000000000022","15.896","15.84","156.56","153.546","0","2.719999999999999","2.719999999999999","2.719999999999999","3.7536","1","0","0","0","1","0","0","3.070000000000011","0","0","0","0","0","2","_7878c8d82e5a0000_p_Net","1","0","0","1","0","0","0","0","0","0","1","_7878c8d82e5a0000_p_odb__dbNet","0.0","0.0","0.0","3.7536","3.7536","","3.7536","2.719999999999999","1","2.719999999999999","2.719999999999999","2.719999999999999","15.41","156.4","15.41","156.4","0","1","0","0","15.41","","156.4","","2"
"net102","OK","14.996011000000014","0.5010053005847183","6.6865000000000006","150.8105","2.7410000000000005","5.471000000000004","16.424000000000007","8.057","5.316","153.546","148.075","0","8.659999999999998","8.659999999999998","8.659999999999998","3.7536","1","0","0","0","1","0","0","8.212000000000003","0","0","0","0","0","2","_f078c8d82e5a0000_p_Net","1","0","0","1","0","0","0","0","0","0","1","_f078c8d82e5a0000_p_odb__dbNet","0.0","0.0","0.0","6.256","6.256","","6.256","8.659999999999998","1","8.659999999999998","8.659999999999998","8.659999999999998","8.05","148.24","8.05","148.24","0","0","0","1","8.05","","148.24","","2"
"net103","OK","0.04307200000001442","42.0624986855329","7.829000000000001","145.66899999999998","1.346000000000001","0.03200000000001069","2.7560000000000233","8.502","7.156","145.685","145.653","0","1.8399999999999999","1.8399999999999999","1.8399999999999999","3.7536","1","0","0","0","1","0","0","1.3780000000000117","0","0","0","0","0","2","_6879c8d82e5a0000_p_Net","1","0","0","1","0","0","0","0","0","0","1","_6879c8d82e5a0000_p_odb__dbNet","0.0","0.0","0.0","6.256","6.256","","6.256","1.8399999999999999","1","1.8399999999999999","1.8399999999999999","1.8399999999999999","8.51","145.52","8.51","145.52","0","0","0","1","8.51","","145.52","","2"
"net104","OK","2.7849360000000076","0.30656934296397714","23.718","127.85300000000001","0.9239999999999995","3.01400000000001","7.876000000000019","24.18","23.256","129.36","126.346","0","4.5599999999999845","4.5599999999999845","4.5599999999999845","3.7536","1","0","0","0","1","0","0","3.9380000000000095","0","0","0","0","0","2","_e079c8d82e5a0000_p_Net","1","0","0","1","0","0","0","0","0","0","1","_e079c8d82e5a0000_p_odb__dbNet","0.0","0.0","0.0","3.7536","3.7536","","3.7536","4.5599999999999845","1","4.5599999999999845","4.5599999999999845","4.5599999999999845","24.61","129.2","24.61","129.2","1","0","0","0","24.61","","129.2","","2"
"net105","OK","0.06099600000000787","22.55769187388763","12.956499999999998","96.719","1.173","0.05200000000000671","2.4500000000000135","13.543","12.37","96.745","96.693","0","2.76","2.76","2.76","3.7536","1","0","0","0","1","0","0","1.2250000000000068","0","0","0","0","0","2","_587ac8d82e5a0000_p_Net","1","0","0","1","0","0","0","0","0","0","1","_587ac8d82e5a0000_p_odb__dbNet","0.0","0.0","0.0","11.2608","11.2608","","11.2608","2.76","1","2.76","2.76","2.76","11.27","96.56","11.27","96.56","0","0","1","0","11.27","","96.56","","2"
"net106","OK","1.3411159999999949","0.1536899119317217","16.583","111.503","0.4539999999999971","2.9540000000000077","6.81600000000001","16.81","16.356","112.98","110.026","0","3.869999999999999","3.869999999999999","3.869999999999999","3.7536","1","0","0","0","1","0","0","3.408000000000005","0","0","0","0","0","2","_d07ac8d82e5a0000_p_Net","1","0","0","1","0","0","0","0","0","0","1","_d07ac8d82e5a0000_p_odb__dbNet","0.0","0.0","0.0","15.0144","15.0144","","15.0144","3.869999999999999","1","3.869999999999999","3.869999999999999","3.869999999999999","17.02","112.88","17.02","112.88","1","0","0","0","17.02","","112.88","","2"
"net107","OK","0.01772400000000063","0.002031144210551488","22.333","95.18299999999999","0.006000000000000227","2.9539999999999935","5.9199999999999875","22.336","22.33","96.66","93.706","0","3.4099999999999966","3.4099999999999966","3.4099999999999966","3.7536","1","0","0","0","1","0","0","2.9599999999999937","0","0","0","0","0","2","_487bc8d82e5a0000_p_Net","1","0","0","1","0","0","0","0","0","0","1","_487bc8d82e5a0000_p_odb__dbNet","0.0","0.0","0.0","15.0144","15.0144","","15.0144","3.4099999999999966","1","3.4099999999999966","3.4099999999999966","3.4099999999999966","22.54","96.56","22.54","96.56","1","0","0","0","22.54","","96.56","","2"
"net108","OK","0.014538999999996145","15.129031770035322","38.210499999999996","115.4505","0.4690000000000012","0.0309999999999917","0.9999999999999858","38.445","37.976","115.466","115.435","0","1.8399999999999963","1.8399999999999963","1.8399999999999963","3.7536","1","0","0","0","1","0","0","0.4999999999999929","0","0","0","0","0","2","_c07bc8d82e5a0000_p_Net","1","0","0","1","0","0","0","0","0","0","1","_c07bc8d82e5a0000_p_odb__dbNet","0.0","0.0","0.0","6.256","6.256","","6.256","1.8399999999999963","1","1.8399999999999963","1.8399999999999963","1.8399999999999963","39.33","115.6","39.33","115.6","1","0","0","0","39.33","","115.6","","2"
"net109","OK","0.10261199999999676","0.011265738896200521","17.259","138.704","0.03399999999999892","3.0180000000000007","6.103999999999999","17.276","17.242","140.213","137.195","0","3.1799999999999997","3.1799999999999997","3.1799999999999997","3.7536","1","0","0","0","1","0","0","3.0519999999999996","0","0","0","0","0","2","_387cc8d82e5a0000_p_Net","1","0","0","1","0","0","0","0","0","0","1","_387cc8d82e5a0000_p_odb__dbNet","0.0","0.0","0.0","6.256","6.256","","6.256","3.1799999999999997","1","3.1799999999999997","3.1799999999999997","3.1799999999999997","17.25","137.36","17.25","137.36","0","0","1","0","17.25","","137.36","","2"
"net110","OK","0.035748000000020215","49.03703522082294","25.298000000000002","145.66649999999998","1.3240000000000016","0.027000000000015234","2.7020000000000337","25.96","24.636","145.68","145.653","0","1.3800000000000026","1.3800000000000026","1.3800000000000026","3.7536","1","0","0","0","1","0","0","1.3510000000000169","0","0","0","0","0","2","_b07cc8d82e5a0000_p_Net","1","0","0","1","0","0","0","0","0","0","1","_b07cc8d82e5a0000_p_odb__dbNet","0.0","0.0","0.0","3.7536","3.7536","","3.7536","1.3800000000000026","1","1.3800000000000026","1.3800000000000026","1.3800000000000026","25.53","145.52","25.53","145.52","0","0","0","1","25.53","","145.52","","2"
"net111","OK","4.4735439999999755","0.760098927963689","9.918","157.773","1.8439999999999994","2.4259999999999877","8.539999999999974","10.84","8.996","158.986","156.56","0","5.479999999999999","5.479999999999999","5.479999999999999","3.7536","1","0","0","0","1","0","0","4.269999999999987","0","0","0","0","0","2","_287dc8d82e5a0000_p_Net","1","0","0","1","0","0","0","0","0","0","1","_287dc8d82e5a0000_p_odb__dbNet","0.0","0.0","0.0","3.7536","3.7536","","3.7536","5.479999999999999","1","5.479999999999999","5.479999999999999","5.479999999999999","11.27","156.4","11.27","156.4","0","0","0","1","11.27","","156.4","","2"
"net112","OK","0.03442399999997626","50.92307496453236","21.618000000000002","148.09300000000002","1.3240000000000016","0.025999999999982037","2.6999999999999673","22.28","20.956","148.106","148.08","0","1.3800000000000026","1.3800000000000026","1.3800000000000026","3.7536","1","0","0","0","1","0","0","1.3499999999999837","0","0","0","0","0","2","_a07dc8d82e5a0000_p_Net","1","0","0","1","0","0","0","0","0","0","1","_a07dc8d82e5a0000_p_odb__dbNet","0.0","0.0","0.0","3.7536","3.7536","","3.7536","1.3800000000000026","1","1.3800000000000026","1.3800000000000026","1.3800000000000026","21.85","148.24","21.85","148.24","1","0","0","0","21.85","","148.24","","2"
"net113","OK","0.01500800000000505","14.656249541987345","34.5305","145.66899999999998","0.4690000000000012","0.03200000000001069","1.0020000000000238","34.765","34.296","145.685","145.653","0","1.8399999999999963","1.8399999999999963","1.8399999999999963","3.7536","1","0","0","0","1","0","0","0.5010000000000119","0","0","0","0","0","2","_187ec8d82e5a0000_p_Net","1","0","0","1","0","0","0","0","0","0","1","_187ec8d82e5a0000_p_odb__dbNet","0.0","0.0","0.0","6.256","6.256","","6.256","1.8399999999999963","1","1.8399999999999963","1.8399999999999963","1.8399999999999963","35.65","145.52","35.65","145.52","0","0","0","1","35.65","","145.52","","2"
"net114","OK","21.767108999999998","0.3522452613723129","35.680499999999995","116.97550000000001","2.7689999999999984","7.861000000000004","21.260000000000005","37.065","34.296","120.906","113.045","0","12.300000000000011","12.300000000000011","12.300000000000011","3.7536","1","0","0","0","1","0","0","10.630000000000003","0","0","0","0","0","2","_907ec8d82e5a0000_p_Net","1","0","0","1","0","0","0","0","0","0","1","_907ec8d82e5a0000_p_odb__dbNet","0.0","0.0","0.0","6.256","6.256","","6.256","12.300000000000011","1","12.300000000000011","12.300000000000011","12.300000000000011","37.95","112.88","37.95","112.88","0","0","0","1","37.95","","112.88","","2"
"net115","OK","5.3371529999999785","0.04702900590941222","34.045500000000004","118.56649999999999","0.5009999999999977","10.653000000000006","22.308000000000007","34.296","33.795","123.893","113.24","0","11.570000000000007","11.570000000000007","11.570000000000007","3.7536","1","0","0","0","1","0","0","11.154000000000003","0","0","0","0","0","2","_087fc8d82e5a0000_p_Net","1","0","0","1","0","0","0","0","0","0","1","_087fc8d82e5a0000_p_odb__dbNet","0.0","0.0","0.0","5.0048","5.0048","","5.0048","11.570000000000007","1","11.570000000000007","11.570000000000007","11.570000000000007","34.5","112.88","34.5","112.88","0","0","0","1","34.5","","112.88","","2"
"net116","OK","0.031944000000001326","7.333333222221973","38.678","88.233","0.48400000000000176","0.0660000000000025","1.1000000000000085","38.92","38.436","88.266","88.2","0","1.6099999999999994","1.6099999999999994","1.6099999999999994","3.7536","1","0","0","0","1","0","0","0.5500000000000043","0","0","0","0","0","2","_807fc8d82e5a0000_p_Net","1","0","0","1","0","0","0","0","0","0","1","_807fc8d82e5a0000_p_odb__dbNet","0.0","0.0","0.0","5.0048","5.0048","","5.0048","1.6099999999999994","1","1.6099999999999994","1.6099999999999994","1.6099999999999994","39.56","88.4","39.56","88.4","1","0","0","0","39.56","","88.4","","2"
"net117","OK","8.521842000000039","0.13839683953888232","37.138999999999996","89.7365","1.0860000000000056","7.846999999999994","17.866","37.682","36.596","93.66","85.813","0","8.619999999999997","8.619999999999997","8.619999999999997","3.7536","1","0","0","0","1","0","0","8.933","0","0","0","0","0","2","_f87fc8d82e5a0000_p_Net","1","0","0","1","0","0","0","0","0","0","1","_f87fc8d82e5a0000_p_odb__dbNet","0.0","0.0","0.0","16.265600000000003","16.265600000000003","","16.265600000000003","8.619999999999997","1","8.619999999999997","8.619999999999997","8.619999999999997","35.65","93.84","35.65","93.84","0","1","0","0","35.65","","93.84","","2"
"net118","OK","0.8243640000000108","0.028396436520342624","20.366500000000002","104.87899999999999","0.15300000000000225","5.387999999999991","11.081999999999987","20.443","20.29","107.573","102.185","0","5.899999999999999","5.899999999999999","5.899999999999999","3.7536","1","0","0","0","1","0","0","5.540999999999993","0","0","0","0","0","2","_7080c8d82e5a0000_p_Net","1","0","0","1","0","0","0","0","0","0","1","_7080c8d82e5a0000_p_odb__dbNet","0.0","0.0","0.0","11.2608","11.2608","","11.2608","5.899999999999999","1","5.899999999999999","5.899999999999999","5.899999999999999","21.39","102.0","21.39","102.0","0","0","0","1","21.39","","102.0","","2"
"net119","OK","39.930968","1.3360160963350993","13.108","83.10650000000001","7.304000000000002","5.466999999999999","25.542","16.76","9.456","85.84","80.373","0","12.80000000000001","12.80000000000001","12.80000000000001","3.7536","1","0","0","0","1","0","0","12.771","0","0","0","0","0","2","_e880c8d82e5a0000_p_Net","1","0","0","1","0","0","0","0","0","0","1","_e880c8d82e5a0000_p_odb__dbNet","0.0","0.0","0.0","3.7536","3.7536","","3.7536","12.80000000000001","1","12.80000000000001","12.80000000000001","12.80000000000001","16.33","85.68","16.33","85.68","1","0","0","0","16.33","","85.68","","2"
"net120","OK","6.9685620000000155","0.7650762091567024","37.7505","95.184","2.3090000000000046","3.0180000000000007","10.65400000000001","38.905","36.596","96.693","93.675","0","6.399999999999999","6.399999999999999","6.399999999999999","3.7536","1","0","0","0","1","0","0","5.327000000000005","0","0","0","0","0","2","_6081c8d82e5a0000_p_Net","1","0","0","1","0","0","0","0","0","0","1","_6081c8d82e5a0000_p_odb__dbNet","0.0","0.0","0.0","6.256","6.256","","6.256","6.399999999999999","1","6.399999999999999","6.399999999999999","6.399999999999999","39.79","93.84","39.79","93.84","0","0","0","1","39.79","","93.84","","2"
"net121","OK","1.422698000000002","0.15263675068698485","50.623000000000005","144.1265","0.4660000000000011","3.0529999999999973","7.037999999999997","50.856","50.39","145.653","142.6","0","3.6399999999999935","3.6399999999999935","3.6399999999999935","3.7536","1","0","0","0","1","0","0","3.5189999999999984","0","0","0","0","0","2","_d881c8d82e5a0000_p_Net","1","0","0","1","0","0","0","0","0","0","1","_d881c8d82e5a0000_p_odb__dbNet","0.0","0.0","0.0","6.256","6.256","","6.256","3.6399999999999935","1","3.6399999999999935","3.6399999999999935","3.6399999999999935","49.45","142.8","49.45","142.8","0","0","1","0","49.45","","142.8","","2"
"net122","OK","0.11188800000006309","153.48147579689572","49.248000000000005","145.66649999999998","4.143999999999998","0.027000000000015234","8.342000000000027","51.32","47.176","145.68","145.653","0","5.060000000000002","5.060000000000002","5.060000000000002","3.7536","1","0","0","0","1","0","0","4.171000000000014","0","0","0","0","0","2","_c0926ada2e5a0000_p_Net","1","0","0","1","0","0","0","0","0","0","1","_c0926ada2e5a0000_p_odb__dbNet","0.0","0.0","0.0","3.7536","3.7536","","3.7536","5.060000000000002","1","5.060000000000002","5.060000000000002","5.060000000000002","51.75","145.52","51.75","145.52","0","0","0","1","51.75","","145.52","","2"
"net123","OK","0.03572100000000136","48.99999818518341","43.2415","85.82650000000001","1.3230000000000004","0.027000000000001023","2.700000000000003","43.903","42.58","85.84","85.813","0","1.3800000000000026","1.3800000000000026","1.3800000000000026","3.7536","1","0","0","0","1","0","0","1.3500000000000014","0","0","0","0","0","2","_38936ada2e5a0000_p_Net","1","0","0","1","0","0","0","0","0","0","1","_38936ada2e5a0000_p_odb__dbNet","0.0","0.0","0.0","3.7536","3.7536","","3.7536","1.3800000000000026","1","1.3800000000000026","1.3800000000000026","1.3800000000000026","43.01","85.68","43.01","85.68","0","0","1","0","43.01","","85.68","","2"
"net124","OK","0.0405790000000072","0.007121910344734436","46.671499999999995","59.8065","0.017000000000003013","2.3870000000000005","4.808000000000007","46.68","46.663","61.0","58.613","0","2.95000000000001","2.95000000000001","2.95000000000001","3.7536","1","0","0","0","1","0","0","2.4040000000000035","0","0","0","0","0","2","_b0936ada2e5a0000_p_Net","1","0","0","1","0","0","0","0","0","0","1","_b0936ada2e5a0000_p_odb__dbNet","0.0","0.0","0.0","5.0048","5.0048","","5.0048","2.95000000000001","1","2.95000000000001","2.95000000000001","2.95000000000001","47.38","61.2","47.38","61.2","1","0","0","0","47.38","","61.2","","2"
"net125","OK","5.555972000000013","0.6120146031822049","54.998000000000005","144.1465","1.8440000000000012","3.0130000000000052","9.714000000000013","55.92","54.076","145.653","142.64","0","5.479999999999997","5.479999999999997","5.479999999999997","3.7536","1","0","0","0","1","0","0","4.857000000000006","0","0","0","0","0","2","_28946ada2e5a0000_p_Net","1","0","0","1","0","0","0","0","0","0","1","_28946ada2e5a0000_p_odb__dbNet","0.0","0.0","0.0","3.7536","3.7536","","3.7536","5.479999999999997","1","5.479999999999997","5.479999999999997","5.479999999999997","56.35","142.8","56.35","142.8","0","0","0","1","56.35","","142.8","","2"
"net126","OK","7.521215999999998","0.2517380167852648","55.227999999999994","145.373","1.3759999999999977","5.466000000000008","13.684000000000012","55.916","54.54","148.106","142.64","0","5.899999999999999","5.899999999999999","5.899999999999999","3.7536","1","0","0","0","1","0","0","6.842000000000006","0","0","0","0","0","2","_a0946ada2e5a0000_p_Net","1","0","0","1","0","0","0","0","0","0","1","_a0946ada2e5a0000_p_odb__dbNet","0.0","0.0","0.0","3.7536","3.7536","","3.7536","5.899999999999999","1","5.899999999999999","5.899999999999999","5.899999999999999","54.97","142.8","54.97","142.8","0","0","1","0","54.97","","142.8","","2"
"net127","OK","1.6256969999999924","0.1618807194187813","55.6065","111.6105","0.5129999999999981","3.168999999999997","7.36399999999999","55.863","55.35","113.195","110.026","0","3.6400000000000006","3.6400000000000006","3.6400000000000006","3.7536","1","0","0","0","1","0","0","3.681999999999995","0","0","0","0","0","2","_18956ada2e5a0000_p_Net","1","0","0","1","0","0","0","0","0","0","1","_18956ada2e5a0000_p_odb__dbNet","0.0","0.0","0.0","6.256","6.256","","6.256","3.6400000000000006","1","3.6400000000000006","3.6400000000000006","3.6400000000000006","55.43","112.88","55.43","112.88","0","1","0","0","55.43","","112.88","","2"
"net128","OK","0.20456799999997036","75.65384469897539","55.583","123.919","3.9339999999999975","0.0519999999999925","7.97199999999998","57.55","53.616","123.945","123.893","0","5.519999999999996","5.519999999999996","5.519999999999996","3.7536","1","0","0","0","1","0","0","3.98599999999999","0","0","0","0","0","2","_90956ada2e5a0000_p_Net","1","0","0","1","0","0","0","0","0","0","1","_90956ada2e5a0000_p_odb__dbNet","0.0","0.0","0.0","11.2608","11.2608","","11.2608","5.519999999999996","1","5.519999999999996","5.519999999999996","5.519999999999996","58.65","123.76","58.65","123.76","0","0","0","1","58.65","","123.76","","2"
"net129","OK","51.543841000000086","0.7169477531882349","45.6155","87.0655","6.079000000000001","8.479000000000013","29.116000000000028","48.655","42.576","91.305","82.826","0","10.690000000000005","10.690000000000005","10.690000000000005","3.7536","1","0","0","0","1","0","0","14.558000000000014","0","0","0","0","0","2","_08966ada2e5a0000_p_Net","1","0","0","1","0","0","0","0","0","0","1","_08966ada2e5a0000_p_odb__dbNet","0.0","0.0","0.0","27.5264","27.5264","","27.5264","10.690000000000005","1","10.690000000000005","10.690000000000005","10.690000000000005","44.62","91.12","44.62","91.12","0","1","0","0","44.62","","91.12","","2"
"net130","OK","20.766858000000006","2.279986745434066","46.0165","116.944","6.881","3.0180000000000007","19.798000000000002","49.457","42.576","118.453","115.435","0","10.079999999999998","10.079999999999998","10.079999999999998","3.7536","1","0","0","0","1","0","0","9.899000000000001","0","0","0","0","0","2","_80966ada2e5a0000_p_Net","1","0","0","1","0","0","0","0","0","0","1","_80966ada2e5a0000_p_odb__dbNet","0.0","0.0","0.0","6.256","6.256","","6.256","10.079999999999998","1","10.079999999999998","10.079999999999998","10.079999999999998","49.45","115.6","49.45","115.6","0","0","0","1","49.45","","115.6","","2"
"net131","OK","7.564944000000003","0.25320160990611024","39.588","63.772999999999996","1.3840000000000003","5.466000000000001","13.700000000000003","40.28","38.896","66.506","61.04","0","7.740000000000002","7.740000000000002","7.740000000000002","3.7536","1","0","0","0","1","0","0","6.850000000000001","0","0","0","0","0","2","_f8966ada2e5a0000_p_Net","1","0","0","1","0","0","0","0","0","0","1","_f8966ada2e5a0000_p_odb__dbNet","0.0","0.0","0.0","3.7536","3.7536","","3.7536","7.740000000000002","1","7.740000000000002","7.740000000000002","7.740000000000002","40.71","61.2","40.71","61.2","0","0","0","1","40.71","","61.2","","2"
"net132","OK","17.62238399999996","0.5898280277003608","44.188","36.573","3.2239999999999966","5.465999999999994","17.37999999999998","45.8","42.576","39.306","33.84","0","9.579999999999991","9.579999999999991","9.579999999999991","3.7536","1","0","0","0","1","0","0","8.68999999999999","0","0","0","0","0","2","_70976ada2e5a0000_p_Net","1","0","0","1","0","0","0","0","0","0","1","_70976ada2e5a0000_p_odb__dbNet","0.0","0.0","0.0","3.7536","3.7536","","3.7536","9.579999999999991","1","9.579999999999991","9.579999999999991","9.579999999999991","46.23","34.0","46.23","34.0","0","0","0","1","46.23","","34.0","","2"
"net133","OK","0.08596800000002879","0.0029778522235301467","43.948","72.2465","0.016000000000005343","5.373000000000005","10.77800000000002","43.956","43.94","74.933","69.56","0","5.669999999999995","5.669999999999995","5.669999999999995","3.7536","1","0","0","0","1","0","0","5.38900000000001","0","0","0","0","0","2","_e8976ada2e5a0000_p_Net","1","0","0","1","0","0","0","0","0","0","1","_e8976ada2e5a0000_p_odb__dbNet","0.0","0.0","0.0","5.0048","5.0048","","5.0048","5.669999999999995","1","5.669999999999995","5.669999999999995","5.669999999999995","43.24","69.36","43.24","69.36","0","0","1","0","43.24","","69.36","","2"
"net134","OK","2.7026739999999987","0.09029427890873798","48.769","25.6905","0.4939999999999998","5.471","11.93","49.016","48.522","28.426","22.955","0","5.439999999999998","5.439999999999998","5.439999999999998","3.7536","1","0","0","0","1","0","0","5.965","0","0","0","0","0","2","_60986ada2e5a0000_p_Net","1","0","0","1","0","0","0","0","0","0","1","_60986ada2e5a0000_p_odb__dbNet","0.0","0.0","0.0","6.256","6.256","","6.256","5.439999999999998","1","5.439999999999998","5.439999999999998","5.439999999999998","48.53","23.12","48.53","23.12","0","0","1","0","48.53","","23.12","","2"
"net135","OK","9.751343999999989","0.32638126594833855","51.748000000000005","25.692999999999998","1.783999999999999","5.4659999999999975","14.499999999999993","52.64","50.856","28.426","22.96","0","7.280000000000001","7.280000000000001","7.280000000000001","3.7536","1","0","0","0","1","0","0","7.2499999999999964","0","0","0","0","0","2","_d8986ada2e5a0000_p_Net","1","0","0","1","0","0","0","0","0","0","1","_d8986ada2e5a0000_p_odb__dbNet","0.0","0.0","0.0","3.7536","3.7536","","3.7536","7.280000000000001","1","7.280000000000001","7.280000000000001","7.280000000000001","52.21","23.12","52.21","23.12","0","0","0","1","52.21","","23.12","","2"
"net136","OK","3.9861989999999987","0.43909724512476067","39.1015","46.2265","1.3230000000000004","3.012999999999998","8.671999999999997","39.763","38.44","47.733","44.72","0","4.100000000000001","4.100000000000001","4.100000000000001","3.7536","1","0","0","0","1","0","0","4.3359999999999985","0","0","0","0","0","2","_50996ada2e5a0000_p_Net","1","0","0","1","0","0","0","0","0","0","1","_50996ada2e5a0000_p_odb__dbNet","0.0","0.0","0.0","3.7536","3.7536","","3.7536","4.100000000000001","1","4.100000000000001","4.100000000000001","4.100000000000001","38.87","44.88","38.87","44.88","0","0","1","0","38.87","","44.88","","2"
"net137","OK","1.6336740000000065","0.28221113870232345","57.4165","21.783","0.679000000000002","2.4060000000000024","6.170000000000009","57.756","57.077","22.986","20.58","0","4.559999999999999","4.559999999999999","4.559999999999999","3.7536","1","0","0","0","1","0","0","3.0850000000000044","0","0","0","0","0","2","_c8996ada2e5a0000_p_Net","1","0","0","1","0","0","0","0","0","0","1","_c8996ada2e5a0000_p_odb__dbNet","0.0","0.0","0.0","16.265600000000003","16.265600000000003","","16.265600000000003","4.559999999999999","1","4.559999999999999","4.559999999999999","4.559999999999999","59.11","20.4","59.11","20.4","0","0","0","1","59.11","","20.4","","2"
"net138","OK","0.12220800000000018","27.223880190688256","44.408","36.8865","1.823999999999998","0.06700000000000017","3.7819999999999965","45.32","43.496","36.92","36.853","0","1.6099999999999994","1.6099999999999994","1.6099999999999994","3.7536","1","0","0","0","1","0","0","1.8909999999999982","0","0","0","0","0","2","_409a6ada2e5a0000_p_Net","1","0","0","1","0","0","0","0","0","0","1","_409a6ada2e5a0000_p_odb__dbNet","0.0","0.0","0.0","5.0048","5.0048","","5.0048","1.6099999999999994","1","1.6099999999999994","1.6099999999999994","1.6099999999999994","44.62","36.72","44.62","36.72","0","0","0","1","44.62","","36.72","","2"
"net139","OK","1.517471999999997","0.15119949490176762","42.7625","24.389","0.4789999999999992","3.1679999999999993","7.293999999999997","43.002","42.523","25.973","22.805","0","2.719999999999999","2.719999999999999","2.719999999999999","3.7536","1","0","0","0","1","0","0","3.6469999999999985","0","0","0","0","0","2","_b89a6ada2e5a0000_p_Net","1","0","0","1","0","0","0","0","0","0","1","_b89a6ada2e5a0000_p_odb__dbNet","0.0","0.0","0.0","6.256","6.256","","6.256","2.719999999999999","1","2.719999999999999","2.719999999999999","2.719999999999999","43.01","23.12","43.01","23.12","0","0","0","1","43.01","","23.12","","2"
"net140","OK","15.950627999999996","0.2593726089952343","6.333","29.894","2.034","7.841999999999999","19.751999999999995","7.35","5.316","33.815","25.973","0","11.38","11.38","11.38","3.7536","1","0","0","0","1","0","0","9.875999999999998","0","0","0","0","0","2","_309b6ada2e5a0000_p_Net","1","0","0","1","0","0","0","0","0","0","1","_309b6ada2e5a0000_p_odb__dbNet","0.0","0.0","0.0","6.256","6.256","","6.256","11.38","1","11.38","11.38","11.38","8.05","34.0","8.05","34.0","1","0","0","0","8.05","","34.0","","2"
"net141","OK","2.145892000000003","0.3658133772230336","12.658999999999999","32.624","0.886000000000001","2.4220000000000006","6.616000000000003","13.102","12.216","33.835","31.413","0","4.099999999999998","4.099999999999998","4.099999999999998","3.7536","1","0","0","0","1","0","0","3.3080000000000016","0","0","0","0","0","2","_a89b6ada2e5a0000_p_Net","1","0","0","1","0","0","0","0","0","0","1","_a89b6ada2e5a0000_p_odb__dbNet","0.0","0.0","0.0","6.256","6.256","","6.256","4.099999999999998","1","4.099999999999998","4.099999999999998","4.099999999999998","13.11","34.0","13.11","34.0","1","0","0","0","13.11","","34.0","","2"
"net142","OK","9.964511999999994","0.33278508765848236","11.746500000000001","34.149","1.8209999999999997","5.471999999999998","14.585999999999995","12.657","10.836","36.885","31.413","0","7.739999999999998","7.739999999999998","7.739999999999998","3.7536","1","0","0","0","1","0","0","7.2929999999999975","0","0","0","0","0","2","_209c6ada2e5a0000_p_Net","1","0","0","1","0","0","0","0","0","0","1","_209c6ada2e5a0000_p_odb__dbNet","0.0","0.0","0.0","6.256","6.256","","6.256","7.739999999999998","1","7.739999999999998","7.739999999999998","7.739999999999998","12.65","36.72","12.65","36.72","1","0","0","0","12.65","","36.72","","2"
"net143","OK","0.5292979999999946","0.004536197000135463","8.5075","36.814","0.04899999999999949","10.802000000000003","21.702000000000005","8.532","8.483","42.215","31.413","0","11.339999999999996","11.339999999999996","11.339999999999996","3.7536","1","0","0","0","1","0","0","10.851000000000003","0","0","0","0","0","2","_989c6ada2e5a0000_p_Net","1","0","0","1","0","0","0","0","0","0","1","_989c6ada2e5a0000_p_odb__dbNet","0.0","0.0","0.0","6.256","6.256","","6.256","11.339999999999996","1","11.339999999999996","11.339999999999996","11.339999999999996","8.51","42.16","8.51","42.16","1","0","0","0","8.51","","42.16","","2"
"net144","OK","5.813471999999998","0.9067930486150103","11.475","32.679","2.2959999999999994","2.532","9.655999999999999","12.623","10.327","33.945","31.413","0","5.479999999999999","5.479999999999999","5.479999999999999","3.7536","1","0","0","0","1","0","0","4.827999999999999","0","0","0","0","0","2","_109d6ada2e5a0000_p_Net","1","0","0","1","0","0","0","0","0","0","1","_109d6ada2e5a0000_p_odb__dbNet","0.0","0.0","0.0","6.256","6.256","","6.256","5.479999999999999","1","5.479999999999999","5.479999999999999","5.479999999999999","10.35","34.0","10.35","34.0","0","1","0","0","10.35","","34.0","","2"
"net789","OK","2.379727999999982","0.08209509656721796","32.164","101.838","0.4419999999999966","5.384","11.651999999999994","32.385","31.943","104.53","99.146","0","5.899999999999999","5.899999999999999","5.899999999999999","3.7536","1","0","0","0","1","0","0","5.825999999999997","0","0","0","0","0","2","_889d6ada2e5a0000_p_Net","1","1","0","1","0","0","0","0","0","0","1","_889d6ada2e5a0000_p_odb__dbNet","3.7536","0.0","0.0","3.7536","3.7536","","3.7536","5.899999999999999","1","5.899999999999999","5.899999999999999","5.899999999999999","31.97","104.72","31.97","104.72","0","1","0","0","31.97","","104.72","","2"
"net790","OK","7.055991999999997","0.7614980286591674","28.024","100.668","2.3180000000000014","3.043999999999997","10.723999999999997","29.183","26.865","102.19","99.146","0","5.940000000000001","5.940000000000001","5.940000000000001","3.7536","1","0","0","0","1","0","0","5.361999999999998","0","0","0","0","0","2","_009e6ada2e5a0000_p_Net","1","1","0","1","0","0","0","0","0","0","1","_009e6ada2e5a0000_p_odb__dbNet","3.7536","0.0","0.0","3.7536","3.7536","","3.7536","5.940000000000001","1","5.940000000000001","5.940000000000001","5.940000000000001","26.45","102.0","26.45","102.0","0","1","0","0","26.45","","102.0","","2"
"net147","OK","30.67028399999999","1.0541342230155484","10.24","47.443","5.686","5.393999999999998","22.159999999999997","13.083","7.397","50.14","44.746","0","9.579999999999998","9.579999999999998","9.579999999999998","3.7536","1","0","0","0","1","0","0","11.079999999999998","0","0","0","0","0","2","_789e6ada2e5a0000_p_Net","1","0","0","1","0","0","0","0","0","0","1","_789e6ada2e5a0000_p_odb__dbNet","0.0","0.0","0.0","16.265600000000003","16.265600000000003","","16.265600000000003","9.579999999999998","1","9.579999999999998","9.579999999999998","9.579999999999998","9.43","50.32","9.43","50.32","0","1","0","0","9.43","","50.32","","2"
"net148","OK","3.446126999999997","0.11848692747663866","10.6425","55.9165","0.6389999999999993","5.393000000000001","12.064","10.962","10.323","58.613","53.22","0","7.049999999999999","7.049999999999999","7.049999999999999","3.7536","1","0","0","0","1","0","0","6.032","0","0","0","0","0","2","_f09e6ada2e5a0000_p_Net","1","0","0","1","0","0","0","0","0","0","1","_f09e6ada2e5a0000_p_odb__dbNet","0.0","0.0","0.0","12.512","12.512","","12.512","7.049999999999999","1","7.049999999999999","7.049999999999999","7.049999999999999","9.2","53.04","9.2","53.04","0","0","1","0","9.2","","53.04","","2"
"net149","OK","1.7119130000000005","0.29695960004291483","12.2665","48.9855","0.7129999999999992","2.4010000000000034","6.228000000000005","12.623","11.91","50.186","47.785","0","5.019999999999998","5.019999999999998","5.019999999999998","3.7536","1","0","0","0","1","0","0","3.1140000000000025","0","0","0","0","0","2","_689f6ada2e5a0000_p_Net","1","0","0","1","0","0","0","0","0","0","1","_689f6ada2e5a0000_p_odb__dbNet","0.0","0.0","0.0","11.2608","11.2608","","11.2608","5.019999999999998","1","5.019999999999998","5.019999999999998","5.019999999999998","10.81","47.6","10.81","47.6","0","0","1","0","10.81","","47.6","","2"
"net150","OK","6.246212000000002","0.10144004076698847","16.294","67.9765","0.7959999999999994","7.847000000000008","17.286000000000016","16.692","15.896","71.9","64.053","0","8.849999999999996","8.849999999999996","8.849999999999996","3.7536","1","0","0","0","1","0","0","8.643000000000008","0","0","0","0","0","2","_e09f6ada2e5a0000_p_Net","1","0","0","1","0","0","0","0","0","0","1","_e09f6ada2e5a0000_p_odb__dbNet","0.0","0.0","0.0","12.512","12.512","","12.512","8.849999999999996","1","8.849999999999996","8.849999999999996","8.849999999999996","14.72","72.08","14.72","72.08","0","1","0","0","14.72","","72.08","","2"
"net151","OK","0.5036440000000021","0.05471324981716769","10.24","68.023","0.16600000000000037","3.034000000000006","6.400000000000013","10.323","10.157","69.54","66.506","0","4.099999999999998","4.099999999999998","4.099999999999998","3.7536","1","0","0","0","1","0","0","3.2000000000000064","0","0","0","0","0","2","_58a06ada2e5a0000_p_Net","1","0","0","1","0","0","0","0","0","0","1","_58a06ada2e5a0000_p_odb__dbNet","0.0","0.0","0.0","16.265600000000003","16.265600000000003","","16.265600000000003","4.099999999999998","1","4.099999999999998","4.099999999999998","4.099999999999998","12.19","69.36","12.19","69.36","1","0","0","0","12.19","","69.36","","2"
"net152","OK","0.9904770000000044","0.25341426390823774","13.3865","65.0415","0.5010000000000012","1.9770000000000039","4.95600000000001","13.637","13.136","66.03","64.053","0","3.179999999999998","3.179999999999998","3.179999999999998","3.7536","1","0","0","0","1","0","0","2.478000000000005","0","0","0","0","0","2","_d0a06ada2e5a0000_p_Net","1","0","0","1","0","0","0","0","0","0","1","_d0a06ada2e5a0000_p_odb__dbNet","0.0","0.0","0.0","8.758400000000002","8.758400000000002","","8.758400000000002","3.179999999999998","1","3.179999999999998","3.179999999999998","3.179999999999998","13.11","66.64","13.11","66.64","0","1","0","0","13.11","","66.64","","2"
"net153","OK","2.479222999999993","0.07081291193665466","13.846499999999999","50.6915","0.4189999999999987","5.917000000000002","12.672","14.056","13.637","53.65","47.733","0","5.899999999999999","5.899999999999999","5.899999999999999","3.7536","1","0","0","0","1","0","0","6.336","0","0","0","0","0","2","_48a16ada2e5a0000_p_Net","1","0","0","1","0","0","0","0","0","0","1","_48a16ada2e5a0000_p_odb__dbNet","0.0","0.0","0.0","8.758400000000002","8.758400000000002","","8.758400000000002","5.899999999999999","1","5.899999999999999","5.899999999999999","5.899999999999999","13.11","53.04","13.11","53.04","0","1","0","0","13.11","","53.04","","2"
"net154","OK","25.492044000000032","0.8761586946836925","8.139","69.203","4.726000000000001","5.3940000000000055","20.240000000000013","10.502","5.776","71.9","66.506","0","8.889999999999997","8.889999999999997","8.889999999999997","3.7536","1","0","0","0","1","0","0","10.120000000000006","0","0","0","0","0","2","_c0a16ada2e5a0000_p_Net","1","0","0","1","0","0","0","0","0","0","1","_c0a16ada2e5a0000_p_odb__dbNet","0.0","0.0","0.0","12.512","12.512","","12.512","8.889999999999997","1","8.889999999999997","8.889999999999997","8.889999999999997","8.74","72.08","8.74","72.08","1","0","0","0","8.74","","72.08","","2"
"net155","OK","0.034085999999994336","16.108695301987623","12.586500000000001","71.923","0.7410000000000014","0.04599999999999227","1.5739999999999874","12.957","12.216","71.946","71.9","0","2.99","2.99","2.99","3.7536","1","0","0","0","1","0","0","0.7869999999999937","0","0","0","0","0","2","_38a26ada2e5a0000_p_Net","1","0","0","1","0","0","0","0","0","0","1","_38a26ada2e5a0000_p_odb__dbNet","0.0","0.0","0.0","12.512","12.512","","12.512","2.99","1","2.99","2.99","2.99","14.72","72.08","14.72","72.08","1","0","0","0","14.72","","72.08","","2"
"net156","OK","11.337297999999953","3.0818560984974805","10.5715","68.53399999999999","5.911","1.9179999999999922","15.657999999999983","13.527","7.616","69.493","67.575","0","8.7","8.7","8.7","3.7536","1","0","0","0","1","0","0","7.828999999999992","0","0","0","0","0","2","_b0a26ada2e5a0000_p_Net","1","0","0","1","0","0","0","0","0","0","1","_b0a26ada2e5a0000_p_odb__dbNet","0.0","0.0","0.0","8.758400000000002","8.758400000000002","","8.758400000000002","8.7","1","8.7","8.7","8.7","13.11","66.64","13.11","66.64","0","0","0","1","13.11","","66.64","","2"
"net157","OK","13.476072000000007","0.44760342619872356","8.384","50.4765","2.4560000000000004","5.487000000000002","15.886000000000005","9.612","7.156","53.22","47.733","0","7.969999999999997","7.969999999999997","7.969999999999997","3.7536","1","0","0","0","1","0","0","7.943000000000002","0","0","0","0","0","2","_28a36ada2e5a0000_p_Net","1","0","0","1","0","0","0","0","0","0","1","_28a36ada2e5a0000_p_odb__dbNet","0.0","0.0","0.0","12.512","12.512","","12.512","7.969999999999997","1","7.969999999999997","7.969999999999997","7.969999999999997","9.2","53.04","9.2","53.04","1","0","0","0","9.2","","53.04","","2"
"net158","OK","0.21534300000000198","0.0234091658346823","6.7315000000000005","73.41650000000001","0.07100000000000062","3.0330000000000013","6.208000000000004","6.767","6.696","74.933","71.9","0","5.249999999999999","5.249999999999999","5.249999999999999","3.7536","1","0","0","0","1","0","0","3.104000000000002","0","0","0","0","0","2","_a0a36ada2e5a0000_p_Net","1","0","0","1","0","0","0","0","0","0","1","_a0a36ada2e5a0000_p_odb__dbNet","0.0","0.0","0.0","12.512","12.512","","12.512","5.249999999999999","1","5.249999999999999","5.249999999999999","5.249999999999999","8.74","72.08","8.74","72.08","0","0","0","1","8.74","","72.08","","2"
"net159","OK","6.683159000000011","0.21798808014845789","12.8195","72.1645","1.2070000000000007","5.537000000000006","13.488000000000014","13.423","12.216","74.933","69.396","0","5.899999999999997","5.899999999999997","5.899999999999997","3.7536","1","0","0","0","1","0","0","6.744000000000007","0","0","0","0","0","2","_18a46ada2e5a0000_p_Net","1","0","0","1","0","0","0","0","0","0","1","_18a46ada2e5a0000_p_odb__dbNet","0.0","0.0","0.0","16.265600000000003","16.265600000000003","","16.265600000000003","5.899999999999997","1","5.899999999999997","5.899999999999997","5.899999999999997","12.19","69.36","12.19","69.36","0","0","1","0","12.19","","69.36","","2"
"net160","OK","1.5938769999999987","0.17557251902569787","5.9715","40.786500000000004","0.5289999999999999","3.012999999999998","7.083999999999996","6.236","5.707","42.293","39.28","0","3.179999999999999","3.179999999999999","3.179999999999999","3.7536","1","0","0","0","1","0","0","3.541999999999998","0","0","0","0","0","2","_90a46ada2e5a0000_p_Net","1","0","0","1","0","0","0","0","0","0","1","_90a46ada2e5a0000_p_odb__dbNet","0.0","0.0","0.0","3.7536","3.7536","","3.7536","3.179999999999999","1","3.179999999999999","3.179999999999999","3.179999999999999","5.29","39.44","5.29","39.44","0","0","1","0","5.29","","39.44","","2"
"net161","OK","0.0027409999999984803","0.0003648303537521399","11.755500000000001","54.2555","0.0009999999999994458","2.7409999999999997","5.483999999999998","11.756","11.755","55.626","52.885","0","4.559999999999999","4.559999999999999","4.559999999999999","3.7536","1","0","0","0","1","0","0","2.741999999999999","0","0","0","0","0","2","_08a56ada2e5a0000_p_Net","1","0","0","1","0","0","0","0","0","0","1","_08a56ada2e5a0000_p_odb__dbNet","0.0","0.0","0.0","8.758400000000002","8.758400000000002","","8.758400000000002","4.559999999999999","1","4.559999999999999","4.559999999999999","4.559999999999999","13.11","53.04","13.11","53.04","0","0","0","1","13.11","","53.04","","2"
"net162","OK","4.915316000000004","0.3964782731052321","14.225","53.8655","1.3960000000000008","3.521000000000001","9.834000000000003","14.923","13.527","55.626","52.105","0","5.02","5.02","5.02","3.7536","1","0","0","0","1","0","0","4.917000000000002","0","0","0","0","0","2","_80a56ada2e5a0000_p_Net","1","0","0","1","0","0","0","0","0","0","1","_80a56ada2e5a0000_p_odb__dbNet","0.0","0.0","0.0","8.758400000000002","8.758400000000002","","8.758400000000002","5.02","1","5.02","5.02","5.02","13.11","53.04","13.11","53.04","0","0","1","0","13.11","","53.04","","2"
"net163","OK","12.783577000000056","2.206481095884294","11.6515","70.6965","5.311","2.4070000000000107","15.436000000000021","14.307","8.996","71.9","69.493","0","8.93","8.93","8.93","3.7536","1","0","0","0","1","0","0","7.718000000000011","0","0","0","0","0","2","_f8a56ada2e5a0000_p_Net","1","0","0","1","0","0","0","0","0","0","1","_f8a56ada2e5a0000_p_odb__dbNet","0.0","0.0","0.0","12.512","12.512","","12.512","8.93","1","8.93","8.93","8.93","14.72","72.08","14.72","72.08","1","0","0","0","14.72","","72.08","","2"
"net164","OK","10.922166000000004","1.1826258633818267","11.713000000000001","68.0255","3.5939999999999994","3.0390000000000015","13.266000000000002","13.51","9.916","69.545","66.506","0","5.479999999999999","5.479999999999999","5.479999999999999","3.7536","1","0","0","0","1","0","0","6.633000000000001","0","0","0","0","0","2","_70a66ada2e5a0000_p_Net","1","0","0","1","0","0","0","0","0","0","1","_70a66ada2e5a0000_p_odb__dbNet","0.0","0.0","0.0","16.265600000000003","16.265600000000003","","16.265600000000003","5.479999999999999","1","5.479999999999999","5.479999999999999","5.479999999999999","12.19","69.36","12.19","69.36","1","0","0","0","12.19","","69.36","","2"
"net165","OK","16.193813999999996","0.22551333488016143","6.2715","48.983000000000004","1.9110000000000005","8.473999999999997","20.769999999999996","7.227","5.316","53.22","44.746","0","12.529999999999996","12.529999999999996","12.529999999999996","3.7536","1","0","0","0","1","0","0","10.384999999999998","0","0","0","0","0","2","_e8a66ada2e5a0000_p_Net","1","0","0","1","0","0","0","0","0","0","1","_e8a66ada2e5a0000_p_odb__dbNet","0.0","0.0","0.0","12.512","12.512","","12.512","12.529999999999996","1","12.529999999999996","12.529999999999996","12.529999999999996","9.2","53.04","9.2","53.04","1","0","0","0","9.2","","53.04","","2"
"net166","OK","5.264951000000002","0.16041193922841485","11.2955","63.9305","0.9190000000000005","5.728999999999999","13.296","11.755","10.836","66.795","61.066","0","8.199999999999998","8.199999999999998","8.199999999999998","3.7536","1","0","0","0","1","0","0","6.648","0","0","0","0","0","2","_60a76ada2e5a0000_p_Net","1","0","0","1","0","0","0","0","0","0","1","_60a76ada2e5a0000_p_odb__dbNet","0.0","0.0","0.0","8.758400000000002","8.758400000000002","","8.758400000000002","8.199999999999998","1","8.199999999999998","8.199999999999998","8.199999999999998","13.11","66.64","13.11","66.64","1","0","0","0","13.11","","66.64","","2"
"net167","OK","7.01881200000003","1.2114665553753718","7.693999999999999","70.6965","2.9159999999999995","2.4070000000000107","10.64600000000002","9.152","6.236","71.9","69.493","0","5.709999999999999","5.709999999999999","5.709999999999999","3.7536","1","0","0","0","1","0","0","5.32300000000001","0","0","0","0","0","2","_d8a76ada2e5a0000_p_Net","1","0","0","1","0","0","0","0","0","0","1","_d8a76ada2e5a0000_p_odb__dbNet","0.0","0.0","0.0","12.512","12.512","","12.512","5.709999999999999","1","5.709999999999999","5.709999999999999","5.709999999999999","8.74","72.08","8.74","72.08","1","0","0","0","8.74","","72.08","","2"
"net168","OK","17.309635999999994","0.577246164978589","6.4425","42.008","3.1609999999999996","5.475999999999999","17.273999999999997","8.023","4.862","44.746","39.27","0","8.660000000000004","8.660000000000004","8.660000000000004","3.7536","1","0","0","0","1","0","0","8.636999999999999","0","0","0","0","0","2","_50a86ada2e5a0000_p_Net","1","0","0","1","0","0","0","0","0","0","1","_50a86ada2e5a0000_p_odb__dbNet","0.0","0.0","0.0","3.7536","3.7536","","3.7536","8.660000000000004","1","8.660000000000004","8.660000000000004","8.660000000000004","5.29","39.44","5.29","39.44","0","0","1","0","5.29","","39.44","","2"
"net169","OK","6.201702000000011","1.567621919774947","11.984","103.1275","3.1179999999999986","1.9890000000000043","10.214000000000006","13.543","10.425","104.122","102.133","0","6.169999999999998","6.169999999999998","6.169999999999998","3.7536","1","0","0","0","1","0","0","5.107000000000003","0","0","0","0","0","2","_c8a86ada2e5a0000_p_Net","1","0","0","1","0","0","0","0","0","0","1","_c8a86ada2e5a0000_p_odb__dbNet","0.0","0.0","0.0","7.5072","7.5072","","7.5072","6.169999999999998","1","6.169999999999998","6.169999999999998","6.169999999999998","10.58","104.72","10.58","104.72","0","1","0","0","10.58","","104.72","","2"
"net170","OK","13.894407999999999","0.23422487662500335","6.218","95.104","1.8040000000000003","7.701999999999998","19.011999999999997","7.12","5.316","98.955","91.253","0","11.149999999999997","11.149999999999997","11.149999999999997","3.7536","1","0","0","0","1","0","0","9.505999999999998","0","0","0","0","0","2","_40a96ada2e5a0000_p_Net","1","0","0","1","0","0","0","0","0","0","1","_40a96ada2e5a0000_p_odb__dbNet","0.0","0.0","0.0","5.0048","5.0048","","5.0048","11.149999999999997","1","11.149999999999997","11.149999999999997","11.149999999999997","7.82","99.28","7.82","99.28","1","0","0","0","7.82","","99.28","","2"
"net171","OK","7.083497999999994","1.2277268937436623","6.7905","32.614","2.9490000000000007","2.4019999999999975","10.701999999999996","8.265","5.316","33.815","31.413","0","5.9399999999999995","5.9399999999999995","5.9399999999999995","3.7536","1","0","0","0","1","0","0","5.350999999999998","0","0","0","0","0","2","_b8a96ada2e5a0000_p_Net","1","0","0","1","0","0","0","0","0","0","1","_b8a96ada2e5a0000_p_odb__dbNet","0.0","0.0","0.0","6.256","6.256","","6.256","5.9399999999999995","1","5.9399999999999995","5.9399999999999995","5.9399999999999995","8.05","34.0","8.05","34.0","1","0","0","0","8.05","","34.0","","2"
"net172","OK","0.08403199999999932","2.059405930399001","13.795","36.954","0.41600000000000037","0.20199999999999818","1.235999999999997","14.003","13.587","37.055","36.853","0","1.8399999999999999","1.8399999999999999","1.8399999999999999","3.7536","1","0","0","0","1","0","0","0.6179999999999986","0","0","0","0","0","2","_30aa6ada2e5a0000_p_Net","1","0","0","1","0","0","0","0","0","0","1","_30aa6ada2e5a0000_p_odb__dbNet","0.0","0.0","0.0","6.256","6.256","","6.256","1.8399999999999999","1","1.8399999999999999","1.8399999999999999","1.8399999999999999","12.65","36.72","12.65","36.72","0","0","1","0","12.65","","36.72","","2"
"net173","OK","2.6399519999999974","0.09621993125310799","11.504000000000001","148.474","0.5039999999999996","5.2379999999999995","11.483999999999998","11.756","11.252","151.093","145.855","0","6.359999999999998","6.359999999999998","6.359999999999998","3.7536","1","0","0","0","1","0","0","5.741999999999999","0","0","0","0","0","2","_a8aa6ada2e5a0000_p_Net","1","0","0","1","0","0","0","0","0","0","1","_a8aa6ada2e5a0000_p_odb__dbNet","0.0","0.0","0.0","6.256","6.256","","6.256","6.359999999999998","1","6.359999999999998","6.359999999999998","6.359999999999998","12.19","145.52","12.19","145.52","0","0","0","1","12.19","","145.52","","2"
"net174","OK","8.330696000000032","0.9170537488662701","13.597999999999999","155.053","2.764000000000001","3.01400000000001","11.556000000000022","14.98","12.216","156.56","153.546","0","6.399999999999999","6.399999999999999","6.399999999999999","3.7536","1","0","0","0","1","0","0","5.778000000000011","0","0","0","0","0","2","_20ab6ada2e5a0000_p_Net","1","0","0","1","0","0","0","0","0","0","1","_20ab6ada2e5a0000_p_odb__dbNet","0.0","0.0","0.0","3.7536","3.7536","","3.7536","6.399999999999999","1","6.399999999999999","6.399999999999999","6.399999999999999","15.41","156.4","15.41","156.4","1","0","0","0","15.41","","156.4","","2"
"net175","OK","13.695616000000047","1.5076310545760963","22.768","127.85300000000001","4.5440000000000005","3.01400000000001","15.116000000000021","25.04","20.496","129.36","126.346","0","7.3199999999999825","7.3199999999999825","7.3199999999999825","3.7536","1","0","0","0","1","0","0","7.5580000000000105","0","0","0","0","0","2","_98ab6ada2e5a0000_p_Net","1","0","0","1","0","0","0","0","0","0","1","_98ab6ada2e5a0000_p_odb__dbNet","0.0","0.0","0.0","3.7536","3.7536","","3.7536","7.3199999999999825","1","7.3199999999999825","7.3199999999999825","7.3199999999999825","24.61","129.2","24.61","129.2","1","0","0","0","24.61","","129.2","","2"
"net176","OK","30.895591999999972","0.97057780911546","18.174","88.634","5.475999999999999","5.641999999999996","22.23599999999999","20.912","15.436","91.455","85.813","0","12.34","12.34","12.34","3.7536","1","0","0","0","1","0","0","11.117999999999995","0","0","0","0","0","2","_10ac6ada2e5a0000_p_Net","1","0","0","1","0","0","0","0","0","0","1","_10ac6ada2e5a0000_p_odb__dbNet","0.0","0.0","0.0","6.256","6.256","","6.256","12.34","1","12.34","12.34","12.34","21.85","91.12","21.85","91.12","1","0","0","0","21.85","","91.12","","2"
"net177","OK","0.6457610000001233","671.9677202589778","29.0715","93.6905","20.831000000000003","0.03100000000000591","41.72400000000002","39.487","18.656","93.706","93.675","0","21.619999999999997","21.619999999999997","21.619999999999997","3.7536","1","0","0","0","1","0","0","20.86200000000001","0","0","0","0","0","2","_88ac6ada2e5a0000_p_Net","1","0","0","1","0","0","0","0","0","0","1","_88ac6ada2e5a0000_p_odb__dbNet","0.0","0.0","0.0","6.256","6.256","","6.256","21.619999999999997","1","21.619999999999997","21.619999999999997","21.619999999999997","39.79","93.84","39.79","93.84","1","0","0","0","39.79","","93.84","","2"
"net178","OK","10.922736000000036","1.20238885162495","7.128","149.613","3.6239999999999997","3.01400000000001","13.27600000000002","8.94","5.316","151.12","148.106","0","6.399999999999999","6.399999999999999","6.399999999999999","3.7536","1","0","0","0","1","0","0","6.63800000000001","0","0","0","0","0","2","_00ad6ada2e5a0000_p_Net","1","0","0","1","0","0","0","0","0","0","1","_00ad6ada2e5a0000_p_odb__dbNet","0.0","0.0","0.0","3.7536","3.7536","","3.7536","6.399999999999999","1","6.399999999999999","6.399999999999999","6.399999999999999","8.51","150.96","8.51","150.96","1","0","0","0","8.51","","150.96","","2"
"net179","OK","0.23051599999999325","0.00839854933987405","12.193999999999999","31.045499999999997","0.04399999999999871","5.239000000000001","10.565999999999999","12.216","12.172","33.665","28.426","0","6.82","6.82","6.82","3.7536","1","0","0","0","1","0","0","5.2829999999999995","0","0","0","0","0","2","_78ad6ada2e5a0000_p_Net","1","0","0","1","0","0","0","0","0","0","1","_78ad6ada2e5a0000_p_odb__dbNet","0.0","0.0","0.0","6.256","6.256","","6.256","6.82","1","6.82","6.82","6.82","13.11","34.0","13.11","34.0","1","0","0","0","13.11","","34.0","","2"
"net180","OK","1.3262080000000023","0.13048933496534212","7.824","127.739","0.41600000000000037","3.1880000000000024","7.2080000000000055","8.032","7.616","129.333","126.145","0","4.559999999999985","4.559999999999985","4.559999999999985","3.7536","1","0","0","0","1","0","0","3.6040000000000028","0","0","0","0","0","2","_f0ad6ada2e5a0000_p_Net","1","0","0","1","0","0","0","0","0","0","1","_f0ad6ada2e5a0000_p_odb__dbNet","0.0","0.0","0.0","6.256","6.256","","6.256","4.559999999999985","1","4.559999999999985","4.559999999999985","4.559999999999985","8.97","126.48","8.97","126.48","0","0","0","1","8.97","","126.48","","2"
"net181","OK","51.68683800000002","0.72251123188431","35.9715","119.664","6.111000000000004","8.457999999999998","29.138000000000005","39.027","32.916","123.893","115.435","0","15.06000000000001","15.06000000000001","15.06000000000001","3.7536","1","0","0","0","1","0","0","14.569000000000003","0","0","0","0","0","2","_68ae6ada2e5a0000_p_Net","1","0","0","1","0","0","0","0","0","0","1","_68ae6ada2e5a0000_p_odb__dbNet","0.0","0.0","0.0","6.256","6.256","","6.256","15.06000000000001","1","15.06000000000001","15.06000000000001","15.06000000000001","39.33","115.6","39.33","115.6","0","0","0","1","39.33","","115.6","","2"
"net182","OK","0.021868000000007354","0.0007316627033600994","25.098","142.94650000000001","0.004000000000001336","5.467000000000013","10.942000000000029","25.1","25.096","145.68","140.213","0","6.359999999999999","6.359999999999999","6.359999999999999","3.7536","1","0","0","0","1","0","0","5.471000000000014","0","0","0","0","0","2","_e0ae6ada2e5a0000_p_Net","1","0","0","1","0","0","0","0","0","0","1","_e0ae6ada2e5a0000_p_odb__dbNet","0.0","0.0","0.0","3.7536","3.7536","","3.7536","6.359999999999999","1","6.359999999999999","6.359999999999999","6.359999999999999","25.53","145.52","25.53","145.52","1","0","0","0","25.53","","145.52","","2"
"net183","OK","0.23047199999999785","0.008400152728445865","7.593999999999999","148.474","0.043999999999999595","5.2379999999999995","10.563999999999998","7.616","7.572","151.093","145.855","0","6.819999999999998","6.819999999999998","6.819999999999998","3.7536","1","0","0","0","1","0","0","5.281999999999999","0","0","0","0","0","2","_58af6ada2e5a0000_p_Net","1","0","0","1","0","0","0","0","0","0","1","_58af6ada2e5a0000_p_odb__dbNet","0.0","0.0","0.0","6.256","6.256","","6.256","6.819999999999998","1","6.819999999999998","6.819999999999998","6.819999999999998","8.51","145.52","8.51","145.52","0","0","0","1","8.51","","145.52","","2"
"net184","OK","28.15865099999991","4.804213133083777","29.5315","146.8955","11.631","2.4209999999999923","28.103999999999985","35.347","23.716","148.106","145.685","0","15.139999999999997","15.139999999999997","15.139999999999997","3.7536","1","0","0","0","1","0","0","14.051999999999992","0","0","0","0","0","2","_d0af6ada2e5a0000_p_Net","1","0","0","1","0","0","0","0","0","0","1","_d0af6ada2e5a0000_p_odb__dbNet","0.0","0.0","0.0","6.256","6.256","","6.256","15.139999999999997","1","15.139999999999997","15.139999999999997","15.139999999999997","35.65","145.52","35.65","145.52","0","0","0","1","35.65","","145.52","","2"
"net185","OK","0.049761000000028074","68.25925673110012","12.6215","156.54649999999998","1.843","0.027000000000015234","3.7400000000000304","13.543","11.7","156.56","156.533","0","2.76","2.76","2.76","3.7536","1","0","0","0","1","0","0","1.8700000000000152","0","0","0","0","0","2","_48b06ada2e5a0000_p_Net","1","0","0","1","0","0","0","0","0","0","1","_48b06ada2e5a0000_p_odb__dbNet","0.0","0.0","0.0","3.7536","3.7536","","3.7536","2.76","1","2.76","2.76","2.76","11.27","156.4","11.27","156.4","0","0","1","0","11.27","","156.4","","2"
"net186","OK","0.08361599999999733","2.0696517309968274","16.104","137.1255","0.41600000000000037","0.2009999999999934","1.2339999999999876","16.312","15.896","137.226","137.025","0","1.8399999999999999","1.8399999999999999","1.8399999999999999","3.7536","1","0","0","0","1","0","0","0.6169999999999938","0","0","0","0","0","2","_c0b06ada2e5a0000_p_Net","1","0","0","1","0","0","0","0","0","0","1","_c0b06ada2e5a0000_p_odb__dbNet","0.0","0.0","0.0","6.256","6.256","","6.256","1.8399999999999999","1","1.8399999999999999","1.8399999999999999","1.8399999999999999","17.25","137.36","17.25","137.36","1","0","0","0","17.25","","137.36","","2"
"net187","OK","81.262368","0.6905420353345739","33.9015","118.469","7.491","10.847999999999999","36.678","37.647","30.156","123.893","113.045","0","19.16000000000001","19.16000000000001","19.16000000000001","3.7536","1","0","0","0","1","0","0","18.339","0","0","0","0","0","2","_38b16ada2e5a0000_p_Net","1","0","0","1","0","0","0","0","0","0","1","_38b16ada2e5a0000_p_odb__dbNet","0.0","0.0","0.0","6.256","6.256","","6.256","19.16000000000001","1","19.16000000000001","19.16000000000001","19.16000000000001","37.95","112.88","37.95","112.88","0","0","0","1","37.95","","112.88","","2"
"net188","OK","7.492976000000024","0.2556335426199414","20.728","145.373","1.3840000000000003","5.414000000000016","13.596000000000032","21.42","20.036","148.08","142.666","0","7.739999999999998","7.739999999999998","7.739999999999998","3.7536","1","0","0","0","1","0","0","6.798000000000016","0","0","0","0","0","2","_b0b16ada2e5a0000_p_Net","1","0","0","1","0","0","0","0","0","0","1","_b0b16ada2e5a0000_p_odb__dbNet","0.0","0.0","0.0","3.7536","3.7536","","3.7536","7.739999999999998","1","7.739999999999998","7.739999999999998","7.739999999999998","21.85","148.24","21.85","148.24","1","0","0","0","21.85","","148.24","","2"
"net189","OK","4.609696","0.03754173810689099","9.195","153.44549999999998","0.41600000000000037","11.080999999999989","22.99399999999998","9.403","8.987","158.986","147.905","0","12.719999999999995","12.719999999999995","12.719999999999995","3.7536","1","0","0","0","1","0","0","11.49699999999999","0","0","0","0","0","2","_28b26ada2e5a0000_p_Net","1","0","0","1","0","0","0","0","0","0","1","_28b26ada2e5a0000_p_odb__dbNet","0.0","0.0","0.0","6.256","6.256","","6.256","12.719999999999995","1","12.719999999999995","12.719999999999995","12.719999999999995","8.05","148.24","8.05","148.24","0","0","1","0","8.05","","148.24","","2"
"net190","OK","9.717136000000032","1.069674850341843","13.828","160.493","3.224","3.01400000000001","12.47600000000002","15.44","12.216","162.0","158.986","0","6.859999999999998","6.859999999999998","6.859999999999998","3.7536","1","0","0","0","1","0","0","6.23800000000001","0","0","0","0","0","2","_a0b26ada2e5a0000_p_Net","1","0","0","1","0","0","0","0","0","0","1","_a0b26ada2e5a0000_p_odb__dbNet","0.0","0.0","0.0","3.7536","3.7536","","3.7536","6.859999999999998","1","6.859999999999998","6.859999999999998","6.859999999999998","15.87","161.84","15.87","161.84","1","0","0","0","15.87","","161.84","","2"
"net191","OK","2.021699999999993","16.98550719714351","19.286","196.89350000000002","5.859999999999999","0.34499999999999886","12.409999999999997","22.216","16.356","197.066","196.721","0","5.520000000000001","5.520000000000001","5.520000000000001","3.7536","1","0","0","0","1","0","0","6.204999999999998","0","0","0","0","0","2","_18b36ada2e5a0000_p_Net","1","0","0","1","0","0","0","0","0","0","1","_18b36ada2e5a0000_p_odb__dbNet","0.0","0.0","0.0","26.2752","26.2752","","26.2752","5.520000000000001","1","5.520000000000001","5.520000000000001","5.520000000000001","21.39","197.2","21.39","197.2","1","0","0","0","21.39","","197.2","","2"
"net192","OK","0.7167200000000011","0.16129032250413133","31.246000000000002","141.612","0.33999999999999986","2.108000000000004","4.896000000000008","31.416","31.076","142.666","140.558","0","2.719999999999999","2.719999999999999","2.719999999999999","3.7536","1","0","0","0","1","0","0","2.448000000000004","0","0","0","0","0","2","_90b36ada2e5a0000_p_Net","1","0","0","1","0","0","0","0","0","0","1","_90b36ada2e5a0000_p_odb__dbNet","0.0","0.0","0.0","26.2752","26.2752","","26.2752","2.719999999999999","1","2.719999999999999","2.719999999999999","2.719999999999999","30.59","140.08","30.59","140.08","0","0","1","0","30.59","","140.08","","2"
"net193","OK","6.038400000000006","0.10598834126841708","21.816000000000003","166.092","0.8000000000000007","7.548000000000002","16.696000000000005","22.216","21.416","169.866","162.318","0","8.619999999999997","8.619999999999997","8.619999999999997","3.7536","1","0","0","0","1","0","0","8.348000000000003","0","0","0","0","0","2","_08b46ada2e5a0000_p_Net","1","0","0","1","0","0","0","0","0","0","1","_08b46ada2e5a0000_p_odb__dbNet","0.0","0.0","0.0","26.2752","26.2752","","26.2752","8.619999999999997","1","8.619999999999997","8.619999999999997","8.619999999999997","21.39","161.84","21.39","161.84","0","0","1","0","21.39","","161.84","","2"
"net194","OK","1.0820810000000025","0.10003040434781699","39.060500000000005","62.7105","0.3290000000000006","3.2890000000000015","7.236000000000004","39.225","38.896","64.355","61.066","0","3.4099999999999966","3.4099999999999966","3.4099999999999966","3.7536","1","0","0","0","1","0","0","3.618000000000002","0","0","0","0","0","2","_80b46ada2e5a0000_p_Net","1","0","0","1","0","0","0","0","0","0","1","_80b46ada2e5a0000_p_odb__dbNet","0.0","0.0","0.0","25.024","25.024","","25.024","3.4099999999999966","1","3.4099999999999966","3.4099999999999966","3.4099999999999966","37.72","63.92","37.72","63.92","0","1","0","0","37.72","","63.92","","2"
"net195","OK","1.1572380000000004","0.2501162248953436","27.994","16.4705","0.5380000000000003","2.151","5.378","28.263","27.725","17.546","15.395","0","5.25","5.25","5.25","3.7536","1","0","0","0","1","0","0","2.689","0","0","0","0","0","2","_f8b46ada2e5a0000_p_Net","1","0","0","1","0","0","0","0","0","0","1","_f8b46ada2e5a0000_p_odb__dbNet","0.0","0.0","0.0","25.024","25.024","","25.024","5.25","1","5.25","5.25","5.25","26.22","14.96","26.22","14.96","0","0","1","0","26.22","","14.96","","2"
"net196","OK","7.093997999999996","1.533240352611231","33.644999999999996","21.6085","3.2979999999999983","2.151","10.897999999999996","35.294","31.996","22.684","20.533","0","8.009999999999998","8.009999999999998","8.009999999999998","3.7536","1","0","0","0","1","0","0","5.448999999999998","0","0","0","0","0","2","_70b56ada2e5a0000_p_Net","1","0","0","1","0","0","0","0","0","0","1","_70b56ada2e5a0000_p_odb__dbNet","0.0","0.0","0.0","25.024","25.024","","25.024","8.009999999999998","1","8.009999999999998","8.009999999999998","8.009999999999998","36.8","23.12","36.8","23.12","1","0","0","0","36.8","","23.12","","2"
"net197","OK","11.14432200000002","0.4221486959084966","45.5005","14.675","2.169000000000004","5.138","14.614000000000008","46.585","44.416","17.244","12.106","0","6.589999999999998","6.589999999999998","6.589999999999998","3.7536","1","0","0","0","1","0","0","7.307000000000004","0","0","0","0","0","2","_e8b56ada2e5a0000_p_Net","1","0","0","1","0","0","0","0","0","0","1","_e8b56ada2e5a0000_p_odb__dbNet","0.0","0.0","0.0","25.024","25.024","","25.024","6.589999999999998","1","6.589999999999998","6.589999999999998","6.589999999999998","45.08","17.68","45.08","17.68","0","1","0","0","45.08","","17.68","","2"
"net198","OK","1.9437990000000034","0.179689875287416","50.560500000000005","13.750499999999999","0.5910000000000011","3.2889999999999997","7.760000000000002","50.856","50.265","15.395","12.106","0","4.33","4.33","4.33","3.7536","1","0","0","0","1","0","0","3.880000000000001","0","0","0","0","0","2","_60b66ada2e5a0000_p_Net","1","0","0","1","0","0","0","0","0","0","1","_60b66ada2e5a0000_p_odb__dbNet","0.0","0.0","0.0","25.024","25.024","","25.024","4.33","1","4.33","4.33","4.33","48.76","14.96","48.76","14.96","0","1","0","0","48.76","","14.96","","2"
"net199","OK","0.9944210000000017","0.017257278353674476","55.8505","13.4485","0.13100000000000023","7.590999999999999","15.443999999999999","55.916","55.785","17.244","9.653","0","9.309999999999999","9.309999999999999","9.309999999999999","3.7536","1","0","0","0","1","0","0","7.7219999999999995","0","0","0","0","0","2","_d8b66ada2e5a0000_p_Net","1","0","0","1","0","0","0","0","0","0","1","_d8b66ada2e5a0000_p_odb__dbNet","0.0","0.0","0.0","25.024","25.024","","25.024","9.309999999999999","1","9.309999999999999","9.309999999999999","9.309999999999999","54.28","17.68","54.28","17.68","0","1","0","0","54.28","","17.68","","2"
"net200","OK","2.4977999999999914","20.985507185549316","35.616","42.4655","7.239999999999998","0.34499999999999886","15.169999999999995","39.236","31.996","42.638","42.293","0","6.899999999999995","6.899999999999995","6.899999999999995","3.7536","1","0","0","0","1","0","0","7.584999999999997","0","0","0","0","0","2","_50b76ada2e5a0000_p_Net","1","0","0","1","0","0","0","0","0","0","1","_50b76ada2e5a0000_p_odb__dbNet","0.0","0.0","0.0","26.2752","26.2752","","26.2752","6.899999999999995","1","6.899999999999995","6.899999999999995","6.899999999999995","38.41","42.16","38.41","42.16","0","0","0","1","38.41","","42.16","","2"
"net201","OK","9.419563999999976","0.8484393754956675","51.2295","46.067","2.826999999999998","3.3319999999999936","12.317999999999984","52.643","49.816","47.733","44.401","0","6.859999999999999","6.859999999999999","6.859999999999999","3.7536","1","0","0","0","1","0","0","6.158999999999992","0","0","0","0","0","2","_c8b76ada2e5a0000_p_Net","1","0","0","1","0","0","0","0","0","0","1","_c8b76ada2e5a0000_p_odb__dbNet","0.0","0.0","0.0","26.2752","26.2752","","26.2752","6.859999999999999","1","6.859999999999999","6.859999999999999","6.859999999999999","48.99","44.88","48.99","44.88","0","0","1","0","48.99","","44.88","","2"
"net202","OK","4.2871990000000055","0.02524748676039854","47.8005","86.8885","0.3290000000000006","13.030999999999992","26.719999999999985","47.965","47.636","93.404","80.373","0","14.290000000000006","14.290000000000006","14.290000000000006","3.7536","1","0","0","0","1","0","0","13.359999999999992","0","0","0","0","0","2","_40b86ada2e5a0000_p_Net","1","0","0","1","0","0","0","0","0","0","1","_40b86ada2e5a0000_p_odb__dbNet","0.0","0.0","0.0","25.024","25.024","","25.024","14.290000000000006","1","14.290000000000006","14.290000000000006","14.290000000000006","46.46","93.84","46.46","93.84","0","1","0","0","46.46","","93.84","","2"
"net203","OK","2.5950210000000062","0.23989054416543343","45.7305","73.2885","0.7890000000000015","3.2890000000000015","8.156000000000006","46.125","45.336","74.933","71.644","0","2.950000000000003","2.950000000000003","2.950000000000003","3.7536","1","0","0","0","1","0","0","4.078000000000003","0","0","0","0","0","2","_b8b86ada2e5a0000_p_Net","1","0","0","1","0","0","0","0","0","0","1","_b8b86ada2e5a0000_p_odb__dbNet","0.0","0.0","0.0","25.024","25.024","","25.024","2.950000000000003","1","2.950000000000003","2.950000000000003","2.950000000000003","44.62","72.08","44.62","72.08","0","0","1","0","44.62","","72.08","","2"
"net204","OK","4.1079610000000075","0.37975068398305006","37.2205","13.750499999999999","1.2490000000000023","3.2889999999999997","9.076000000000004","37.845","36.596","15.395","12.106","0","2.9500000000000046","2.9500000000000046","2.9500000000000046","3.7536","1","0","0","0","1","0","0","4.538000000000002","0","0","0","0","0","2","_30b96ada2e5a0000_p_Net","1","0","0","1","0","0","0","0","0","0","1","_30b96ada2e5a0000_p_odb__dbNet","0.0","0.0","0.0","25.024","25.024","","25.024","2.9500000000000046","1","2.9500000000000046","2.9500000000000046","2.9500000000000046","36.34","14.96","36.34","14.96","0","1","0","0","36.34","","14.96","","2"
"net205","OK","4.0759999999999845","0.15701668299175284","18.596","148.5455","0.7999999999999972","5.094999999999999","11.789999999999992","18.996","18.196","151.093","145.998","0","5.899999999999999","5.899999999999999","5.899999999999999","3.7536","1","0","0","0","1","0","0","5.894999999999996","0","0","0","0","0","2","_a8b96ada2e5a0000_p_Net","1","0","0","1","0","0","0","0","0","0","1","_a8b96ada2e5a0000_p_odb__dbNet","0.0","0.0","0.0","26.2752","26.2752","","26.2752","5.899999999999999","1","5.899999999999999","5.899999999999999","5.899999999999999","18.17","145.52","18.17","145.52","0","0","1","0","18.17","","145.52","","2"
"net206","OK","17.737037999999963","0.5379658654583835","45.0405","112.595","3.0889999999999986","5.74199999999999","17.661999999999978","46.585","43.496","115.466","109.724","0","7.509999999999998","7.509999999999998","7.509999999999998","3.7536","1","0","0","0","1","0","0","8.830999999999989","0","0","0","0","0","2","_20ba6ada2e5a0000_p_Net","1","0","0","1","0","0","0","0","0","0","1","_20ba6ada2e5a0000_p_odb__dbNet","0.0","0.0","0.0","25.024","25.024","","25.024","7.509999999999998","1","7.509999999999998","7.509999999999998","7.509999999999998","45.08","110.16","45.08","110.16","0","0","0","1","45.08","","110.16","","2"
"net207","OK","26.963881000000054","0.35387787829603934","42.2805","16.4705","3.0890000000000057","8.729000000000001","23.636000000000013","43.825","40.736","20.835","12.106","0","10.229999999999999","10.229999999999999","10.229999999999999","3.7536","1","0","0","0","1","0","0","11.818000000000007","0","0","0","0","0","2","_98ba6ada2e5a0000_p_Net","1","0","0","1","0","0","0","0","0","0","1","_98ba6ada2e5a0000_p_odb__dbNet","0.0","0.0","0.0","25.024","25.024","","25.024","10.229999999999999","1","10.229999999999999","10.229999999999999","10.229999999999999","42.32","20.4","42.32","20.4","1","0","0","0","42.32","","20.4","","2"
"net208","OK","10.902520999999966","0.14308626416048895","46.0385","59.9905","1.2489999999999952","8.729000000000006","19.956000000000003","46.663","45.414","64.355","55.626","0","8.39","8.39","8.39","3.7536","1","0","0","0","1","0","0","9.978000000000002","0","0","0","0","0","2","_10bb6ada2e5a0000_p_Net","1","0","0","1","0","0","0","0","0","0","1","_10bb6ada2e5a0000_p_odb__dbNet","0.0","0.0","0.0","25.024","25.024","","25.024","8.39","1","8.39","8.39","8.39","46.92","63.92","46.92","63.92","1","0","0","0","46.92","","63.92","","2"
"net209","OK","5.26992200000001","0.020539393181387266","48.26049999999999","41.875","0.3290000000000006","16.018","32.694","48.425","48.096","49.884","33.866","0","17.009999999999998","17.009999999999998","17.009999999999998","3.7536","1","0","0","0","1","0","0","16.347","0","0","0","0","0","2","_88bb6ada2e5a0000_p_Net","1","0","0","1","0","0","0","0","0","0","1","_88bb6ada2e5a0000_p_odb__dbNet","0.0","0.0","0.0","25.024","25.024","","25.024","17.009999999999998","1","17.009999999999998","17.009999999999998","17.009999999999998","46.92","50.32","46.92","50.32","0","1","0","0","46.92","","50.32","","2"
"net210","OK","9.334182000000002","0.8628762539182502","63.644000000000005","13.4485","2.838000000000001","3.2889999999999997","12.254000000000001","65.063","62.225","15.093","11.804","0","7.549999999999999","7.549999999999999","7.549999999999999","3.7536","1","0","0","0","1","0","0","6.127000000000001","0","0","0","0","0","2","_00bc6ada2e5a0000_p_Net","1","0","0","1","0","0","0","0","0","0","1","_00bc6ada2e5a0000_p_odb__dbNet","0.0","0.0","0.0","25.024","25.024","","25.024","7.549999999999999","1","7.549999999999999","7.549999999999999","7.549999999999999","60.72","12.24","60.72","12.24","0","0","1","0","60.72","","12.24","","2"
"net211","OK","1.157238000000008","0.25011622489534524","60.653999999999996","16.4705","0.5380000000000038","2.151","5.378000000000007","60.923","60.385","17.546","15.395","0","4.559999999999995","4.559999999999995","4.559999999999995","3.7536","1","0","0","0","1","0","0","2.6890000000000036","0","0","0","0","0","2","_78bc6ada2e5a0000_p_Net","1","0","0","1","0","0","0","0","0","0","1","_78bc6ada2e5a0000_p_odb__dbNet","0.0","0.0","0.0","28.777600000000003","28.777600000000003","","28.777600000000003","4.559999999999995","1","4.559999999999995","4.559999999999995","4.559999999999995","59.57","14.96","59.57","14.96","0","0","1","0","59.57","","14.96","","2"
"net212","OK","1.4127559999999995","15.490066173873986","51.684","47.884","4.678000000000004","0.3019999999999996","9.960000000000008","54.023","49.345","48.035","47.733","0","6.669999999999995","6.669999999999995","6.669999999999995","3.7536","1","0","0","0","1","0","0","4.980000000000004","0","0","0","0","0","2","_f0bc6ada2e5a0000_p_Net","1","0","0","1","0","0","0","0","0","0","1","_f0bc6ada2e5a0000_p_odb__dbNet","0.0","0.0","0.0","25.024","25.024","","25.024","6.669999999999995","1","6.669999999999995","6.669999999999995","6.669999999999995","47.84","47.6","47.84","47.6","0","0","1","0","47.84","","47.6","","2"
"net213","OK","3.6760590000000004","0.7945141790820511","53.5505","65.1285","1.7090000000000032","2.1509999999999962","7.719999999999999","54.405","52.696","66.204","64.053","0","3.4099999999999966","3.4099999999999966","3.4099999999999966","3.7536","1","0","0","0","1","0","0","3.8599999999999994","0","0","0","0","0","2","_68bd6ada2e5a0000_p_Net","1","0","0","1","0","0","0","0","0","0","1","_68bd6ada2e5a0000_p_odb__dbNet","0.0","0.0","0.0","25.024","25.024","","25.024","3.4099999999999966","1","3.4099999999999966","3.4099999999999966","3.4099999999999966","52.9","66.64","52.9","66.64","0","1","0","0","52.9","","66.64","","2"
"net214","OK","1.6971389999999849","0.3668061365100835","55.3905","37.9285","0.7889999999999944","2.1509999999999962","5.879999999999981","55.785","54.996","39.004","36.853","0","2.9499999999999957","2.9499999999999957","2.9499999999999957","3.7536","1","0","0","0","1","0","0","2.9399999999999906","0","0","0","0","0","2","_e0bd6ada2e5a0000_p_Net","1","0","0","1","0","0","0","0","0","0","1","_e0bd6ada2e5a0000_p_odb__dbNet","0.0","0.0","0.0","25.024","25.024","","25.024","2.9499999999999957","1","2.9499999999999957","2.9499999999999957","2.9499999999999957","54.28","39.44","54.28","39.44","0","1","0","0","54.28","","39.44","","2"
"net215","OK","16.211480999999978","1.4986318025239824","65.8185","46.3905","4.929000000000002","3.2889999999999944","16.435999999999993","68.283","63.354","48.035","44.746","0","6.6299999999999955","6.6299999999999955","6.6299999999999955","3.7536","1","0","0","0","1","0","0","8.217999999999996","0","0","0","0","0","2","_58be6ada2e5a0000_p_Net","1","0","0","1","0","0","0","0","0","0","1","_58be6ada2e5a0000_p_odb__dbNet","0.0","0.0","0.0","25.024","25.024","","25.024","6.6299999999999955","1","6.6299999999999955","6.6299999999999955","6.6299999999999955","64.86","47.6","64.86","47.6","0","1","0","0","64.86","","47.6","","2"
"net216","OK","0.28178100000000045","0.06090190606187742","62.7505","32.7905","0.13100000000000023","2.151","4.564","62.816","62.685","33.866","31.715","0","3.8699999999999974","3.8699999999999974","3.8699999999999974","3.7536","1","0","0","0","1","0","0","2.282","0","0","0","0","0","2","_d0be6ada2e5a0000_p_Net","1","0","0","1","0","0","0","0","0","0","1","_d0be6ada2e5a0000_p_odb__dbNet","0.0","0.0","0.0","25.024","25.024","","25.024","3.8699999999999974","1","3.8699999999999974","3.8699999999999974","3.8699999999999974","61.18","31.28","61.18","31.28","0","0","1","0","61.18","","31.28","","2"
"net217","OK","0.8216820000000107","0.17759181767662166","64.334","27.048499999999997","0.382000000000005","2.151","5.06600000000001","64.525","64.143","28.124","25.973","0","4.329999999999991","4.329999999999991","4.329999999999991","3.7536","1","0","0","0","1","0","0","2.533000000000005","0","0","0","0","0","2","_48bf6ada2e5a0000_p_Net","1","0","0","1","0","0","0","0","0","0","1","_48bf6ada2e5a0000_p_odb__dbNet","0.0","0.0","0.0","25.024","25.024","","25.024","4.329999999999991","1","4.329999999999991","4.329999999999991","4.329999999999991","63.02","28.56","63.02","28.56","0","1","0","0","63.02","","28.56","","2"
"net218","OK","5.127724000000022","0.19423900346550527","66.404","47.315","0.9980000000000047","5.137999999999998","12.272000000000006","66.903","65.905","49.884","44.746","0","8.429999999999993","8.429999999999993","8.429999999999993","3.7536","1","0","0","0","1","0","0","6.136000000000003","0","0","0","0","0","2","_c0bf6ada2e5a0000_p_Net","1","0","0","1","0","0","0","0","0","0","1","_c0bf6ada2e5a0000_p_odb__dbNet","0.0","0.0","0.0","25.024","25.024","","25.024","8.429999999999993","1","8.429999999999993","8.429999999999993","8.429999999999993","64.4","50.32","64.4","50.32","0","1","0","0","64.4","","50.32","","2"
"net219","OK","27.68868199999993","1.048851693061727","57.2305","94.124","5.388999999999996","5.137999999999991","21.053999999999974","59.925","54.536","96.693","91.555","0","9.810000000000002","9.810000000000002","9.810000000000002","3.7536","1","0","0","0","1","0","0","10.526999999999987","0","0","0","0","0","2","_38c06ada2e5a0000_p_Net","1","0","0","1","0","0","0","0","0","0","1","_38c06ada2e5a0000_p_odb__dbNet","0.0","0.0","0.0","25.024","25.024","","25.024","9.810000000000002","1","9.810000000000002","9.810000000000002","9.810000000000002","58.42","91.12","58.42","91.12","0","0","0","1","58.42","","91.12","","2"
"net220","OK","1.2226399999999906","0.2751423148599899","64.826","75.987","0.5799999999999983","2.10799999999999","5.375999999999976","65.116","64.536","77.041","74.933","0","3.6399999999999935","3.6399999999999935","3.6399999999999935","3.7536","1","0","0","0","1","0","0","2.687999999999988","0","0","0","0","0","2","_b0c06ada2e5a0000_p_Net","1","0","0","1","0","0","0","0","0","0","1","_b0c06ada2e5a0000_p_odb__dbNet","0.0","0.0","0.0","26.2752","26.2752","","26.2752","3.6399999999999935","1","3.6399999999999935","3.6399999999999935","3.6399999999999935","63.71","77.52","63.71","77.52","0","1","0","0","63.71","","77.52","","2"
"net221","OK","1.6971390000000002","0.3668061365100868","49.0285","70.87049999999999","0.7890000000000015","2.1509999999999962","5.8799999999999955","49.423","48.634","71.946","69.795","0","2.950000000000003","2.950000000000003","2.950000000000003","3.7536","1","0","0","0","1","0","0","2.9399999999999977","0","0","0","0","0","2","_28c16ada2e5a0000_p_Net","1","0","0","1","0","0","0","0","0","0","1","_28c16ada2e5a0000_p_odb__dbNet","0.0","0.0","0.0","25.024","25.024","","25.024","2.950000000000003","1","2.950000000000003","2.950000000000003","2.950000000000003","50.14","69.36","50.14","69.36","0","0","0","1","50.14","","69.36","","2"
"net222","OK","4.053881999999975","0.1535616971285387","54.088499999999996","112.595","0.7889999999999944","5.138000000000005","11.854","54.483","53.694","115.164","110.026","0","5.670000000000002","5.670000000000002","5.670000000000002","3.7536","1","0","0","0","1","0","0","5.927","0","0","0","0","0","2","_a0c16ada2e5a0000_p_Net","1","0","0","1","0","0","0","0","0","0","1","_a0c16ada2e5a0000_p_odb__dbNet","0.0","0.0","0.0","25.024","25.024","","25.024","5.670000000000002","1","5.670000000000002","5.670000000000002","5.670000000000002","55.2","115.6","55.2","115.6","1","0","0","0","55.2","","115.6","","2"
"net223","OK","7.171757999999978","0.21752002782697216","70.8005","66.924","1.2489999999999952","5.742000000000004","13.982","71.425","70.176","69.795","64.053","0","5.670000000000002","5.670000000000002","5.670000000000002","3.7536","1","0","0","0","1","0","0","6.991","0","0","0","0","0","2","_18c26ada2e5a0000_p_Net","1","0","0","1","0","0","0","0","0","0","1","_18c26ada2e5a0000_p_odb__dbNet","0.0","0.0","0.0","25.024","25.024","","25.024","5.670000000000002","1","5.670000000000002","5.670000000000002","5.670000000000002","69.92","69.36","69.92","69.36","0","1","0","0","69.92","","69.36","","2"
"net224","OK","0.4478760000000162","0.013584117030027685","73.304","150.675","0.07800000000000296","5.74199999999999","11.639999999999986","73.343","73.265","153.546","147.804","0","7.509999999999991","7.509999999999991","7.509999999999991","3.7536","1","0","0","0","1","0","0","5.819999999999993","0","0","0","0","0","2","_90c26ada2e5a0000_p_Net","1","0","0","1","0","0","0","0","0","0","1","_90c26ada2e5a0000_p_odb__dbNet","0.0","0.0","0.0","25.024","25.024","","25.024","7.509999999999991","1","7.509999999999991","7.509999999999991","7.509999999999991","71.76","148.24","71.76","148.24","0","0","1","0","71.76","","148.24","","2"
"net225","OK","1.8891180000000447","0.05729710901126969","71.7205","34.284","0.32900000000000773","5.742000000000001","12.142000000000017","71.885","71.556","37.155","31.413","0","6.1299999999999955","6.1299999999999955","6.1299999999999955","3.7536","1","0","0","0","1","0","0","6.071000000000009","0","0","0","0","0","2","_08c36ada2e5a0000_p_Net","1","0","0","1","0","0","0","0","0","0","1","_08c36ada2e5a0000_p_odb__dbNet","0.0","0.0","0.0","25.024","25.024","","25.024","6.1299999999999955","1","6.1299999999999955","6.1299999999999955","6.1299999999999955","70.38","36.72","70.38","36.72","0","1","0","0","70.38","","36.72","","2"
"net226","OK","1.6904020000000397","0.06403269753522285","74.0205","14.675","0.32900000000000773","5.138","10.934000000000015","74.185","73.856","17.244","12.106","0","6.129999999999997","6.129999999999997","6.129999999999997","3.7536","1","0","0","0","1","0","0","5.467000000000008","0","0","0","0","0","2","_80c36ada2e5a0000_p_Net","1","0","0","1","0","0","0","0","0","0","1","_80c36ada2e5a0000_p_odb__dbNet","0.0","0.0","0.0","25.024","25.024","","25.024","6.129999999999997","1","6.129999999999997","6.129999999999997","6.129999999999997","72.68","17.68","72.68","17.68","0","1","0","0","72.68","","17.68","","2"
"net227","OK","0.16777799999997578","0.03626220360935683","71.924","32.4885","0.07799999999998875","2.151","4.457999999999977","71.963","71.885","33.564","31.413","0","4.790000000000006","4.790000000000006","4.790000000000006","3.7536","1","0","0","0","1","0","0","2.2289999999999885","0","0","0","0","0","2","_f8c36ada2e5a0000_p_Net","1","0","0","1","0","0","0","0","0","0","1","_f8c36ada2e5a0000_p_odb__dbNet","0.0","0.0","0.0","25.024","25.024","","25.024","4.790000000000006","1","4.790000000000006","4.790000000000006","4.790000000000006","70.38","34.0","70.38","34.0","0","1","0","0","70.38","","34.0","","2"
"net228","OK","2.871841000000068","0.037690457092715915","72.6405","16.4705","0.32900000000000773","8.729000000000001","18.116000000000017","72.805","72.476","20.835","12.106","0","8.849999999999996","8.849999999999996","8.849999999999996","3.7536","1","0","0","0","1","0","0","9.058000000000009","0","0","0","0","0","2","_70c46ada2e5a0000_p_Net","1","0","0","1","0","0","0","0","0","0","1","_70c46ada2e5a0000_p_odb__dbNet","0.0","0.0","0.0","25.024","25.024","","25.024","8.849999999999996","1","8.849999999999996","8.849999999999996","8.849999999999996","71.3","20.4","71.3","20.4","0","1","0","0","71.3","","20.4","","2"
"net229","OK","6.417362000000046","0.24309069672186048","78.62049999999999","45.164","1.2490000000000094","5.137999999999998","12.774000000000015","79.245","77.996","47.733","42.595","0","5.669999999999995","5.669999999999995","5.669999999999995","3.7536","1","0","0","0","1","0","0","6.387000000000008","0","0","0","0","0","2","_e8c46ada2e5a0000_p_Net","1","0","0","1","0","0","0","0","0","0","1","_e8c46ada2e5a0000_p_odb__dbNet","0.0","0.0","0.0","25.024","25.024","","25.024","5.669999999999995","1","5.669999999999995","5.669999999999995","5.669999999999995","77.74","42.16","77.74","42.16","0","0","1","0","77.74","","42.16","","2"
"net230","OK","1.943798999999981","0.17968987528741376","74.4805","89.91050000000001","0.590999999999994","3.2890000000000015","7.759999999999991","74.776","74.185","91.555","88.266","0","4.329999999999998","4.329999999999998","4.329999999999998","3.7536","1","0","0","0","1","0","0","3.8799999999999955","0","0","0","0","0","2","_60c56ada2e5a0000_p_Net","1","0","0","1","0","0","0","0","0","0","1","_60c56ada2e5a0000_p_odb__dbNet","0.0","0.0","0.0","25.024","25.024","","25.024","4.329999999999998","1","4.329999999999998","4.329999999999998","4.329999999999998","72.68","91.12","72.68","91.12","0","1","0","0","72.68","","91.12","","2"
"net231","OK","16.46487899999998","0.2857331049551131","79.54050000000001","18.8885","2.168999999999997","7.591000000000001","19.519999999999996","80.625","78.456","22.684","15.093","0","9.310000000000006","9.310000000000006","9.310000000000006","3.7536","1","0","0","0","1","0","0","9.759999999999998","0","0","0","0","0","2","_d8c56ada2e5a0000_p_Net","1","0","0","1","0","0","0","0","0","0","1","_d8c56ada2e5a0000_p_odb__dbNet","0.0","0.0","0.0","25.024","25.024","","25.024","9.310000000000006","1","9.310000000000006","9.310000000000006","9.310000000000006","79.12","23.12","79.12","23.12","0","1","0","0","79.12","","23.12","","2"
"net232","OK","12.45439799999996","0.3777429466426781","57.5385","115.884","2.168999999999997","5.74199999999999","15.821999999999974","58.623","56.454","118.755","113.013","0","6.589999999999996","6.589999999999996","6.589999999999996","3.7536","1","0","0","0","1","0","0","7.910999999999987","0","0","0","0","0","2","_50c66ada2e5a0000_p_Net","1","0","0","1","0","0","0","0","0","0","1","_50c66ada2e5a0000_p_odb__dbNet","0.0","0.0","0.0","25.024","25.024","","25.024","6.589999999999996","1","6.589999999999996","6.589999999999996","6.589999999999996","57.96","118.32","57.96","118.32","1","0","0","0","57.96","","118.32","","2"
"net233","OK","4.795361999999997","0.4432958344654004","64.794","73.2885","1.4579999999999984","3.2890000000000015","9.494","65.523","64.065","74.933","71.644","0","6.170000000000002","6.170000000000002","6.170000000000002","3.7536","1","0","0","0","1","0","0","4.747","0","0","0","0","0","2","_c8c66ada2e5a0000_p_Net","1","0","0","1","0","0","0","0","0","0","1","_c8c66ada2e5a0000_p_odb__dbNet","0.0","0.0","0.0","25.024","25.024","","25.024","6.170000000000002","1","6.170000000000002","6.170000000000002","6.170000000000002","62.56","72.08","62.56","72.08","0","0","1","0","62.56","","72.08","","2"
"net234","OK","0.281781","0.06090190606187752","65.5105","92.32849999999999","0.13100000000000023","2.1509999999999962","4.563999999999993","65.576","65.445","93.404","91.253","0","3.8700000000000045","3.8700000000000045","3.8700000000000045","3.7536","1","0","0","0","1","0","0","2.2819999999999965","0","0","0","0","0","2","_40c76ada2e5a0000_p_Net","1","0","0","1","0","0","0","0","0","0","1","_40c76ada2e5a0000_p_odb__dbNet","0.0","0.0","0.0","25.024","25.024","","25.024","3.8700000000000045","1","3.8700000000000045","3.8700000000000045","3.8700000000000045","63.94","93.84","63.94","93.84","0","1","0","0","63.94","","93.84","","2"
"net235","OK","20.75030100000009","1.9182122219768183","57.2305","144.3105","6.3089999999999975","3.2890000000000157","19.196000000000026","60.385","54.076","145.955","142.666","0","8.009999999999998","8.009999999999998","8.009999999999998","3.7536","1","0","0","0","1","0","0","9.598000000000013","0","0","0","0","0","2","_b8c76ada2e5a0000_p_Net","1","0","0","1","0","0","0","0","0","0","1","_b8c76ada2e5a0000_p_odb__dbNet","0.0","0.0","0.0","25.024","25.024","","25.024","8.009999999999998","1","8.009999999999998","8.009999999999998","8.009999999999998","58.88","145.52","58.88","145.52","1","0","0","0","58.88","","145.52","","2"
"net236","OK","0.16777800000000606","0.0362622036093635","65.024","103.51050000000001","0.07800000000000296","2.1509999999999962","4.457999999999998","65.063","64.985","104.586","102.435","0","4.789999999999999","4.789999999999999","4.789999999999999","3.7536","1","0","0","0","1","0","0","2.228999999999999","0","0","0","0","0","2","_30c86ada2e5a0000_p_Net","1","0","0","1","0","0","0","0","0","0","1","_30c86ada2e5a0000_p_odb__dbNet","0.0","0.0","0.0","25.024","25.024","","25.024","4.789999999999999","1","4.789999999999999","4.789999999999999","4.789999999999999","63.48","102.0","63.48","102.0","0","0","1","0","63.48","","102.0","","2"
"net237","OK","2.871841000000005","0.03769045709271511","59.3785","124.9685","0.3290000000000006","8.729","18.116","59.543","59.214","129.333","120.604","0","8.84999999999998","8.84999999999998","8.84999999999998","3.7536","1","0","0","0","1","0","0","9.058","0","0","0","0","0","2","_a8c86ada2e5a0000_p_Net","1","0","0","1","0","0","0","0","0","0","1","_a8c86ada2e5a0000_p_odb__dbNet","0.0","0.0","0.0","25.024","25.024","","25.024","8.84999999999998","1","8.84999999999998","8.84999999999998","8.84999999999998","60.72","121.04","60.72","121.04","0","0","0","1","60.72","","121.04","","2"
"net238","OK","1.6904020000000048","0.06403269753522141","50.1005","121.324","0.3290000000000006","5.138000000000005","10.934000000000012","50.265","49.936","123.893","118.755","0","6.130000000000017","6.130000000000017","6.130000000000017","3.7536","1","0","0","0","1","0","0","5.467000000000006","0","0","0","0","0","2","_20c96ada2e5a0000_p_Net","1","0","0","1","0","0","0","0","0","0","1","_20c96ada2e5a0000_p_odb__dbNet","0.0","0.0","0.0","25.024","25.024","","25.024","6.130000000000017","1","6.130000000000017","6.130000000000017","6.130000000000017","48.76","118.32","48.76","118.32","0","0","1","0","48.76","","118.32","","2"
"net239","OK","5.654979000000001","1.2222222216540155","46.1905","114.3905","2.629000000000005","2.1509999999999962","9.560000000000002","47.505","44.876","115.466","113.315","0","4.329999999999998","4.329999999999998","4.329999999999998","3.7536","1","0","0","0","1","0","0","4.780000000000001","0","0","0","0","0","2","_98c96ada2e5a0000_p_Net","1","0","0","1","0","0","0","0","0","0","1","_98c96ada2e5a0000_p_odb__dbNet","0.0","0.0","0.0","25.024","25.024","","25.024","4.329999999999998","1","4.329999999999998","4.329999999999998","4.329999999999998","46.0","112.88","46.0","112.88","0","0","1","0","46.0","","112.88","","2"
"net240","OK","5.654979000000001","1.2222222216540155","46.1905","98.07050000000001","2.629000000000005","2.1509999999999962","9.560000000000002","47.505","44.876","99.146","96.995","0","4.329999999999998","4.329999999999998","4.329999999999998","3.7536","1","0","0","0","1","0","0","4.780000000000001","0","0","0","0","0","2","_10ca6ada2e5a0000_p_Net","1","0","0","1","0","0","0","0","0","0","1","_10ca6ada2e5a0000_p_odb__dbNet","0.0","0.0","0.0","25.024","25.024","","25.024","4.329999999999998","1","4.329999999999998","4.329999999999998","4.329999999999998","46.0","96.56","46.0","96.56","0","0","1","0","46.0","","96.56","","2"
"net241","OK","1.6971390000000002","0.3668061365100868","50.3305","86.8885","0.7890000000000015","2.1509999999999962","5.8799999999999955","50.725","49.936","87.964","85.813","0","2.950000000000003","2.950000000000003","2.950000000000003","3.7536","1","0","0","0","1","0","0","2.9399999999999977","0","0","0","0","0","2","_88ca6ada2e5a0000_p_Net","1","0","0","1","0","0","0","0","0","0","1","_88ca6ada2e5a0000_p_odb__dbNet","0.0","0.0","0.0","25.024","25.024","","25.024","2.950000000000003","1","2.950000000000003","2.950000000000003","2.950000000000003","49.22","88.4","49.22","88.4","0","1","0","0","49.22","","88.4","","2"
"net242","OK","1.9495449999999768","0.0582541054350462","62.5945","145.2135","0.3369999999999962","5.784999999999997","12.243999999999986","62.763","62.426","148.106","142.321","0","6.1299999999999955","6.1299999999999955","6.1299999999999955","3.7536","1","0","0","0","1","0","0","6.121999999999993","0","0","0","0","0","2","_00cb6ada2e5a0000_p_Net","1","0","0","1","0","0","0","0","0","0","1","_00cb6ada2e5a0000_p_odb__dbNet","0.0","0.0","0.0","30.0288","30.0288","","30.0288","6.1299999999999955","1","6.1299999999999955","6.1299999999999955","6.1299999999999955","62.56","142.8","62.56","142.8","0","0","1","0","62.56","","142.8","","2"
"net243","OK","11.86191999999996","1.0684273706277234","56.775999999999996","138.547","3.559999999999995","3.3319999999999936","13.783999999999978","58.556","54.996","140.213","136.881","0","5.939999999999998","5.939999999999998","5.939999999999998","3.7536","1","0","0","0","1","0","0","6.891999999999989","0","0","0","0","0","2","_78cb6ada2e5a0000_p_Net","1","0","0","1","0","0","0","0","0","0","1","_78cb6ada2e5a0000_p_odb__dbNet","0.0","0.0","0.0","26.2752","26.2752","","26.2752","5.939999999999998","1","5.939999999999998","5.939999999999998","5.939999999999998","57.73","137.36","57.73","137.36","0","0","0","1","57.73","","137.36","","2"
"net244","OK","12.97301899999999","0.22513502829335696","76.5505","149.7505","1.7090000000000032","7.59099999999998","18.599999999999966","77.405","75.696","153.546","145.955","0","8.850000000000009","8.850000000000009","8.850000000000009","3.7536","1","0","0","0","1","0","0","9.299999999999983","0","0","0","0","0","2","_f0cb6ada2e5a0000_p_Net","1","0","0","1","0","0","0","0","0","0","1","_f0cb6ada2e5a0000_p_odb__dbNet","0.0","0.0","0.0","25.024","25.024","","25.024","8.850000000000009","1","8.850000000000009","8.850000000000009","8.850000000000009","75.9","145.52","75.9","145.52","0","0","1","0","75.9","","145.52","","2"
"net245","OK","3.676058999999976","0.7945141790820563","79.3105","152.47050000000002","1.7090000000000032","2.150999999999982","7.71999999999997","80.165","78.456","153.546","151.395","0","3.4099999999999966","3.4099999999999966","3.4099999999999966","3.7536","1","0","0","0","1","0","0","3.859999999999985","0","0","0","0","0","2","_68cc6ada2e5a0000_p_Net","1","0","0","1","0","0","0","0","0","0","1","_68cc6ada2e5a0000_p_odb__dbNet","0.0","0.0","0.0","25.024","25.024","","25.024","3.4099999999999966","1","3.4099999999999966","3.4099999999999966","3.4099999999999966","78.66","150.96","78.66","150.96","0","0","1","0","78.66","","150.96","","2"
"net246","OK","12.454397999999983","0.3777429466426774","80.9205","17.964","2.168999999999997","5.742000000000001","15.821999999999996","82.005","79.836","20.835","15.093","0","6.590000000000003","6.590000000000003","6.590000000000003","3.7536","1","0","0","0","1","0","0","7.910999999999998","0","0","0","0","0","2","_e0cc6ada2e5a0000_p_Net","1","0","0","1","0","0","0","0","0","0","1","_e0cc6ada2e5a0000_p_odb__dbNet","0.0","0.0","0.0","25.024","25.024","","25.024","6.590000000000003","1","6.590000000000003","6.590000000000003","6.590000000000003","80.5","20.4","80.5","20.4","0","1","0","0","80.5","","20.4","","2"
"net247","OK","0.28178100000000184","0.06090190606187712","71.9505","87.1905","0.13100000000000023","2.1510000000000105","4.564000000000021","72.016","71.885","88.266","86.115","0","3.8700000000000045","3.8700000000000045","3.8700000000000045","3.7536","1","0","0","0","1","0","0","2.2820000000000107","0","0","0","0","0","2","_58cd6ada2e5a0000_p_Net","1","0","0","1","0","0","0","0","0","0","1","_58cd6ada2e5a0000_p_odb__dbNet","0.0","0.0","0.0","25.024","25.024","","25.024","3.8700000000000045","1","3.8700000000000045","3.8700000000000045","3.8700000000000045","70.38","85.68","70.38","85.68","0","0","1","0","70.38","","85.68","","2"
"net248","OK","6.6444390000000295","1.4360762429399847","79.5405","87.1905","3.0889999999999986","2.1510000000000105","10.480000000000018","81.085","77.996","88.266","86.115","0","4.789999999999992","4.789999999999992","4.789999999999992","3.7536","1","0","0","0","1","0","0","5.240000000000009","0","0","0","0","0","2","_d0cd6ada2e5a0000_p_Net","1","0","0","1","0","0","0","0","0","0","1","_d0cd6ada2e5a0000_p_odb__dbNet","0.0","0.0","0.0","25.024","25.024","","25.024","4.789999999999992","1","4.789999999999992","4.789999999999992","4.789999999999992","79.58","85.68","79.58","85.68","0","0","0","1","79.58","","85.68","","2"
"net249","OK","0.4308589999999991","0.039829735469799635","77.0105","133.1285","0.13100000000000023","3.2889999999999873","6.839999999999975","77.076","76.945","134.773","131.484","0","3.8700000000000045","3.8700000000000045","3.8700000000000045","3.7536","1","0","0","0","1","0","0","3.4199999999999875","0","0","0","0","0","2","_48ce6ada2e5a0000_p_Net","1","0","0","1","0","0","0","0","0","0","1","_48ce6ada2e5a0000_p_odb__dbNet","0.0","0.0","0.0","25.024","25.024","","25.024","3.8700000000000045","1","3.8700000000000045","3.8700000000000045","3.8700000000000045","75.44","131.92","75.44","131.92","0","0","1","0","75.44","","131.92","","2"
"net250","OK","2.6865990000000335","0.5806601577960684","77.7005","157.6085","1.2490000000000094","2.1510000000000105","6.80000000000004","78.325","77.076","158.684","156.533","0","3.1799999999999926","3.1799999999999926","3.1799999999999926","3.7536","1","0","0","0","1","0","0","3.40000000000002","0","0","0","0","0","2","_60aa08d92e5a0000_p_Net","1","0","0","1","0","0","0","0","0","0","1","_60aa08d92e5a0000_p_odb__dbNet","0.0","0.0","0.0","26.2752","26.2752","","26.2752","3.1799999999999926","1","3.1799999999999926","3.1799999999999926","3.1799999999999926","77.05","159.12","77.05","159.12","0","1","0","0","77.05","","159.12","","2"
"net251","OK","1.9053180000001313","20.89072840764514","67.8105","151.244","6.3089999999999975","0.3020000000000209","13.222000000000037","70.965","64.656","151.395","151.093","0","5.289999999999992","5.289999999999992","5.289999999999992","3.7536","1","0","0","0","1","0","0","6.611000000000018","0","0","0","0","0","2","_d8aa08d92e5a0000_p_Net","1","0","0","1","0","0","0","0","0","0","1","_d8aa08d92e5a0000_p_odb__dbNet","0.0","0.0","0.0","25.024","25.024","","25.024","5.289999999999992","1","5.289999999999992","5.289999999999992","5.289999999999992","69.46","150.96","69.46","150.96","0","0","0","1","69.46","","150.96","","2"
"net252","OK","14.418850000000024","0.5554465160833286","63.647999999999996","143.1055","2.8300000000000054","5.094999999999999","15.850000000000009","65.063","62.233","145.653","140.558","0","8.889999999999993","8.889999999999993","8.889999999999993","3.7536","1","0","0","0","1","0","0","7.925000000000004","0","0","0","0","0","2","_50ab08d92e5a0000_p_Net","1","0","0","1","0","0","0","0","0","0","1","_50ab08d92e5a0000_p_odb__dbNet","0.0","0.0","0.0","30.0288","30.0288","","30.0288","8.889999999999993","1","8.889999999999993","8.889999999999993","8.889999999999993","62.1","140.08","62.1","140.08","0","0","1","0","62.1","","140.08","","2"
"net253","OK","1.9437990000000045","0.1796898752874159","47.8785","122.2485","0.5910000000000011","3.2890000000000015","7.760000000000005","48.174","47.583","123.893","120.604","0","4.329999999999998","4.329999999999998","4.329999999999998","3.7536","1","0","0","0","1","0","0","3.8800000000000026","0","0","0","0","0","2","_c8ab08d92e5a0000_p_Net","1","0","0","1","0","0","0","0","0","0","1","_c8ab08d92e5a0000_p_odb__dbNet","0.0","0.0","0.0","25.024","25.024","","25.024","4.329999999999998","1","4.329999999999998","4.329999999999998","4.329999999999998","49.68","121.04","49.68","121.04","0","0","0","1","49.68","","121.04","","2"
"net254","OK","0.8250840000000309","0.007373794667482434","45.244","60.91499999999999","0.07800000000000296","10.577999999999996","21.311999999999998","45.283","45.205","66.204","55.626","0","12.950000000000003","12.950000000000003","12.950000000000003","3.7536","1","0","0","0","1","0","0","10.655999999999999","0","0","0","0","0","2","_40ac08d92e5a0000_p_Net","1","0","0","1","0","0","0","0","0","0","1","_40ac08d92e5a0000_p_odb__dbNet","0.0","0.0","0.0","25.024","25.024","","25.024","12.950000000000003","1","12.950000000000003","12.950000000000003","12.950000000000003","43.7","66.64","43.7","66.64","0","1","0","0","43.7","","66.64","","2"
"net255","OK","1.6864000000000048","0.3795066411861919","14.916","168.812","0.8000000000000007","2.108000000000004","5.81600000000001","15.316","14.516","169.866","167.758","0","3.1799999999999997","3.1799999999999997","3.1799999999999997","3.7536","1","0","0","0","1","0","0","2.908000000000005","0","0","0","0","0","2","_b8ac08d92e5a0000_p_Net","1","0","0","1","0","0","0","0","0","0","1","_b8ac08d92e5a0000_p_odb__dbNet","0.0","0.0","0.0","26.2752","26.2752","","26.2752","3.1799999999999997","1","3.1799999999999997","3.1799999999999997","3.1799999999999997","14.49","167.28","14.49","167.28","0","0","1","0","14.49","","167.28","","2"
"net256","OK","19.52552000000013","1.7587034808647233","8.246","165.747","5.86","3.332000000000022","18.384000000000043","11.176","5.316","167.413","164.081","0","8.239999999999998","8.239999999999998","8.239999999999998","3.7536","1","0","0","0","1","0","0","9.192000000000021","0","0","0","0","0","2","_30ad08d92e5a0000_p_Net","1","0","0","1","0","0","0","0","0","0","1","_30ad08d92e5a0000_p_odb__dbNet","0.0","0.0","0.0","26.2752","26.2752","","26.2752","8.239999999999998","1","8.239999999999998","8.239999999999998","8.239999999999998","10.35","164.56","10.35","164.56","0","0","0","1","10.35","","164.56","","2"
"net257","OK","1.6971390000000002","0.3668061365100868","11.6905","92.32849999999999","0.7890000000000015","2.1509999999999962","5.8799999999999955","12.085","11.296","93.404","91.253","0","2.9499999999999993","2.9499999999999993","2.9499999999999993","3.7536","1","0","0","0","1","0","0","2.9399999999999977","0","0","0","0","0","2","_a8ad08d92e5a0000_p_Net","1","0","0","1","0","0","0","0","0","0","1","_a8ad08d92e5a0000_p_odb__dbNet","0.0","0.0","0.0","25.024","25.024","","25.024","2.9499999999999993","1","2.9499999999999993","2.9499999999999993","2.9499999999999993","10.58","93.84","10.58","93.84","0","1","0","0","10.58","","93.84","","2"
"net258","OK","0.9959959999999982","10.920529765163817","24.774","50.035","3.2979999999999983","0.3019999999999996","7.199999999999996","26.423","23.125","50.186","49.884","0","5.289999999999999","5.289999999999999","5.289999999999999","3.7536","1","0","0","0","1","0","0","3.599999999999998","0","0","0","0","0","2","_20ae08d92e5a0000_p_Net","1","0","0","1","0","0","0","0","0","0","1","_20ae08d92e5a0000_p_odb__dbNet","0.0","0.0","0.0","25.024","25.024","","25.024","5.289999999999999","1","5.289999999999999","5.289999999999999","5.289999999999999","21.62","50.32","21.62","50.32","0","1","0","0","21.62","","50.32","","2"
"net259","OK","5.654978999999989","1.2222222216540128","9.9285","81.4485","2.6289999999999996","2.1509999999999962","9.559999999999992","11.243","8.614","82.524","80.373","0","5.02","5.02","5.02","3.7536","1","0","0","0","1","0","0","4.779999999999996","0","0","0","0","0","2","_98ae08d92e5a0000_p_Net","1","0","0","1","0","0","0","0","0","0","1","_98ae08d92e5a0000_p_odb__dbNet","0.0","0.0","0.0","28.777600000000003","28.777600000000003","","28.777600000000003","5.02","1","5.02","5.02","5.02","9.43","82.96","9.43","82.96","0","1","0","0","9.43","","82.96","","2"
"net260","OK","10.90252100000002","0.1430862641604899","24.8005","43.6705","1.2490000000000023","8.729","19.956000000000003","25.425","24.176","48.035","39.306","0","8.390000000000004","8.390000000000004","8.390000000000004","3.7536","1","0","0","0","1","0","0","9.978000000000002","0","0","0","0","0","2","_10af08d92e5a0000_p_Net","1","0","0","1","0","0","0","0","0","0","1","_10af08d92e5a0000_p_odb__dbNet","0.0","0.0","0.0","25.024","25.024","","25.024","8.390000000000004","1","8.390000000000004","8.390000000000004","8.390000000000004","23.92","47.6","23.92","47.6","0","1","0","0","23.92","","47.6","","2"
"net261","OK","2.686599000000001","0.5806601577960672","15.6005","21.6085","1.2490000000000006","2.151","6.800000000000001","16.225","14.976","22.684","20.533","0","2.950000000000003","2.950000000000003","2.950000000000003","3.7536","1","0","0","0","1","0","0","3.4000000000000004","0","0","0","0","0","2","_88af08d92e5a0000_p_Net","1","0","0","1","0","0","0","0","0","0","1","_88af08d92e5a0000_p_odb__dbNet","0.0","0.0","0.0","25.024","25.024","","25.024","2.950000000000003","1","2.950000000000003","2.950000000000003","2.950000000000003","14.72","23.12","14.72","23.12","0","1","0","0","14.72","","23.12","","2"
"net262","OK","21.672084000000005","0.8209420006187342","20.634","17.964","4.218","5.138000000000002","18.712000000000003","22.743","18.525","20.533","15.395","0","11.649999999999999","11.649999999999999","11.649999999999999","3.7536","1","0","0","0","1","0","0","9.356000000000002","0","0","0","0","0","2","_00b008d92e5a0000_p_Net","1","0","0","1","0","0","0","0","0","0","1","_00b008d92e5a0000_p_odb__dbNet","0.0","0.0","0.0","25.024","25.024","","25.024","11.649999999999999","1","11.649999999999999","11.649999999999999","11.649999999999999","17.02","14.96","17.02","14.96","0","0","1","0","17.02","","14.96","","2"
"net263","OK","1.132879999999988","0.10204081629590499","35.846000000000004","35.532","0.3399999999999963","3.3320000000000007","7.343999999999994","36.016","35.676","37.198","33.866","0","2.719999999999999","2.719999999999999","2.719999999999999","3.7536","1","0","0","0","1","0","0","3.671999999999997","0","0","0","0","0","2","_78b008d92e5a0000_p_Net","1","0","0","1","0","0","0","0","0","0","1","_78b008d92e5a0000_p_odb__dbNet","0.0","0.0","0.0","26.2752","26.2752","","26.2752","2.719999999999999","1","2.719999999999999","2.719999999999999","2.719999999999999","35.19","36.72","35.19","36.72","0","1","0","0","35.19","","36.72","","2"
"net264","OK","19.525520000000004","1.7587034808647342","33.546","40.626999999999995","5.859999999999999","3.3320000000000007","18.384","36.476","30.616","42.293","38.961","0","8.239999999999998","8.239999999999998","8.239999999999998","3.7536","1","0","0","0","1","0","0","9.192","0","0","0","0","0","2","_f0b008d92e5a0000_p_Net","1","0","0","1","0","0","0","0","0","0","1","_f0b008d92e5a0000_p_odb__dbNet","0.0","0.0","0.0","26.2752","26.2752","","26.2752","8.239999999999998","1","8.239999999999998","8.239999999999998","8.239999999999998","35.65","39.44","35.65","39.44","0","0","0","1","35.65","","39.44","","2"
"net265","OK","4.795362","0.44329583446540116","12.945","13.4485","1.4580000000000002","3.2889999999999997","9.494","13.674","12.216","15.093","11.804","0","6.17","6.17","6.17","3.7536","1","0","0","0","1","0","0","4.747","0","0","0","0","0","2","_68b108d92e5a0000_p_Net","1","0","0","1","0","0","0","0","0","0","1","_68b108d92e5a0000_p_odb__dbNet","0.0","0.0","0.0","25.024","25.024","","25.024","6.17","1","6.17","6.17","6.17","15.18","12.24","15.18","12.24","0","0","0","1","15.18","","12.24","","2"
"net266","OK","2.686598999999997","0.5806601577960664","24.878500000000003","10.7285","1.2489999999999988","2.151","6.799999999999997","25.503","24.254","11.804","9.653","0","2.9499999999999975","2.9499999999999975","2.9499999999999975","3.7536","1","0","0","0","1","0","0","3.3999999999999986","0","0","0","0","0","2","_e0b108d92e5a0000_p_Net","1","0","0","1","0","0","0","0","0","0","1","_e0b108d92e5a0000_p_odb__dbNet","0.0","0.0","0.0","25.024","25.024","","25.024","2.9499999999999975","1","2.9499999999999975","2.9499999999999975","2.9499999999999975","25.76","12.24","25.76","12.24","1","0","0","0","25.76","","12.24","","2"
"net267","OK","22.94368200000005","0.20504821325344633","34.0005","39.155","2.169000000000004","10.578000000000003","25.494000000000014","35.085","32.916","44.444","33.866","0","12.030000000000001","12.030000000000001","12.030000000000001","3.7536","1","0","0","0","1","0","0","12.747000000000007","0","0","0","0","0","2","_58b208d92e5a0000_p_Net","1","0","0","1","0","0","0","0","0","0","1","_58b208d92e5a0000_p_odb__dbNet","0.0","0.0","0.0","25.024","25.024","","25.024","12.030000000000001","1","12.030000000000001","12.030000000000001","12.030000000000001","33.58","44.88","33.58","44.88","0","1","0","0","33.58","","44.88","","2"
"net268","OK","0.25654199999999816","0.02371541501255213","22.704","30.0705","0.0779999999999994","3.2890000000000015","6.734000000000002","22.743","22.665","31.715","28.426","0","4.790000000000003","4.790000000000003","4.790000000000003","3.7536","1","0","0","0","1","0","0","3.367000000000001","0","0","0","0","0","2","_d0b208d92e5a0000_p_Net","1","0","0","1","0","0","0","0","0","0","1","_d0b208d92e5a0000_p_odb__dbNet","0.0","0.0","0.0","25.024","25.024","","25.024","4.790000000000003","1","4.790000000000003","4.790000000000003","4.790000000000003","21.16","31.28","21.16","31.28","0","1","0","0","21.16","","31.28","","2"
"net269","OK","2.595021","0.2398905441654329","15.3705","40.9505","0.7889999999999997","3.2890000000000015","8.156000000000002","15.765","14.976","42.595","39.306","0","2.9499999999999993","2.9499999999999993","2.9499999999999993","3.7536","1","0","0","0","1","0","0","4.078000000000001","0","0","0","0","0","2","_48b308d92e5a0000_p_Net","1","0","0","1","0","0","0","0","0","0","1","_48b308d92e5a0000_p_odb__dbNet","0.0","0.0","0.0","25.024","25.024","","25.024","2.9499999999999993","1","2.9499999999999993","2.9499999999999993","2.9499999999999993","14.26","42.16","14.26","42.16","0","1","0","0","14.26","","42.16","","2"
"net270","OK","12.454397999999998","0.37774294664267827","23.880499999999998","39.724000000000004","2.1690000000000005","5.741999999999997","15.821999999999996","24.965","22.796","42.595","36.853","0","6.59","6.59","6.59","3.7536","1","0","0","0","1","0","0","7.910999999999998","0","0","0","0","0","2","_c0b308d92e5a0000_p_Net","1","0","0","1","0","0","0","0","0","0","1","_c0b308d92e5a0000_p_odb__dbNet","0.0","0.0","0.0","25.024","25.024","","25.024","6.59","1","6.59","6.59","6.59","23.46","42.16","23.46","42.16","0","1","0","0","23.46","","42.16","","2"
"net271","OK","11.672661000000003","1.07905138307113","20.4305","67.8485","3.5489999999999995","3.2890000000000015","13.676000000000002","22.205","18.656","69.493","66.204","0","5.2499999999999964","5.2499999999999964","5.2499999999999964","3.7536","1","0","0","0","1","0","0","6.838000000000001","0","0","0","0","0","2","_38b408d92e5a0000_p_Net","1","0","0","1","0","0","0","0","0","0","1","_38b408d92e5a0000_p_odb__dbNet","0.0","0.0","0.0","25.024","25.024","","25.024","5.2499999999999964","1","5.2499999999999964","5.2499999999999964","5.2499999999999964","20.7","66.64","20.7","66.64","0","0","0","1","20.7","","66.64","","2"
"net272","OK","13.185601000000007","1.2189115228887464","12.3805","122.2485","4.009","3.2890000000000015","14.596000000000004","14.385","10.376","123.893","120.604","0","5.709999999999999","5.709999999999999","5.709999999999999","3.7536","1","0","0","0","1","0","0","7.298000000000002","0","0","0","0","0","2","_b0b408d92e5a0000_p_Net","1","0","0","1","0","0","0","0","0","0","1","_b0b408d92e5a0000_p_odb__dbNet","0.0","0.0","0.0","25.024","25.024","","25.024","5.709999999999999","1","5.709999999999999","5.709999999999999","5.709999999999999","12.88","121.04","12.88","121.04","0","0","0","1","12.88","","121.04","","2"
"net273","OK","1.082080999999992","0.10003040434781688","10.0805","138.5685","0.32899999999999885","3.2889999999999873","7.235999999999972","10.245","9.916","140.213","136.924","0","3.4099999999999984","3.4099999999999984","3.4099999999999984","3.7536","1","0","0","0","1","0","0","3.617999999999986","0","0","0","0","0","2","_28b508d92e5a0000_p_Net","1","0","0","1","0","0","0","0","0","0","1","_28b508d92e5a0000_p_odb__dbNet","0.0","0.0","0.0","25.024","25.024","","25.024","3.4099999999999984","1","3.4099999999999984","3.4099999999999984","3.4099999999999984","8.74","137.36","8.74","137.36","0","0","1","0","8.74","","137.36","","2"
"net274","OK","0.9959959999999752","10.92052976516408","6.505","134.92399999999998","3.298","0.3019999999999925","7.199999999999985","8.154","4.856","135.075","134.773","0","5.29","5.29","5.29","3.7536","1","0","0","0","1","0","0","3.5999999999999925","0","0","0","0","0","2","_a0b508d92e5a0000_p_Net","1","0","0","1","0","0","0","0","0","0","1","_a0b508d92e5a0000_p_odb__dbNet","0.0","0.0","0.0","25.024","25.024","","25.024","5.29","1","5.29","5.29","5.29","9.66","134.64","9.66","134.64","0","0","0","1","9.66","","134.64","","2"
"net275","OK","1.082080999999991","0.1000304043478159","31.700499999999998","30.0705","0.3289999999999971","3.2890000000000015","7.235999999999997","31.865","31.536","31.715","28.426","0","3.4100000000000037","3.4100000000000037","3.4100000000000037","3.7536","1","0","0","0","1","0","0","3.6179999999999986","0","0","0","0","0","2","_18b608d92e5a0000_p_Net","1","0","0","1","0","0","0","0","0","0","1","_18b608d92e5a0000_p_odb__dbNet","0.0","0.0","0.0","25.024","25.024","","25.024","3.4100000000000037","1","3.4100000000000037","3.4100000000000037","3.4100000000000037","30.36","31.28","30.36","31.28","0","1","0","0","30.36","","31.28","","2"
"net276","OK","4.530438000000012","0.1374085684191209","35.1505","88.684","0.7890000000000015","5.742000000000004","13.062000000000012","35.545","34.756","91.555","85.813","0","5.670000000000002","5.670000000000002","5.670000000000002","3.7536","1","0","0","0","1","0","0","6.531000000000006","0","0","0","0","0","2","_90b608d92e5a0000_p_Net","1","0","0","1","0","0","0","0","0","0","1","_90b608d92e5a0000_p_odb__dbNet","0.0","0.0","0.0","25.024","25.024","","25.024","5.670000000000002","1","5.670000000000002","5.670000000000002","5.670000000000002","34.04","91.12","34.04","91.12","0","1","0","0","34.04","","91.12","","2"
"net277","OK","6.417362000000001","0.24309069672185807","9.6205","121.324","1.2489999999999988","5.138000000000005","12.774000000000008","10.245","8.996","123.893","118.755","0","5.670000000000012","5.670000000000012","5.670000000000012","3.7536","1","0","0","0","1","0","0","6.387000000000004","0","0","0","0","0","2","_08b708d92e5a0000_p_Net","1","0","0","1","0","0","0","0","0","0","1","_08b708d92e5a0000_p_odb__dbNet","0.0","0.0","0.0","25.024","25.024","","25.024","5.670000000000012","1","5.670000000000012","5.670000000000012","5.670000000000012","8.74","118.32","8.74","118.32","0","0","1","0","8.74","","118.32","","2"
"net278","OK","1.943798999999996","0.17968987528741667","22.5005","105.9285","0.5910000000000011","3.2889999999999873","7.759999999999977","22.796","22.205","107.573","104.284","0","4.329999999999998","4.329999999999998","4.329999999999998","3.7536","1","0","0","0","1","0","0","3.8799999999999883","0","0","0","0","0","2","_80b708d92e5a0000_p_Net","1","0","0","1","0","0","0","0","0","0","1","_80b708d92e5a0000_p_odb__dbNet","0.0","0.0","0.0","25.024","25.024","","25.024","4.329999999999998","1","4.329999999999998","4.329999999999998","4.329999999999998","20.7","104.72","20.7","104.72","0","0","1","0","20.7","","104.72","","2"
"net279","OK","14.917861000000027","0.19578416769437726","38.3705","65.4305","1.7090000000000032","8.729","20.876000000000005","39.225","37.516","69.795","61.066","0","8.849999999999994","8.849999999999994","8.849999999999994","3.7536","1","0","0","0","1","0","0","10.438000000000002","0","0","0","0","0","2","_f8b708d92e5a0000_p_Net","1","0","0","1","0","0","0","0","0","0","1","_f8b708d92e5a0000_p_odb__dbNet","0.0","0.0","0.0","25.024","25.024","","25.024","8.849999999999994","1","8.849999999999994","8.849999999999994","8.849999999999994","37.72","69.36","37.72","69.36","0","1","0","0","37.72","","69.36","","2"
"net280","OK","3.6760590000000173","0.7945141790820442","19.9705","130.7105","1.7089999999999996","2.1510000000000105","7.72000000000002","20.825","19.116","131.786","129.635","0","3.41","3.41","3.41","3.7536","1","0","0","0","1","0","0","3.86000000000001","0","0","0","0","0","2","_70b808d92e5a0000_p_Net","1","0","0","1","0","0","0","0","0","0","1","_70b808d92e5a0000_p_odb__dbNet","0.0","0.0","0.0","25.024","25.024","","25.024","3.41","1","3.41","3.41","3.41","19.32","129.2","19.32","129.2","0","0","1","0","19.32","","129.2","","2"
"net281","OK","4.053882000000011","0.1535616971285401","36.9905","121.324","0.7890000000000015","5.138000000000005","11.854000000000013","37.385","36.596","123.893","118.755","0","5.670000000000009","5.670000000000009","5.670000000000009","3.7536","1","0","0","0","1","0","0","5.927000000000007","0","0","0","0","0","2","_e8b808d92e5a0000_p_Net","1","0","0","1","0","0","0","0","0","0","1","_e8b808d92e5a0000_p_odb__dbNet","0.0","0.0","0.0","25.024","25.024","","25.024","5.670000000000009","1","5.670000000000009","5.670000000000009","5.670000000000009","35.88","118.32","35.88","118.32","0","0","1","0","35.88","","118.32","","2"
"net282","OK","8.64678099999996","0.7993311034359005","25.0305","138.5685","2.628999999999998","3.2889999999999873","11.83599999999997","26.345","23.716","140.213","136.924","0","4.329999999999998","4.329999999999998","4.329999999999998","3.7536","1","0","0","0","1","0","0","5.917999999999985","0","0","0","0","0","2","_60b908d92e5a0000_p_Net","1","0","0","1","0","0","0","0","0","0","1","_60b908d92e5a0000_p_odb__dbNet","0.0","0.0","0.0","25.024","25.024","","25.024","4.329999999999998","1","4.329999999999998","4.329999999999998","4.329999999999998","24.84","137.36","24.84","137.36","0","0","1","0","24.84","","137.36","","2"
"net283","OK","0.3998400000000025","0.03601440575149664","30.555999999999997","133.452","0.120000000000001","3.3319999999999936","6.903999999999989","30.616","30.496","135.118","131.786","0","3.179999999999996","3.179999999999996","3.179999999999996","3.7536","1","0","0","0","1","0","0","3.4519999999999946","0","0","0","0","0","2","_d8b908d92e5a0000_p_Net","1","0","0","1","0","0","0","0","0","0","1","_d8b908d92e5a0000_p_odb__dbNet","0.0","0.0","0.0","26.2752","26.2752","","26.2752","3.179999999999996","1","3.179999999999996","3.179999999999996","3.179999999999996","29.67","134.64","29.67","134.64","0","1","0","0","29.67","","134.64","","2"
"net284","OK","0.25296000000000257","0.056925996177929206","31.476","152.147","0.120000000000001","2.108000000000004","4.45600000000001","31.536","31.416","153.201","151.093","0","3.1799999999999997","3.1799999999999997","3.1799999999999997","3.7536","1","0","0","0","1","0","0","2.228000000000005","0","0","0","0","0","2","_50ba08d92e5a0000_p_Net","1","0","0","1","0","0","0","0","0","0","1","_50ba08d92e5a0000_p_odb__dbNet","0.0","0.0","0.0","26.2752","26.2752","","26.2752","3.1799999999999997","1","3.1799999999999997","3.1799999999999997","3.1799999999999997","30.59","153.68","30.59","153.68","0","1","0","0","30.59","","153.68","","2"
"net285","OK","2.6655999999999973","0.24009603834330917","10.776","187.507","0.8000000000000007","3.3319999999999936","8.263999999999989","11.176","10.376","189.173","185.841","0","3.179999999999998","3.179999999999998","3.179999999999998","3.7536","1","0","0","0","1","0","0","4.131999999999994","0","0","0","0","0","2","_c8ba08d92e5a0000_p_Net","1","0","0","1","0","0","0","0","0","0","1","_c8ba08d92e5a0000_p_odb__dbNet","0.0","0.0","0.0","26.2752","26.2752","","26.2752","3.179999999999998","1","3.179999999999998","3.179999999999998","3.179999999999998","10.35","186.32","10.35","186.32","0","0","1","0","10.35","","186.32","","2"
"net286","OK","2.6560800000000087","0.5977229598682524","22.966","179.692","1.2600000000000016","2.108000000000004","6.736000000000011","23.596","22.336","180.746","178.638","0","3.639999999999997","3.639999999999997","3.639999999999997","3.7536","1","0","0","0","1","0","0","3.3680000000000057","0","0","0","0","0","2","_40bb08d92e5a0000_p_Net","1","0","0","1","0","0","0","0","0","0","1","_40bb08d92e5a0000_p_odb__dbNet","0.0","0.0","0.0","26.2752","26.2752","","26.2752","3.639999999999997","1","3.639999999999997","3.639999999999997","3.639999999999997","22.77","178.16","22.77","178.16","0","0","1","0","22.77","","178.16","","2"
"net287","OK","2.5663199999999997","0.045045045039077206","22.506","198.732","0.33999999999999986","7.548000000000002","15.776000000000003","22.676","22.336","202.506","194.958","0","8.159999999999997","8.159999999999997","8.159999999999997","3.7536","1","0","0","0","1","0","0","7.888000000000002","0","0","0","0","0","2","_b8bb08d92e5a0000_p_Net","1","0","0","1","0","0","0","0","0","0","1","_b8bb08d92e5a0000_p_odb__dbNet","0.0","0.0","0.0","26.2752","26.2752","","26.2752","8.159999999999997","1","8.159999999999997","8.159999999999997","8.159999999999997","21.85","194.48","21.85","194.48","0","0","1","0","21.85","","194.48","","2"
"net288","OK","1.6864000000000048","0.3795066411861919","26.415999999999997","157.932","0.8000000000000007","2.108000000000004","5.81600000000001","26.816","26.016","158.986","156.878","0","3.179999999999996","3.179999999999996","3.179999999999996","3.7536","1","0","0","0","1","0","0","2.908000000000005","0","0","0","0","0","2","_30bc08d92e5a0000_p_Net","1","0","0","1","0","0","0","0","0","0","1","_30bc08d92e5a0000_p_odb__dbNet","0.0","0.0","0.0","26.2752","26.2752","","26.2752","3.179999999999996","1","3.179999999999996","3.179999999999996","3.179999999999996","25.99","156.4","25.99","156.4","0","0","1","0","25.99","","156.4","","2"
"net289","OK","1.686400000000001","0.37950664118619104","12.155999999999999","196.012","0.7999999999999989","2.108000000000004","5.816000000000006","12.556","11.756","197.066","194.958","0","3.1799999999999997","3.1799999999999997","3.1799999999999997","3.7536","1","0","0","0","1","0","0","2.908000000000003","0","0","0","0","0","2","_a8bc08d92e5a0000_p_Net","1","0","0","1","0","0","0","0","0","0","1","_a8bc08d92e5a0000_p_odb__dbNet","0.0","0.0","0.0","26.2752","26.2752","","26.2752","3.1799999999999997","1","3.1799999999999997","3.1799999999999997","3.1799999999999997","11.73","194.48","11.73","194.48","0","0","1","0","11.73","","194.48","","2"
"net290","OK","0.14123600000000064","0.031783681199343626","23.6295","190.227","0.06700000000000017","2.108000000000004","4.3500000000000085","23.663","23.596","191.281","189.173","0","4.099999999999998","4.099999999999998","4.099999999999998","3.7536","1","0","0","0","1","0","0","2.1750000000000043","0","0","0","0","0","2","_20bd08d92e5a0000_p_Net","1","0","0","1","0","0","0","0","0","0","1","_20bd08d92e5a0000_p_odb__dbNet","0.0","0.0","0.0","26.2752","26.2752","","26.2752","4.099999999999998","1","4.099999999999998","4.099999999999998","4.099999999999998","22.77","191.76","22.77","191.76","0","1","0","0","22.77","","191.76","","2"
"net291","OK","0.7076789999999954","0.15295211522410565","36.3005","168.4885","0.3290000000000006","2.150999999999982","4.959999999999965","36.465","36.136","169.564","167.413","0","3.4099999999999966","3.4099999999999966","3.4099999999999966","3.7536","1","0","0","0","1","0","0","2.4799999999999827","0","0","0","0","0","2","_98bd08d92e5a0000_p_Net","1","0","0","1","0","0","0","0","0","0","1","_98bd08d92e5a0000_p_odb__dbNet","0.0","0.0","0.0","25.024","25.024","","25.024","3.4099999999999966","1","3.4099999999999966","3.4099999999999966","3.4099999999999966","34.96","170.0","34.96","170.0","0","1","0","0","34.96","","170.0","","2"
"net292","OK","4.326195999999998","0.16387699490776972","52.144","181.164","0.8419999999999987","5.138000000000005","11.960000000000008","52.565","51.723","183.733","178.595","0","6.589999999999996","6.589999999999996","6.589999999999996","3.7536","1","0","0","0","1","0","0","5.980000000000004","0","0","0","0","0","2","_10be08d92e5a0000_p_Net","1","0","0","1","0","0","0","0","0","0","1","_10be08d92e5a0000_p_odb__dbNet","0.0","0.0","0.0","25.024","25.024","","25.024","6.589999999999996","1","6.589999999999996","6.589999999999996","6.589999999999996","51.06","178.16","51.06","178.16","0","0","1","0","51.06","","178.16","","2"
"net293","OK","1.9053179999999519","20.890728407647103","41.1305","124.044","6.3089999999999975","0.3019999999999925","13.22199999999998","44.285","37.976","124.195","123.893","0","5.289999999999999","5.289999999999999","5.289999999999999","3.7536","1","0","0","0","1","0","0","6.61099999999999","0","0","0","0","0","2","_88be08d92e5a0000_p_Net","1","0","0","1","0","0","0","0","0","0","1","_88be08d92e5a0000_p_odb__dbNet","0.0","0.0","0.0","25.024","25.024","","25.024","5.289999999999999","1","5.289999999999999","5.289999999999999","5.289999999999999","42.78","123.76","42.78","123.76","0","0","0","1","42.78","","123.76","","2"
"net294","OK","4.107960999999968","0.37975068398304934","39.9805","133.4305","1.2489999999999952","3.2889999999999873","9.075999999999965","40.605","39.356","135.075","131.786","0","2.950000000000003","2.950000000000003","2.950000000000003","3.7536","1","0","0","0","1","0","0","4.5379999999999825","0","0","0","0","0","2","_00bf08d92e5a0000_p_Net","1","0","0","1","0","0","0","0","0","0","1","_00bf08d92e5a0000_p_odb__dbNet","0.0","0.0","0.0","25.024","25.024","","25.024","2.950000000000003","1","2.950000000000003","2.950000000000003","2.950000000000003","39.1","134.64","39.1","134.64","0","1","0","0","39.1","","134.64","","2"
"net295","OK","0.4308589999999991","0.039829735469799635","52.6305","133.4305","0.13100000000000023","3.2889999999999873","6.839999999999975","52.696","52.565","135.075","131.786","0","3.8699999999999974","3.8699999999999974","3.8699999999999974","3.7536","1","0","0","0","1","0","0","3.4199999999999875","0","0","0","0","0","2","_78bf08d92e5a0000_p_Net","1","0","0","1","0","0","0","0","0","0","1","_78bf08d92e5a0000_p_odb__dbNet","0.0","0.0","0.0","25.024","25.024","","25.024","3.8699999999999974","1","3.8699999999999974","3.8699999999999974","3.8699999999999974","51.06","134.64","51.06","134.64","0","1","0","0","51.06","","134.64","","2"
"net296","OK","2.686599000000003","0.5806601577960618","40.4405","157.6085","1.2489999999999952","2.1510000000000105","6.800000000000011","41.065","39.816","158.684","156.533","0","2.950000000000003","2.950000000000003","2.950000000000003","3.7536","1","0","0","0","1","0","0","3.4000000000000057","0","0","0","0","0","2","_f0bf08d92e5a0000_p_Net","1","0","0","1","0","0","0","0","0","0","1","_f0bf08d92e5a0000_p_odb__dbNet","0.0","0.0","0.0","25.024","25.024","","25.024","2.950000000000003","1","2.950000000000003","2.950000000000003","2.950000000000003","39.56","159.12","39.56","159.12","0","1","0","0","39.56","","159.12","","2"
"net297","OK","2.5950210000000173","0.2398905441654324","52.7085","165.76850000000002","0.7890000000000015","3.2890000000000157","8.156000000000034","53.103","52.314","167.413","164.124","0","2.9499999999999957","2.9499999999999957","2.9499999999999957","3.7536","1","0","0","0","1","0","0","4.078000000000017","0","0","0","0","0","2","_68c008d92e5a0000_p_Net","1","0","0","1","0","0","0","0","0","0","1","_68c008d92e5a0000_p_odb__dbNet","0.0","0.0","0.0","25.024","25.024","","25.024","2.9499999999999957","1","2.9499999999999957","2.9499999999999957","2.9499999999999957","53.82","164.56","53.82","164.56","0","0","0","1","53.82","","164.56","","2"
"net298","OK","0.8216820000000148","0.1775918176766208","54.674","157.6085","0.382000000000005","2.1510000000000105","5.066000000000031","54.865","54.483","158.684","156.533","0","4.329999999999998","4.329999999999998","4.329999999999998","3.7536","1","0","0","0","1","0","0","2.5330000000000155","0","0","0","0","0","2","_e0c008d92e5a0000_p_Net","1","0","0","1","0","0","0","0","0","0","1","_e0c008d92e5a0000_p_odb__dbNet","0.0","0.0","0.0","25.024","25.024","","25.024","4.329999999999998","1","4.329999999999998","4.329999999999998","4.329999999999998","53.36","159.12","53.36","159.12","0","1","0","0","53.36","","159.12","","2"
"net299","OK","1.0820809999999979","0.10003040434781742","47.340500000000006","149.4485","0.3290000000000006","3.2889999999999873","7.235999999999976","47.505","47.176","151.093","147.804","0","3.4099999999999966","3.4099999999999966","3.4099999999999966","3.7536","1","0","0","0","1","0","0","3.617999999999988","0","0","0","0","0","2","_58c108d92e5a0000_p_Net","1","0","0","1","0","0","0","0","0","0","1","_58c108d92e5a0000_p_odb__dbNet","0.0","0.0","0.0","25.024","25.024","","25.024","3.4099999999999966","1","3.4099999999999966","3.4099999999999966","3.4099999999999966","46.0","148.24","46.0","148.24","0","0","1","0","46.0","","148.24","","2"
"net300","OK","1.1572379999999833","0.250116224895344","51.914","173.92849999999999","0.5379999999999967","2.150999999999982","5.3779999999999575","52.183","51.645","175.004","172.853","0","5.25","5.25","5.25","3.7536","1","0","0","0","1","0","0","2.6889999999999787","0","0","0","0","0","2","_d0c108d92e5a0000_p_Net","1","0","0","1","0","0","0","0","0","0","1","_d0c108d92e5a0000_p_odb__dbNet","0.0","0.0","0.0","25.024","25.024","","25.024","5.25","1","5.25","5.25","5.25","50.14","175.44","50.14","175.44","0","1","0","0","50.14","","175.44","","2"
"net301","OK","13.873001999999959","1.2824566733711047","55.594","192.9685","4.2180000000000035","3.2889999999999873","15.013999999999982","57.703","53.485","194.613","191.324","0","8.93","8.93","8.93","3.7536","1","0","0","0","1","0","0","7.506999999999991","0","0","0","0","0","2","_48c208d92e5a0000_p_Net","1","0","0","1","0","0","0","0","0","0","1","_48c208d92e5a0000_p_odb__dbNet","0.0","0.0","0.0","25.024","25.024","","25.024","8.93","1","8.93","8.93","8.93","51.98","191.76","51.98","191.76","0","0","1","0","51.98","","191.76","","2"
"net302","OK","7.1717579999999606","0.21752002782697272","44.5805","192.04399999999998","1.2489999999999952","5.74199999999999","13.981999999999971","45.205","43.956","194.915","189.173","0","5.670000000000002","5.670000000000002","5.670000000000002","3.7536","1","0","0","0","1","0","0","6.9909999999999854","0","0","0","0","0","2","_c0c208d92e5a0000_p_Net","1","0","0","1","0","0","0","0","0","0","1","_c0c208d92e5a0000_p_odb__dbNet","0.0","0.0","0.0","25.024","25.024","","25.024","5.670000000000002","1","5.670000000000002","5.670000000000002","5.670000000000002","43.7","194.48","43.7","194.48","0","1","0","0","43.7","","194.48","","2"
"net303","OK","1.2712410000000085","0.27475592734785786","54.700500000000005","195.9905","0.5910000000000011","2.1510000000000105","5.484000000000023","54.996","54.405","197.066","194.915","0","4.329999999999998","4.329999999999998","4.329999999999998","3.7536","1","0","0","0","1","0","0","2.7420000000000115","0","0","0","0","0","2","_38c308d92e5a0000_p_Net","1","0","0","1","0","0","0","0","0","0","1","_38c308d92e5a0000_p_odb__dbNet","0.0","0.0","0.0","25.024","25.024","","25.024","4.329999999999998","1","4.329999999999998","4.329999999999998","4.329999999999998","52.9","194.48","52.9","194.48","0","0","1","0","52.9","","194.48","","2"
"net304","OK","5.620901000000037","0.519610823800664","35.1505","176.6485","1.7090000000000032","3.2890000000000157","9.996000000000038","36.005","34.296","178.293","175.004","0","3.4099999999999966","3.4099999999999966","3.4099999999999966","3.7536","1","0","0","0","1","0","0","4.998000000000019","0","0","0","0","0","2","_b0c308d92e5a0000_p_Net","1","0","0","1","0","0","0","0","0","0","1","_b0c308d92e5a0000_p_odb__dbNet","0.0","0.0","0.0","25.024","25.024","","25.024","3.4099999999999966","1","3.4099999999999966","3.4099999999999966","3.4099999999999966","34.5","175.44","34.5","175.44","0","0","1","0","34.5","","175.44","","2"
"net305","OK","1.6904020000000048","0.06403269753522141","35.840500000000006","197.48399999999998","0.3290000000000006","5.138000000000005","10.934000000000012","36.005","35.676","200.053","194.915","0","6.1299999999999955","6.1299999999999955","6.1299999999999955","3.7536","1","0","0","0","1","0","0","5.467000000000006","0","0","0","0","0","2","_28c408d92e5a0000_p_Net","1","0","0","1","0","0","0","0","0","0","1","_28c408d92e5a0000_p_odb__dbNet","0.0","0.0","0.0","25.024","25.024","","25.024","6.1299999999999955","1","6.1299999999999955","6.1299999999999955","6.1299999999999955","34.5","194.48","34.5","194.48","0","0","1","0","34.5","","194.48","","2"
"net306","OK","1.943798999999996","0.17968987528741667","27.1005","198.7105","0.5910000000000011","3.2889999999999873","7.759999999999977","27.396","26.805","200.355","197.066","0","4.329999999999998","4.329999999999998","4.329999999999998","3.7536","1","0","0","0","1","0","0","3.8799999999999883","0","0","0","0","0","2","_a0c408d92e5a0000_p_Net","1","0","0","1","0","0","0","0","0","0","1","_a0c408d92e5a0000_p_odb__dbNet","0.0","0.0","0.0","25.024","25.024","","25.024","4.329999999999998","1","4.329999999999998","4.329999999999998","4.329999999999998","25.3","199.92","25.3","199.92","0","1","0","0","25.3","","199.92","","2"
"net307","OK","0.22324400000000205","0.020108043211252005","24.0895","165.747","0.06700000000000017","3.332000000000022","6.7980000000000445","24.123","24.056","167.413","164.081","0","4.099999999999998","4.099999999999998","4.099999999999998","3.7536","1","0","0","0","1","0","0","3.3990000000000222","0","0","0","0","0","2","_18c508d92e5a0000_p_Net","1","0","0","1","0","0","0","0","0","0","1","_18c508d92e5a0000_p_odb__dbNet","0.0","0.0","0.0","26.2752","26.2752","","26.2752","4.099999999999998","1","4.099999999999998","4.099999999999998","4.099999999999998","23.23","164.56","23.23","164.56","0","0","1","0","23.23","","164.56","","2"
"net308","OK","17.99279999999996","1.620648258817335","20.436","176.627","5.399999999999999","3.3319999999999936","17.463999999999984","23.136","17.736","178.293","174.961","0","7.779999999999998","7.779999999999998","7.779999999999998","3.7536","1","0","0","0","1","0","0","8.731999999999992","0","0","0","0","0","2","_90c508d92e5a0000_p_Net","1","0","0","1","0","0","0","0","0","0","1","_90c508d92e5a0000_p_odb__dbNet","0.0","0.0","0.0","26.2752","26.2752","","26.2752","7.779999999999998","1","7.779999999999998","7.779999999999998","7.779999999999998","22.31","175.44","22.31","175.44","0","0","0","1","22.31","","175.44","","2"
"net770","OK","50.552809999999965","0.41222683760048506","85.3225","104.68299999999999","4.564999999999998","11.073999999999998","31.27799999999999","87.605","83.04","110.22","99.146","0","15.249999999999986","10.459999999999997","41.83999999999999","3.7536","1","0","0","0","4","0","0","15.638999999999996","0","0","0","0","0","5","_08c608d92e5a0000_p_Net","1","0","0","1","0","0","0","0","0","0","4","_08c608d92e5a0000_p_odb__dbNet","0.0","0.0","0.0","8.758400000000002","5.6304","1.8768000000000007","22.5216","8.84999999999998","4","7.049999999999997","15.249999999999986","15.249999999999986","89.01","110.16","82.34","104.72","2","2","0","0","86.02000000000001","2.5456335164355455","107.44","2.719999999999999","5"
"net769","OK","464.5997280000001","0.7630085913128948","81.001","97.874","18.828000000000003","24.676000000000002","87.00800000000001","90.415","71.587","110.212","85.536","0","21.230000000000004","15.777000000000001","157.77","5.0048","1","0","0","0","10","0","0","43.504000000000005","0","0","0","0","0","11","_80c608d92e5a0000_p_Net","1","0","0","1","0","0","0","0","0","0","10","_80c608d92e5a0000_p_odb__dbNet","0.0","0.0","0.0","12.512","6.881600000000001","2.6394092914892906","68.816","7.8230000000000075","10","17.17","20.769999999999996","21.230000000000004","90.39","110.16","71.53","85.68","5","0","2","3","85.12299999999999","5.595621591923457","97.92000000000002","8.536641025602513","11"
"net765","OK","18.12556800000001","0.2928689461938647","87.888","40.786500000000004","2.304000000000002","7.866999999999997","20.342","89.04","86.736","44.72","36.853","0","11.380000000000003","6.1433333333333335","18.43","3.7536","1","0","0","0","3","0","0","10.171","0","0","0","0","0","4","_f8c608d92e5a0000_p_Net","1","0","0","1","0","0","0","0","0","0","3","_f8c608d92e5a0000_p_odb__dbNet","0.0","0.0","0.0","12.512","6.673066666666666","4.128749354896172","20.019199999999998","6.143333333333331","3","5.670000000000002","11.380000000000003","11.380000000000003","89.47","44.88","86.48","36.72","1","1","1","0","87.86","1.2314490109893557","41.25333333333333","3.392436030675041","4"
"net764","OK","167.66250000000002","0.4309252217778998","80.897","48.7775","8.5","19.725","56.45","85.147","76.647","58.64","38.915","0","22.489999999999988","13.879999999999999","55.519999999999996","3.7536","1","0","0","0","4","0","0","28.225","0","0","0","0","0","5","_70c708d92e5a0000_p_Net","1","0","0","1","0","0","0","0","0","0","4","_70c708d92e5a0000_p_odb__dbNet","0.0","0.0","0.0","12.512","8.7584","3.426552319752319","35.0336","11.694999999999986","4","6.8999999999999915","22.489999999999988","22.489999999999988","86.48","58.48","76.59","39.44","1","1","1","1","81.995","3.918446758602189","49.63999999999999","8.892153844822973","5"
"net763","OK","377.73866500000037","0.31182301392582057","82.9935","43.7675","10.853000000000009","34.80500000000001","91.31600000000003","88.42","77.567","61.17","26.365","0","35.209999999999994","28.112499999999997","112.44999999999999","3.7536","1","0","0","0","4","0","0","45.658000000000015","0","0","0","0","0","5","_e8c708d92e5a0000_p_Net","1","0","0","1","0","0","0","0","0","0","4","_e8c708d92e5a0000_p_odb__dbNet","0.0","0.0","0.0","11.2608","7.82","2.0511667704016654","31.28","24.682499999999994","4","32.22","35.209999999999994","35.209999999999994","87.63","61.2","77.51","25.84","2","1","1","0","83.0875","4.4072915435673155","51.0","14.568513994227414","5"
"net762","OK","23.978500000000103","0.3318823529021329","84.35249999999999","146.87","2.821000000000012","8.5","22.642000000000024","85.763","82.942","151.12","142.62","0","6.400000000000006","5.236666666666669","15.710000000000008","3.7536","1","0","0","0","3","0","0","11.321000000000012","0","0","0","0","0","4","_60c808d92e5a0000_p_Net","1","0","0","1","0","0","0","0","0","0","3","_60c808d92e5a0000_p_odb__dbNet","0.0","0.0","0.0","15.0144","8.341333333333333","4.82789571092371","25.024","1.4566666666666634","3","6.359999999999999","6.400000000000006","6.400000000000006","86.48","150.96","82.57","142.8","1","0","1","1","84.79333333333334","1.640738316192511","145.52","3.846660889654817","4"
"net760","OK","24.218880000000013","0.7820305479277583","83.571","145.4025","4.352000000000004","5.564999999999998","19.834000000000003","85.747","81.395","148.185","142.62","0","6.400000000000006","5.020000000000003","20.080000000000013","3.7536","1","0","0","0","4","0","0","9.917000000000002","0","0","0","0","0","5","_d8c808d92e5a0000_p_Net","1","0","0","1","0","0","0","1","0","0","4","_d8c808d92e5a0000_p_odb__dbNet","0.0","0.0","3.7536","15.0144","8.1328","4.196652380171606","32.5312","1.4950000000000045","4","4.329999999999998","6.400000000000006","6.400000000000006","86.48","148.24","81.19","142.8","0","2","1","1","83.375","1.9414234468554281","145.52","2.719999999999999","5"
"net743","OK","73.04620800000004","0.5920057615599561","41.075","156.486","6.5760000000000005","11.108000000000004","35.36800000000001","44.363","37.787","162.04","150.932","0","15.29","9.772499999999999","39.089999999999996","3.7536","1","0","0","0","4","0","0","17.684000000000005","0","0","0","0","0","5","_50c908d92e5a0000_p_Net","1","0","0","1","0","0","0","0","0","0","4","_50c908d92e5a0000_p_odb__dbNet","0.0","0.0","0.0","6.256","5.3176000000000005","0.5417854926075447","21.270400000000002","8.412500000000001","4","9.619999999999997","15.29","15.29","43.24","161.84","37.72","150.96","0","1","2","1","39.1575","2.3589020221280927","156.4","3.846660889654817","5"
"net768","OK","52.04430000000006","0.4101198401766431","87.19","91.0875","4.6200000000000045","11.265","31.77000000000001","89.5","84.88","96.72","85.455","0","12.299999999999997","7.587500000000002","30.35000000000001","3.7536","1","0","0","0","4","0","0","15.885000000000005","0","0","0","0","0","5","_c8c908d92e5a0000_p_Net","1","0","0","1","0","0","0","0","0","0","4","_c8c908d92e5a0000_p_odb__dbNet","0.0","0.0","0.0","6.256","5.3176","1.0374402344231692","21.2704","6.227500000000006","4","6.590000000000003","12.299999999999997","12.299999999999997","89.93","96.56","85.56","85.68","2","0","1","1","87.9175","1.5882911414473115","91.12","4.300697617828994","5"
"net767","OK","69.30327199999995","0.35900388654390375","87.866","100.65299999999999","4.9879999999999995","13.893999999999991","37.76399999999998","90.36","85.372","107.6","93.706","0","13.599999999999994","8.467499999999998","33.86999999999999","3.7536","1","0","0","0","4","0","0","18.88199999999999","0","0","0","0","0","5","_40ca08d92e5a0000_p_Net","1","0","0","1","0","0","0","0","0","0","4","_40ca08d92e5a0000_p_odb__dbNet","0.0","0.0","0.0","6.256","4.692","1.0374402344231692","18.768","8.122500000000016","4","6.859999999999999","13.599999999999994","13.599999999999994","89.93","107.44","85.1","93.84","0","2","1","1","87.11250000000001","1.8711811109563954","100.64000000000001","5.6074236508400155","5"
"net766","OK","14.834360000000054","0.5060953083660719","88.53","42.013","2.740000000000009","5.4140000000000015","16.30800000000002","89.9","87.16","44.72","39.306","0","6.3600000000000065","5.760000000000001","17.28","3.7536","1","0","0","0","3","0","0","8.15400000000001","0","0","0","0","0","4","_b8ca08d92e5a0000_p_Net","1","0","0","1","0","0","0","0","0","0","3","_b8ca08d92e5a0000_p_odb__dbNet","0.0","0.0","0.0","12.512","7.090133333333333","3.8677171538547417","21.2704","5.146666666666661","3","6.130000000000003","6.3600000000000065","6.3600000000000065","89.47","44.88","86.48","42.16","1","2","0","0","87.93666666666667","1.2218656045390386","43.97333333333333","1.282220296551609","4"
"net757","OK","52.39784000000012","1.7882874557937736","32.68","175.5865","9.680000000000003","5.413000000000011","30.18600000000003","37.52","27.84","178.293","172.88","0","10.96","9.273333333333332","27.819999999999997","3.7536","1","0","0","0","3","0","0","15.093000000000014","0","0","0","0","0","4","_30cb08d92e5a0000_p_Net","1","0","0","1","0","0","0","0","0","0","3","_30cb08d92e5a0000_p_odb__dbNet","0.0","0.0","0.0","8.758400000000002","7.090133333333334","2.359285345654956","21.270400000000002","5.593333333333334","3","10.04","10.96","10.96","37.95","172.72","27.83","172.72","0","0","2","1","32.276666666666664","4.221542635367105","172.72","0.0","4"
"net756","OK","193.52719799999997","3.127765064438372","35.7415","78.893","24.602999999999998","7.866","64.93799999999999","48.043","23.44","82.826","74.96","0","32.31","16.863333333333333","50.59","3.7536","1","0","0","0","3","0","0","32.468999999999994","0","0","0","0","0","4","_a8cb08d92e5a0000_p_Net","1","0","0","1","0","0","0","0","0","0","3","_a8cb08d92e5a0000_p_odb__dbNet","0.0","0.0","0.0","10.0096","5.838933333333333","2.949106682068695","17.5168","16.863333333333337","3","10.46","32.31","32.31","46.23","82.96","24.38","74.8","1","0","1","1","37.10666666666666","9.276983465665023","77.52","3.8466608896548165","4"
"net755","OK","1620.1152999999997","0.4515358931477206","43.4435","80.1","27.046999999999997","59.9","173.894","56.967","29.92","110.05","50.15","0","66.28","41.105","246.63","5.0048","1","0","0","0","6","0","0","86.947","0","0","0","0","0","7","_20cc08d92e5a0000_p_Net","1","0","0","1","0","0","0","0","0","0","6","_20cc08d92e5a0000_p_odb__dbNet","0.0","0.0","0.0","12.512","7.7157333333333336","3.3430436484670008","46.2944","36.888333333333314","6","35.67999999999999","66.28","66.28","57.5","107.44","28.98","50.32","1","2","0","3","47.26500000000001","9.805618712418578","77.06666666666668","20.85826028752691","7"
"net754","OK","191.65171500000008","1.6098432772789075","50.829499999999996","93.6905","17.565000000000005","10.911000000000001","56.95200000000001","59.612","42.047","99.146","88.235","0","21.919999999999995","13.439999999999998","40.31999999999999","3.7536","1","0","0","0","3","0","0","28.476000000000006","0","0","0","0","0","4","_98cc08d92e5a0000_p_Net","1","0","0","1","0","0","0","0","0","0","3","_98cc08d92e5a0000_p_odb__dbNet","0.0","0.0","0.0","6.256","4.587733333333333","1.1796426728274778","13.763200000000001","9.146666666666647","3","11.96","21.919999999999995","21.919999999999995","60.03","99.28","41.63","88.4","1","1","0","1","53.589999999999996","8.46533322832992","95.65333333333335","5.1288811862064225","4"
"net748","OK","530.6616899999999","0.2215139442185818","53.961","99.4725","10.841999999999999","48.94499999999999","119.57399999999998","59.382","48.54","123.945","75.0","0","52.64000000000001","24.853333333333335","74.56","5.0048","1","0","0","0","3","0","0","59.78699999999999","0","0","0","0","0","4","_10cd08d92e5a0000_p_Net","1","0","0","1","0","0","0","0","0","0","3","_10cd08d92e5a0000_p_odb__dbNet","0.0","0.0","0.0","11.2608","7.5072","2.702900920615971","22.5216","22.400000000000006","3","14.790000000000006","52.64000000000001","52.64000000000001","58.65","123.76","47.84","74.8","2","0","1","0","53.973333333333336","4.531771789880371","103.81333333333333","20.99085091705961","4"
"net747","OK","78.91162000000001","1.2904092069961115","27.3325","24.48","10.091000000000001","7.82","35.822","32.378","22.287","28.39","20.57","0","17.4","11.919999999999996","59.59999999999998","5.0048","1","0","0","0","5","0","0","17.911","0","0","0","0","0","6","_88cd08d92e5a0000_p_Net","1","0","0","1","0","0","0","0","0","0","5","_88cd08d92e5a0000_p_odb__dbNet","0.0","0.0","0.0","10.0096","10.0096","0.0","50.048","10.831999999999994","5","11.459999999999994","17.4","17.4","30.36","28.56","20.7","20.4","0","2","2","1","23.46","3.6453367471332463","24.208000000000002","2.7738666153944744","6"
"net746","OK","36.491016000000016","0.305342114864129","46.373999999999995","85.839","3.338000000000001","10.932000000000002","28.540000000000006","48.043","44.705","91.305","80.373","0","14.790000000000013","14.790000000000013","14.790000000000013","3.7536","1","0","0","0","1","0","0","14.270000000000003","0","0","0","0","0","2","_00ce08d92e5a0000_p_Net","1","0","0","1","0","0","0","0","0","0","1","_00ce08d92e5a0000_p_odb__dbNet","0.0","0.0","0.0","27.5264","27.5264","","27.5264","14.790000000000013","1","14.790000000000013","14.790000000000013","14.790000000000013","44.62","91.12","44.62","91.12","0","1","0","0","44.62","","91.12","","2"
"net745","OK","454.2404800000003","0.07778068568335803","43.708","77.065","5.944000000000003","76.42000000000002","164.72800000000004","46.68","40.736","115.275","38.855","0","77.85","43.485","86.97","3.7536","1","0","0","0","2","0","0","82.36400000000002","0","0","0","0","0","3","_78ce08d92e5a0000_p_Net","1","0","0","1","0","0","0","0","0","0","2","_78ce08d92e5a0000_p_odb__dbNet","0.0","0.0","0.0","6.256","5.6304","0.6255999999999999","11.2608","38.044999999999995","2","9.120000000000005","77.85","77.85","47.38","115.6","43.93","39.44","1","0","0","1","45.655","1.7250000000000014","77.52","38.08","3"
"net744","OK","922.2724700000003","0.09625581038875976","46.135999999999996","93.6575","9.422000000000004","97.88499999999999","214.61399999999998","50.847","41.425","142.6","44.715","0","106.20000000000002","78.39500000000001","313.58000000000004","5.0048","1","0","0","0","4","0","0","107.30699999999999","0","0","0","0","0","5","_f0ce08d92e5a0000_p_Net","1","0","0","1","0","0","0","1","0","0","4","_f0ce08d92e5a0000_p_odb__dbNet","0.0","0.0","3.7536","7.5072","5.6304","1.3988841267238685","22.5216","77.58999999999999","4","101.64000000000001","106.20000000000002","106.20000000000002","51.52","142.8","41.63","44.88","3","0","1","0","48.07","3.803702143964482","117.64","42.02267959090663","5"
"net773","OK","57.17196800000004","0.22467402205211445","70.139","55.891","3.584000000000003","15.951999999999998","39.072","71.931","68.347","63.867","47.915","0","13.600000000000001","9.3575","37.43","3.7536","1","0","0","0","4","0","0","19.536","0","0","0","0","0","5","_68cf08d92e5a0000_p_Net","1","0","0","1","0","0","0","0","0","0","4","_68cf08d92e5a0000_p_odb__dbNet","0.0","0.0","0.0","10.0096","8.4456","2.051166770401666","33.7824","7.652500000000003","4","9.309999999999995","13.600000000000001","13.600000000000001","71.76","63.92","69.92","47.6","1","0","1","2","70.8975","0.6581175806799273","53.72","6.195094833818124","5"
"net749","OK","10.714590000000033","0.1855507303348404","56.078","89.61250000000001","1.4100000000000037","7.599000000000004","18.018000000000015","56.783","55.373","93.412","85.813","0","10.229999999999997","5.236666666666669","15.710000000000008","3.7536","1","0","0","0","3","0","0","9.009000000000007","0","0","0","0","0","4","_e0cf08d92e5a0000_p_Net","1","0","0","1","0","0","0","0","0","0","3","_e0cf08d92e5a0000_p_odb__dbNet","0.0","0.0","0.0","10.0096","7.507200000000001","2.043201044113542","22.521600000000003","5.236666666666665","3","3.8700000000000045","10.229999999999997","10.229999999999997","56.12","93.84","55.2","85.68","0","1","1","1","55.660000000000004","0.3755884272267518","89.30666666666667","3.392436030675039","4"
"net750","OK","219.34639999999993","0.06133779264111475","58.169","63.74","3.6679999999999993","59.8","126.93599999999999","60.003","56.335","93.64","33.84","0","62.410000000000004","41.620000000000005","124.86000000000001","3.7536","1","0","0","0","3","0","0","63.467999999999996","0","0","0","0","0","4","_58d008d92e5a0000_p_Net","1","0","0","1","0","0","0","0","0","0","3","_58d008d92e5a0000_p_odb__dbNet","0.0","0.0","0.0","10.0096","7.090133333333333","2.5709716001715948","21.2704","39.80666666666667","3","56.05000000000001","62.410000000000004","62.410000000000004","56.81","93.84","55.2","34.0","0","2","1","0","56.04333333333333","0.659511603806601","72.08","27.018058158695766","4"
"net708","OK","350.7712","2.9632352938452895","33.81","17.605","32.239999999999995","10.880000000000003","86.24","49.93","17.69","23.045","12.165","0","33.5","20.65818181818182","227.24","5.0048","1","0","0","0","11","0","0","43.12","0","0","0","0","0","12","_d0d008d92e5a0000_p_Net","1","0","0","1","0","0","0","0","0","0","11","_d0d008d92e5a0000_p_odb__dbNet","0.0","0.0","0.0","5.0048","5.004800000000001","8.881784197001252e-16","55.05280000000001","19.31999999999999","11","24.22","31.2","33.5","50.6","23.12","17.02","12.24","2","6","1","2","31.447272727272733","11.50296490705299","17.432727272727277","3.166635986512245","12"
"net704","OK","168.30060499999988","0.29674574846538987","14.7195","119.67949999999999","7.067","23.814999999999984","61.76399999999997","18.253","11.186","131.587","107.772","0","27.27999999999999","16.36","65.44","3.7536","1","0","0","0","4","0","0","30.881999999999984","0","0","0","0","0","5","_48d108d92e5a0000_p_Net","1","0","0","1","0","0","0","0","0","0","4","_48d108d92e5a0000_p_odb__dbNet","0.0","0.0","0.0","8.758400000000002","8.758400000000002","0.0","35.03360000000001","14.770000000000008","4","16.78000000000001","27.27999999999999","27.27999999999999","17.71","131.92","11.73","107.44","1","2","0","1","14.72","2.769566753122228","122.4","9.12315734819914","5"
"net690","OK","40.623661000000105","0.0069931904954669945","78.20949999999999","110.0545","0.5330000000000013","76.21700000000001","153.50000000000003","78.476","77.943","148.163","71.946","0","76.16000000000001","76.16000000000001","76.16000000000001","3.7536","1","0","0","0","1","0","0","76.75000000000001","0","0","0","0","0","2","_c0d108d92e5a0000_p_Net","1","0","0","1","0","0","0","0","0","0","1","_c0d108d92e5a0000_p_odb__dbNet","0.0","0.0","0.0","11.2608","11.2608","","11.2608","76.16000000000001","1","76.16000000000001","76.16000000000001","76.16000000000001","78.43","148.24","78.43","148.24","1","0","0","0","78.43","","148.24","","2"
"net689","OK","103.64424","0.27307257980325056","35.607","141.774","5.32","19.482","49.604","38.267","32.947","151.515","132.033","0","20.190000000000026","13.802500000000006","55.21000000000002","3.7536","1","0","0","0","4","0","0","24.802","0","0","0","0","0","5","_38d208d92e5a0000_p_Net","1","0","0","1","0","0","0","0","0","0","4","_38d208d92e5a0000_p_odb__dbNet","0.0","0.0","0.0","7.5072","5.9432","1.0374402344231688","23.7728","12.767500000000005","4","15.669999999999995","20.190000000000026","20.190000000000026","38.18","150.96","33.12","131.92","1","0","1","2","36.3975","2.020697589942643","139.4","7.033974694296253","5"
"net686","OK","20.336357999999905","0.009650154663668097","61.6635","65.313","0.44299999999999784","45.906000000000006","92.69800000000001","61.885","61.442","88.266","42.36","0","48.080000000000005","34.620000000000005","103.86000000000001","3.7536","1","0","0","0","3","0","0","46.349000000000004","0","0","0","0","0","4","_b0d208d92e5a0000_p_Net","1","0","0","1","0","0","0","0","0","0","3","_b0d208d92e5a0000_p_odb__dbNet","0.0","0.0","0.0","8.758400000000002","7.090133333333334","2.359285345654956","21.270400000000002","34.620000000000005","3","36.28000000000001","48.080000000000005","48.080000000000005","61.87","69.36","60.49","42.16","1","0","2","0","61.25666666666667","0.5737207993053356","54.85333333333333","11.178137392050411","4"
"net683","OK","35.59639199999998","0.29709482913419555","31.237000000000002","191.59300000000002","3.251999999999999","10.945999999999998","28.395999999999994","32.863","29.611","197.066","186.12","0","11.57","10.459999999999999","20.919999999999998","3.7536","1","0","0","0","2","0","0","14.197999999999997","0","0","0","0","0","3","_28d308d92e5a0000_p_Net","1","0","0","1","0","0","0","0","0","0","2","_28d308d92e5a0000_p_odb__dbNet","0.0","0.0","0.0","5.0048","5.0048","0.0","10.0096","10.46","2","9.349999999999998","11.57","11.57","32.66","191.76","29.44","186.32","0","1","0","1","31.049999999999997","1.6099999999999977","189.04","2.719999999999999","3"
"net727","OK","430.64128","3.637959558489159","34.7725","17.509999999999998","39.581","10.879999999999999","100.922","54.563","14.982","22.95","12.07","0","45.61000000000001","26.910000000000007","322.9200000000001","7.5072","1","0","0","0","12","0","0","50.461","0","0","0","0","0","13","_a0d308d92e5a0000_p_Net","1","0","0","1","0","0","0","0","0","0","12","_a0d308d92e5a0000_p_odb__dbNet","0.0","0.0","0.0","6.256","4.1706666666666665","0.7802602870552594","50.048","26.91000000000001","12","24.990000000000002","44.769999999999996","45.61000000000001","51.52","23.12","15.41","12.24","3","5","2","2","33.04333333333333","11.13396929321355","17.453333333333337","3.758841429069453","13"
"net720","OK","1419.1804000000002","0.1576977810556296","19.09","84.3195","14.96","94.86500000000001","219.65000000000003","26.57","11.61","131.752","36.887","0","87.81","50.70555555555555","456.3499999999999","7.5072","1","0","0","0","9","0","0","109.82500000000002","0","0","0","0","0","10","_18d408d92e5a0000_p_Net","1","0","0","1","0","0","0","0","0","0","9","_18d408d92e5a0000_p_odb__dbNet","0.0","0.0","0.0","11.2608","9.036444444444445","0.7864284485516514","81.328","45.87","9","67.00999999999999","87.81","87.81","25.99","131.92","11.73","36.72","1","4","0","4","18.98777777777778","4.803900678448198","83.26222222222222","40.18987428521926","10"
"net719","OK","82.14307199999986","0.6972544683345083","44.313","175.293","7.567999999999998","10.853999999999985","36.843999999999966","48.097","40.529","180.72","169.866","0","13.18","9.674999999999997","38.69999999999999","3.7536","1","0","0","0","4","0","0","18.421999999999983","0","0","0","0","0","5","_90d408d92e5a0000_p_Net","1","0","0","1","0","0","0","0","0","0","4","_90d408d92e5a0000_p_odb__dbNet","0.0","0.0","0.0","11.2608","8.758400000000002","1.7694640092412164","35.03360000000001","8.525000000000006","4","10.919999999999995","13.18","13.18","49.45","180.88","40.71","172.72","2","1","0","1","45.425000000000004","3.2587842825200934","176.8","3.0410524493997126","5"
"net717","OK","25.651175999999975","0.0683390110422039","59.338","87.07300000000001","1.323999999999998","19.37400000000001","41.396000000000015","60.0","58.676","96.76","77.386","0","21.34000000000001","13.065000000000005","26.13000000000001","3.7536","1","0","0","0","2","0","0","20.698000000000008","0","0","0","0","0","3","_08d508d92e5a0000_p_Net","1","0","0","1","0","0","0","0","0","0","2","_08d508d92e5a0000_p_odb__dbNet","0.0","0.0","0.0","8.758400000000002","8.132800000000001","0.6256000000000008","16.265600000000003","13.065000000000012","2","4.789999999999999","21.34000000000001","21.34000000000001","60.49","96.56","60.26","80.24","1","0","0","1","60.375","0.11500000000000199","88.4","8.160000000000004","3"
"net716","OK","188.47660500000003","0.25768164169873614","59.3565","50.5675","6.969000000000001","27.045","68.028","62.841","55.872","64.09","37.045","0","30.880000000000003","19.07666666666667","171.69000000000005","5.0048","1","0","0","0","9","0","0","34.014","0","0","0","0","0","10","_80d508d92e5a0000_p_Net","1","0","0","1","0","0","0","0","0","0","9","_80d508d92e5a0000_p_odb__dbNet","0.0","0.0","0.0","10.0096","5.977955555555556","2.108376390132734","53.8016","19.025555555555563","9","20.46","30.880000000000003","30.880000000000003","62.79","63.92","55.2","36.72","0","4","3","2","58.343333333333334","2.105194633387717","49.11111111111111","8.61200769525956","10"
"net715","OK","177.89684800000006","0.060033801159893575","58.871","61.048","3.2680000000000007","54.43600000000001","115.40800000000002","60.505","57.237","88.266","33.83","0","58.540000000000006","44.355000000000004","177.42000000000002","3.7536","1","0","0","0","4","0","0","57.70400000000001","0","0","0","0","0","5","_f8d508d92e5a0000_p_Net","1","0","0","1","0","0","0","0","0","0","4","_f8d508d92e5a0000_p_odb__dbNet","0.0","0.0","0.0","10.0096","6.256","2.654196013861825","25.024","44.010000000000005","4","44.21","58.540000000000006","58.540000000000006","61.64","66.64","56.81","34.0","0","1","2","1","58.42","1.9311783967308664","46.92","12.068802757523217","5"
"net709","OK","493.98882000000043","0.40348671047717977","77.299","65.295","14.11800000000001","34.99000000000001","98.21600000000004","84.358","70.24","82.79","47.8","0","40.77","27.686666666666667","166.12","5.0048","1","0","0","0","6","0","0","49.10800000000002","0","0","0","0","0","7","_70d608d92e5a0000_p_Net","1","0","0","1","0","0","0","0","0","0","6","_70d608d92e5a0000_p_odb__dbNet","0.0","0.0","0.0","10.0096","7.5072","2.2843682131682135","45.0432","24.966666666666654","6","20.810000000000002","40.77","40.77","76.13","82.96","69.92","47.6","0","3","3","0","71.91333333333334","1.9903824311478977","62.56","13.021008665486196","7"
"net448","OK","0.10227699999999118","0.0035296303170107212","33.8455","55.921499999999995","0.01899999999999835","5.383000000000003","10.804000000000002","33.855","33.836","58.613","53.23","0","6.359999999999999","6.359999999999999","6.359999999999999","3.7536","1","0","0","0","1","0","0","5.402000000000001","0","0","0","0","0","2","_e8d608d92e5a0000_p_Net","1","1","0","1","0","0","0","0","0","0","1","_e8d608d92e5a0000_p_odb__dbNet","3.7536","0.0","0.0","3.7536","3.7536","","3.7536","6.359999999999999","1","6.359999999999999","6.359999999999999","6.359999999999999","34.27","53.04","34.27","53.04","0","0","0","1","34.27","","53.04","","2"
"net447","OK","4.255511999999995","0.459264125998928","24.804000000000002","68.02799999999999","1.3979999999999997","3.043999999999997","8.883999999999993","25.503","24.105","69.55","66.506","0","5.019999999999996","5.019999999999996","5.019999999999996","3.7536","1","0","0","0","1","0","0","4.441999999999997","0","0","0","0","0","2","_60d708d92e5a0000_p_Net","1","1","0","1","0","0","0","0","0","0","1","_60d708d92e5a0000_p_odb__dbNet","3.7536","0.0","0.0","3.7536","3.7536","","3.7536","5.019999999999996","1","5.019999999999996","5.019999999999996","5.019999999999996","23.69","69.36","23.69","69.36","0","1","0","0","23.69","","69.36","","2"
"net783","OK","461.00736000000006","0.43272058822203685","27.123","82.76499999999999","14.124000000000002","32.64","93.528","34.185","20.061","99.085","66.445","0","40.08","26.4875","211.9","5.0048","1","0","0","0","8","0","0","46.764","0","0","0","0","0","9","_d8d708d92e5a0000_p_Net","1","0","0","1","0","0","0","0","0","0","8","_d8d708d92e5a0000_p_odb__dbNet","0.0","0.0","0.0","10.0096","10.0096","0.0","80.0768","25.80749999999999","8","29.620000000000005","40.08","40.08","32.66","99.28","24.38","66.64","5","0","1","2","29.2675","2.4550547346240568","85.67999999999999","12.464605890279888","9"
"net677","OK","0.310067000000007","3.20578777104241","65.9445","137.38150000000002","0.9969999999999999","0.31100000000000705","2.616000000000014","66.443","65.446","137.537","137.226","0","2.3000000000000114","2.3000000000000114","2.3000000000000114","3.7536","1","0","0","0","1","0","0","1.308000000000007","0","0","0","0","0","2","_50d808d92e5a0000_p_Net","1","0","0","1","0","0","0","0","0","0","1","_50d808d92e5a0000_p_odb__dbNet","0.0","0.0","0.0","8.758400000000002","8.758400000000002","","8.758400000000002","2.3000000000000114","1","2.3000000000000114","2.3000000000000114","2.3000000000000114","64.63","137.36","64.63","137.36","0","0","1","0","64.63","","137.36","","2"
"net460","OK","0.027303000000008203","8.403508624497546","33.1555","145.6815","0.4790000000000063","0.05700000000001637","1.0720000000000454","33.395","32.916","145.71","145.653","0","1.3800000000000026","1.3800000000000026","1.3800000000000026","3.7536","1","0","0","0","1","0","0","0.5360000000000227","0","0","0","0","0","2","_c8d808d92e5a0000_p_Net","1","1","0","1","0","0","0","0","0","0","1","_c8d808d92e5a0000_p_odb__dbNet","3.7536","0.0","0.0","3.7536","3.7536","","3.7536","1.3800000000000026","1","1.3800000000000026","1.3800000000000026","1.3800000000000026","33.81","145.52","33.81","145.52","0","0","0","1","33.81","","145.52","","2"
"net461","OK","2.6325839999999934","0.08715429401616545","22.1155","129.038","0.4789999999999992","5.495999999999995","11.949999999999989","22.355","21.876","131.786","126.29","0","6.8199999999999825","6.8199999999999825","6.8199999999999825","3.7536","1","0","0","0","1","0","0","5.974999999999994","0","0","0","0","0","2","_40d908d92e5a0000_p_Net","1","1","0","1","0","0","0","0","0","0","1","_40d908d92e5a0000_p_odb__dbNet","3.7536","0.0","0.0","3.7536","3.7536","","3.7536","6.8199999999999825","1","6.8199999999999825","6.8199999999999825","6.8199999999999825","22.77","126.48","22.77","126.48","0","0","0","1","22.77","","126.48","","2"
"net462","OK","0.05258399999999755","16.76785684343191","14.9855","109.99799999999999","0.9390000000000001","0.055999999999997385","1.9899999999999949","15.455","14.516","110.026","109.97","0","1.8399999999999999","1.8399999999999999","1.8399999999999999","3.7536","1","0","0","0","1","0","0","0.9949999999999974","0","0","0","0","0","2","_b8d908d92e5a0000_p_Net","1","1","0","1","0","0","0","0","0","0","1","_b8d908d92e5a0000_p_odb__dbNet","3.7536","0.0","0.0","3.7536","3.7536","","3.7536","1.8399999999999999","1","1.8399999999999999","1.8399999999999999","1.8399999999999999","15.87","110.16","15.87","110.16","1","0","0","0","15.87","","110.16","","2"
"net463","OK","0.027303000000007845","8.403508624497437","6.015499999999999","145.6815","0.4790000000000001","0.05700000000001637","1.072000000000033","6.255","5.776","145.71","145.653","0","1.38","1.38","1.38","3.7536","1","0","0","0","1","0","0","0.5360000000000165","0","0","0","0","0","2","_30da08d92e5a0000_p_Net","1","1","0","1","0","0","0","0","0","0","1","_30da08d92e5a0000_p_odb__dbNet","3.7536","0.0","0.0","3.7536","3.7536","","3.7536","1.38","1","1.38","1.38","1.38","6.67","145.52","6.67","145.52","0","0","0","1","6.67","","145.52","","2"
"net464","OK","14.96213600000004","0.5161589895029408","13.6055","150.798","2.779","5.3840000000000146","16.32600000000003","14.995","12.216","153.49","148.106","0","9.119999999999997","9.119999999999997","9.119999999999997","3.7536","1","0","0","0","1","0","0","8.163000000000014","0","0","0","0","0","2","_a8da08d92e5a0000_p_Net","1","1","0","1","0","0","0","0","0","0","1","_a8da08d92e5a0000_p_odb__dbNet","3.7536","0.0","0.0","3.7536","3.7536","","3.7536","9.119999999999997","1","9.119999999999997","9.119999999999997","9.119999999999997","15.41","153.68","15.41","153.68","1","0","0","0","15.41","","153.68","","2"
"net465","OK","22.81347600000001","0.3169495520607079","16.3205","152.348","2.6889999999999983","8.484000000000009","22.346000000000014","17.665","14.976","156.59","148.106","0","10.919999999999996","10.919999999999996","10.919999999999996","3.7536","1","0","0","0","1","0","0","11.173000000000007","0","0","0","0","0","2","_20db08d92e5a0000_p_Net","1","1","0","1","0","0","0","0","0","0","1","_20db08d92e5a0000_p_odb__dbNet","3.7536","0.0","0.0","3.7536","3.7536","","3.7536","10.919999999999996","1","10.919999999999996","10.919999999999996","10.919999999999996","17.25","156.4","17.25","156.4","1","0","0","0","17.25","","156.4","","2"
"net466","OK","24.37875200000006","0.8410104010324992","10.359","156.238","4.527999999999999","5.3840000000000146","19.824000000000026","12.623","8.095","158.93","153.546","0","10.039999999999997","10.039999999999997","10.039999999999997","3.7536","1","0","0","0","1","0","0","9.912000000000013","0","0","0","0","0","2","_98db08d92e5a0000_p_Net","1","1","0","1","0","0","0","0","0","0","1","_98db08d92e5a0000_p_odb__dbNet","3.7536","0.0","0.0","3.7536","3.7536","","3.7536","10.039999999999997","1","10.039999999999997","10.039999999999997","10.039999999999997","8.51","159.12","8.51","159.12","0","1","0","0","8.51","","159.12","","2"
"net467","OK","0.10444300000000097","0.003456430779796916","6.2455","153.8415","0.019000000000000128","5.497000000000014","11.032000000000028","6.255","6.236","156.59","151.093","0","6.359999999999998","6.359999999999998","6.359999999999998","3.7536","1","0","0","0","1","0","0","5.516000000000014","0","0","0","0","0","2","_10dc08d92e5a0000_p_Net","1","1","0","1","0","0","0","0","0","0","1","_10dc08d92e5a0000_p_odb__dbNet","3.7536","0.0","0.0","3.7536","3.7536","","3.7536","6.359999999999998","1","6.359999999999998","6.359999999999998","6.359999999999998","6.67","156.4","6.67","156.4","1","0","0","0","6.67","","156.4","","2"
"net468","OK","0.026823999999991896","8.55357127583164","19.8155","148.078","0.4789999999999992","0.055999999999983174","1.0699999999999648","20.055","19.576","148.106","148.05","0","1.379999999999999","1.379999999999999","1.379999999999999","3.7536","1","0","0","0","1","0","0","0.5349999999999824","0","0","0","0","0","2","_88dc08d92e5a0000_p_Net","1","1","0","1","0","0","0","0","0","0","1","_88dc08d92e5a0000_p_odb__dbNet","3.7536","0.0","0.0","3.7536","3.7536","","3.7536","1.379999999999999","1","1.379999999999999","1.379999999999999","1.379999999999999","20.47","148.24","20.47","148.24","1","0","0","0","20.47","","148.24","","2"
"net469","OK","2.088992000000005","0.07206537888706045","10.129000000000001","145.358","0.3879999999999999","5.3840000000000146","11.544000000000029","10.323","9.935","148.05","142.666","0","5.899999999999999","5.899999999999999","5.899999999999999","3.7536","1","0","0","0","1","0","0","5.7720000000000145","0","0","0","0","0","2","_00dd08d92e5a0000_p_Net","1","1","0","1","0","0","0","0","0","0","1","_00dd08d92e5a0000_p_odb__dbNet","3.7536","0.0","0.0","3.7536","3.7536","","3.7536","5.899999999999999","1","5.899999999999999","5.899999999999999","5.899999999999999","10.35","148.24","10.35","148.24","1","0","0","0","10.35","","148.24","","2"
"net470","OK","19.13683200000002","0.16334072430124327","5.2989999999999995","148.078","1.7679999999999998","10.824000000000012","25.184000000000026","6.183","4.415","153.49","142.666","0","12.719999999999995","12.719999999999995","12.719999999999995","3.7536","1","0","0","0","1","0","0","12.592000000000013","0","0","0","0","0","2","_78dd08d92e5a0000_p_Net","1","1","0","1","0","0","0","0","0","0","1","_78dd08d92e5a0000_p_odb__dbNet","3.7536","0.0","0.0","3.7536","3.7536","","3.7536","12.719999999999995","1","12.719999999999995","12.719999999999995","12.719999999999995","4.83","153.68","4.83","153.68","0","1","0","0","4.83","","153.68","","2"
"net471","OK","0.15840300000004548","48.754385109558186","14.9855","140.2415","2.779","0.05700000000001637","5.672000000000033","16.375","13.596","140.27","140.213","0","3.6799999999999997","3.6799999999999997","3.6799999999999997","3.7536","1","0","0","0","1","0","0","2.8360000000000163","0","0","0","0","0","2","_f0dd08d92e5a0000_p_Net","1","1","0","1","0","0","0","0","0","0","1","_f0dd08d92e5a0000_p_odb__dbNet","3.7536","0.0","0.0","3.7536","3.7536","","3.7536","3.6799999999999997","1","3.6799999999999997","3.6799999999999997","3.6799999999999997","16.79","140.08","16.79","140.08","0","0","0","1","16.79","","140.08","","2"
"net472","OK","0.07461300000000269","22.96491187780765","20.6905","107.60149999999999","1.3089999999999975","0.05700000000000216","2.7319999999999993","21.345","20.036","107.63","107.573","0","1.379999999999999","1.379999999999999","1.379999999999999","3.7536","1","0","0","0","1","0","0","1.3659999999999997","0","0","0","0","0","2","_68de08d92e5a0000_p_Net","1","1","0","1","0","0","0","0","0","0","1","_68de08d92e5a0000_p_odb__dbNet","3.7536","0.0","0.0","3.7536","3.7536","","3.7536","1.379999999999999","1","1.379999999999999","1.379999999999999","1.379999999999999","20.93","107.44","20.93","107.44","0","0","0","1","20.93","","107.44","","2"
"net473","OK","41.79284800000003","0.2371196143238087","37.269000000000005","92.50800000000001","3.1480000000000032","13.275999999999996","32.848","38.843","35.695","99.146","85.87","0","16.819999999999993","16.819999999999993","16.819999999999993","3.7536","1","0","0","0","1","0","0","16.424","0","0","0","0","0","2","_e0de08d92e5a0000_p_Net","1","1","0","1","0","0","0","0","0","0","1","_e0de08d92e5a0000_p_odb__dbNet","3.7536","0.0","0.0","3.7536","3.7536","","3.7536","16.819999999999993","1","16.819999999999993","16.819999999999993","16.819999999999993","36.11","85.68","36.11","85.68","0","0","1","0","36.11","","85.68","","2"
"net474","OK","12.747543000000015","0.4218664725446855","32.2355","121.20150000000001","2.3190000000000026","5.497","15.632000000000005","33.395","31.076","123.95","118.453","0","8.660000000000014","8.660000000000014","8.660000000000014","3.7536","1","0","0","0","1","0","0","7.8160000000000025","0","0","0","0","0","2","_58df08d92e5a0000_p_Net","1","1","0","1","0","0","0","0","0","0","1","_58df08d92e5a0000_p_odb__dbNet","3.7536","0.0","0.0","3.7536","3.7536","","3.7536","8.660000000000014","1","8.660000000000014","8.660000000000014","8.660000000000014","33.81","123.76","33.81","123.76","1","0","0","0","33.81","","123.76","","2"
"net475","OK","9.859516000000028","1.064060446430987","48.335499999999996","144.188","3.238999999999997","3.044000000000011","12.566000000000017","49.955","46.716","145.71","142.666","0","6.859999999999999","6.859999999999999","6.859999999999999","3.7536","1","0","0","0","1","0","0","6.283000000000008","0","0","0","0","0","2","_d0df08d92e5a0000_p_Net","1","1","0","1","0","0","0","0","0","0","1","_d0df08d92e5a0000_p_odb__dbNet","3.7536","0.0","0.0","3.7536","3.7536","","3.7536","6.859999999999999","1","6.859999999999999","6.859999999999999","6.859999999999999","50.37","145.52","50.37","145.52","1","0","0","0","50.37","","145.52","","2"
"net476","OK","0.027303000000007797","8.403508624497421","46.0355","145.6815","0.4789999999999992","0.05700000000001637","1.0720000000000312","46.275","45.796","145.71","145.653","0","1.3799999999999955","1.3799999999999955","1.3799999999999955","3.7536","1","0","0","0","1","0","0","0.5360000000000156","0","0","0","0","0","2","_48e008d92e5a0000_p_Net","1","1","0","1","0","0","0","0","0","0","1","_48e008d92e5a0000_p_odb__dbNet","3.7536","0.0","0.0","3.7536","3.7536","","3.7536","1.3799999999999955","1","1.3799999999999955","1.3799999999999955","1.3799999999999955","46.69","145.52","46.69","145.52","0","0","0","1","46.69","","145.52","","2"
"net477","OK","1.148163000000011","0.19983312465589273","36.835499999999996","114.2115","0.4790000000000063","2.3969999999999914","5.751999999999995","37.075","36.596","115.41","113.013","0","4.100000000000001","4.100000000000001","4.100000000000001","3.7536","1","0","0","0","1","0","0","2.8759999999999977","0","0","0","0","0","2","_c0e008d92e5a0000_p_Net","1","1","0","1","0","0","0","0","0","0","1","_c0e008d92e5a0000_p_odb__dbNet","3.7536","0.0","0.0","3.7536","3.7536","","3.7536","4.100000000000001","1","4.100000000000001","4.100000000000001","4.100000000000001","37.49","115.6","37.49","115.6","1","0","0","0","37.49","","115.6","","2"
"net478","OK","14.157791999999995","0.12084257205091994","34.04900000000001","115.43799999999999","1.3079999999999998","10.823999999999998","24.263999999999996","34.703","33.395","120.85","110.026","0","12.260000000000005","12.260000000000005","12.260000000000005","3.7536","1","0","0","0","1","0","0","12.131999999999998","0","0","0","0","0","2","_38e108d92e5a0000_p_Net","1","1","0","1","0","0","0","0","0","0","1","_38e108d92e5a0000_p_odb__dbNet","3.7536","0.0","0.0","3.7536","3.7536","","3.7536","12.260000000000005","1","12.260000000000005","12.260000000000005","12.260000000000005","33.81","121.04","33.81","121.04","0","1","0","0","33.81","","121.04","","2"
"net479","OK","0.04552399999999607","0.007929883135253949","35.685500000000005","97.94800000000001","0.01899999999999835","2.396000000000001","4.829999999999998","35.695","35.676","99.146","96.75","0","3.6400000000000006","3.6400000000000006","3.6400000000000006","3.7536","1","0","0","0","1","0","0","2.414999999999999","0","0","0","0","0","2","_b0e108d92e5a0000_p_Net","1","1","0","1","0","0","0","0","0","0","1","_b0e108d92e5a0000_p_odb__dbNet","3.7536","0.0","0.0","3.7536","3.7536","","3.7536","3.6400000000000006","1","3.6400000000000006","3.6400000000000006","3.6400000000000006","36.11","96.56","36.11","96.56","0","0","0","1","36.11","","96.56","","2"
"net480","OK","4.850984000000018","0.1673476968485616","37.9855","85.518","0.9010000000000034","5.384","12.570000000000007","38.436","37.535","88.21","82.826","0","5.440000000000012","5.440000000000012","5.440000000000012","3.7536","1","0","0","0","1","0","0","6.285000000000004","0","0","0","0","0","2","_28e208d92e5a0000_p_Net","1","1","0","1","0","0","0","0","0","0","1","_28e208d92e5a0000_p_odb__dbNet","3.7536","0.0","0.0","3.7536","3.7536","","3.7536","5.440000000000012","1","5.440000000000012","5.440000000000012","5.440000000000012","37.95","88.4","37.95","88.4","0","1","0","0","37.95","","88.4","","2"
"net481","OK","57.75746399999995","1.912117903582222","51.5105","112.71799999999999","10.509","5.495999999999995","32.00999999999999","56.765","46.256","115.466","109.97","0","16.019999999999996","16.019999999999996","16.019999999999996","3.7536","1","0","0","0","1","0","0","16.004999999999995","0","0","0","0","0","2","_a0e208d92e5a0000_p_Net","1","1","0","1","0","0","0","0","0","0","1","_a0e208d92e5a0000_p_odb__dbNet","3.7536","0.0","0.0","3.7536","3.7536","","3.7536","16.019999999999996","1","16.019999999999996","16.019999999999996","16.019999999999996","56.35","110.16","56.35","110.16","0","0","0","1","56.35","","110.16","","2"
"net482","OK","1.4550320000000065","0.15703022333868943","47.804","57.147999999999996","0.47800000000000153","3.044000000000004","7.044000000000011","48.043","47.565","58.67","55.626","0","4.100000000000001","4.100000000000001","4.100000000000001","3.7536","1","0","0","0","1","0","0","3.5220000000000056","0","0","0","0","0","2","_18e308d92e5a0000_p_Net","1","1","0","1","0","0","0","0","0","0","1","_18e308d92e5a0000_p_odb__dbNet","3.7536","0.0","0.0","3.7536","3.7536","","3.7536","4.100000000000001","1","4.100000000000001","4.100000000000001","4.100000000000001","47.15","58.48","47.15","58.48","0","1","0","0","47.15","","58.48","","2"
"net483","OK","2.8552720000000176","0.3081471746688081","45.274","84.348","0.9380000000000024","3.044000000000011","7.964000000000027","45.743","44.805","85.87","82.826","0","4.560000000000009","4.560000000000009","4.560000000000009","3.7536","1","0","0","0","1","0","0","3.9820000000000135","0","0","0","0","0","2","_90e308d92e5a0000_p_Net","1","1","0","1","0","0","0","0","0","0","1","_90e308d92e5a0000_p_odb__dbNet","3.7536","0.0","0.0","3.7536","3.7536","","3.7536","4.560000000000009","1","4.560000000000009","4.560000000000009","4.560000000000009","44.39","85.68","44.39","85.68","0","1","0","0","44.39","","85.68","","2"
"net484","OK","52.11173600000015","1.7977340264120063","50.1755","145.358","9.679000000000002","5.3840000000000146","30.126000000000033","55.015","45.336","148.05","142.666","0","16.019999999999996","16.019999999999996","16.019999999999996","3.7536","1","0","0","0","1","0","0","15.063000000000017","0","0","0","0","0","2","_08e408d92e5a0000_p_Net","1","1","0","1","0","0","0","0","0","0","1","_08e408d92e5a0000_p_odb__dbNet","3.7536","0.0","0.0","3.7536","3.7536","","3.7536","16.019999999999996","1","16.019999999999996","16.019999999999996","16.019999999999996","55.43","148.24","55.43","148.24","1","0","0","0","55.43","","148.24","","2"
"net485","OK","2.2498439999999875","0.39190317178969203","52.7055","146.90800000000002","0.9390000000000001","2.3959999999999866","6.669999999999973","53.175","52.236","148.106","145.71","0","4.560000000000002","4.560000000000002","4.560000000000002","3.7536","1","0","0","0","1","0","0","3.3349999999999866","0","0","0","0","0","2","_80e408d92e5a0000_p_Net","1","1","0","1","0","0","0","0","0","0","1","_80e408d92e5a0000_p_odb__dbNet","3.7536","0.0","0.0","3.7536","3.7536","","3.7536","4.560000000000002","1","4.560000000000002","4.560000000000002","4.560000000000002","53.59","145.52","53.59","145.52","0","0","0","1","53.59","","145.52","","2"
"net486","OK","7.760643999999996","1.3518363934257762","40.055499999999995","119.708","3.238999999999997","2.396000000000001","11.269999999999996","41.675","38.436","120.906","118.51","0","6.860000000000014","6.860000000000014","6.860000000000014","3.7536","1","0","0","0","1","0","0","5.634999999999998","0","0","0","0","0","2","_f8e408d92e5a0000_p_Net","1","1","0","1","0","0","0","0","0","0","1","_f8e408d92e5a0000_p_odb__dbNet","3.7536","0.0","0.0","3.7536","3.7536","","3.7536","6.860000000000014","1","6.860000000000014","6.860000000000014","6.860000000000014","42.09","118.32","42.09","118.32","0","0","0","1","42.09","","118.32","","2"
"net487","OK","3.135275999999988","0.5456821024006351","42.32899999999999","81.5715","1.3079999999999998","2.3969999999999914","7.409999999999982","42.983","41.675","82.77","80.373","0","4.099999999999994","4.099999999999994","4.099999999999994","3.7536","1","0","0","0","1","0","0","3.704999999999991","0","0","0","0","0","2","_70e508d92e5a0000_p_Net","1","1","0","1","0","0","0","0","0","0","1","_70e508d92e5a0000_p_odb__dbNet","3.7536","0.0","0.0","3.7536","3.7536","","3.7536","4.099999999999994","1","4.099999999999994","4.099999999999994","4.099999999999994","42.09","82.96","42.09","82.96","0","1","0","0","42.09","","82.96","","2"
"net488","OK","0.02724600000000102","8.38596476515819","14.684000000000001","96.72149999999999","0.47799999999999976","0.05700000000000216","1.0700000000000038","14.923","14.445","96.75","96.693","0","1.3800000000000008","1.3800000000000008","1.3800000000000008","3.7536","1","0","0","0","1","0","0","0.5350000000000019","0","0","0","0","0","2","_e8e508d92e5a0000_p_Net","1","1","0","1","0","0","0","0","0","0","1","_e8e508d92e5a0000_p_odb__dbNet","3.7536","0.0","0.0","3.7536","3.7536","","3.7536","1.3800000000000008","1","1.3800000000000008","1.3800000000000008","1.3800000000000008","14.03","96.56","14.03","96.56","0","0","1","0","14.03","","96.56","","2"
"net489","OK","32.97050400000005","1.0915211060604926","18.435499999999998","85.518","5.998999999999999","5.496000000000009","22.990000000000016","21.435","15.436","88.266","82.77","0","12.340000000000014","12.340000000000014","12.340000000000014","3.7536","1","0","0","0","1","0","0","11.495000000000008","0","0","0","0","0","2","_d0d7dad92e5a0000_p_Net","1","1","0","1","0","0","0","0","0","0","1","_d0d7dad92e5a0000_p_odb__dbNet","3.7536","0.0","0.0","3.7536","3.7536","","3.7536","12.340000000000014","1","12.340000000000014","12.340000000000014","12.340000000000014","21.85","82.96","21.85","82.96","0","0","0","1","21.85","","82.96","","2"
"net490","OK","1.4580759999999977","0.15735873845027606","11.0755","29.948","0.4789999999999992","3.0440000000000005","7.045999999999999","11.315","10.836","31.47","28.426","0","4.100000000000003","4.100000000000003","4.100000000000003","3.7536","1","0","0","0","1","0","0","3.5229999999999997","0","0","0","0","0","2","_48d8dad92e5a0000_p_Net","1","1","0","1","0","0","0","0","0","0","1","_48d8dad92e5a0000_p_odb__dbNet","3.7536","0.0","0.0","3.7536","3.7536","","3.7536","4.100000000000003","1","4.100000000000003","4.100000000000003","4.100000000000003","11.73","31.28","11.73","31.28","1","0","0","0","11.73","","31.28","","2"
"net491","OK","6.442844000000003","1.1222871447736693","8.0405","32.668","2.689","2.396000000000001","10.170000000000002","9.385","6.696","33.866","31.47","0","5.4799999999999995","5.4799999999999995","5.4799999999999995","3.7536","1","0","0","0","1","0","0","5.085000000000001","0","0","0","0","0","2","_c0d8dad92e5a0000_p_Net","1","1","0","1","0","0","0","0","0","0","1","_c0d8dad92e5a0000_p_odb__dbNet","3.7536","0.0","0.0","3.7536","3.7536","","3.7536","5.4799999999999995","1","5.4799999999999995","5.4799999999999995","5.4799999999999995","8.97","31.28","8.97","31.28","0","0","0","1","8.97","","31.28","","2"
"net492","OK","0.027302999999994183","8.403508624501612","42.8155","74.9615","0.4789999999999992","0.05699999999998795","1.0719999999999743","43.055","42.576","74.99","74.933","0","1.3799999999999955","1.3799999999999955","1.3799999999999955","3.7536","1","0","0","0","1","0","0","0.5359999999999872","0","0","0","0","0","2","_38d9dad92e5a0000_p_Net","1","1","0","1","0","0","0","0","0","0","1","_38d9dad92e5a0000_p_odb__dbNet","3.7536","0.0","0.0","3.7536","3.7536","","3.7536","1.3799999999999955","1","1.3799999999999955","1.3799999999999955","1.3799999999999955","43.47","74.8","43.47","74.8","0","0","0","1","43.47","","74.8","","2"
"net493","OK","0.07455600000000281","22.947368018466356","53.369","123.92150000000001","1.3079999999999998","0.05700000000000216","2.730000000000004","54.023","52.715","123.95","123.893","0","1.3799999999999955","1.3799999999999955","1.3799999999999955","3.7536","1","0","0","0","1","0","0","1.365000000000002","0","0","0","0","0","2","_b0d9dad92e5a0000_p_Net","1","1","0","1","0","0","0","0","0","0","1","_b0d9dad92e5a0000_p_odb__dbNet","3.7536","0.0","0.0","3.7536","3.7536","","3.7536","1.3799999999999955","1","1.3799999999999955","1.3799999999999955","1.3799999999999955","53.13","123.76","53.13","123.76","0","0","1","0","53.13","","123.76","","2"
"net494","OK","28.275896000000046","0.4603802474849588","39.799","62.5315","3.608000000000004","7.837000000000003","22.890000000000015","41.603","37.995","66.45","58.613","0","11.84000000000001","11.84000000000001","11.84000000000001","3.7536","1","0","0","0","1","0","0","11.445000000000007","0","0","0","0","0","2","_28dadad92e5a0000_p_Net","1","1","0","1","0","0","0","0","0","0","1","_28dadad92e5a0000_p_odb__dbNet","3.7536","0.0","0.0","3.7536","3.7536","","3.7536","11.84000000000001","1","11.84000000000001","11.84000000000001","11.84000000000001","38.41","66.64","38.41","66.64","0","1","0","0","38.41","","66.64","","2"
"net495","OK","0.057835999999994926","0.006241787120156565","42.585499999999996","35.388","0.01899999999999835","3.043999999999997","6.125999999999991","42.595","42.576","36.91","33.866","0","3.6399999999999935","3.6399999999999935","3.6399999999999935","3.7536","1","0","0","0","1","0","0","3.0629999999999953","0","0","0","0","0","2","_a0dadad92e5a0000_p_Net","1","1","0","1","0","0","0","0","0","0","1","_a0dadad92e5a0000_p_odb__dbNet","3.7536","0.0","0.0","3.7536","3.7536","","3.7536","3.6399999999999935","1","3.6399999999999935","3.6399999999999935","3.6399999999999935","43.01","36.72","43.01","36.72","1","0","0","0","43.01","","36.72","","2"
"net496","OK","28.27589600000003","0.46038024748495904","43.479","35.3315","3.608000000000004","7.837","22.890000000000008","45.283","41.675","39.25","31.413","0","11.839999999999996","11.839999999999996","11.839999999999996","3.7536","1","0","0","0","1","0","0","11.445000000000004","0","0","0","0","0","2","_18dbdad92e5a0000_p_Net","1","1","0","1","0","0","0","0","0","0","1","_18dbdad92e5a0000_p_odb__dbNet","3.7536","0.0","0.0","3.7536","3.7536","","3.7536","11.839999999999996","1","11.839999999999996","11.839999999999996","11.839999999999996","42.09","39.44","42.09","39.44","0","1","0","0","42.09","","39.44","","2"
"net497","OK","1.4575969999999971","0.15741045016187608","49.7155","29.8915","0.4789999999999992","3.0429999999999993","7.043999999999997","49.955","49.476","31.413","28.37","0","4.099999999999998","4.099999999999998","4.099999999999998","3.7536","1","0","0","0","1","0","0","3.5219999999999985","0","0","0","0","0","2","_90dbdad92e5a0000_p_Net","1","1","0","1","0","0","0","0","0","0","1","_90dbdad92e5a0000_p_odb__dbNet","3.7536","0.0","0.0","3.7536","3.7536","","3.7536","4.099999999999998","1","4.099999999999998","4.099999999999998","4.099999999999998","50.37","28.56","50.37","28.56","0","0","0","1","50.37","","28.56","","2"
"net498","OK","0.026823999999998703","8.55357127582947","47.8755","28.398","0.4789999999999992","0.055999999999997385","1.0699999999999932","48.115","47.636","28.426","28.37","0","1.3800000000000026","1.3800000000000026","1.3800000000000026","3.7536","1","0","0","0","1","0","0","0.5349999999999966","0","0","0","0","0","2","_08dcdad92e5a0000_p_Net","1","1","0","1","0","0","0","0","0","0","1","_08dcdad92e5a0000_p_odb__dbNet","3.7536","0.0","0.0","3.7536","3.7536","","3.7536","1.3800000000000026","1","1.3800000000000026","1.3800000000000026","1.3800000000000026","48.53","28.56","48.53","28.56","1","0","0","0","48.53","","28.56","","2"
"net499","OK","35.28079699999999","0.49027466692322574","54.775499999999994","27.1715","4.158999999999999","8.483","25.284","56.855","52.696","31.413","22.93","0","13.220000000000002","13.220000000000002","13.220000000000002","3.7536","1","0","0","0","1","0","0","12.642","0","0","0","0","0","2","_80dcdad92e5a0000_p_Net","1","1","0","1","0","0","0","0","0","0","1","_80dcdad92e5a0000_p_odb__dbNet","3.7536","0.0","0.0","3.7536","3.7536","","3.7536","13.220000000000002","1","13.220000000000002","13.220000000000002","13.220000000000002","57.27","23.12","57.27","23.12","0","0","0","1","57.27","","23.12","","2"
"net500","OK","2.093986999999977","0.07226453649038293","43.2305","28.7215","0.3889999999999958","5.382999999999999","11.54399999999999","43.425","43.036","31.413","26.03","0","5.900000000000002","5.900000000000002","5.900000000000002","3.7536","1","0","0","0","1","0","0","5.771999999999995","0","0","0","0","0","2","_f8dcdad92e5a0000_p_Net","1","1","0","1","0","0","0","0","0","0","1","_f8dcdad92e5a0000_p_odb__dbNet","3.7536","0.0","0.0","3.7536","3.7536","","3.7536","5.900000000000002","1","5.900000000000002","5.900000000000002","5.900000000000002","43.01","25.84","43.01","25.84","0","0","1","0","43.01","","25.84","","2"
"net501","OK","7.238634000000002","0.026989070035599385","40.444","39.6015","0.44200000000000017","16.377","33.638","40.665","40.223","47.79","31.413","0","16.78","16.78","16.78","3.7536","1","0","0","0","1","0","0","16.819","0","0","0","0","0","2","_70dddad92e5a0000_p_Net","1","1","0","1","0","0","0","0","0","0","1","_70dddad92e5a0000_p_odb__dbNet","3.7536","0.0","0.0","3.7536","3.7536","","3.7536","16.78","1","16.78","16.78","16.78","40.25","47.6","40.25","47.6","0","1","0","0","40.25","","47.6","","2"
"net502","OK","0.17943600000000678","55.228069206523","5.989","26.0015","3.1479999999999997","0.05700000000000216","6.410000000000004","7.563","4.415","26.03","25.973","0","3.2200000000000006","3.2200000000000006","3.2200000000000006","3.7536","1","0","0","0","1","0","0","3.205000000000002","0","0","0","0","0","2","_e8dddad92e5a0000_p_Net","1","1","0","1","0","0","0","0","0","0","1","_e8dddad92e5a0000_p_odb__dbNet","3.7536","0.0","0.0","3.7536","3.7536","","3.7536","3.2200000000000006","1","3.2200000000000006","3.2200000000000006","3.2200000000000006","4.83","25.84","4.83","25.84","0","0","1","0","4.83","","25.84","","2"
"net503","OK","23.587956000000005","2.545663599689335","9.650500000000001","29.948","7.7490000000000006","3.0440000000000005","21.586000000000002","13.525","5.776","31.47","28.426","0","10.540000000000003","10.540000000000003","10.540000000000003","3.7536","1","0","0","0","1","0","0","10.793000000000001","0","0","0","0","0","2","_60dedad92e5a0000_p_Net","1","1","0","1","0","0","0","0","0","0","1","_60dedad92e5a0000_p_odb__dbNet","3.7536","0.0","0.0","3.7536","3.7536","","3.7536","10.540000000000003","1","10.540000000000003","10.540000000000003","10.540000000000003","13.11","31.28","13.11","31.28","1","0","0","0","13.11","","31.28","","2"
"net504","OK","11.067124000000005","1.9277963264074303","7.625500000000001","32.668","4.619000000000001","2.396000000000001","14.030000000000003","9.935","5.316","33.866","31.47","0","8.239999999999998","8.239999999999998","8.239999999999998","3.7536","1","0","0","0","1","0","0","7.0150000000000015","0","0","0","0","0","2","_d8dedad92e5a0000_p_Net","1","1","0","1","0","0","0","0","0","0","1","_d8dedad92e5a0000_p_odb__dbNet","3.7536","0.0","0.0","3.7536","3.7536","","3.7536","8.239999999999998","1","8.239999999999998","8.239999999999998","8.239999999999998","10.35","31.28","10.35","31.28","0","0","0","1","10.35","","31.28","","2"
"net505","OK","0.31572300000001197","97.17543689165531","12.2255","64.0815","5.539","0.05700000000000216","11.192000000000004","14.995","9.456","64.11","64.053","0","6.4399999999999995","6.4399999999999995","6.4399999999999995","3.7536","1","0","0","0","1","0","0","5.596000000000002","0","0","0","0","0","2","_50dfdad92e5a0000_p_Net","1","1","0","1","0","0","0","0","0","0","1","_50dfdad92e5a0000_p_odb__dbNet","3.7536","0.0","0.0","3.7536","3.7536","","3.7536","6.4399999999999995","1","6.4399999999999995","6.4399999999999995","6.4399999999999995","15.41","63.92","15.41","63.92","0","0","0","1","15.41","","63.92","","2"
"net506","OK","4.169284000000002","0.06788311853159586","4.609","62.5315","0.532","7.837000000000003","16.738000000000007","4.875","4.343","66.45","58.613","0","8.620000000000005","8.620000000000005","8.620000000000005","3.7536","1","0","0","0","1","0","0","8.369000000000003","0","0","0","0","0","2","_c8dfdad92e5a0000_p_Net","1","1","0","1","0","0","0","0","0","0","1","_c8dfdad92e5a0000_p_odb__dbNet","3.7536","0.0","0.0","3.7536","3.7536","","3.7536","8.620000000000005","1","8.620000000000005","8.620000000000005","8.620000000000005","5.29","66.64","5.29","66.64","1","0","0","0","5.29","","66.64","","2"
"net507","OK","66.23895300000001","0.37576259694390585","11.0305","43.4915","4.989000000000001","13.277000000000001","36.532000000000004","13.525","8.536","50.13","36.853","0","18.66","18.66","18.66","3.7536","1","0","0","0","1","0","0","18.266000000000002","0","0","0","0","0","2","_40e0dad92e5a0000_p_Net","1","1","0","1","0","0","0","0","0","0","1","_40e0dad92e5a0000_p_odb__dbNet","3.7536","0.0","0.0","3.7536","3.7536","","3.7536","18.66","1","18.66","18.66","18.66","13.11","50.32","13.11","50.32","1","0","0","0","13.11","","50.32","","2"
"net508","OK","29.337416","1.012072808132973","8.500499999999999","63.758","5.449","5.384","21.666","11.225","5.776","66.45","61.066","0","10.959999999999997","10.959999999999997","10.959999999999997","3.7536","1","0","0","0","1","0","0","10.833","0","0","0","0","0","2","_b8e0dad92e5a0000_p_Net","1","1","0","1","0","0","0","0","0","0","1","_b8e0dad92e5a0000_p_odb__dbNet","3.7536","0.0","0.0","3.7536","3.7536","","3.7536","10.959999999999997","1","10.959999999999997","10.959999999999997","10.959999999999997","10.81","66.64","10.81","66.64","1","0","0","0","10.81","","66.64","","2"
"net509","OK","0.05783600000000033","0.0062417871201571485","12.2255","62.588","0.019000000000000128","3.043999999999997","6.125999999999994","12.235","12.216","64.11","61.066","0","3.639999999999999","3.639999999999999","3.639999999999999","3.7536","1","0","0","0","1","0","0","3.062999999999997","0","0","0","0","0","2","_30e1dad92e5a0000_p_Net","1","1","0","1","0","0","0","0","0","0","1","_30e1dad92e5a0000_p_odb__dbNet","3.7536","0.0","0.0","3.7536","3.7536","","3.7536","3.639999999999999","1","3.639999999999999","3.639999999999999","3.639999999999999","12.65","63.92","12.65","63.92","1","0","0","0","12.65","","63.92","","2"
"net510","OK","12.000935999999996","0.4140044575754076","12.8705","41.998","2.228999999999999","5.384","15.225999999999999","13.985","11.756","44.69","39.306","0","7.7400000000000055","7.7400000000000055","7.7400000000000055","3.7536","1","0","0","0","1","0","0","7.6129999999999995","0","0","0","0","0","2","_a8e1dad92e5a0000_p_Net","1","1","0","1","0","0","0","0","0","0","1","_a8e1dad92e5a0000_p_odb__dbNet","3.7536","0.0","0.0","3.7536","3.7536","","3.7536","7.7400000000000055","1","7.7400000000000055","7.7400000000000055","7.7400000000000055","13.57","44.88","13.57","44.88","1","0","0","0","13.57","","44.88","","2"
"net511","OK","45.619603","1.509732581133394","9.0055","45.0415","8.299","5.497","27.592","13.155","4.856","47.79","42.293","0","14.640000000000004","14.640000000000004","14.640000000000004","3.7536","1","0","0","0","1","0","0","13.796","0","0","0","0","0","2","_20e2dad92e5a0000_p_Net","1","1","0","1","0","0","0","0","0","0","1","_20e2dad92e5a0000_p_odb__dbNet","3.7536","0.0","0.0","3.7536","3.7536","","3.7536","14.640000000000004","1","14.640000000000004","14.640000000000004","14.640000000000004","13.57","47.6","13.57","47.6","1","0","0","0","13.57","","47.6","","2"
"net512","OK","78.79211600000002","0.2101322040792123","9.1905","48.988","4.069","19.364000000000004","46.86600000000001","11.225","7.156","58.67","39.306","0","23.18","23.18","23.18","3.7536","1","0","0","0","1","0","0","23.433000000000003","0","0","0","0","0","2","_98e2dad92e5a0000_p_Net","1","1","0","1","0","0","0","0","0","0","1","_98e2dad92e5a0000_p_odb__dbNet","3.7536","0.0","0.0","3.7536","3.7536","","3.7536","23.18","1","23.18","23.18","23.18","10.81","58.48","10.81","58.48","1","0","0","0","10.81","","58.48","","2"
"net513","OK","3.3520040000000013","0.5838898161169073","5.5555","48.988","1.399","2.396000000000001","7.590000000000002","6.255","4.856","50.186","47.79","0","5.019999999999999","5.019999999999999","5.019999999999999","3.7536","1","0","0","0","1","0","0","3.795000000000001","0","0","0","0","0","2","_10e3dad92e5a0000_p_Net","1","1","0","1","0","0","0","0","0","0","1","_10e3dad92e5a0000_p_odb__dbNet","3.7536","0.0","0.0","3.7536","3.7536","","3.7536","5.019999999999999","1","5.019999999999999","5.019999999999999","5.019999999999999","6.67","47.6","6.67","47.6","0","0","0","1","6.67","","47.6","","2"
"net514","OK","2.858315999999997","0.30847568978039597","5.3255","73.46799999999999","0.9390000000000001","3.043999999999997","7.965999999999994","5.795","4.856","74.99","71.946","0","4.559999999999999","4.559999999999999","4.559999999999999","3.7536","1","0","0","0","1","0","0","3.982999999999997","0","0","0","0","0","2","_88e3dad92e5a0000_p_Net","1","1","0","1","0","0","0","0","0","0","1","_88e3dad92e5a0000_p_odb__dbNet","3.7536","0.0","0.0","3.7536","3.7536","","3.7536","4.559999999999999","1","4.559999999999999","4.559999999999999","4.559999999999999","6.21","74.8","6.21","74.8","1","0","0","0","6.21","","74.8","","2"
"net515","OK","24.868696000000003","0.8579123326786939","8.5455","52.878","4.619000000000001","5.384","20.006","10.855","6.236","55.57","50.186","0","10.959999999999997","10.959999999999997","10.959999999999997","3.7536","1","0","0","0","1","0","0","10.003","0","0","0","0","0","2","_00e4dad92e5a0000_p_Net","1","1","0","1","0","0","0","0","0","0","1","_00e4dad92e5a0000_p_odb__dbNet","3.7536","0.0","0.0","3.7536","3.7536","","3.7536","10.959999999999997","1","10.959999999999997","10.959999999999997","10.959999999999997","11.27","55.76","11.27","55.76","1","0","0","0","11.27","","55.76","","2"
"net516","OK","0.9558720000000006","0.005423320276783426","5.2989999999999995","48.988","0.07200000000000006","13.275999999999996","26.69599999999999","5.335","5.263","55.626","42.35","0","13.600000000000001","13.600000000000001","13.600000000000001","3.7536","1","0","0","0","1","0","0","13.347999999999995","0","0","0","0","0","2","_78e4dad92e5a0000_p_Net","1","1","0","1","0","0","0","0","0","0","1","_78e4dad92e5a0000_p_odb__dbNet","3.7536","0.0","0.0","3.7536","3.7536","","3.7536","13.600000000000001","1","13.600000000000001","13.600000000000001","13.600000000000001","5.75","42.16","5.75","42.16","0","0","0","1","5.75","","42.16","","2"
"net517","OK","0.34194299999992767","105.24561218869572","8.3155","74.9615","5.999","0.05699999999998795","12.111999999999975","11.315","5.316","74.99","74.933","0","6.9","6.9","6.9","3.7536","1","0","0","0","1","0","0","6.055999999999988","0","0","0","0","0","2","_f0e4dad92e5a0000_p_Net","1","1","0","1","0","0","0","0","0","0","1","_f0e4dad92e5a0000_p_odb__dbNet","3.7536","0.0","0.0","3.7536","3.7536","","3.7536","6.9","1","6.9","6.9","6.9","11.73","74.8","11.73","74.8","0","0","0","1","11.73","","74.8","","2"
"net518","OK","0.1044430000000007","0.0034564307797969253","6.7055","66.8015","0.019000000000000128","5.497","11.032","6.715","6.696","69.55","64.053","0","6.359999999999998","6.359999999999998","6.359999999999998","3.7536","1","0","0","0","1","0","0","5.516","0","0","0","0","0","2","_68e5dad92e5a0000_p_Net","1","1","0","1","0","0","0","0","0","0","1","_68e5dad92e5a0000_p_odb__dbNet","3.7536","0.0","0.0","3.7536","3.7536","","3.7536","6.359999999999998","1","6.359999999999998","6.359999999999998","6.359999999999998","7.13","69.36","7.13","69.36","1","0","0","0","7.13","","69.36","","2"
"net519","OK","1.4575970000000007","0.1574104501618757","11.0755","73.4115","0.4789999999999992","3.0430000000000064","7.044000000000011","11.315","10.836","74.933","71.89","0","4.1","4.1","4.1","3.7536","1","0","0","0","1","0","0","3.5220000000000056","0","0","0","0","0","2","_e0e5dad92e5a0000_p_Net","1","1","0","1","0","0","0","0","0","0","1","_e0e5dad92e5a0000_p_odb__dbNet","3.7536","0.0","0.0","3.7536","3.7536","","3.7536","4.1","1","4.1","4.1","4.1","11.73","72.08","11.73","72.08","0","0","0","1","11.73","","72.08","","2"
"net520","OK","1.1481630000000016","0.19983312465588993","9.6955","59.811499999999995","0.479000000000001","2.3969999999999985","5.751999999999999","9.935","9.456","61.01","58.613","0","4.100000000000005","4.100000000000005","4.100000000000005","3.7536","1","0","0","0","1","0","0","2.8759999999999994","0","0","0","0","0","2","_58e6dad92e5a0000_p_Net","1","1","0","1","0","0","0","0","0","0","1","_58e6dad92e5a0000_p_odb__dbNet","3.7536","0.0","0.0","3.7536","3.7536","","3.7536","4.100000000000005","1","4.100000000000005","4.100000000000005","4.100000000000005","10.35","61.2","10.35","61.2","1","0","0","0","10.35","","61.2","","2"
"net521","OK","0.1044430000000007","0.0034564307797969253","8.0855","66.8015","0.019000000000000128","5.497","11.032","8.095","8.076","69.55","64.053","0","6.359999999999998","6.359999999999998","6.359999999999998","3.7536","1","0","0","0","1","0","0","5.516","0","0","0","0","0","2","_d0e6dad92e5a0000_p_Net","1","1","0","1","0","0","0","0","0","0","1","_d0e6dad92e5a0000_p_odb__dbNet","3.7536","0.0","0.0","3.7536","3.7536","","3.7536","6.359999999999998","1","6.359999999999998","6.359999999999998","6.359999999999998","8.51","69.36","8.51","69.36","1","0","0","0","8.51","","69.36","","2"
"net522","OK","12.65583699999997","1.3667433449337063","6.9355","67.97149999999999","4.159000000000001","3.042999999999992","14.403999999999986","9.015","4.856","69.493","66.45","0","7.7799999999999985","7.7799999999999985","7.7799999999999985","3.7536","1","0","0","0","1","0","0","7.201999999999993","0","0","0","0","0","2","_48e7dad92e5a0000_p_Net","1","1","0","1","0","0","0","0","0","0","1","_48e7dad92e5a0000_p_odb__dbNet","3.7536","0.0","0.0","3.7536","3.7536","","3.7536","7.7799999999999985","1","7.7799999999999985","7.7799999999999985","7.7799999999999985","9.43","66.64","9.43","66.64","0","0","0","1","9.43","","66.64","","2"
"net523","OK","78.75401300000003","1.282250861135351","10.8005","51.6515","10.049","7.837000000000003","35.772000000000006","15.825","5.776","55.57","47.733","0","18.279999999999998","18.279999999999998","18.279999999999998","3.7536","1","0","0","0","1","0","0","17.886000000000003","0","0","0","0","0","2","_c0e7dad92e5a0000_p_Net","1","1","0","1","0","0","0","0","0","0","1","_c0e7dad92e5a0000_p_odb__dbNet","3.7536","0.0","0.0","3.7536","3.7536","","3.7536","18.279999999999998","1","18.279999999999998","18.279999999999998","18.279999999999998","15.41","55.76","15.41","55.76","1","0","0","0","15.41","","55.76","","2"
"net524","OK","57.891834","0.2986425339152019","11.004000000000001","51.6515","4.1579999999999995","13.923000000000002","36.162000000000006","13.083","8.925","58.613","44.69","0","18.659999999999997","18.659999999999997","18.659999999999997","3.7536","1","0","0","0","1","0","0","18.081000000000003","0","0","0","0","0","2","_38e8dad92e5a0000_p_Net","1","1","0","1","0","0","0","0","0","0","1","_38e8dad92e5a0000_p_odb__dbNet","3.7536","0.0","0.0","3.7536","3.7536","","3.7536","18.659999999999997","1","18.659999999999997","18.659999999999997","18.659999999999997","8.51","44.88","8.51","44.88","0","0","1","0","8.51","","44.88","","2"
"net525","OK","45.11937599999999","1.4931780968722612","9.439","66.8015","8.207999999999998","5.497","27.409999999999997","13.543","5.335","69.55","64.053","0","13.719999999999997","13.719999999999997","13.719999999999997","3.7536","1","0","0","0","1","0","0","13.704999999999998","0","0","0","0","0","2","_b0e8dad92e5a0000_p_Net","1","1","0","1","0","0","0","0","0","0","1","_b0e8dad92e5a0000_p_odb__dbNet","3.7536","0.0","0.0","3.7536","3.7536","","3.7536","13.719999999999997","1","13.719999999999997","13.719999999999997","13.719999999999997","5.75","69.36","5.75","69.36","0","1","0","0","5.75","","69.36","","2"
"net526","OK","101.47082400000001","0.5234504057657507","8.059","51.6515","7.287999999999999","13.923000000000002","42.422000000000004","11.703","4.415","58.613","44.69","0","20.959999999999994","20.959999999999994","20.959999999999994","3.7536","1","0","0","0","1","0","0","21.211000000000002","0","0","0","0","0","2","_28e9dad92e5a0000_p_Net","1","1","0","1","0","0","0","0","0","0","1","_28e9dad92e5a0000_p_odb__dbNet","3.7536","0.0","0.0","3.7536","3.7536","","3.7536","20.959999999999994","1","20.959999999999994","20.959999999999994","20.959999999999994","4.83","44.88","4.83","44.88","0","0","1","0","4.83","","44.88","","2"
"net527","OK","0.1532160000000058","47.15789390950884","5.759","91.2815","2.6879999999999997","0.05700000000000216","5.490000000000004","7.103","4.415","91.31","91.253","0","2.76","2.76","2.76","3.7536","1","0","0","0","1","0","0","2.745000000000002","0","0","0","0","0","2","_a0e9dad92e5a0000_p_Net","1","1","0","1","0","0","0","0","0","0","1","_a0e9dad92e5a0000_p_odb__dbNet","3.7536","0.0","0.0","3.7536","3.7536","","3.7536","2.76","1","2.76","2.76","2.76","4.83","91.12","4.83","91.12","0","0","1","0","4.83","","91.12","","2"
"net528","OK","20.770924000000008","3.6181135210274973","10.1105","103.388","8.669","2.396000000000001","22.130000000000003","14.445","5.776","104.586","102.19","0","11.459999999999997","11.459999999999997","11.459999999999997","3.7536","1","0","0","0","1","0","0","11.065000000000001","0","0","0","0","0","2","_18eadad92e5a0000_p_Net","1","1","0","1","0","0","0","0","0","0","1","_18eadad92e5a0000_p_odb__dbNet","3.7536","0.0","0.0","3.7536","3.7536","","3.7536","11.459999999999997","1","11.459999999999997","11.459999999999997","11.459999999999997","14.03","102.0","14.03","102.0","0","0","0","1","14.03","","102.0","","2"
"net529","OK","24.890416","0.8237220300484406","6.679","28.7215","4.528","5.497","20.049999999999997","8.943","4.415","31.47","25.973","0","10.040000000000001","10.040000000000001","10.040000000000001","3.7536","1","0","0","0","1","0","0","10.024999999999999","0","0","0","0","0","2","_90eadad92e5a0000_p_Net","1","1","0","1","0","0","0","0","0","0","1","_90eadad92e5a0000_p_odb__dbNet","3.7536","0.0","0.0","3.7536","3.7536","","3.7536","10.040000000000001","1","10.040000000000001","10.040000000000001","10.040000000000001","4.83","31.28","4.83","31.28","0","1","0","0","4.83","","31.28","","2"
"net530","OK","0.39028700000000804","0.012916136071872916","14.9405","34.1615","0.0710000000000015","5.496999999999996","11.135999999999996","14.976","14.905","36.91","31.413","0","5.439999999999998","5.439999999999998","5.439999999999998","3.7536","1","0","0","0","1","0","0","5.567999999999998","0","0","0","0","0","2","_08ebdad92e5a0000_p_Net","1","1","0","1","0","0","0","0","0","0","1","_08ebdad92e5a0000_p_odb__dbNet","3.7536","0.0","0.0","3.7536","3.7536","","3.7536","5.439999999999998","1","5.439999999999998","5.439999999999998","5.439999999999998","14.49","36.72","14.49","36.72","0","1","0","0","14.49","","36.72","","2"
"net531","OK","113.48484299999993","0.09244512943195912","17.9755","108.7715","3.238999999999997","35.037000000000006","76.552","19.595","16.356","126.29","91.253","0","39.5","39.5","39.5","3.7536","1","0","0","0","1","0","0","38.276","0","0","0","0","0","2","_80ebdad92e5a0000_p_Net","1","1","0","1","0","0","0","0","0","0","1","_80ebdad92e5a0000_p_odb__dbNet","3.7536","0.0","0.0","3.7536","3.7536","","3.7536","39.5","1","39.5","39.5","39.5","20.01","126.48","20.01","126.48","1","0","0","0","20.01","","126.48","","2"
"net532","OK","0.02730300000000109","8.403508624499548","14.2955","85.8415","0.479000000000001","0.05700000000000216","1.0720000000000063","14.535","14.056","85.87","85.813","0","1.379999999999999","1.379999999999999","1.379999999999999","3.7536","1","0","0","0","1","0","0","0.5360000000000031","0","0","0","0","0","2","_f8ebdad92e5a0000_p_Net","1","1","0","1","0","0","0","0","0","0","1","_f8ebdad92e5a0000_p_odb__dbNet","3.7536","0.0","0.0","3.7536","3.7536","","3.7536","1.379999999999999","1","1.379999999999999","1.379999999999999","1.379999999999999","14.95","85.68","14.95","85.68","0","0","0","1","14.95","","85.68","","2"
"net533","OK","71.56333600000002","0.04367912641639252","5.2989999999999995","127.8115","1.7679999999999998","40.47700000000002","84.49000000000004","6.183","4.415","148.05","107.573","0","42.640000000000015","42.640000000000015","42.640000000000015","3.7536","1","0","0","0","1","0","0","42.24500000000002","0","0","0","0","0","2","_70ecdad92e5a0000_p_Net","1","1","0","1","0","0","0","0","0","0","1","_70ecdad92e5a0000_p_odb__dbNet","3.7536","0.0","0.0","3.7536","3.7536","","3.7536","42.640000000000015","1","42.640000000000015","42.640000000000015","42.640000000000015","4.83","148.24","4.83","148.24","0","1","0","0","4.83","","148.24","","2"
"net534","OK","11.071743000000025","1.9269920726211918","15.4455","92.45150000000001","4.619","2.3970000000000056","14.03200000000001","17.755","13.136","93.65","91.253","0","8.24","8.24","8.24","3.7536","1","0","0","0","1","0","0","7.016000000000005","0","0","0","0","0","2","_e8ecdad92e5a0000_p_Net","1","1","0","1","0","0","0","0","0","0","1","_e8ecdad92e5a0000_p_odb__dbNet","3.7536","0.0","0.0","3.7536","3.7536","","3.7536","8.24","1","8.24","8.24","8.24","18.17","93.84","18.17","93.84","1","0","0","0","18.17","","93.84","","2"
"net535","OK","22.392056","0.7724739968847558","9.2355","25.678","4.159","5.384","19.086","11.315","7.156","28.37","22.986","0","10.499999999999998","10.499999999999998","10.499999999999998","3.7536","1","0","0","0","1","0","0","9.543","0","0","0","0","0","2","_60eddad92e5a0000_p_Net","1","1","0","1","0","0","0","0","0","0","1","_60eddad92e5a0000_p_odb__dbNet","3.7536","0.0","0.0","3.7536","3.7536","","3.7536","10.499999999999998","1","10.499999999999998","10.499999999999998","10.499999999999998","11.73","28.56","11.73","28.56","1","0","0","0","11.73","","28.56","","2"
"net536","OK","0.10444300000001074","0.0034564307797972393","24.185499999999998","137.5215","0.019000000000001904","5.497000000000014","11.032000000000032","24.195","24.176","140.27","134.773","0","6.360000000000024","6.360000000000024","6.360000000000024","3.7536","1","0","0","0","1","0","0","5.516000000000016","0","0","0","0","0","2","_d8eddad92e5a0000_p_Net","1","1","0","1","0","0","0","0","0","0","1","_d8eddad92e5a0000_p_odb__dbNet","3.7536","0.0","0.0","3.7536","3.7536","","3.7536","6.360000000000024","1","6.360000000000024","6.360000000000024","6.360000000000024","24.61","140.08","24.61","140.08","1","0","0","0","24.61","","140.08","","2"
"net537","OK","6.658484000000002","1.1598497490985598","30.625500000000002","125.148","2.779","2.396000000000001","10.350000000000001","32.015","29.236","126.346","123.95","0","6.399999999999999","6.399999999999999","6.399999999999999","3.7536","1","0","0","0","1","0","0","5.175000000000001","0","0","0","0","0","2","_50eedad92e5a0000_p_Net","1","1","0","1","0","0","0","0","0","0","1","_50eedad92e5a0000_p_odb__dbNet","3.7536","0.0","0.0","3.7536","3.7536","","3.7536","6.399999999999999","1","6.399999999999999","6.399999999999999","6.399999999999999","32.43","123.76","32.43","123.76","0","0","0","1","32.43","","123.76","","2"
"net538","OK","0.027302999999994235","8.403508624501628","6.4755","129.36149999999998","0.4790000000000001","0.05699999999998795","1.071999999999976","6.715","6.236","129.39","129.333","0","1.38","1.38","1.38","3.7536","1","0","0","0","1","0","0","0.535999999999988","0","0","0","0","0","2","_c8eedad92e5a0000_p_Net","1","1","0","1","0","0","0","0","0","0","1","_c8eedad92e5a0000_p_odb__dbNet","3.7536","0.0","0.0","3.7536","3.7536","","3.7536","1.38","1","1.38","1.38","1.38","7.13","129.2","7.13","129.2","0","0","0","1","7.13","","129.2","","2"
"net539","OK","26.65363699999981","2.8784094633985067","18.4355","149.57150000000001","8.759000000000002","3.042999999999978","23.60399999999996","22.815","14.056","151.093","148.05","0","12.379999999999999","12.379999999999999","12.379999999999999","3.7536","1","0","0","0","1","0","0","11.80199999999998","0","0","0","0","0","2","_40efdad92e5a0000_p_Net","1","1","0","1","0","0","0","0","0","0","1","_40efdad92e5a0000_p_odb__dbNet","3.7536","0.0","0.0","3.7536","3.7536","","3.7536","12.379999999999999","1","12.379999999999999","12.379999999999999","12.379999999999999","23.23","148.24","23.23","148.24","0","0","0","1","23.23","","148.24","","2"
"net540","OK","5.054636999999983","0.17443804566701937","6.2455","153.8415","0.9390000000000001","5.382999999999981","12.643999999999963","6.715","5.776","156.533","151.15","0","7.279999999999998","7.279999999999998","7.279999999999998","3.7536","1","0","0","0","1","0","0","6.321999999999981","0","0","0","0","0","2","_b8efdad92e5a0000_p_Net","1","1","0","1","0","0","0","0","0","0","1","_b8efdad92e5a0000_p_odb__dbNet","3.7536","0.0","0.0","3.7536","3.7536","","3.7536","7.279999999999998","1","7.279999999999998","7.279999999999998","7.279999999999998","7.13","150.96","7.13","150.96","0","0","0","1","7.13","","150.96","","2"
"net541","OK","22.975243999999872","4.002086809681956","9.650500000000001","157.788","9.589","2.3959999999999866","23.969999999999974","14.445","4.856","158.986","156.59","0","12.379999999999999","12.379999999999999","12.379999999999999","3.7536","1","0","0","0","1","0","0","11.984999999999987","0","0","0","0","0","2","_30f0dad92e5a0000_p_Net","1","1","0","1","0","0","0","0","0","0","1","_30f0dad92e5a0000_p_odb__dbNet","3.7536","0.0","0.0","3.7536","3.7536","","3.7536","12.379999999999999","1","12.379999999999999","12.379999999999999","12.379999999999999","14.03","156.4","14.03","156.4","0","0","0","1","14.03","","156.4","","2"
"net542","OK","1.148163000000016","0.1998331246558889","18.8955","141.4115","0.47900000000000276","2.39700000000002","5.752000000000045","19.135","18.656","142.61","140.213","0","4.099999999999998","4.099999999999998","4.099999999999998","3.7536","1","0","0","0","1","0","0","2.8760000000000225","0","0","0","0","0","2","_a8f0dad92e5a0000_p_Net","1","1","0","1","0","0","0","0","0","0","1","_a8f0dad92e5a0000_p_odb__dbNet","3.7536","0.0","0.0","3.7536","3.7536","","3.7536","4.099999999999998","1","4.099999999999998","4.099999999999998","4.099999999999998","19.55","142.8","19.55","142.8","1","0","0","0","19.55","","142.8","","2"
"net543","OK","0.02682400000000551","8.553571275827299","14.7555","137.19799999999998","0.4789999999999992","0.056000000000011596","1.0700000000000216","14.995","14.516","137.226","137.17","0","1.3800000000000008","1.3800000000000008","1.3800000000000008","3.7536","1","0","0","0","1","0","0","0.5350000000000108","0","0","0","0","0","2","_20f1dad92e5a0000_p_Net","1","1","0","1","0","0","0","0","0","0","1","_20f1dad92e5a0000_p_odb__dbNet","3.7536","0.0","0.0","3.7536","3.7536","","3.7536","1.3800000000000008","1","1.3800000000000008","1.3800000000000008","1.3800000000000008","15.41","137.36","15.41","137.36","1","0","0","0","15.41","","137.36","","2"
"net544","OK","11.067124000000003","1.9277963264074298","26.9455","125.148","4.619","2.396000000000001","14.030000000000001","29.255","24.636","126.346","123.95","0","8.240000000000002","8.240000000000002","8.240000000000002","3.7536","1","0","0","0","1","0","0","7.015000000000001","0","0","0","0","0","2","_98f1dad92e5a0000_p_Net","1","1","0","1","0","0","0","0","0","0","1","_98f1dad92e5a0000_p_odb__dbNet","3.7536","0.0","0.0","3.7536","3.7536","","3.7536","8.240000000000002","1","8.240000000000002","8.240000000000002","8.240000000000002","29.67","123.76","29.67","123.76","0","0","0","1","29.67","","123.76","","2"
"net545","OK","11.99332400000002","0.41389559717371355","5.529","170.1615","2.2279999999999998","5.38300000000001","15.222000000000019","6.643","4.415","172.853","167.47","0","7.7399999999999975","7.7399999999999975","7.7399999999999975","3.7536","1","0","0","0","1","0","0","7.6110000000000095","0","0","0","0","0","2","_10f2dad92e5a0000_p_Net","1","1","0","1","0","0","0","0","0","0","1","_10f2dad92e5a0000_p_odb__dbNet","3.7536","0.0","0.0","3.7536","3.7536","","3.7536","7.7399999999999975","1","7.7399999999999975","7.7399999999999975","7.7399999999999975","4.83","167.28","4.83","167.28","0","0","1","0","4.83","","167.28","","2"
"net546","OK","0.02682400000000561","8.55357127582733","10.6155","197.038","0.479000000000001","0.056000000000011596","1.0700000000000252","10.855","10.376","197.066","197.01","0","1.379999999999999","1.379999999999999","1.379999999999999","3.7536","1","0","0","0","1","0","0","0.5350000000000126","0","0","0","0","0","2","_88f2dad92e5a0000_p_Net","1","1","0","1","0","0","0","0","0","0","1","_88f2dad92e5a0000_p_odb__dbNet","3.7536","0.0","0.0","3.7536","3.7536","","3.7536","1.379999999999999","1","1.379999999999999","1.379999999999999","1.379999999999999","11.27","197.2","11.27","197.2","1","0","0","0","11.27","","197.2","","2"
"net547","OK","0.027303000000007998","8.403508624497483","30.3955","151.1215","0.47900000000000276","0.05700000000001637","1.0720000000000383","30.635","30.156","151.15","151.093","0","1.379999999999999","1.379999999999999","1.379999999999999","3.7536","1","0","0","0","1","0","0","0.5360000000000191","0","0","0","0","0","2","_00f3dad92e5a0000_p_Net","1","1","0","1","0","0","0","0","0","0","1","_00f3dad92e5a0000_p_odb__dbNet","3.7536","0.0","0.0","3.7536","3.7536","","3.7536","1.379999999999999","1","1.379999999999999","1.379999999999999","1.379999999999999","31.05","150.96","31.05","150.96","0","0","0","1","31.05","","150.96","","2"
"net548","OK","0.02682400000000551","8.553571275827299","20.2755","169.83800000000002","0.4789999999999992","0.056000000000011596","1.0700000000000216","20.515","20.036","169.866","169.81","0","1.379999999999999","1.379999999999999","1.379999999999999","3.7536","1","0","0","0","1","0","0","0.5350000000000108","0","0","0","0","0","2","_78f3dad92e5a0000_p_Net","1","1","0","1","0","0","0","0","0","0","1","_78f3dad92e5a0000_p_odb__dbNet","3.7536","0.0","0.0","3.7536","3.7536","","3.7536","1.379999999999999","1","1.379999999999999","1.379999999999999","1.379999999999999","20.93","170.0","20.93","170.0","1","0","0","0","20.93","","170.0","","2"
"net549","OK","0.02682400000000551","8.553571275827299","29.4755","131.75799999999998","0.4789999999999992","0.056000000000011596","1.0700000000000216","29.715","29.236","131.786","131.73","0","1.379999999999999","1.379999999999999","1.379999999999999","3.7536","1","0","0","0","1","0","0","0.5350000000000108","0","0","0","0","0","2","_f0f3dad92e5a0000_p_Net","1","1","0","1","0","0","0","0","0","0","1","_f0f3dad92e5a0000_p_odb__dbNet","3.7536","0.0","0.0","3.7536","3.7536","","3.7536","1.379999999999999","1","1.379999999999999","1.379999999999999","1.379999999999999","30.13","131.92","30.13","131.92","1","0","0","0","30.13","","131.92","","2"
"net550","OK","0.026823999999998703","8.55357127582947","43.7355","99.118","0.4789999999999992","0.055999999999997385","1.0699999999999932","43.975","43.496","99.146","99.09","0","1.3800000000000026","1.3800000000000026","1.3800000000000026","3.7536","1","0","0","0","1","0","0","0.5349999999999966","0","0","0","0","0","2","_68f4dad92e5a0000_p_Net","1","1","0","1","0","0","0","0","0","0","1","_68f4dad92e5a0000_p_odb__dbNet","3.7536","0.0","0.0","3.7536","3.7536","","3.7536","1.3800000000000026","1","1.3800000000000026","1.3800000000000026","1.3800000000000026","44.39","99.28","44.39","99.28","1","0","0","0","44.39","","99.28","","2"
"net551","OK","20.32420800000001","0.6728529838659291","49.414","58.318","3.6980000000000004","5.496000000000002","18.388000000000005","51.263","47.565","61.066","55.57","0","10.040000000000006","10.040000000000006","10.040000000000006","3.7536","1","0","0","0","1","0","0","9.194000000000003","0","0","0","0","0","2","_e0f4dad92e5a0000_p_Net","1","1","0","1","0","0","0","0","0","0","1","_e0f4dad92e5a0000_p_odb__dbNet","3.7536","0.0","0.0","3.7536","3.7536","","3.7536","10.040000000000006","1","10.040000000000006","10.040000000000006","10.040000000000006","47.15","55.76","47.15","55.76","0","0","1","0","47.15","","55.76","","2"
"net552","OK","8.182627000000018","0.8836674331634331","54.040499999999994","111.4915","2.689","3.0430000000000064","11.464000000000013","55.385","52.696","113.013","109.97","0","5.479999999999997","5.479999999999997","5.479999999999997","3.7536","1","0","0","0","1","0","0","5.732000000000006","0","0","0","0","0","2","_58f5dad92e5a0000_p_Net","1","1","0","1","0","0","0","0","0","0","1","_58f5dad92e5a0000_p_odb__dbNet","3.7536","0.0","0.0","3.7536","3.7536","","3.7536","5.479999999999997","1","5.479999999999997","5.479999999999997","5.479999999999997","54.97","110.16","54.97","110.16","0","0","0","1","54.97","","110.16","","2"
"net553","OK","32.292616999999986","1.1144343300920625","43.7355","83.1215","5.999000000000002","5.382999999999996","22.763999999999996","46.735","40.736","85.813","80.43","0","12.34000000000001","12.34000000000001","12.34000000000001","3.7536","1","0","0","0","1","0","0","11.381999999999998","0","0","0","0","0","2","_d0f5dad92e5a0000_p_Net","1","1","0","1","0","0","0","0","0","0","1","_d0f5dad92e5a0000_p_odb__dbNet","3.7536","0.0","0.0","3.7536","3.7536","","3.7536","12.34000000000001","1","12.34000000000001","12.34000000000001","12.34000000000001","47.15","80.24","47.15","80.24","0","0","0","1","47.15","","80.24","","2"
"net554","OK","7.688904000000018","0.25454876269022014","43.2755","118.158","1.399000000000001","5.496000000000009","13.79000000000002","43.975","42.576","120.906","115.41","0","7.740000000000009","7.740000000000009","7.740000000000009","3.7536","1","0","0","0","1","0","0","6.89500000000001","0","0","0","0","0","2","_48f6dad92e5a0000_p_Net","1","1","0","1","0","0","0","0","0","0","1","_48f6dad92e5a0000_p_odb__dbNet","3.7536","0.0","0.0","3.7536","3.7536","","3.7536","7.740000000000009","1","7.740000000000009","7.740000000000009","7.740000000000009","44.39","115.6","44.39","115.6","0","0","0","1","44.39","","115.6","","2"
"net555","OK","6.645775999999994","0.10820467014058874","43.019","111.4915","0.847999999999999","7.837000000000003","17.370000000000005","43.443","42.595","115.41","107.573","0","9.079999999999998","9.079999999999998","9.079999999999998","3.7536","1","0","0","0","1","0","0","8.685000000000002","0","0","0","0","0","2","_c0f6dad92e5a0000_p_Net","1","1","0","1","0","0","0","0","0","0","1","_c0f6dad92e5a0000_p_odb__dbNet","3.7536","0.0","0.0","3.7536","3.7536","","3.7536","9.079999999999998","1","9.079999999999998","9.079999999999998","9.079999999999998","43.01","115.6","43.01","115.6","0","1","0","0","43.01","","115.6","","2"
"net556","OK","0.02730300000000099","8.403508624499516","48.7955","85.8415","0.4789999999999992","0.05700000000000216","1.0720000000000027","49.035","48.556","85.87","85.813","0","1.3800000000000026","1.3800000000000026","1.3800000000000026","3.7536","1","0","0","0","1","0","0","0.5360000000000014","0","0","0","0","0","2","_38f7dad92e5a0000_p_Net","1","1","0","1","0","0","0","0","0","0","1","_38f7dad92e5a0000_p_odb__dbNet","3.7536","0.0","0.0","3.7536","3.7536","","3.7536","1.3800000000000026","1","1.3800000000000026","1.3800000000000026","1.3800000000000026","49.45","85.68","49.45","85.68","0","0","0","1","49.45","","85.68","","2"
"net557","OK","1.0590320000000009","0.18447412346223951","48.263999999999996","125.148","0.44200000000000017","2.396000000000001","5.676000000000002","48.485","48.043","126.346","123.95","0","3.1799999999999997","3.1799999999999997","3.1799999999999997","3.7536","1","0","0","0","1","0","0","2.838000000000001","0","0","0","0","0","2","_b0f7dad92e5a0000_p_Net","1","1","0","1","0","0","0","0","0","0","1","_b0f7dad92e5a0000_p_odb__dbNet","3.7536","0.0","0.0","3.7536","3.7536","","3.7536","3.1799999999999997","1","3.1799999999999997","3.1799999999999997","3.1799999999999997","48.07","123.76","48.07","123.76","0","0","1","0","48.07","","123.76","","2"
"net558","OK","23.861915999999972","2.575229959732187","45.1155","122.428","7.838999999999999","3.043999999999997","21.76599999999999","49.035","41.196","123.95","120.906","0","11.46","11.46","11.46","3.7536","1","0","0","0","1","0","0","10.882999999999996","0","0","0","0","0","2","_28f8dad92e5a0000_p_Net","1","1","0","1","0","0","0","0","0","0","1","_28f8dad92e5a0000_p_odb__dbNet","3.7536","0.0","0.0","3.7536","3.7536","","3.7536","11.46","1","11.46","11.46","11.46","49.45","123.76","49.45","123.76","1","0","0","0","49.45","","123.76","","2"
"net559","OK","54.00093600000004","0.4609201773410093","47.8305","66.47800000000001","4.989000000000004","10.823999999999998","31.626000000000005","50.325","45.336","71.89","61.066","0","15.93999999999999","15.93999999999999","15.93999999999999","3.7536","1","0","0","0","1","0","0","15.813000000000002","0","0","0","0","0","2","_a0f8dad92e5a0000_p_Net","1","1","0","1","0","0","0","0","0","0","1","_a0f8dad92e5a0000_p_odb__dbNet","3.7536","0.0","0.0","3.7536","3.7536","","3.7536","15.93999999999999","1","15.93999999999999","15.93999999999999","15.93999999999999","49.91","72.08","49.91","72.08","1","0","0","0","49.91","","72.08","","2"
"net560","OK","2.137943999999996","0.07077874816761658","23.450499999999998","31.118000000000002","0.38899999999999935","5.495999999999999","11.769999999999996","23.645","23.256","33.866","28.37","0","5.900000000000002","5.900000000000002","5.900000000000002","3.7536","1","0","0","0","1","0","0","5.884999999999998","0","0","0","0","0","2","_18f9dad92e5a0000_p_Net","1","1","0","1","0","0","0","0","0","0","1","_18f9dad92e5a0000_p_odb__dbNet","3.7536","0.0","0.0","3.7536","3.7536","","3.7536","5.900000000000002","1","5.900000000000002","5.900000000000002","5.900000000000002","23.23","28.56","23.23","28.56","0","0","1","0","23.23","","28.56","","2"
"net561","OK","0.026823999999998703","8.55357127582947","34.5355","33.838","0.4789999999999992","0.055999999999997385","1.0699999999999932","34.775","34.296","33.866","33.81","0","1.3799999999999955","1.3799999999999955","1.3799999999999955","3.7536","1","0","0","0","1","0","0","0.5349999999999966","0","0","0","0","0","2","_90f9dad92e5a0000_p_Net","1","1","0","1","0","0","0","0","0","0","1","_90f9dad92e5a0000_p_odb__dbNet","3.7536","0.0","0.0","3.7536","3.7536","","3.7536","1.3799999999999955","1","1.3799999999999955","1.3799999999999955","1.3799999999999955","35.19","34.0","35.19","34.0","1","0","0","0","35.19","","34.0","","2"
"net562","OK","14.167307000000012","0.12094613322360297","25.750500000000002","15.121500000000001","1.309000000000001","10.823","24.264000000000003","26.405","25.096","20.533","9.71","0","12.259999999999998","12.259999999999998","12.259999999999998","3.7536","1","0","0","0","1","0","0","12.132000000000001","0","0","0","0","0","2","_08fadad92e5a0000_p_Net","1","1","0","1","0","0","0","0","0","0","1","_08fadad92e5a0000_p_odb__dbNet","3.7536","0.0","0.0","3.7536","3.7536","","3.7536","12.259999999999998","1","12.259999999999998","12.259999999999998","12.259999999999998","25.99","9.52","25.99","9.52","0","0","0","1","25.99","","9.52","","2"
"net563","OK","26.70763200000003","0.371051390809636","32.669","16.348","3.1480000000000032","8.484","23.264000000000006","34.243","31.095","20.59","12.106","0","11.379999999999994","11.379999999999994","11.379999999999994","3.7536","1","0","0","0","1","0","0","11.632000000000003","0","0","0","0","0","2","_80fadad92e5a0000_p_Net","1","1","0","1","0","0","0","0","0","0","1","_80fadad92e5a0000_p_odb__dbNet","3.7536","0.0","0.0","3.7536","3.7536","","3.7536","11.379999999999994","1","11.379999999999994","11.379999999999994","11.379999999999994","31.51","20.4","31.51","20.4","0","1","0","0","31.51","","20.4","","2"
"net564","OK","0.10410399999999524","33.1964279786368","31.0855","33.838","1.8590000000000018","0.055999999999997385","3.8299999999999983","32.015","30.156","33.866","33.81","0","2.759999999999998","2.759999999999998","2.759999999999998","3.7536","1","0","0","0","1","0","0","1.9149999999999991","0","0","0","0","0","2","_f8fadad92e5a0000_p_Net","1","1","0","1","0","0","0","0","0","0","1","_f8fadad92e5a0000_p_odb__dbNet","3.7536","0.0","0.0","3.7536","3.7536","","3.7536","2.759999999999998","1","2.759999999999998","2.759999999999998","2.759999999999998","32.43","34.0","32.43","34.0","1","0","0","0","32.43","","34.0","","2"
"net565","OK","5.161683","0.17082044748575215","29.2455","39.6015","0.9390000000000001","5.497","12.872","29.715","28.776","42.35","36.853","0","7.279999999999998","7.279999999999998","7.279999999999998","3.7536","1","0","0","0","1","0","0","6.436","0","0","0","0","0","2","_70fbdad92e5a0000_p_Net","1","1","0","1","0","0","0","0","0","0","1","_70fbdad92e5a0000_p_odb__dbNet","3.7536","0.0","0.0","3.7536","3.7536","","3.7536","7.279999999999998","1","7.279999999999998","7.279999999999998","7.279999999999998","30.13","42.16","30.13","42.16","1","0","0","0","30.13","","42.16","","2"
"net566","OK","2.855271999999983","0.30814717466880714","54.013999999999996","46.268","0.9379999999999953","3.043999999999997","7.963999999999984","54.483","53.545","47.79","44.746","0","4.559999999999995","4.559999999999995","4.559999999999995","3.7536","1","0","0","0","1","0","0","3.981999999999992","0","0","0","0","0","2","_e8fbdad92e5a0000_p_Net","1","1","0","1","0","0","0","0","0","0","1","_e8fbdad92e5a0000_p_odb__dbNet","3.7536","0.0","0.0","3.7536","3.7536","","3.7536","4.559999999999995","1","4.559999999999995","4.559999999999995","4.559999999999995","53.13","47.6","53.13","47.6","0","1","0","0","53.13","","47.6","","2"
"net567","OK","5.161683","0.17082044748575215","30.6255","39.6015","0.9390000000000001","5.497","12.872","31.095","30.156","42.35","36.853","0","7.279999999999998","7.279999999999998","7.279999999999998","3.7536","1","0","0","0","1","0","0","6.436","0","0","0","0","0","2","_60fcdad92e5a0000_p_Net","1","1","0","1","0","0","0","0","0","0","1","_60fcdad92e5a0000_p_odb__dbNet","3.7536","0.0","0.0","3.7536","3.7536","","3.7536","7.279999999999998","1","7.279999999999998","7.279999999999998","7.279999999999998","31.51","42.16","31.51","42.16","1","0","0","0","31.51","","42.16","","2"
"net568","OK","1.180683999999994","0.1275057508618115","47.388999999999996","35.331500000000005","0.3879999999999981","3.0429999999999993","6.861999999999995","47.583","47.195","36.853","33.81","0","3.1799999999999997","3.1799999999999997","3.1799999999999997","3.7536","1","0","0","0","1","0","0","3.4309999999999974","0","0","0","0","0","2","_d8fcdad92e5a0000_p_Net","1","1","0","1","0","0","0","0","0","0","1","_d8fcdad92e5a0000_p_odb__dbNet","3.7536","0.0","0.0","3.7536","3.7536","","3.7536","3.1799999999999997","1","3.1799999999999997","3.1799999999999997","3.1799999999999997","47.61","34.0","47.61","34.0","0","0","0","1","47.61","","34.0","","2"
"net569","OK","89.78183299999993","0.7505714546264448","50.820499999999996","42.3215","8.208999999999996","10.936999999999998","38.29199999999999","54.925","46.716","47.79","36.853","0","19.160000000000004","19.160000000000004","19.160000000000004","3.7536","1","0","0","0","1","0","0","19.145999999999994","0","0","0","0","0","2","_50fddad92e5a0000_p_Net","1","1","0","1","0","0","0","0","0","0","1","_50fddad92e5a0000_p_odb__dbNet","3.7536","0.0","0.0","3.7536","3.7536","","3.7536","19.160000000000004","1","19.160000000000004","19.160000000000004","19.160000000000004","54.51","47.6","54.51","47.6","1","0","0","0","54.51","","47.6","","2"
"net570","OK","0.10596299999999091","32.614034515546116","53.165499999999994","36.8815","1.8590000000000018","0.056999999999995055","3.8319999999999936","54.095","52.236","36.91","36.853","0","2.759999999999998","2.759999999999998","2.759999999999998","3.7536","1","0","0","0","1","0","0","1.9159999999999968","0","0","0","0","0","2","_c8fddad92e5a0000_p_Net","1","1","0","1","0","0","0","0","0","0","1","_c8fddad92e5a0000_p_odb__dbNet","3.7536","0.0","0.0","3.7536","3.7536","","3.7536","2.759999999999998","1","2.759999999999998","2.759999999999998","2.759999999999998","54.51","36.72","54.51","36.72","0","0","0","1","54.51","","36.72","","2"
"net571","OK","7.6903030000000046","0.25450245583872994","51.0955","61.3615","1.399000000000001","5.497","13.792000000000002","51.795","50.396","64.11","58.613","0","7.740000000000009","7.740000000000009","7.740000000000009","3.7536","1","0","0","0","1","0","0","6.896000000000001","0","0","0","0","0","2","_40fedad92e5a0000_p_Net","1","1","0","1","0","0","0","0","0","0","1","_40fedad92e5a0000_p_odb__dbNet","3.7536","0.0","0.0","3.7536","3.7536","","3.7536","7.740000000000009","1","7.740000000000009","7.740000000000009","7.740000000000009","52.21","63.92","52.21","63.92","1","0","0","0","52.21","","63.92","","2"
"net572","OK","0.07330400000000148","23.374999582588984","61.170500000000004","17.518","1.3090000000000046","0.05600000000000094","2.730000000000011","61.825","60.516","17.546","17.49","0","1.3799999999999955","1.3799999999999955","1.3799999999999955","3.7536","1","0","0","0","1","0","0","1.3650000000000055","0","0","0","0","0","2","_b8fedad92e5a0000_p_Net","1","1","0","1","0","0","0","0","0","0","1","_b8fedad92e5a0000_p_odb__dbNet","3.7536","0.0","0.0","3.7536","3.7536","","3.7536","1.3799999999999955","1","1.3799999999999955","1.3799999999999955","1.3799999999999955","61.41","17.68","61.41","17.68","1","0","0","0","61.41","","17.68","","2"
"net573","OK","35.49866400000001","1.175218340397523","40.2855","14.798","6.459000000000003","5.495999999999999","23.910000000000004","43.515","37.056","17.546","12.05","0","12.799999999999999","12.799999999999999","12.799999999999999","3.7536","1","0","0","0","1","0","0","11.955000000000002","0","0","0","0","0","2","_30ffdad92e5a0000_p_Net","1","1","0","1","0","0","0","0","0","0","1","_30ffdad92e5a0000_p_odb__dbNet","3.7536","0.0","0.0","3.7536","3.7536","","3.7536","12.799999999999999","1","12.799999999999999","12.799999999999999","12.799999999999999","43.93","12.24","43.93","12.24","0","0","0","1","43.93","","12.24","","2"
"net574","OK","6.661262999999992","1.1593658735255028","48.5655","10.851500000000001","2.7789999999999964","2.3970000000000002","10.351999999999993","49.955","47.176","12.05","9.653","0","6.4","6.4","6.4","3.7536","1","0","0","0","1","0","0","5.175999999999997","0","0","0","0","0","2","_a8ffdad92e5a0000_p_Net","1","1","0","1","0","0","0","0","0","0","1","_a8ffdad92e5a0000_p_odb__dbNet","3.7536","0.0","0.0","3.7536","3.7536","","3.7536","6.4","1","6.4","6.4","6.4","50.37","12.24","50.37","12.24","1","0","0","0","50.37","","12.24","","2"
"net575","OK","4.454164000000002","0.7758764604441261","54.085499999999996","10.908000000000001","1.8590000000000018","2.395999999999999","8.510000000000002","55.015","53.156","12.106","9.71","0","5.479999999999999","5.479999999999999","5.479999999999999","3.7536","1","0","0","0","1","0","0","4.255000000000001","0","0","0","0","0","2","_2000dbd92e5a0000_p_Net","1","1","0","1","0","0","0","0","0","0","1","_2000dbd92e5a0000_p_odb__dbNet","3.7536","0.0","0.0","3.7536","3.7536","","3.7536","5.479999999999999","1","5.479999999999999","5.479999999999999","5.479999999999999","55.43","9.52","55.43","9.52","0","0","0","1","55.43","","9.52","","2"
"net576","OK","14.474887000000003","0.49953557486540295","64.6205","17.8415","2.689","5.383000000000001","16.144000000000002","65.965","63.276","20.533","15.15","0","8.199999999999996","8.199999999999996","8.199999999999996","3.7536","1","0","0","0","1","0","0","8.072000000000001","0","0","0","0","0","2","_9800dbd92e5a0000_p_Net","1","1","0","1","0","0","0","0","0","0","1","_9800dbd92e5a0000_p_odb__dbNet","3.7536","0.0","0.0","3.7536","3.7536","","3.7536","8.199999999999996","1","8.199999999999996","8.199999999999996","8.199999999999996","65.55","14.96","65.55","14.96","0","0","0","1","65.55","","14.96","","2"
"net577","OK","4.1692839999999745","0.0678831185315954","61.649","29.8915","0.5319999999999965","7.837000000000003","16.738","61.915","61.383","33.81","25.973","0","8.620000000000001","8.620000000000001","8.620000000000001","3.7536","1","0","0","0","1","0","0","8.369","0","0","0","0","0","2","_1001dbd92e5a0000_p_Net","1","1","0","1","0","0","0","0","0","0","1","_1001dbd92e5a0000_p_odb__dbNet","3.7536","0.0","0.0","3.7536","3.7536","","3.7536","8.620000000000001","1","8.620000000000001","8.620000000000001","8.620000000000001","62.33","34.0","62.33","34.0","1","0","0","0","62.33","","34.0","","2"
"net578","OK","9.753393","1.6975385891958559","67.1505","43.4915","4.069000000000003","2.3969999999999985","12.932000000000002","69.185","65.116","44.69","42.293","0","6.8600000000000065","6.8600000000000065","6.8600000000000065","3.7536","1","0","0","0","1","0","0","6.466000000000001","0","0","0","0","0","2","_8801dbd92e5a0000_p_Net","1","1","0","1","0","0","0","0","0","0","1","_8801dbd92e5a0000_p_odb__dbNet","3.7536","0.0","0.0","3.7536","3.7536","","3.7536","6.8600000000000065","1","6.8600000000000065","6.8600000000000065","6.8600000000000065","68.77","44.88","68.77","44.88","1","0","0","0","68.77","","44.88","","2"
"net579","OK","0.07330400000000653","23.374999582587627","67.1505","44.718","1.3090000000000117","0.05600000000000449","2.7300000000000324","67.805","66.496","44.746","44.69","0","1.3799999999999955","1.3799999999999955","1.3799999999999955","3.7536","1","0","0","0","1","0","0","1.3650000000000162","0","0","0","0","0","2","_0002dbd92e5a0000_p_Net","1","1","0","1","0","0","0","0","0","0","1","_0002dbd92e5a0000_p_odb__dbNet","3.7536","0.0","0.0","3.7536","3.7536","","3.7536","1.3799999999999955","1","1.3799999999999955","1.3799999999999955","1.3799999999999955","67.39","44.88","67.39","44.88","1","0","0","0","67.39","","44.88","","2"
"net580","OK","0.027246000000000714","8.385964765158098","65.28399999999999","26.0015","0.47799999999999443","0.05700000000000216","1.0699999999999932","65.523","65.045","26.03","25.973","0","1.3800000000000097","1.3800000000000097","1.3800000000000097","3.7536","1","0","0","0","1","0","0","0.5349999999999966","0","0","0","0","0","2","_7802dbd92e5a0000_p_Net","1","1","0","1","0","0","0","0","0","0","1","_7802dbd92e5a0000_p_odb__dbNet","3.7536","0.0","0.0","3.7536","3.7536","","3.7536","1.3800000000000097","1","1.3800000000000097","1.3800000000000097","1.3800000000000097","64.63","25.84","64.63","25.84","0","0","1","0","64.63","","25.84","","2"
"net581","OK","4.258555999999999","0.4595926411105157","52.9355","95.22800000000001","1.399000000000001","3.043999999999997","8.885999999999996","53.635","52.236","96.75","93.706","0","5.019999999999996","5.019999999999996","5.019999999999996","3.7536","1","0","0","0","1","0","0","4.442999999999998","0","0","0","0","0","2","_f002dbd92e5a0000_p_Net","1","1","0","1","0","0","0","0","0","0","1","_f002dbd92e5a0000_p_odb__dbNet","3.7536","0.0","0.0","3.7536","3.7536","","3.7536","5.019999999999996","1","5.019999999999996","5.019999999999996","5.019999999999996","54.05","96.56","54.05","96.56","1","0","0","0","54.05","","96.56","","2"
"net582","OK","0.18462299999999573","56.82456040658813","69.0355","31.441499999999998","3.2390000000000043","0.05699999999999861","6.592000000000006","70.655","67.416","31.47","31.413","0","4.139999999999986","4.139999999999986","4.139999999999986","3.7536","1","0","0","0","1","0","0","3.296000000000003","0","0","0","0","0","2","_6803dbd92e5a0000_p_Net","1","1","0","1","0","0","0","0","0","0","1","_6803dbd92e5a0000_p_odb__dbNet","3.7536","0.0","0.0","3.7536","3.7536","","3.7536","4.139999999999986","1","4.139999999999986","4.139999999999986","4.139999999999986","71.07","31.28","71.07","31.28","0","0","0","1","71.07","","31.28","","2"
"net583","OK","1.4575969999999971","0.15741045016187608","71.3355","13.5715","0.4789999999999992","3.0429999999999993","7.043999999999997","71.575","71.096","15.093","12.05","0","4.099999999999996","4.099999999999996","4.099999999999996","3.7536","1","0","0","0","1","0","0","3.5219999999999985","0","0","0","0","0","2","_e003dbd92e5a0000_p_Net","1","1","0","1","0","0","0","0","0","0","1","_e003dbd92e5a0000_p_odb__dbNet","3.7536","0.0","0.0","3.7536","3.7536","","3.7536","4.099999999999996","1","4.099999999999996","4.099999999999996","4.099999999999996","71.99","12.24","71.99","12.24","0","0","0","1","71.99","","12.24","","2"
"net584","OK","22.862022999999954","0.756594505956594","75.0155","45.0415","4.158999999999992","5.497","19.311999999999983","77.095","72.936","47.79","42.293","0","10.500000000000007","10.500000000000007","10.500000000000007","3.7536","1","0","0","0","1","0","0","9.655999999999992","0","0","0","0","0","2","_5804dbd92e5a0000_p_Net","1","1","0","1","0","0","0","0","0","0","1","_5804dbd92e5a0000_p_odb__dbNet","3.7536","0.0","0.0","3.7536","3.7536","","3.7536","10.500000000000007","1","10.500000000000007","10.500000000000007","10.500000000000007","77.51","47.6","77.51","47.6","1","0","0","0","77.51","","47.6","","2"
"net585","OK","0.10596300000000122","32.61403451554319","78.0055","15.121500000000001","1.8590000000000089","0.057000000000000384","3.8320000000000185","78.935","77.076","15.15","15.093","0","2.759999999999991","2.759999999999991","2.759999999999991","3.7536","1","0","0","0","1","0","0","1.9160000000000093","0","0","0","0","0","2","_d004dbd92e5a0000_p_Net","1","1","0","1","0","0","0","0","0","0","1","_d004dbd92e5a0000_p_odb__dbNet","3.7536","0.0","0.0","3.7536","3.7536","","3.7536","2.759999999999991","1","2.759999999999991","2.759999999999991","2.759999999999991","79.35","14.96","79.35","14.96","0","0","0","1","79.35","","14.96","","2"
"net586","OK","30.07711700000011","0.256767994062944","76.16550000000001","20.5615","2.7790000000000106","10.822999999999999","27.20400000000002","77.555","74.776","25.973","15.15","0","14.559999999999992","14.559999999999992","14.559999999999992","3.7536","1","0","0","0","1","0","0","13.60200000000001","0","0","0","0","0","2","_4805dbd92e5a0000_p_Net","1","1","0","1","0","0","0","0","0","0","1","_4805dbd92e5a0000_p_odb__dbNet","3.7536","0.0","0.0","3.7536","3.7536","","3.7536","14.559999999999992","1","14.559999999999992","14.559999999999992","14.559999999999992","77.97","14.96","77.97","14.96","0","0","0","1","77.97","","14.96","","2"
"net587","OK","0.10410399999999814","33.19642797863562","72.0255","12.078","1.8589999999999947","0.05599999999999916","3.8299999999999876","72.955","71.096","12.106","12.05","0","2.760000000000005","2.760000000000005","2.760000000000005","3.7536","1","0","0","0","1","0","0","1.9149999999999938","0","0","0","0","0","2","_c005dbd92e5a0000_p_Net","1","1","0","1","0","0","0","0","0","0","1","_c005dbd92e5a0000_p_odb__dbNet","3.7536","0.0","0.0","3.7536","3.7536","","3.7536","2.760000000000005","1","2.760000000000005","2.760000000000005","2.760000000000005","73.37","12.24","73.37","12.24","1","0","0","0","73.37","","12.24","","2"
"net588","OK","3.984595999999993","0.43002628106766455","72.2105","29.948","1.3089999999999975","3.0440000000000005","8.705999999999996","72.865","71.556","31.47","28.426","0","4.100000000000012","4.100000000000012","4.100000000000012","3.7536","1","0","0","0","1","0","0","4.352999999999998","0","0","0","0","0","2","_3806dbd92e5a0000_p_Net","1","1","0","1","0","0","0","0","0","0","1","_3806dbd92e5a0000_p_odb__dbNet","3.7536","0.0","0.0","3.7536","3.7536","","3.7536","4.100000000000012","1","4.100000000000012","4.100000000000012","4.100000000000012","72.45","31.28","72.45","31.28","1","0","0","0","72.45","","31.28","","2"
"net589","OK","5.556324000000008","0.9678631047713433","68.1155","65.30799999999999","2.3190000000000026","2.396000000000001","9.430000000000007","69.275","66.956","66.506","64.11","0","5.939999999999998","5.939999999999998","5.939999999999998","3.7536","1","0","0","0","1","0","0","4.715000000000003","0","0","0","0","0","2","_b006dbd92e5a0000_p_Net","1","1","0","1","0","0","0","0","0","0","1","_b006dbd92e5a0000_p_odb__dbNet","3.7536","0.0","0.0","3.7536","3.7536","","3.7536","5.939999999999998","1","5.939999999999998","5.939999999999998","5.939999999999998","69.69","63.92","69.69","63.92","0","0","0","1","69.69","","63.92","","2"
"net590","OK","0.053465999999988835","16.4561400621765","66.894","74.9615","0.9380000000000024","0.05699999999998795","1.9899999999999807","67.363","66.425","74.99","74.933","0","1.8399999999999892","1.8399999999999892","1.8399999999999892","3.7536","1","0","0","0","1","0","0","0.9949999999999903","0","0","0","0","0","2","_2807dbd92e5a0000_p_Net","1","1","0","1","0","0","0","0","0","0","1","_2807dbd92e5a0000_p_odb__dbNet","3.7536","0.0","0.0","3.7536","3.7536","","3.7536","1.8399999999999892","1","1.8399999999999892","1.8399999999999892","1.8399999999999892","66.01","74.8","66.01","74.8","0","0","1","0","66.01","","74.8","","2"
"net591","OK","2.8637560000000244","0.0988296488763093","63.949","77.6815","0.5320000000000036","5.38300000000001","11.830000000000027","64.215","63.683","80.373","74.99","0","5.8999999999999915","5.8999999999999915","5.8999999999999915","3.7536","1","0","0","0","1","0","0","5.915000000000013","0","0","0","0","0","2","_a007dbd92e5a0000_p_Net","1","1","0","1","0","0","0","0","0","0","1","_a007dbd92e5a0000_p_odb__dbNet","3.7536","0.0","0.0","3.7536","3.7536","","3.7536","5.8999999999999915","1","5.8999999999999915","5.8999999999999915","5.8999999999999915","64.63","74.8","64.63","74.8","0","0","0","1","64.63","","74.8","","2"
"net592","OK","0.2586640000000536","82.48214138423039","68.8055","88.238","4.619","0.056000000000011596","9.350000000000023","71.115","66.496","88.266","88.21","0","5.519999999999996","5.519999999999996","5.519999999999996","3.7536","1","0","0","0","1","0","0","4.675000000000011","0","0","0","0","0","2","_1808dbd92e5a0000_p_Net","1","1","0","1","0","0","0","0","0","0","1","_1808dbd92e5a0000_p_odb__dbNet","3.7536","0.0","0.0","3.7536","3.7536","","3.7536","5.519999999999996","1","5.519999999999996","5.519999999999996","5.519999999999996","71.53","88.4","71.53","88.4","1","0","0","0","71.53","","88.4","","2"
"net593","OK","0.0525840000000105","16.76785684342753","76.6255","88.238","0.938999999999993","0.056000000000011596","1.990000000000009","77.095","76.156","88.266","88.21","0","1.8400000000000034","1.8400000000000034","1.8400000000000034","3.7536","1","0","0","0","1","0","0","0.9950000000000045","0","0","0","0","0","2","_9008dbd92e5a0000_p_Net","1","1","0","1","0","0","0","0","0","0","1","_9008dbd92e5a0000_p_odb__dbNet","3.7536","0.0","0.0","3.7536","3.7536","","3.7536","1.8400000000000034","1","1.8400000000000034","1.8400000000000034","1.8400000000000034","77.51","88.4","77.51","88.4","1","0","0","0","77.51","","88.4","","2"
"net594","OK","0.3359440000000693","107.12499808703134","70.8755","88.238","5.998999999999995","0.056000000000011596","12.110000000000014","73.875","67.876","88.266","88.21","0","6.900000000000006","6.900000000000006","6.900000000000006","3.7536","1","0","0","0","1","0","0","6.055000000000007","0","0","0","0","0","2","_0809dbd92e5a0000_p_Net","1","1","0","1","0","0","0","0","0","0","1","_0809dbd92e5a0000_p_odb__dbNet","3.7536","0.0","0.0","3.7536","3.7536","","3.7536","6.900000000000006","1","6.900000000000006","6.900000000000006","6.900000000000006","74.29","88.4","74.29","88.4","1","0","0","0","74.29","","88.4","","2"
"net595","OK","2.0886040000000263","0.07207876647369994","64.869","94.0015","0.38800000000000523","5.382999999999996","11.542000000000002","65.063","64.675","96.693","91.31","0","5.8999999999999915","5.8999999999999915","5.8999999999999915","3.7536","1","0","0","0","1","0","0","5.771000000000001","0","0","0","0","0","2","_8009dbd92e5a0000_p_Net","1","1","0","1","0","0","0","0","0","0","1","_8009dbd92e5a0000_p_odb__dbNet","3.7536","0.0","0.0","3.7536","3.7536","","3.7536","5.8999999999999915","1","5.8999999999999915","5.8999999999999915","5.8999999999999915","65.09","91.12","65.09","91.12","0","0","0","1","65.09","","91.12","","2"
"net596","OK","0.15058399999999297","48.01785628539767","64.6205","104.55799999999999","2.689","0.055999999999997385","5.489999999999995","65.965","63.276","104.586","104.53","0","2.759999999999998","2.759999999999998","2.759999999999998","3.7536","1","0","0","0","1","0","0","2.7449999999999974","0","0","0","0","0","2","_f809dbd92e5a0000_p_Net","1","1","0","1","0","0","0","0","0","0","1","_f809dbd92e5a0000_p_odb__dbNet","3.7536","0.0","0.0","3.7536","3.7536","","3.7536","2.759999999999998","1","2.759999999999998","2.759999999999998","2.759999999999998","65.55","104.72","65.55","104.72","1","0","0","0","65.55","","104.72","","2"
"net597","OK","3.9845959999999696","0.4300262810676671","59.7905","127.868","1.3089999999999975","3.0439999999999827","8.70599999999996","60.445","59.136","129.39","126.346","0","4.099999999999987","4.099999999999987","4.099999999999987","3.7536","1","0","0","0","1","0","0","4.35299999999998","0","0","0","0","0","2","_700adbd92e5a0000_p_Net","1","1","0","1","0","0","0","0","0","0","1","_700adbd92e5a0000_p_odb__dbNet","3.7536","0.0","0.0","3.7536","3.7536","","3.7536","4.099999999999987","1","4.099999999999987","4.099999999999987","4.099999999999987","60.03","129.2","60.03","129.2","1","0","0","0","60.03","","129.2","","2"
"net598","OK","34.08162700000003","0.2909544488320285","57.9505","118.4815","3.149000000000001","10.823000000000008","27.944000000000017","59.525","56.376","123.893","113.07","0","14.100000000000009","14.100000000000009","14.100000000000009","3.7536","1","0","0","0","1","0","0","13.972000000000008","0","0","0","0","0","2","_e80adbd92e5a0000_p_Net","1","1","0","1","0","0","0","0","0","0","1","_e80adbd92e5a0000_p_odb__dbNet","3.7536","0.0","0.0","3.7536","3.7536","","3.7536","14.100000000000009","1","14.100000000000009","14.100000000000009","14.100000000000009","59.11","112.88","59.11","112.88","0","0","0","1","59.11","","112.88","","2"
"net599","OK","29.942207999999898","0.9912663753654936","55.899","145.358","5.448","5.495999999999981","21.887999999999963","58.623","53.175","148.106","142.61","0","10.959999999999994","10.959999999999994","10.959999999999994","3.7536","1","0","0","0","1","0","0","10.943999999999981","0","0","0","0","0","2","_600bdbd92e5a0000_p_Net","1","1","0","1","0","0","0","0","0","0","1","_600bdbd92e5a0000_p_odb__dbNet","3.7536","0.0","0.0","3.7536","3.7536","","3.7536","10.959999999999994","1","10.959999999999994","10.959999999999994","10.959999999999994","53.59","142.8","53.59","142.8","0","0","1","0","53.59","","142.8","","2"
"net600","OK","8.647163999999956","1.5062604334281142","64.1605","146.90800000000002","3.6090000000000018","2.3959999999999866","12.009999999999977","65.965","62.356","148.106","145.71","0","6.399999999999999","6.399999999999999","6.399999999999999","3.7536","1","0","0","0","1","0","0","6.004999999999988","0","0","0","0","0","2","_d80bdbd92e5a0000_p_Net","1","1","0","1","0","0","0","0","0","0","1","_d80bdbd92e5a0000_p_odb__dbNet","3.7536","0.0","0.0","3.7536","3.7536","","3.7536","6.399999999999999","1","6.399999999999999","6.399999999999999","6.399999999999999","65.55","145.52","65.55","145.52","0","0","0","1","65.55","","145.52","","2"
"net601","OK","0.04314600000000199","0.007509386730284166","63.674","146.8515","0.018000000000000682","2.39700000000002","4.830000000000041","63.683","63.665","148.05","145.653","0","3.6400000000000006","3.6400000000000006","3.6400000000000006","3.7536","1","0","0","0","1","0","0","2.4150000000000205","0","0","0","0","0","2","_500cdbd92e5a0000_p_Net","1","1","0","1","0","0","0","0","0","0","1","_500cdbd92e5a0000_p_odb__dbNet","3.7536","0.0","0.0","3.7536","3.7536","","3.7536","3.6400000000000006","1","3.6400000000000006","3.6400000000000006","3.6400000000000006","63.25","148.24","63.25","148.24","0","1","0","0","63.25","","148.24","","2"
"net602","OK","0.0745560000000214","22.947368018460633","54.748999999999995","140.2415","1.3079999999999998","0.05700000000001637","2.7300000000000324","55.403","54.095","140.27","140.213","0","1.3800000000000026","1.3800000000000026","1.3800000000000026","3.7536","1","0","0","0","1","0","0","1.3650000000000162","0","0","0","0","0","2","_c80cdbd92e5a0000_p_Net","1","1","0","1","0","0","0","0","0","0","1","_c80cdbd92e5a0000_p_odb__dbNet","3.7536","0.0","0.0","3.7536","3.7536","","3.7536","1.3800000000000026","1","1.3800000000000026","1.3800000000000026","1.3800000000000026","54.51","140.08","54.51","140.08","0","0","1","0","54.51","","140.08","","2"
"net603","OK","0.027303000000007797","8.403508624497421","75.93549999999999","134.8015","0.4789999999999992","0.05700000000001637","1.0720000000000312","76.175","75.696","134.83","134.773","0","1.3800000000000097","1.3800000000000097","1.3800000000000097","3.7536","1","0","0","0","1","0","0","0.5360000000000156","0","0","0","0","0","2","_400ddbd92e5a0000_p_Net","1","1","0","1","0","0","0","0","0","0","1","_400ddbd92e5a0000_p_odb__dbNet","3.7536","0.0","0.0","3.7536","3.7536","","3.7536","1.3800000000000097","1","1.3800000000000097","1.3800000000000097","1.3800000000000097","76.59","134.64","76.59","134.64","0","0","0","1","76.59","","134.64","","2"
"net604","OK","2.578457","0.08898383799201458","75.93549999999999","159.2815","0.4789999999999992","5.38300000000001","11.724000000000018","76.175","75.696","161.973","156.59","0","6.820000000000007","6.820000000000007","6.820000000000007","3.7536","1","0","0","0","1","0","0","5.862000000000009","0","0","0","0","0","2","_b80ddbd92e5a0000_p_Net","1","1","0","1","0","0","0","0","0","0","1","_b80ddbd92e5a0000_p_odb__dbNet","3.7536","0.0","0.0","3.7536","3.7536","","3.7536","6.820000000000007","1","6.820000000000007","6.820000000000007","6.820000000000007","76.59","156.4","76.59","156.4","0","0","0","1","76.59","","156.4","","2"
"net605","OK","0.2056560000000593","0.0017553584625138651","74.7855","148.078","0.019000000000005457","10.824000000000012","21.686000000000035","74.795","74.776","153.49","142.666","0","11.799999999999983","11.799999999999983","11.799999999999983","3.7536","1","0","0","0","1","0","0","10.843000000000018","0","0","0","0","0","2","_300edbd92e5a0000_p_Net","1","1","0","1","0","0","0","0","0","0","1","_300edbd92e5a0000_p_odb__dbNet","3.7536","0.0","0.0","3.7536","3.7536","","3.7536","11.799999999999983","1","11.799999999999983","11.799999999999983","11.799999999999983","75.21","153.68","75.21","153.68","1","0","0","0","75.21","","153.68","","2"
"net606","OK","0.02682399999999269","8.553571275831894","77.3155","153.518","0.4790000000000134","0.055999999999983174","1.0699999999999932","77.555","77.076","153.546","153.49","0","1.3799999999999955","1.3799999999999955","1.3799999999999955","3.7536","1","0","0","0","1","0","0","0.5349999999999966","0","0","0","0","0","2","_a80edbd92e5a0000_p_Net","1","1","0","1","0","0","0","0","0","0","1","_a80edbd92e5a0000_p_odb__dbNet","3.7536","0.0","0.0","3.7536","3.7536","","3.7536","1.3799999999999955","1","1.3799999999999955","1.3799999999999955","1.3799999999999955","77.97","153.68","77.97","153.68","1","0","0","0","77.97","","153.68","","2"
"net607","OK","6.440447999999953","1.1218697825033974","65.099","152.348","2.6879999999999953","2.3959999999999866","10.167999999999964","66.443","63.755","153.546","151.15","0","5.480000000000004","5.480000000000004","5.480000000000004","3.7536","1","0","0","0","1","0","0","5.083999999999982","0","0","0","0","0","2","_200fdbd92e5a0000_p_Net","1","1","0","1","0","0","0","0","0","0","1","_200fdbd92e5a0000_p_odb__dbNet","3.7536","0.0","0.0","3.7536","3.7536","","3.7536","5.480000000000004","1","5.480000000000004","5.480000000000004","5.480000000000004","64.17","150.96","64.17","150.96","0","0","1","0","64.17","","150.96","","2"
"net608","OK","0.3051439999999082","97.30356969103688","71.5205","153.518","5.448999999999998","0.055999999999983174","11.009999999999962","74.245","68.796","153.546","153.49","0","5.519999999999996","5.519999999999996","5.519999999999996","3.7536","1","0","0","0","1","0","0","5.504999999999981","0","0","0","0","0","2","_980fdbd92e5a0000_p_Net","1","1","0","1","0","0","0","0","0","0","1","_980fdbd92e5a0000_p_odb__dbNet","3.7536","0.0","0.0","3.7536","3.7536","","3.7536","5.519999999999996","1","5.519999999999996","5.519999999999996","5.519999999999996","73.83","153.68","73.83","153.68","1","0","0","0","73.83","","153.68","","2"
"net609","OK","0.02682400000000551","8.553571275827299","51.5555","131.75799999999998","0.4789999999999992","0.056000000000011596","1.0700000000000216","51.795","51.316","131.786","131.73","0","1.3800000000000026","1.3800000000000026","1.3800000000000026","3.7536","1","0","0","0","1","0","0","0.5350000000000108","0","0","0","0","0","2","_1010dbd92e5a0000_p_Net","1","1","0","1","0","0","0","0","0","0","1","_1010dbd92e5a0000_p_odb__dbNet","3.7536","0.0","0.0","3.7536","3.7536","","3.7536","1.3800000000000026","1","1.3800000000000026","1.3800000000000026","1.3800000000000026","52.21","131.92","52.21","131.92","1","0","0","0","52.21","","131.92","","2"
"net610","OK","0.057836000000016555","0.006241787120158899","37.0655","122.428","0.019000000000005457","3.043999999999997","6.126000000000005","37.075","37.056","123.95","120.906","0","3.6400000000000006","3.6400000000000006","3.6400000000000006","3.7536","1","0","0","0","1","0","0","3.0630000000000024","0","0","0","0","0","2","_8810dbd92e5a0000_p_Net","1","1","0","1","0","0","0","0","0","0","1","_8810dbd92e5a0000_p_odb__dbNet","3.7536","0.0","0.0","3.7536","3.7536","","3.7536","3.6400000000000006","1","3.6400000000000006","3.6400000000000006","3.6400000000000006","37.49","123.76","37.49","123.76","1","0","0","0","37.49","","123.76","","2"
"net611","OK","0.027303000000007797","8.403508624497421","46.0355","151.1215","0.4789999999999992","0.05700000000001637","1.0720000000000312","46.275","45.796","151.15","151.093","0","1.3799999999999955","1.3799999999999955","1.3799999999999955","3.7536","1","0","0","0","1","0","0","0.5360000000000156","0","0","0","0","0","2","_0011dbd92e5a0000_p_Net","1","1","0","1","0","0","0","0","0","0","1","_0011dbd92e5a0000_p_odb__dbNet","3.7536","0.0","0.0","3.7536","3.7536","","3.7536","1.3799999999999955","1","1.3799999999999955","1.3799999999999955","1.3799999999999955","46.69","150.96","46.69","150.96","0","0","0","1","46.69","","150.96","","2"
"net612","OK","0.07324800000001516","23.35714244004619","39.108999999999995","131.75799999999998","1.3079999999999998","0.056000000000011596","2.728000000000023","39.763","38.455","131.786","131.73","0","1.3800000000000026","1.3800000000000026","1.3800000000000026","3.7536","1","0","0","0","1","0","0","1.3640000000000114","0","0","0","0","0","2","_7811dbd92e5a0000_p_Net","1","1","0","1","0","0","0","0","0","0","1","_7811dbd92e5a0000_p_odb__dbNet","3.7536","0.0","0.0","3.7536","3.7536","","3.7536","1.3800000000000026","1","1.3800000000000026","1.3800000000000026","1.3800000000000026","38.87","131.92","38.87","131.92","0","1","0","0","38.87","","131.92","","2"
"net613","OK","0.026823999999991896","8.55357127583164","29.9355","142.638","0.4789999999999992","0.055999999999983174","1.0699999999999648","30.175","29.696","142.666","142.61","0","1.379999999999999","1.379999999999999","1.379999999999999","3.7536","1","0","0","0","1","0","0","0.5349999999999824","0","0","0","0","0","2","_f011dbd92e5a0000_p_Net","1","1","0","1","0","0","0","0","0","0","1","_f011dbd92e5a0000_p_odb__dbNet","3.7536","0.0","0.0","3.7536","3.7536","","3.7536","1.379999999999999","1","1.379999999999999","1.379999999999999","1.379999999999999","30.59","142.8","30.59","142.8","1","0","0","0","30.59","","142.8","","2"
"net614","OK","26.292693000000057","4.576136835804687","21.8405","48.9315","10.968999999999998","2.3970000000000056","26.732000000000006","27.325","16.356","50.13","47.733","0","13.76","13.76","13.76","3.7536","1","0","0","0","1","0","0","13.366000000000003","0","0","0","0","0","2","_6812dbd92e5a0000_p_Net","1","1","0","1","0","0","0","0","0","0","1","_6812dbd92e5a0000_p_odb__dbNet","3.7536","0.0","0.0","3.7536","3.7536","","3.7536","13.76","1","13.76","13.76","13.76","26.91","50.32","26.91","50.32","1","0","0","0","26.91","","50.32","","2"
"net615","OK","0.3892530000000147","119.80701544197764","8.7305","80.4015","6.829","0.05700000000000216","13.772000000000004","12.145","5.316","80.43","80.373","0","6.9","6.9","6.9","3.7536","1","0","0","0","1","0","0","6.886000000000002","0","0","0","0","0","2","_e012dbd92e5a0000_p_Net","1","1","0","1","0","0","0","0","0","0","1","_e012dbd92e5a0000_p_odb__dbNet","3.7536","0.0","0.0","3.7536","3.7536","","3.7536","6.9","1","6.9","6.9","6.9","11.73","80.24","11.73","80.24","0","0","0","1","11.73","","80.24","","2"
"net616","OK","49.53367299999999","0.4140989301989486","21.380499999999998","15.121500000000001","4.529","10.937","30.932","23.645","19.116","20.59","9.653","0","15.48","15.48","15.48","3.7536","1","0","0","0","1","0","0","15.466","0","0","0","0","0","2","_5813dbd92e5a0000_p_Net","1","1","0","1","0","0","0","0","0","0","1","_5813dbd92e5a0000_p_odb__dbNet","3.7536","0.0","0.0","3.7536","3.7536","","3.7536","15.48","1","15.48","15.48","15.48","23.23","20.4","23.23","20.4","1","0","0","0","23.23","","20.4","","2"
"net617","OK","0.1059629999999974","32.61403451554405","13.145499999999998","20.561500000000002","1.859","0.05699999999999861","3.831999999999997","14.075","12.216","20.59","20.533","0","2.76","2.76","2.76","3.7536","1","0","0","0","1","0","0","1.9159999999999986","0","0","0","0","0","2","_e0e502d92e5a0000_p_Net","1","1","0","1","0","0","0","0","0","0","1","_e0e502d92e5a0000_p_odb__dbNet","3.7536","0.0","0.0","3.7536","3.7536","","3.7536","2.76","1","2.76","2.76","2.76","14.49","20.4","14.49","20.4","0","0","0","1","14.49","","20.4","","2"
"net618","OK","0.0732479999999989","23.357142440051376","36.349000000000004","12.078","1.3079999999999998","0.05599999999999916","2.727999999999998","37.003","35.695","12.106","12.05","0","1.3800000000000026","1.3800000000000026","1.3800000000000026","3.7536","1","0","0","0","1","0","0","1.363999999999999","0","0","0","0","0","2","_58e602d92e5a0000_p_Net","1","1","0","1","0","0","0","0","0","0","1","_58e602d92e5a0000_p_odb__dbNet","3.7536","0.0","0.0","3.7536","3.7536","","3.7536","1.3800000000000026","1","1.3800000000000026","1.3800000000000026","1.3800000000000026","36.11","12.24","36.11","12.24","0","1","0","0","36.11","","12.24","","2"
"net619","OK","3.1352759999999997","0.5456821024006331","40.489000000000004","10.851500000000001","1.3079999999999998","2.3970000000000002","7.41","41.143","39.835","12.05","9.653","0","4.100000000000003","4.100000000000003","4.100000000000003","3.7536","1","0","0","0","1","0","0","3.705","0","0","0","0","0","2","_d0e602d92e5a0000_p_Net","1","1","0","1","0","0","0","0","0","0","1","_d0e602d92e5a0000_p_odb__dbNet","3.7536","0.0","0.0","3.7536","3.7536","","3.7536","4.100000000000003","1","4.100000000000003","4.100000000000003","4.100000000000003","40.25","12.24","40.25","12.24","0","1","0","0","40.25","","12.24","","2"
"net620","OK","0.4339440000000072","138.37499752901556","25.2905","17.518","7.748999999999999","0.05600000000000094","15.61","29.165","21.416","17.546","17.49","0","7.82","7.82","7.82","3.7536","1","0","0","0","1","0","0","7.805","0","0","0","0","0","2","_48e702d92e5a0000_p_Net","1","1","0","1","0","0","0","0","0","0","1","_48e702d92e5a0000_p_odb__dbNet","3.7536","0.0","0.0","3.7536","3.7536","","3.7536","7.82","1","7.82","7.82","7.82","28.75","17.68","28.75","17.68","1","0","0","0","28.75","","17.68","","2"
"net621","OK","0.045524000000000286","0.007929883135254697","11.305499999999999","16.348","0.019000000000000128","2.395999999999999","4.829999999999998","11.315","11.296","17.546","15.15","0","3.639999999999999","3.639999999999999","3.639999999999999","3.7536","1","0","0","0","1","0","0","2.414999999999999","0","0","0","0","0","2","_c0e702d92e5a0000_p_Net","1","1","0","1","0","0","0","0","0","0","1","_c0e702d92e5a0000_p_odb__dbNet","3.7536","0.0","0.0","3.7536","3.7536","","3.7536","3.639999999999999","1","3.639999999999999","3.639999999999999","3.639999999999999","11.73","14.96","11.73","14.96","0","0","0","1","11.73","","14.96","","2"
"net622","OK","7.7606440000000045","1.3518363934257775","20.2755","38.108","3.2390000000000008","2.396000000000001","11.270000000000003","21.895","18.656","39.306","36.91","0","6.859999999999996","6.859999999999996","6.859999999999996","3.7536","1","0","0","0","1","0","0","5.635000000000002","0","0","0","0","0","2","_38e802d92e5a0000_p_Net","1","1","0","1","0","0","0","0","0","0","1","_38e802d92e5a0000_p_odb__dbNet","3.7536","0.0","0.0","3.7536","3.7536","","3.7536","6.859999999999996","1","6.859999999999996","6.859999999999996","6.859999999999996","22.31","36.72","22.31","36.72","0","0","0","1","22.31","","36.72","","2"
"net623","OK","0.07324799999999657","23.357142440052115","14.729","39.278","1.3079999999999998","0.055999999999997385","2.7279999999999944","15.383","14.075","39.306","39.25","0","1.379999999999999","1.379999999999999","1.379999999999999","3.7536","1","0","0","0","1","0","0","1.3639999999999972","0","0","0","0","0","2","_b0e802d92e5a0000_p_Net","1","1","0","1","0","0","0","0","0","0","1","_b0e802d92e5a0000_p_odb__dbNet","3.7536","0.0","0.0","3.7536","3.7536","","3.7536","1.379999999999999","1","1.379999999999999","1.379999999999999","1.379999999999999","14.49","39.44","14.49","39.44","0","1","0","0","14.49","","39.44","","2"
"net624","OK","7.188768000000002","0.2379912663322431","23.929","41.998000000000005","1.3079999999999998","5.496000000000002","13.608000000000004","24.583","23.275","44.746","39.25","0","6.820000000000004","6.820000000000004","6.820000000000004","3.7536","1","0","0","0","1","0","0","6.804000000000002","0","0","0","0","0","2","_28e902d92e5a0000_p_Net","1","1","0","1","0","0","0","0","0","0","1","_28e902d92e5a0000_p_odb__dbNet","3.7536","0.0","0.0","3.7536","3.7536","","3.7536","6.820000000000004","1","6.820000000000004","6.820000000000004","6.820000000000004","23.69","39.44","23.69","39.44","0","0","1","0","23.69","","39.44","","2"
"net625","OK","5.658795999999989","0.6107095924406342","16.825499999999998","68.02799999999999","1.8589999999999982","3.043999999999997","9.80599999999999","17.755","15.896","69.55","66.506","0","5.48","5.48","5.48","3.7536","1","0","0","0","1","0","0","4.902999999999995","0","0","0","0","0","2","_a0e902d92e5a0000_p_Net","1","1","0","1","0","0","0","0","0","0","1","_a0e902d92e5a0000_p_odb__dbNet","3.7536","0.0","0.0","3.7536","3.7536","","3.7536","5.48","1","5.48","5.48","5.48","18.17","69.36","18.17","69.36","1","0","0","0","18.17","","69.36","","2"
"net626","OK","0.0268239999999989","8.553571275829533","30.3955","28.398","0.47900000000000276","0.055999999999997385","1.0700000000000003","30.635","30.156","28.426","28.37","0","1.379999999999999","1.379999999999999","1.379999999999999","3.7536","1","0","0","0","1","0","0","0.5350000000000001","0","0","0","0","0","2","_18ea02d92e5a0000_p_Net","1","1","0","1","0","0","0","0","0","0","1","_18ea02d92e5a0000_p_odb__dbNet","3.7536","0.0","0.0","3.7536","3.7536","","3.7536","1.379999999999999","1","1.379999999999999","1.379999999999999","1.379999999999999","31.05","28.56","31.05","28.56","1","0","0","0","31.05","","28.56","","2"
"net627","OK","0.04554300000001305","0.007926574881968667","36.6055","59.811499999999995","0.019000000000005457","2.3969999999999985","4.832000000000008","36.615","36.596","61.01","58.613","0","3.6400000000000077","3.6400000000000077","3.6400000000000077","3.7536","1","0","0","0","1","0","0","2.416000000000004","0","0","0","0","0","2","_90ea02d92e5a0000_p_Net","1","1","0","1","0","0","0","0","0","0","1","_90ea02d92e5a0000_p_odb__dbNet","3.7536","0.0","0.0","3.7536","3.7536","","3.7536","3.6400000000000077","1","3.6400000000000077","3.6400000000000077","3.6400000000000077","37.03","61.2","37.03","61.2","1","0","0","0","37.03","","61.2","","2"
"net628","OK","14.755676999999935","0.05501618122641389","44.8855","66.8015","0.9009999999999962","16.376999999999995","34.55599999999998","45.336","44.435","74.99","58.613","0","16.32","16.32","16.32","3.7536","1","0","0","0","1","0","0","17.27799999999999","0","0","0","0","0","2","_08eb02d92e5a0000_p_Net","1","1","0","1","0","0","0","0","0","0","1","_08eb02d92e5a0000_p_odb__dbNet","3.7536","0.0","0.0","3.7536","3.7536","","3.7536","16.32","1","16.32","16.32","16.32","44.85","74.8","44.85","74.8","0","1","0","0","44.85","","74.8","","2"
"net629","OK","0.07330399999999683","23.374999582590466","45.5305","55.598","1.3090000000000046","0.055999999999997385","2.730000000000004","46.185","44.876","55.626","55.57","0","1.3800000000000026","1.3800000000000026","1.3800000000000026","3.7536","1","0","0","0","1","0","0","1.365000000000002","0","0","0","0","0","2","_80eb02d92e5a0000_p_Net","1","1","0","1","0","0","0","0","0","0","1","_80eb02d92e5a0000_p_odb__dbNet","3.7536","0.0","0.0","3.7536","3.7536","","3.7536","1.3800000000000026","1","1.3800000000000026","1.3800000000000026","1.3800000000000026","45.77","55.76","45.77","55.76","1","0","0","0","45.77","","55.76","","2"
"net630","OK","0.1813840000000144","57.83928468143666","36.3755","61.038","3.238999999999997","0.05600000000000449","6.590000000000003","37.995","34.756","61.066","61.01","0","4.1399999999999935","4.1399999999999935","4.1399999999999935","3.7536","1","0","0","0","1","0","0","3.2950000000000017","0","0","0","0","0","2","_f8eb02d92e5a0000_p_Net","1","1","0","1","0","0","0","0","0","0","1","_f8eb02d92e5a0000_p_odb__dbNet","3.7536","0.0","0.0","3.7536","3.7536","","3.7536","4.1399999999999935","1","4.1399999999999935","4.1399999999999935","4.1399999999999935","38.41","61.2","38.41","61.2","1","0","0","0","38.41","","61.2","","2"
"net631","OK","0.02730300000000099","8.403508624499516","33.6155","85.8415","0.4789999999999992","0.05700000000000216","1.0720000000000027","33.855","33.376","85.87","85.813","0","1.3800000000000026","1.3800000000000026","1.3800000000000026","3.7536","1","0","0","0","1","0","0","0.5360000000000014","0","0","0","0","0","2","_70ec02d92e5a0000_p_Net","1","1","0","1","0","0","0","0","0","0","1","_70ec02d92e5a0000_p_odb__dbNet","3.7536","0.0","0.0","3.7536","3.7536","","3.7536","1.3800000000000026","1","1.3800000000000026","1.3800000000000026","1.3800000000000026","34.27","85.68","34.27","85.68","0","0","0","1","34.27","","85.68","","2"
"net632","OK","8.459276000000003","0.9129434951008747","34.305499999999995","122.428","2.7790000000000035","3.043999999999997","11.646","35.695","32.916","123.95","120.906","0","6.399999999999999","6.399999999999999","6.399999999999999","3.7536","1","0","0","0","1","0","0","5.823","0","0","0","0","0","2","_e8ec02d92e5a0000_p_Net","1","1","0","1","0","0","0","0","0","0","1","_e8ec02d92e5a0000_p_odb__dbNet","3.7536","0.0","0.0","3.7536","3.7536","","3.7536","6.399999999999999","1","6.399999999999999","6.399999999999999","6.399999999999999","36.11","123.76","36.11","123.76","1","0","0","0","36.11","","123.76","","2"
"net633","OK","0.02682400000000551","8.553571275827299","17.9755","131.75799999999998","0.4789999999999992","0.056000000000011596","1.0700000000000216","18.215","17.736","131.786","131.73","0","1.379999999999999","1.379999999999999","1.379999999999999","3.7536","1","0","0","0","1","0","0","0.5350000000000108","0","0","0","0","0","2","_60ed02d92e5a0000_p_Net","1","1","0","1","0","0","0","0","0","0","1","_60ed02d92e5a0000_p_odb__dbNet","3.7536","0.0","0.0","3.7536","3.7536","","3.7536","1.379999999999999","1","1.379999999999999","1.379999999999999","1.379999999999999","18.63","131.92","18.63","131.92","1","0","0","0","18.63","","131.92","","2"
"net634","OK","0.027303000000007998","8.403508624497483","22.575499999999998","140.2415","0.47900000000000276","0.05700000000001637","1.0720000000000383","22.815","22.336","140.27","140.213","0","1.379999999999999","1.379999999999999","1.379999999999999","3.7536","1","0","0","0","1","0","0","0.5360000000000191","0","0","0","0","0","2","_d8ed02d92e5a0000_p_Net","1","1","0","1","0","0","0","0","0","0","1","_d8ed02d92e5a0000_p_odb__dbNet","3.7536","0.0","0.0","3.7536","3.7536","","3.7536","1.379999999999999","1","1.379999999999999","1.379999999999999","1.379999999999999","23.23","140.08","23.23","140.08","0","0","0","1","23.23","","140.08","","2"
"net635","OK","0.02730300000000109","8.403508624499548","7.8555","123.92150000000001","0.479000000000001","0.05700000000000216","1.0720000000000063","8.095","7.616","123.95","123.893","0","1.38","1.38","1.38","3.7536","1","0","0","0","1","0","0","0.5360000000000031","0","0","0","0","0","2","_50ee02d92e5a0000_p_Net","1","1","0","1","0","0","0","0","0","0","1","_50ee02d92e5a0000_p_odb__dbNet","3.7536","0.0","0.0","3.7536","3.7536","","3.7536","1.38","1","1.38","1.38","1.38","8.51","123.76","8.51","123.76","0","0","0","1","8.51","","123.76","","2"
"net636","OK","0.10596300000003048","32.6140345155339","8.0855","140.2415","1.8590000000000009","0.05700000000001637","3.8320000000000345","9.015","7.156","140.27","140.213","0","2.76","2.76","2.76","3.7536","1","0","0","0","1","0","0","1.9160000000000172","0","0","0","0","0","2","_c8ee02d92e5a0000_p_Net","1","1","0","1","0","0","0","0","0","0","1","_c8ee02d92e5a0000_p_odb__dbNet","3.7536","0.0","0.0","3.7536","3.7536","","3.7536","2.76","1","2.76","2.76","2.76","9.43","140.08","9.43","140.08","0","0","0","1","9.43","","140.08","","2"
"net637","OK","0.18462300000000698","56.8245604065845","7.855499999999999","123.92150000000001","3.239","0.05700000000000216","6.592000000000004","9.475","6.236","123.95","123.893","0","4.140000000000001","4.140000000000001","4.140000000000001","3.7536","1","0","0","0","1","0","0","3.296000000000002","0","0","0","0","0","2","_40ef02d92e5a0000_p_Net","1","1","0","1","0","0","0","0","0","0","1","_40ef02d92e5a0000_p_odb__dbNet","3.7536","0.0","0.0","3.7536","3.7536","","3.7536","4.140000000000001","1","4.140000000000001","4.140000000000001","4.140000000000001","9.89","123.76","9.89","123.76","0","0","0","1","9.89","","123.76","","2"
"net638","OK","19.421863999999932","0.6702582201987282","5.759","137.5215","3.6079999999999997","5.382999999999981","17.981999999999964","7.563","3.955","140.213","134.83","0","9.120000000000026","9.120000000000026","9.120000000000026","3.7536","1","0","0","0","1","0","0","8.990999999999982","0","0","0","0","0","2","_b8ef02d92e5a0000_p_Net","1","1","0","1","0","0","0","0","0","0","1","_b8ef02d92e5a0000_p_odb__dbNet","3.7536","0.0","0.0","3.7536","3.7536","","3.7536","9.120000000000026","1","9.120000000000026","9.120000000000026","9.120000000000026","4.37","134.64","4.37","134.64","0","0","1","0","4.37","","134.64","","2"
"net639","OK","2.858315999999997","0.30847568978039597","9.9255","89.78800000000001","0.9390000000000001","3.043999999999997","7.965999999999994","10.395","9.456","91.31","88.266","0","4.559999999999999","4.559999999999999","4.559999999999999","3.7536","1","0","0","0","1","0","0","3.982999999999997","0","0","0","0","0","2","_30f002d92e5a0000_p_Net","1","1","0","1","0","0","0","0","0","0","1","_30f002d92e5a0000_p_odb__dbNet","3.7536","0.0","0.0","3.7536","3.7536","","3.7536","4.559999999999999","1","4.559999999999999","4.559999999999999","4.559999999999999","10.81","91.12","10.81","91.12","1","0","0","0","10.81","","91.12","","2"
"net640","OK","22.862022999999994","0.7565945059565953","19.8155","104.88149999999999","4.158999999999999","5.497","19.311999999999998","21.895","17.736","107.63","102.133","0","10.499999999999996","10.499999999999996","10.499999999999996","3.7536","1","0","0","0","1","0","0","9.655999999999999","0","0","0","0","0","2","_a8f002d92e5a0000_p_Net","1","1","0","1","0","0","0","0","0","0","1","_a8f002d92e5a0000_p_odb__dbNet","3.7536","0.0","0.0","3.7536","3.7536","","3.7536","10.499999999999996","1","10.499999999999996","10.499999999999996","10.499999999999996","22.31","107.44","22.31","107.44","1","0","0","0","22.31","","107.44","","2"
"net641","OK","31.382316000000046","0.4359971710942952","15.445500000000001","146.90800000000002","3.6990000000000016","8.484000000000009","24.36600000000002","17.295","13.596","151.15","142.666","0","12.759999999999998","12.759999999999998","12.759999999999998","3.7536","1","0","0","0","1","0","0","12.18300000000001","0","0","0","0","0","2","_20f102d92e5a0000_p_Net","1","1","0","1","0","0","0","0","0","0","1","_20f102d92e5a0000_p_odb__dbNet","3.7536","0.0","0.0","3.7536","3.7536","","3.7536","12.759999999999998","1","12.759999999999998","12.759999999999998","12.759999999999998","17.71","150.96","17.71","150.96","1","0","0","0","17.71","","150.96","","2"
"net642","OK","16.362284000000095","2.850166943718609","21.610500000000002","168.668","6.828999999999997","2.396000000000015","18.450000000000024","25.025","18.196","169.866","167.47","0","9.619999999999997","9.619999999999997","9.619999999999997","3.7536","1","0","0","0","1","0","0","9.225000000000012","0","0","0","0","0","2","_98f102d92e5a0000_p_Net","1","1","0","1","0","0","0","0","0","0","1","_98f102d92e5a0000_p_odb__dbNet","3.7536","0.0","0.0","3.7536","3.7536","","3.7536","9.619999999999997","1","9.619999999999997","9.619999999999997","9.619999999999997","24.61","167.28","24.61","167.28","0","0","0","1","24.61","","167.28","","2"
"net643","OK","0.026823999999991896","8.55357127583164","24.8755","158.958","0.4789999999999992","0.055999999999983174","1.0699999999999648","25.115","24.636","158.986","158.93","0","1.3800000000000026","1.3800000000000026","1.3800000000000026","3.7536","1","0","0","0","1","0","0","0.5349999999999824","0","0","0","0","0","2","_10f202d92e5a0000_p_Net","1","1","0","1","0","0","0","0","0","0","1","_10f202d92e5a0000_p_odb__dbNet","3.7536","0.0","0.0","3.7536","3.7536","","3.7536","1.3800000000000026","1","1.3800000000000026","1.3800000000000026","1.3800000000000026","25.53","159.12","25.53","159.12","1","0","0","0","25.53","","159.12","","2"
"net644","OK","5.558642999999978","0.9674593237515845","20.2755","201.2515","2.318999999999999","2.3969999999999914","9.43199999999998","21.435","19.116","202.45","200.053","0","5.940000000000001","5.940000000000001","5.940000000000001","3.7536","1","0","0","0","1","0","0","4.71599999999999","0","0","0","0","0","2","_88f202d92e5a0000_p_Net","1","1","0","1","0","0","0","0","0","0","1","_88f202d92e5a0000_p_odb__dbNet","3.7536","0.0","0.0","3.7536","3.7536","","3.7536","5.940000000000001","1","5.940000000000001","5.940000000000001","5.940000000000001","21.85","202.64","21.85","202.64","1","0","0","0","21.85","","202.64","","2"
"net645","OK","1.457597000000006","0.15741045016187627","13.375499999999999","171.3315","0.479000000000001","3.0430000000000064","7.044000000000015","13.615","13.136","172.853","169.81","0","4.099999999999998","4.099999999999998","4.099999999999998","3.7536","1","0","0","0","1","0","0","3.5220000000000073","0","0","0","0","0","2","_00f302d92e5a0000_p_Net","1","1","0","1","0","0","0","0","0","0","1","_00f302d92e5a0000_p_odb__dbNet","3.7536","0.0","0.0","3.7536","3.7536","","3.7536","4.099999999999998","1","4.099999999999998","4.099999999999998","4.099999999999998","14.03","170.0","14.03","170.0","0","0","0","1","14.03","","170.0","","2"
"net646","OK","0.027302999999994183","8.403508624501612","9.2355","189.2015","0.4789999999999992","0.05699999999998795","1.0719999999999743","9.475","8.996","189.23","189.173","0","1.3800000000000008","1.3800000000000008","1.3800000000000008","3.7536","1","0","0","0","1","0","0","0.5359999999999872","0","0","0","0","0","2","_78f302d92e5a0000_p_Net","1","1","0","1","0","0","0","0","0","0","1","_78f302d92e5a0000_p_odb__dbNet","3.7536","0.0","0.0","3.7536","3.7536","","3.7536","1.3800000000000008","1","1.3800000000000008","1.3800000000000008","1.3800000000000008","9.89","189.04","9.89","189.04","0","0","0","1","9.89","","189.04","","2"
"net647","OK","0.9296480000000014","0.1619365608673035","17.029","179.548","0.3879999999999981","2.396000000000015","5.568000000000026","17.223","16.835","180.746","178.35","0","3.1799999999999997","3.1799999999999997","3.1799999999999997","3.7536","1","0","0","0","1","0","0","2.784000000000013","0","0","0","0","0","2","_f0f302d92e5a0000_p_Net","1","1","0","1","0","0","0","0","0","0","1","_f0f302d92e5a0000_p_odb__dbNet","3.7536","0.0","0.0","3.7536","3.7536","","3.7536","3.1799999999999997","1","3.1799999999999997","3.1799999999999997","3.1799999999999997","17.25","178.16","17.25","178.16","0","0","0","1","17.25","","178.16","","2"
"net648","OK","0.02682400000000551","8.553571275827299","21.1955","180.71800000000002","0.4789999999999992","0.056000000000011596","1.0700000000000216","21.435","20.956","180.746","180.69","0","1.3800000000000026","1.3800000000000026","1.3800000000000026","3.7536","1","0","0","0","1","0","0","0.5350000000000108","0","0","0","0","0","2","_68f402d92e5a0000_p_Net","1","1","0","1","0","0","0","0","0","0","1","_68f402d92e5a0000_p_odb__dbNet","3.7536","0.0","0.0","3.7536","3.7536","","3.7536","1.3800000000000026","1","1.3800000000000026","1.3800000000000026","1.3800000000000026","21.85","180.88","21.85","180.88","1","0","0","0","21.85","","180.88","","2"
"net649","OK","0.027303000000007797","8.403508624497421","34.5355","200.0815","0.4789999999999992","0.05700000000001637","1.0720000000000312","34.775","34.296","200.11","200.053","0","1.3799999999999955","1.3799999999999955","1.3799999999999955","3.7536","1","0","0","0","1","0","0","0.5360000000000156","0","0","0","0","0","2","_e0f402d92e5a0000_p_Net","1","1","0","1","0","0","0","0","0","0","1","_e0f402d92e5a0000_p_odb__dbNet","3.7536","0.0","0.0","3.7536","3.7536","","3.7536","1.3799999999999955","1","1.3799999999999955","1.3799999999999955","1.3799999999999955","35.19","199.92","35.19","199.92","0","0","0","1","35.19","","199.92","","2"
"net650","OK","0.027302999999994183","8.403508624501612","34.9955","167.44150000000002","0.4789999999999992","0.05699999999998795","1.0719999999999743","35.235","34.756","167.47","167.413","0","1.3799999999999955","1.3799999999999955","1.3799999999999955","3.7536","1","0","0","0","1","0","0","0.5359999999999872","0","0","0","0","0","2","_58f502d92e5a0000_p_Net","1","1","0","1","0","0","0","0","0","0","1","_58f502d92e5a0000_p_odb__dbNet","3.7536","0.0","0.0","3.7536","3.7536","","3.7536","1.3799999999999955","1","1.3799999999999955","1.3799999999999955","1.3799999999999955","35.65","167.28","35.65","167.28","0","0","0","1","35.65","","167.28","","2"
"net651","OK","18.566604000000105","3.234140232373041","54.7305","195.868","7.748999999999995","2.396000000000015","20.29000000000002","58.605","50.856","197.066","194.67","0","10.54","10.54","10.54","3.7536","1","0","0","0","1","0","0","10.14500000000001","0","0","0","0","0","2","_d0f502d92e5a0000_p_Net","1","1","0","1","0","0","0","0","0","0","1","_d0f502d92e5a0000_p_odb__dbNet","3.7536","0.0","0.0","3.7536","3.7536","","3.7536","10.54","1","10.54","10.54","10.54","58.19","194.48","58.19","194.48","0","0","0","1","58.19","","194.48","","2"
"net652","OK","0.02682400000000551","8.553571275827299","53.8555","197.038","0.4789999999999992","0.056000000000011596","1.0700000000000216","54.095","53.616","197.066","197.01","0","1.3799999999999955","1.3799999999999955","1.3799999999999955","3.7536","1","0","0","0","1","0","0","0.5350000000000108","0","0","0","0","0","2","_48f602d92e5a0000_p_Net","1","1","0","1","0","0","0","0","0","0","1","_48f602d92e5a0000_p_odb__dbNet","3.7536","0.0","0.0","3.7536","3.7536","","3.7536","1.3799999999999955","1","1.3799999999999955","1.3799999999999955","1.3799999999999955","54.51","197.2","54.51","197.2","1","0","0","0","54.51","","197.2","","2"
"net653","OK","5.7578359999999655","0.04915457820852273","42.789","194.6415","0.5319999999999965","10.823000000000008","22.710000000000008","43.055","42.523","200.053","189.23","0","11.339999999999996","11.339999999999996","11.339999999999996","3.7536","1","0","0","0","1","0","0","11.355000000000004","0","0","0","0","0","2","_c0f602d92e5a0000_p_Net","1","1","0","1","0","0","0","0","0","0","1","_c0f602d92e5a0000_p_odb__dbNet","3.7536","0.0","0.0","3.7536","3.7536","","3.7536","11.339999999999996","1","11.339999999999996","11.339999999999996","11.339999999999996","43.47","189.04","43.47","189.04","0","0","0","1","43.47","","189.04","","2"
"net654","OK","1.4550319999999963","0.15703022333869054","52.864000000000004","182.268","0.47800000000000153","3.0439999999999827","7.0439999999999685","53.103","52.625","183.79","180.746","0","4.100000000000001","4.100000000000001","4.100000000000001","3.7536","1","0","0","0","1","0","0","3.5219999999999843","0","0","0","0","0","2","_38f702d92e5a0000_p_Net","1","1","0","1","0","0","0","0","0","0","1","_38f702d92e5a0000_p_odb__dbNet","3.7536","0.0","0.0","3.7536","3.7536","","3.7536","4.100000000000001","1","4.100000000000001","4.100000000000001","4.100000000000001","52.21","183.6","52.21","183.6","0","1","0","0","52.21","","183.6","","2"
"net655","OK","0.38757599999997716","0.013375441201304114","38.879000000000005","159.2815","0.07199999999999562","5.38300000000001","10.91000000000001","38.915","38.843","161.973","156.59","0","5.439999999999998","5.439999999999998","5.439999999999998","3.7536","1","0","0","0","1","0","0","5.455000000000005","0","0","0","0","0","2","_b0f702d92e5a0000_p_Net","1","1","0","1","0","0","0","0","0","0","1","_b0f702d92e5a0000_p_odb__dbNet","3.7536","0.0","0.0","3.7536","3.7536","","3.7536","5.439999999999998","1","5.439999999999998","5.439999999999998","5.439999999999998","39.33","156.4","39.33","156.4","0","0","0","1","39.33","","156.4","","2"
"net656","OK","2.093986999999981","0.0722645364903828","55.1905","159.2815","0.3889999999999958","5.38300000000001","11.544000000000011","55.385","54.996","161.973","156.59","0","5.899999999999999","5.899999999999999","5.899999999999999","3.7536","1","0","0","0","1","0","0","5.772000000000006","0","0","0","0","0","2","_28f802d92e5a0000_p_Net","1","1","0","1","0","0","0","0","0","0","1","_28f802d92e5a0000_p_odb__dbNet","3.7536","0.0","0.0","3.7536","3.7536","","3.7536","5.899999999999999","1","5.899999999999999","5.899999999999999","5.899999999999999","54.97","156.4","54.97","156.4","0","0","1","0","54.97","","156.4","","2"
"net657","OK","7.684805999999959","0.2543205384292667","54.704","164.7215","1.3979999999999961","5.496999999999986","13.789999999999964","55.403","54.005","167.47","161.973","0","7.739999999999995","7.739999999999995","7.739999999999995","3.7536","1","0","0","0","1","0","0","6.894999999999982","0","0","0","0","0","2","_a0f802d92e5a0000_p_Net","1","1","0","1","0","0","0","0","0","0","1","_a0f802d92e5a0000_p_odb__dbNet","3.7536","0.0","0.0","3.7536","3.7536","","3.7536","7.739999999999995","1","7.739999999999995","7.739999999999995","7.739999999999995","53.59","167.28","53.59","167.28","0","1","0","0","53.59","","167.28","","2"
"net658","OK","0.07461299999998408","22.964911877813375","52.4305","172.88150000000002","1.3089999999999975","0.05699999999998795","2.731999999999971","53.085","51.776","172.91","172.853","0","1.3800000000000026","1.3800000000000026","1.3800000000000026","3.7536","1","0","0","0","1","0","0","1.3659999999999854","0","0","0","0","0","2","_18f902d92e5a0000_p_Net","1","1","0","1","0","0","0","0","0","0","1","_18f902d92e5a0000_p_odb__dbNet","3.7536","0.0","0.0","3.7536","3.7536","","3.7536","1.3800000000000026","1","1.3800000000000026","1.3800000000000026","1.3800000000000026","52.67","172.72","52.67","172.72","0","0","0","1","52.67","","172.72","","2"
"net659","OK","11.25975599999994","1.2151773977611187","31.545500000000004","176.828","3.6990000000000016","3.0439999999999827","13.485999999999969","33.395","29.696","178.35","175.306","0","7.32","7.32","7.32","3.7536","1","0","0","0","1","0","0","6.742999999999984","0","0","0","0","0","2","_90f902d92e5a0000_p_Net","1","1","0","1","0","0","0","0","0","0","1","_90f902d92e5a0000_p_odb__dbNet","3.7536","0.0","0.0","3.7536","3.7536","","3.7536","7.32","1","7.32","7.32","7.32","33.81","178.16","33.81","178.16","1","0","0","0","33.81","","178.16","","2"
"net660","OK","18.254957000000044","1.971409792319612","23.4955","198.5315","5.999000000000002","3.0430000000000064","18.084000000000017","26.495","20.496","200.053","197.01","0","9.619999999999997","9.619999999999997","9.619999999999997","3.7536","1","0","0","0","1","0","0","9.042000000000009","0","0","0","0","0","2","_08fa02d92e5a0000_p_Net","1","1","0","1","0","0","0","0","0","0","1","_08fa02d92e5a0000_p_odb__dbNet","3.7536","0.0","0.0","3.7536","3.7536","","3.7536","9.619999999999997","1","9.619999999999997","9.619999999999997","9.619999999999997","26.91","197.2","26.91","197.2","0","0","0","1","26.91","","197.2","","2"
"net661","OK","13.855815999999972","0.22559652925537896","16.339","193.0915","1.767999999999999","7.836999999999989","19.209999999999976","17.223","15.455","197.01","189.173","0","9.999999999999998","9.999999999999998","9.999999999999998","3.7536","1","0","0","0","1","0","0","9.604999999999988","0","0","0","0","0","2","_80fa02d92e5a0000_p_Net","1","1","0","1","0","0","0","0","0","0","1","_80fa02d92e5a0000_p_odb__dbNet","3.7536","0.0","0.0","3.7536","3.7536","","3.7536","9.999999999999998","1","9.999999999999998","9.999999999999998","9.999999999999998","15.87","197.2","15.87","197.2","0","1","0","0","15.87","","197.2","","2"
"net662","OK","2.584355999999986","0.27890932973754784","24.140500000000003","187.708","0.8490000000000002","3.0439999999999827","7.785999999999966","24.565","23.716","189.23","186.186","0","3.639999999999997","3.639999999999997","3.639999999999997","3.7536","1","0","0","0","1","0","0","3.892999999999983","0","0","0","0","0","2","_f8fa02d92e5a0000_p_Net","1","1","0","1","0","0","0","0","0","0","1","_f8fa02d92e5a0000_p_odb__dbNet","3.7536","0.0","0.0","3.7536","3.7536","","3.7536","3.639999999999997","1","3.639999999999997","3.639999999999997","3.639999999999997","24.15","189.04","24.15","189.04","1","0","0","0","24.15","","189.04","","2"
"net663","OK","49.533672999999986","0.4140989301989487","8.9605","102.16149999999999","4.529","10.936999999999998","30.931999999999995","11.225","6.696","107.63","96.693","0","15.479999999999997","15.479999999999997","15.479999999999997","3.7536","1","0","0","0","1","0","0","15.465999999999998","0","0","0","0","0","2","_70fb02d92e5a0000_p_Net","1","1","0","1","0","0","0","0","0","0","1","_70fb02d92e5a0000_p_odb__dbNet","3.7536","0.0","0.0","3.7536","3.7536","","3.7536","15.479999999999997","1","15.479999999999997","15.479999999999997","15.479999999999997","10.81","107.44","10.81","107.44","1","0","0","0","10.81","","107.44","","2"
"net664","OK","10.250796000000003","0.16690059969798376","6.909","100.6115","1.3079999999999998","7.837000000000003","18.290000000000006","7.563","6.255","104.53","96.693","0","9.539999999999997","9.539999999999997","9.539999999999997","3.7536","1","0","0","0","1","0","0","9.145000000000003","0","0","0","0","0","2","_e8fb02d92e5a0000_p_Net","1","1","0","1","0","0","0","0","0","0","1","_e8fb02d92e5a0000_p_odb__dbNet","3.7536","0.0","0.0","3.7536","3.7536","","3.7536","9.539999999999997","1","9.539999999999997","9.539999999999997","9.539999999999997","6.67","104.72","6.67","104.72","0","1","0","0","6.67","","104.72","","2"
"net665","OK","93.83325599999999","0.8009053953435973","10.1105","93.678","8.669","10.823999999999998","38.986","14.445","5.776","99.09","88.266","0","19.619999999999994","19.619999999999994","19.619999999999994","3.7536","1","0","0","0","1","0","0","19.493","0","0","0","0","0","2","_60fc02d92e5a0000_p_Net","1","1","0","1","0","0","0","0","0","0","1","_60fc02d92e5a0000_p_odb__dbNet","3.7536","0.0","0.0","3.7536","3.7536","","3.7536","19.619999999999994","1","19.619999999999994","19.619999999999994","19.619999999999994","14.03","99.28","14.03","99.28","1","0","0","0","14.03","","99.28","","2"
"net666","OK","24.891383999999977","0.8240538572008642","10.8005","101.838","4.529","5.495999999999995","20.04999999999999","13.065","8.536","104.586","99.09","0","10.039999999999997","10.039999999999997","10.039999999999997","3.7536","1","0","0","0","1","0","0","10.024999999999995","0","0","0","0","0","2","_d8fc02d92e5a0000_p_Net","1","1","0","1","0","0","0","0","0","0","1","_d8fc02d92e5a0000_p_odb__dbNet","3.7536","0.0","0.0","3.7536","3.7536","","3.7536","10.039999999999997","1","10.039999999999997","10.039999999999997","10.039999999999997","12.65","99.28","12.65","99.28","0","0","0","1","12.65","","99.28","","2"
"net667","OK","0.02730300000000109","8.403508624499548","8.775500000000001","107.60149999999999","0.479000000000001","0.05700000000000216","1.0720000000000063","9.015","8.536","107.63","107.573","0","1.379999999999999","1.379999999999999","1.379999999999999","3.7536","1","0","0","0","1","0","0","0.5360000000000031","0","0","0","0","0","2","_50fd02d92e5a0000_p_Net","1","1","0","1","0","0","0","0","0","0","1","_50fd02d92e5a0000_p_odb__dbNet","3.7536","0.0","0.0","3.7536","3.7536","","3.7536","1.379999999999999","1","1.379999999999999","1.379999999999999","1.379999999999999","9.43","107.44","9.43","107.44","0","0","0","1","9.43","","107.44","","2"
"net668","OK","0.07461299999998429","22.96491187781344","8.2705","113.0415","1.309000000000001","0.05699999999998795","2.731999999999978","8.925","7.616","113.07","113.013","0","1.38","1.38","1.38","3.7536","1","0","0","0","1","0","0","1.365999999999989","0","0","0","0","0","2","_c8fd02d92e5a0000_p_Net","1","1","0","1","0","0","0","0","0","0","1","_c8fd02d92e5a0000_p_odb__dbNet","3.7536","0.0","0.0","3.7536","3.7536","","3.7536","1.38","1","1.38","1.38","1.38","8.51","112.88","8.51","112.88","0","0","0","1","8.51","","112.88","","2"
"net669","OK","7.980474000000001","0.26200398618191617","11.899999999999999","31.185499999999998","1.4459999999999997","5.519000000000002","13.930000000000003","12.623","11.177","33.945","28.426","0","8.200000000000001","8.200000000000001","8.200000000000001","3.7536","1","0","0","0","1","0","0","6.965000000000002","0","0","0","0","0","2","_40fe02d92e5a0000_p_Net","1","0","0","1","0","0","0","0","0","0","1","_40fe02d92e5a0000_p_odb__dbNet","0.0","0.0","0.0","6.256","6.256","","6.256","8.200000000000001","1","8.200000000000001","8.200000000000001","8.200000000000001","10.35","34.0","10.35","34.0","0","1","0","0","10.35","","34.0","","2"
"net670","OK","2.8204120000000046","0.09809772471128363","7.4190000000000005","39.534000000000006","0.5260000000000007","5.362000000000002","11.776000000000005","7.682","7.156","42.215","36.853","0","7.279999999999998","7.279999999999998","7.279999999999998","3.7536","1","0","0","0","1","0","0","5.888000000000003","0","0","0","0","0","2","_b8fe02d92e5a0000_p_Net","1","0","0","1","0","0","0","0","0","0","1","_b8fe02d92e5a0000_p_odb__dbNet","0.0","0.0","0.0","6.256","6.256","","6.256","7.279999999999998","1","7.279999999999998","7.279999999999998","7.279999999999998","8.51","42.16","8.51","42.16","1","0","0","0","8.51","","42.16","","2"
"net671","OK","2.8573769999999796","0.30857706200835683","10.8455","155.0115","0.9390000000000001","3.042999999999978","7.963999999999956","11.315","10.376","156.533","153.49","0","4.559999999999999","4.559999999999999","4.559999999999999","3.7536","1","0","0","0","1","0","0","3.981999999999978","0","0","0","0","0","2","_30ff02d92e5a0000_p_Net","1","1","0","1","0","0","0","0","0","0","1","_30ff02d92e5a0000_p_odb__dbNet","3.7536","0.0","0.0","3.7536","3.7536","","3.7536","4.559999999999999","1","4.559999999999999","4.559999999999999","4.559999999999999","11.73","153.68","11.73","153.68","0","0","0","1","11.73","","153.68","","2"
"net672","OK","4.454163999999975","0.7758764604441293","9.9255","152.348","1.859","2.3959999999999866","8.509999999999973","10.855","8.996","153.546","151.15","0","5.479999999999999","5.479999999999999","5.479999999999999","3.7536","1","0","0","0","1","0","0","4.254999999999987","0","0","0","0","0","2","_a8ff02d92e5a0000_p_Net","1","1","0","1","0","0","0","0","0","0","1","_a8ff02d92e5a0000_p_odb__dbNet","3.7536","0.0","0.0","3.7536","3.7536","","3.7536","5.479999999999999","1","5.479999999999999","5.479999999999999","5.479999999999999","11.27","150.96","11.27","150.96","0","0","0","1","11.27","","150.96","","2"
"net673","OK","0.2070879999999378","66.03571310652497","12.154","158.958","3.6980000000000004","0.055999999999983174","7.507999999999967","14.003","10.305","158.986","158.93","0","4.6","4.6","4.6","3.7536","1","0","0","0","1","0","0","3.7539999999999836","0","0","0","0","0","2","_200003d92e5a0000_p_Net","1","1","0","1","0","0","0","0","0","0","1","_200003d92e5a0000_p_odb__dbNet","3.7536","0.0","0.0","3.7536","3.7536","","3.7536","4.6","1","4.6","4.6","4.6","9.89","159.12","9.89","159.12","0","1","0","0","9.89","","159.12","","2"
"net674","OK","32.970503999999885","1.0915211060604983","8.3155","161.678","5.999","5.495999999999981","22.98999999999996","11.315","5.316","164.426","158.93","0","12.339999999999998","12.339999999999998","12.339999999999998","3.7536","1","0","0","0","1","0","0","11.49499999999998","0","0","0","0","0","2","_980003d92e5a0000_p_Net","1","1","0","1","0","0","0","0","0","0","1","_980003d92e5a0000_p_odb__dbNet","3.7536","0.0","0.0","3.7536","3.7536","","3.7536","12.339999999999998","1","12.339999999999998","12.339999999999998","12.339999999999998","11.73","159.12","11.73","159.12","0","0","0","1","11.73","","159.12","","2"
"net675","OK","1539.1119999999992","0.08321323529350574","73.6265","86.089","11.316999999999993","136.0","294.634","79.285","67.968","154.089","18.089","0","115.32000000000001","58.53875","936.62","11.2608","1","0","0","0","16","0","0","147.317","0","0","0","0","0","17","_100103d92e5a0000_p_Net","1","1","0","1","0","0","0","0","0","0","16","_100103d92e5a0000_p_odb__dbNet","3.7536","0.0","0.0","11.2608","9.8532","2.574668941825337","157.6512","42.55875","16","39.69000000000001","105.32000000000001","115.32000000000001","79.35","153.68","68.77","17.68","2","5","5","4","73.39874999999999","3.368415567815231","84.49","50.04327627164312","17"
"net676","OK","24.33153599999998","4.168460263175314","67.3875","38.098","10.071000000000005","2.415999999999997","24.974000000000004","72.423","62.352","39.306","36.89","0","11.689999999999998","7.799999999999997","15.599999999999994","3.7536","1","0","0","0","2","0","0","12.487000000000002","0","0","0","0","0","3","_880103d92e5a0000_p_Net","1","0","0","1","0","0","0","0","0","0","2","_880103d92e5a0000_p_odb__dbNet","0.0","0.0","0.0","10.0096","10.0096","0.0","20.0192","7.799999999999997","2","3.9099999999999966","11.689999999999998","11.689999999999998","69.0","39.44","63.94","36.72","1","0","1","0","66.47","2.530000000000001","38.08","1.3599999999999994","3"
"net687","OK","948.664206","0.24299798341533566","44.588499999999996","165.88400000000001","15.183","62.482","155.32999999999998","52.18","36.997","197.125","134.643","0","64.02000000000001","36.80666666666666","552.0999999999999","7.5072","1","0","0","0","15","0","0","77.66499999999999","0","0","0","0","0","16","_000203d92e5a0000_p_Net","1","0","0","1","0","0","0","0","0","0","15","_000203d92e5a0000_p_odb__dbNet","0.0","0.0","0.0","7.5072","4.671146666666667","1.068211872783464","70.0672","35.92799999999998","15","37.73999999999999","63.63999999999998","64.02000000000001","51.75","197.2","36.57","134.64","0","6","3","6","43.54666666666667","4.327152515094527","161.65866666666668","20.41430017305407","16"
"net688","OK","343.7353500000001","0.32165799937835265","30.884500000000003","180.745","10.515000000000004","32.69","86.41","36.142","25.627","197.09","164.4","0","35.709999999999994","20.574999999999996","164.59999999999997","5.0048","1","0","0","0","8","0","0","43.205","0","0","0","0","0","9","_780203d92e5a0000_p_Net","1","0","0","1","0","0","0","0","0","0","8","_780203d92e5a0000_p_odb__dbNet","0.0","0.0","0.0","5.0048","4.3792","0.6256000000000002","35.0336","20.114999999999995","8","17.359999999999996","35.709999999999994","35.709999999999994","36.57","197.2","25.76","164.56","2","2","2","2","31.165","3.742362221912785","180.88","11.132079769746527","9"
"net691","OK","30.556890000000074","0.009297052154032865","79.12950000000001","46.268","0.5330000000000013","57.330000000000005","115.72600000000001","79.396","78.863","74.933","17.603","0","57.12","57.12","57.12","3.7536","1","0","0","0","1","0","0","57.86300000000001","0","0","0","0","0","2","_f00203d92e5a0000_p_Net","1","0","0","1","0","0","0","0","0","0","1","_f00203d92e5a0000_p_odb__dbNet","0.0","0.0","0.0","11.2608","11.2608","","11.2608","57.12","1","57.12","57.12","57.12","79.35","17.68","79.35","17.68","0","0","0","1","79.35","","17.68","","2"
"net692","OK","190.35320100000018","0.40065146577966454","74.0365","118.47149999999999","8.733000000000004","21.79700000000001","61.06000000000003","78.403","69.67","129.37","107.573","0","31.419999999999987","19.369999999999994","77.47999999999998","3.7536","1","0","0","0","4","0","0","30.530000000000015","0","0","0","0","0","5","_680303d92e5a0000_p_Net","1","0","0","1","0","0","0","0","0","0","4","_680303d92e5a0000_p_odb__dbNet","0.0","0.0","0.0","8.758400000000002","6.256","1.7694640092412173","25.024","19.370000000000005","4","11.879999999999995","31.419999999999987","31.419999999999987","73.83","129.2","69.23","107.44","0","2","2","0","71.75999999999999","1.6744252745345174","119.67999999999999","9.712342662818271","5"
"net694","OK","167.22684199999992","0.2271320114901181","75.7815","112.713","6.162999999999997","27.134","66.594","78.863","72.7","126.28","99.146","0","32.25999999999999","23.49999999999999","70.49999999999997","3.7536","1","0","0","0","3","0","0","33.297","0","0","0","0","0","4","_e00303d92e5a0000_p_Net","1","0","0","1","0","0","0","0","0","0","3","_e00303d92e5a0000_p_odb__dbNet","0.0","0.0","0.0","16.265600000000003","9.592533333333334","4.718570691309911","28.777600000000003","23.5","3","26.859999999999985","32.25999999999999","32.25999999999999","76.13","126.48","71.53","107.44","0","2","0","1","73.98333333333333","1.8904202942438175","117.41333333333334","7.799441575451984","4"
"net697","OK","8.55909999999999","0.8906451610030158","74.7225","57.129999999999995","2.7609999999999957","3.1000000000000014","11.721999999999994","76.103","73.342","58.68","55.58","0","5.019999999999996","4.464999999999996","8.929999999999993","3.7536","1","0","0","0","2","0","0","5.860999999999997","0","0","0","0","0","3","_580403d92e5a0000_p_Net","1","0","0","1","0","0","0","0","0","0","2","_580403d92e5a0000_p_odb__dbNet","0.0","0.0","0.0","21.270400000000002","13.1376","8.1328","26.2752","4.464999999999989","2","3.9099999999999966","5.019999999999996","5.019999999999996","74.29","58.48","72.68","55.76","0","1","1","0","73.48500000000001","0.8049999999999997","57.12","1.3599999999999994","3"
"net698","OK","29.857648000000026","0.2610809799643651","74.247","53.08","2.7920000000000016","10.694000000000003","26.97200000000001","75.643","72.851","58.427","47.733","0","14.329999999999984","12.164999999999985","24.32999999999997","3.7536","1","0","0","0","2","0","0","13.486000000000004","0","0","0","0","0","3","_d00403d92e5a0000_p_Net","1","0","0","1","0","0","0","0","0","0","2","_d00403d92e5a0000_p_odb__dbNet","0.0","0.0","0.0","21.270400000000002","13.1376","8.1328","26.2752","12.164999999999978","2","9.999999999999986","14.329999999999984","14.329999999999984","74.29","58.48","72.68","55.76","1","1","0","0","73.48500000000001","0.8049999999999997","57.12","1.3599999999999994","3"
"net699","OK","77.54575000000021","0.12633703329459833","75.412","106.1175","3.1300000000000097","24.77499999999999","55.81","76.977","73.847","118.505","93.73","0","29.309999999999988","22.85999999999999","68.57999999999997","5.0048","1","0","0","0","3","0","0","27.905","0","0","0","0","0","4","_480503d92e5a0000_p_Net","1","0","0","1","0","0","0","0","0","0","3","_480503d92e5a0000_p_odb__dbNet","0.0","0.0","0.0","16.265600000000003","11.677866666666668","4.128749354896173","35.03360000000001","21.940000000000012","3","23.139999999999986","29.309999999999988","29.309999999999988","77.74","118.32","71.53","107.44","1","2","0","0","74.36666666666666","2.563465536252739","113.78666666666668","4.623111025657456","4"
"net701","OK","2.918429999999975","0.4942386829241804","77.7775","103.39500000000001","1.2009999999999934","2.4299999999999926","7.261999999999972","78.378","77.177","104.61","102.18","0","4.560000000000002","4.560000000000002","4.560000000000002","5.0048","1","0","0","0","1","0","0","3.630999999999986","0","0","0","0","0","2","_c00503d92e5a0000_p_Net","1","0","0","1","0","0","0","0","0","0","1","_c00503d92e5a0000_p_odb__dbNet","0.0","0.0","0.0","12.512","12.512","","12.512","4.560000000000002","1","4.560000000000002","4.560000000000002","4.560000000000002","76.82","102.0","76.82","102.0","0","0","1","0","76.82","","102.0","","2"
"net705","OK","71.34876000000001","0.5812798988553769","19.633000000000003","50.0865","6.440000000000001","11.079","35.038000000000004","22.853","16.413","55.626","44.547","0","15.019999999999992","11.226666666666661","33.679999999999986","3.7536","1","0","0","0","3","0","0","17.519000000000002","0","0","0","0","0","4","_380603d92e5a0000_p_Net","1","0","0","1","0","0","0","0","0","0","3","_380603d92e5a0000_p_odb__dbNet","0.0","0.0","0.0","8.758400000000002","8.758400000000002","0.0","26.275200000000005","9.693333333333328","3","13.179999999999998","15.019999999999992","15.019999999999992","22.31","53.04","15.87","44.88","1","0","1","1","19.703333333333333","2.768505413074394","47.6","3.8466608896548165","4"
"net711","OK","11.187840000000007","0.3295006005955898","87.156","148.5665","1.9200000000000017","5.826999999999998","15.494","88.116","86.196","151.48","145.653","0","5.439999999999998","4.999999999999993","9.999999999999986","3.7536","1","0","0","0","2","0","0","7.747","0","0","0","0","0","3","_b00603d92e5a0000_p_Net","1","0","0","1","0","0","0","0","0","0","2","_b00603d92e5a0000_p_odb__dbNet","0.0","0.0","0.0","8.758400000000002","7.507200000000001","1.2512000000000008","15.014400000000002","5.0","2","4.559999999999988","5.439999999999998","5.439999999999998","87.63","150.96","85.79","148.24","1","0","1","0","86.71000000000001","0.9199999999999946","149.60000000000002","1.3599999999999994","3"
"net724","OK","0.2833699999999853","6.130232529627123","85.53899999999999","82.7425","1.3179999999999978","0.2149999999999892","3.065999999999974","86.198","84.88","82.85","82.635","0","2.299999999999997","2.299999999999997","2.299999999999997","5.0048","1","0","0","0","1","0","0","1.532999999999987","0","0","0","0","0","2","_280703d92e5a0000_p_Net","1","0","0","1","0","0","0","0","0","0","1","_280703d92e5a0000_p_odb__dbNet","0.0","0.0","0.0","5.0048","5.0048","","5.0048","2.299999999999997","1","2.299999999999997","2.299999999999997","2.299999999999997","84.18","82.96","84.18","82.96","0","1","0","0","84.18","","82.96","","2"
"net732","OK","510.8828099999995","0.08123069163254223","82.517","106.1825","6.441999999999993","79.305","171.494","85.738","79.296","145.835","66.53","0","81.64","38.588","192.94","5.0048","1","0","0","0","5","0","0","85.747","0","0","0","0","0","6","_a00703d92e5a0000_p_Net","1","0","0","1","0","0","0","0","0","0","5","_a00703d92e5a0000_p_odb__dbNet","0.0","0.0","0.0","6.256","5.505280000000001","1.00096","27.526400000000002","38.587999999999994","5","41.53","81.64","81.64","83.95","145.52","78.89","69.36","2","0","1","2","82.24799999999999","1.7552481306071803","101.45599999999999","26.337691318716608","6"
"net739","OK","402.1941","0.2792621870809153","77.70599999999999","88.495","10.597999999999999","37.95","97.096","83.005","72.407","107.47","69.52","0","42.49000000000001","23.426000000000002","117.13000000000001","5.0048","1","0","0","0","5","0","0","48.548","0","0","0","0","0","6","_180803d92e5a0000_p_Net","1","0","0","1","0","0","0","0","0","0","5","_180803d92e5a0000_p_odb__dbNet","0.0","0.0","0.0","6.256","4.75456","1.225920626468125","23.772799999999997","20.40599999999999","5","15.709999999999994","42.49000000000001","42.49000000000001","83.95","107.44","71.99","69.36","2","0","1","2","80.362","4.309294141735977","88.94399999999999","14.738284296348745","6"
"net794","OK","0.12366000000000468","34.34999942749871","12.9545","115.44","2.061","0.060000000000002274","4.242000000000004","13.985","11.924","115.47","115.41","0","5.0600000000000005","5.0600000000000005","5.0600000000000005","23.772800000000004","0","0","1","0","1","0","0","2.121000000000002","0","0","0","0","0","2","_900803d92e5a0000_p_Net","0","1","0","1","0","0","0","0","0","0","1","_900803d92e5a0000_p_odb__dbNet","3.7536","0.0","0.0","3.7536","3.7536","","3.7536","5.0600000000000005","1","5.0600000000000005","5.0600000000000005","5.0600000000000005","13.57","115.6","13.57","115.6","1","0","0","0","13.57","","115.6","","2"
"net795","OK","11.265408000000015","1.122474747120428","45.734","116.869","3.5559999999999974","3.1680000000000064","13.448000000000008","47.512","43.956","118.453","115.285","0","6.630000000000003","6.630000000000003","6.630000000000003","3.7536","1","0","0","0","1","0","0","6.724000000000004","0","0","0","0","0","2","_080903d92e5a0000_p_Net","1","0","0","1","0","0","0","0","0","0","1","_080903d92e5a0000_p_odb__dbNet","0.0","0.0","0.0","5.0048","5.0048","","5.0048","6.630000000000003","1","6.630000000000003","6.630000000000003","6.630000000000003","47.38","115.6","47.38","115.6","0","0","0","1","47.38","","115.6","","2"
"net796","OK","51.13489999999993","0.8298089170917441","61.327999999999996","138.755","6.513999999999996","7.849999999999994","28.72799999999998","64.585","58.071","142.68","134.83","0","9.770000000000024","8.640000000000008","17.280000000000015","30.0288","0","0","1","0","2","0","0","14.36399999999999","0","0","0","0","0","3","_800903d92e5a0000_p_Net","0","1","0","1","0","0","0","0","0","0","2","_800903d92e5a0000_p_odb__dbNet","3.7536","0.0","0.0","8.758400000000002","6.256000000000001","2.502400000000001","12.512000000000002","8.640000000000015","2","7.509999999999991","9.770000000000024","9.770000000000024","64.63","137.36","64.17","134.64","0","0","0","2","64.4","0.22999999999999687","136.0","1.3600000000000136","3"
"net797","OK","0.3997480000000021","0.013330898463599253","47.0865","139.928","0.0730000000000004","5.475999999999999","11.097999999999999","47.123","47.05","142.666","137.19","0","7.049999999999997","7.049999999999997","7.049999999999997","3.7536","1","0","0","0","1","0","0","5.5489999999999995","0","0","0","0","0","2","_f80903d92e5a0000_p_Net","1","0","0","1","1","0","0","0","0","0","1","_f80903d92e5a0000_p_odb__dbNet","0.0","20.0192","0.0","20.0192","20.0192","","20.0192","7.049999999999997","1","7.049999999999997","7.049999999999997","7.049999999999997","49.22","137.36","49.22","137.36","0","0","0","1","49.22","","137.36","","2"
"net798","OK","43.89839999999979","0.1697761193924264","67.36","132.16","2.7299999999999898","16.079999999999984","37.61999999999995","68.725","65.995","140.2","124.12","0","20.92000000000001","14.925000000000004","29.85000000000001","30.0288","0","0","1","0","2","0","0","18.809999999999974","0","0","0","0","0","3","_700a03d92e5a0000_p_Net","0","1","0","1","0","0","0","0","0","0","2","_700a03d92e5a0000_p_odb__dbNet","3.7536","0.0","0.0","5.0048","4.3792","0.6256000000000002","8.7584","14.925000000000004","2","8.93","20.92000000000001","20.92000000000001","68.31","137.36","66.7","123.76","1","0","1","0","67.505","0.8049999999999997","130.56","6.800000000000003","3"
"net799","OK","2.2474480000000066","0.39148580951941414","16.294","97.94800000000001","0.9380000000000024","2.396000000000001","6.668000000000006","16.763","15.825","99.146","96.75","0","4.559999999999999","4.559999999999999","4.559999999999999","3.7536","1","0","0","0","1","0","0","3.334000000000003","0","0","0","0","0","2","_e80a03d92e5a0000_p_Net","1","1","0","1","0","0","0","0","0","0","1","_e80a03d92e5a0000_p_odb__dbNet","3.7536","0.0","0.0","3.7536","3.7536","","3.7536","4.559999999999999","1","4.559999999999999","4.559999999999999","4.559999999999999","15.41","96.56","15.41","96.56","0","0","1","0","15.41","","96.56","","2"
"net800","OK","0.33084799999998454","105.49999811607638","16.569","109.99799999999999","5.9079999999999995","0.055999999999997385","11.927999999999994","19.523","13.615","110.026","109.97","0","5.980000000000002","5.980000000000002","5.980000000000002","3.7536","1","0","0","0","1","0","0","5.963999999999997","0","0","0","0","0","2","_600b03d92e5a0000_p_Net","1","1","0","1","0","0","0","0","0","0","1","_600b03d92e5a0000_p_odb__dbNet","3.7536","0.0","0.0","3.7536","3.7536","","3.7536","5.980000000000002","1","5.980000000000002","5.980000000000002","5.980000000000002","14.03","110.16","14.03","110.16","0","1","0","0","14.03","","110.16","","2"
"net801","OK","12.166888000000075","2.119365608464358","11.464","130.588","5.077999999999999","2.396000000000015","14.948000000000029","14.003","8.925","131.786","129.39","0","8.7","8.7","8.7","3.7536","1","0","0","0","1","0","0","7.474000000000014","0","0","0","0","0","2","_d80b03d92e5a0000_p_Net","1","1","0","1","0","0","0","0","0","0","1","_d80b03d92e5a0000_p_odb__dbNet","3.7536","0.0","0.0","3.7536","3.7536","","3.7536","8.7","1","8.7","8.7","8.7","8.51","129.2","8.51","129.2","0","0","1","0","8.51","","129.2","","2"
"net802","OK","3.133967999999982","0.5459098495217435","5.989","152.348","1.3079999999999998","2.3959999999999866","7.407999999999973","6.643","5.335","153.546","151.15","0","4.099999999999999","4.099999999999999","4.099999999999999","3.7536","1","0","0","0","1","0","0","3.7039999999999864","0","0","0","0","0","2","_500c03d92e5a0000_p_Net","1","1","0","1","0","0","0","0","0","0","1","_500c03d92e5a0000_p_odb__dbNet","3.7536","0.0","0.0","3.7536","3.7536","","3.7536","4.099999999999999","1","4.099999999999999","4.099999999999999","4.099999999999999","5.75","150.96","5.75","150.96","0","0","1","0","5.75","","150.96","","2"
"net803","OK","20.779593000000173","3.616604086935054","9.1905","152.29149999999998","8.669","2.39700000000002","22.13200000000004","13.525","4.856","153.49","151.093","0","11.459999999999997","11.459999999999997","11.459999999999997","3.7536","1","0","0","0","1","0","0","11.06600000000002","0","0","0","0","0","2","_c80c03d92e5a0000_p_Net","1","1","0","1","0","0","0","0","0","0","1","_c80c03d92e5a0000_p_odb__dbNet","3.7536","0.0","0.0","3.7536","3.7536","","3.7536","11.459999999999997","1","11.459999999999997","11.459999999999997","11.459999999999997","13.11","153.68","13.11","153.68","1","0","0","0","13.11","","153.68","","2"
"net804","OK","2.0318079999999883","0.3539232051945248","5.2989999999999995","146.90800000000002","0.8479999999999999","2.3959999999999866","6.487999999999973","5.723","4.875","148.106","145.71","0","3.639999999999999","3.639999999999999","3.639999999999999","3.7536","1","0","0","0","1","0","0","3.2439999999999864","0","0","0","0","0","2","_400d03d92e5a0000_p_Net","1","1","0","1","0","0","0","0","0","0","1","_400d03d92e5a0000_p_odb__dbNet","3.7536","0.0","0.0","3.7536","3.7536","","3.7536","3.639999999999999","1","3.639999999999999","3.639999999999999","3.639999999999999","5.29","145.52","5.29","145.52","0","0","1","0","5.29","","145.52","","2"
"net805","OK","8.453453999999937","0.9129148863250426","8.474","144.13150000000002","2.7779999999999996","3.042999999999978","11.641999999999955","9.863","7.085","145.653","142.61","0","6.399999999999999","6.399999999999999","6.399999999999999","3.7536","1","0","0","0","1","0","0","5.8209999999999775","0","0","0","0","0","2","_b80d03d92e5a0000_p_Net","1","1","0","1","0","0","0","0","0","0","1","_b80d03d92e5a0000_p_odb__dbNet","3.7536","0.0","0.0","3.7536","3.7536","","3.7536","6.399999999999999","1","6.399999999999999","6.399999999999999","6.399999999999999","6.67","142.8","6.67","142.8","0","0","1","0","6.67","","142.8","","2"
"net806","OK","0.07330399999997793","23.374999582596303","10.5705","142.638","1.3089999999999993","0.055999999999983174","2.729999999999965","11.225","9.916","142.666","142.61","0","1.3800000000000008","1.3800000000000008","1.3800000000000008","3.7536","1","0","0","0","1","0","0","1.3649999999999824","0","0","0","0","0","2","_300e03d92e5a0000_p_Net","1","1","0","1","0","0","0","0","0","0","1","_300e03d92e5a0000_p_odb__dbNet","3.7536","0.0","0.0","3.7536","3.7536","","3.7536","1.3800000000000008","1","1.3800000000000008","1.3800000000000008","1.3800000000000008","10.81","142.8","10.81","142.8","1","0","0","0","10.81","","142.8","","2"
"net807","OK","9.579363999999929","1.034505421940689","12.889","149.57150000000001","3.1479999999999997","3.042999999999978","12.381999999999955","14.463","11.315","151.093","148.05","0","5.939999999999998","5.939999999999998","5.939999999999998","3.7536","1","0","0","0","1","0","0","6.190999999999978","0","0","0","0","0","2","_a80e03d92e5a0000_p_Net","1","1","0","1","0","0","0","0","0","0","1","_a80e03d92e5a0000_p_odb__dbNet","3.7536","0.0","0.0","3.7536","3.7536","","3.7536","5.939999999999998","1","5.939999999999998","5.939999999999998","5.939999999999998","11.73","148.24","11.73","148.24","0","0","1","0","11.73","","148.24","","2"
"net808","OK","0.026823999999991896","8.55357127583164","13.8355","148.078","0.4789999999999992","0.055999999999983174","1.0699999999999648","14.075","13.596","148.106","148.05","0","1.3800000000000008","1.3800000000000008","1.3800000000000008","3.7536","1","0","0","0","1","0","0","0.5349999999999824","0","0","0","0","0","2","_200f03d92e5a0000_p_Net","1","1","0","1","0","0","0","0","0","0","1","_200f03d92e5a0000_p_odb__dbNet","3.7536","0.0","0.0","3.7536","3.7536","","3.7536","1.3800000000000008","1","1.3800000000000008","1.3800000000000008","1.3800000000000008","14.49","148.24","14.49","148.24","1","0","0","0","14.49","","148.24","","2"
"net809","OK","0.10410399999996862","33.196427978645154","32.9255","148.078","1.8589999999999982","0.055999999999983174","3.8299999999999628","33.855","31.996","148.106","148.05","0","2.7600000000000016","2.7600000000000016","2.7600000000000016","3.7536","1","0","0","0","1","0","0","1.9149999999999814","0","0","0","0","0","2","_980f03d92e5a0000_p_Net","1","1","0","1","0","0","0","0","0","0","1","_980f03d92e5a0000_p_odb__dbNet","3.7536","0.0","0.0","3.7536","3.7536","","3.7536","2.7600000000000016","1","2.7600000000000016","2.7600000000000016","2.7600000000000016","34.27","148.24","34.27","148.24","1","0","0","0","34.27","","148.24","","2"
"net810","OK","0.9296479999999903","0.1619365608673054","32.209","146.90800000000002","0.3879999999999981","2.3959999999999866","5.567999999999969","32.403","32.015","148.106","145.71","0","3.1799999999999997","3.1799999999999997","3.1799999999999997","3.7536","1","0","0","0","1","0","0","2.7839999999999847","0","0","0","0","0","2","_101003d92e5a0000_p_Net","1","1","0","1","0","0","0","0","0","0","1","_101003d92e5a0000_p_odb__dbNet","3.7536","0.0","0.0","3.7536","3.7536","","3.7536","3.1799999999999997","1","3.1799999999999997","3.1799999999999997","3.1799999999999997","32.43","145.52","32.43","145.52","0","0","0","1","32.43","","145.52","","2"
"net811","OK","1.0590319999999944","0.18447412346224062","27.104","146.90800000000002","0.44200000000000017","2.3959999999999866","5.6759999999999735","27.325","26.883","148.106","145.71","0","3.1799999999999997","3.1799999999999997","3.1799999999999997","3.7536","1","0","0","0","1","0","0","2.8379999999999868","0","0","0","0","0","2","_881003d92e5a0000_p_Net","1","1","0","1","0","0","0","0","0","0","1","_881003d92e5a0000_p_odb__dbNet","3.7536","0.0","0.0","3.7536","3.7536","","3.7536","3.1799999999999997","1","3.1799999999999997","3.1799999999999997","3.1799999999999997","26.91","145.52","26.91","145.52","0","0","1","0","26.91","","145.52","","2"
"net812","OK","0.026823999999991896","8.55357127583164","18.4355","148.078","0.4789999999999992","0.055999999999983174","1.0699999999999648","18.675","18.196","148.106","148.05","0","1.379999999999999","1.379999999999999","1.379999999999999","3.7536","1","0","0","0","1","0","0","0.5349999999999824","0","0","0","0","0","2","_001103d92e5a0000_p_Net","1","1","0","1","0","0","0","0","0","0","1","_001103d92e5a0000_p_odb__dbNet","3.7536","0.0","0.0","3.7536","3.7536","","3.7536","1.379999999999999","1","1.379999999999999","1.379999999999999","1.379999999999999","19.09","148.24","19.09","148.24","1","0","0","0","19.09","","148.24","","2"
"net813","OK","3.133967999999982","0.5459098495217435","13.349","141.46800000000002","1.3079999999999998","2.3959999999999866","7.407999999999973","14.003","12.695","142.666","140.27","0","4.1","4.1","4.1","3.7536","1","0","0","0","1","0","0","3.7039999999999864","0","0","0","0","0","2","_781103d92e5a0000_p_Net","1","1","0","1","0","0","0","0","0","0","1","_781103d92e5a0000_p_odb__dbNet","3.7536","0.0","0.0","3.7536","3.7536","","3.7536","4.1","1","4.1","4.1","4.1","13.11","140.08","13.11","140.08","0","0","1","0","13.11","","140.08","","2"
"net814","OK","0.026824000000005708","8.553571275827363","20.735500000000002","131.75799999999998","0.47900000000000276","0.056000000000011596","1.0700000000000287","20.975","20.496","131.786","131.73","0","1.379999999999999","1.379999999999999","1.379999999999999","3.7536","1","0","0","0","1","0","0","0.5350000000000144","0","0","0","0","0","2","_f01103d92e5a0000_p_Net","1","1","0","1","0","0","0","0","0","0","1","_f01103d92e5a0000_p_odb__dbNet","3.7536","0.0","0.0","3.7536","3.7536","","3.7536","1.379999999999999","1","1.379999999999999","1.379999999999999","1.379999999999999","21.39","131.92","21.39","131.92","1","0","0","0","21.39","","131.92","","2"
"net815","OK","2.632584","0.08715429401616523","45.1155","118.158","0.4789999999999992","5.496000000000009","11.950000000000017","45.355","44.876","120.906","115.41","0","6.8200000000000145","6.8200000000000145","6.8200000000000145","3.7536","1","0","0","0","1","0","0","5.9750000000000085","0","0","0","0","0","2","_681203d92e5a0000_p_Net","1","1","0","1","0","0","0","0","0","0","1","_681203d92e5a0000_p_odb__dbNet","3.7536","0.0","0.0","3.7536","3.7536","","3.7536","6.8200000000000145","1","6.8200000000000145","6.8200000000000145","6.8200000000000145","45.77","115.6","45.77","115.6","0","0","0","1","45.77","","115.6","","2"
"net816","OK","4.257156999999972","0.45974367385483644","50.6355","149.57150000000001","1.399000000000001","3.042999999999978","8.883999999999958","51.335","49.936","151.093","148.05","0","5.019999999999996","5.019999999999996","5.019999999999996","3.7536","1","0","0","0","1","0","0","4.441999999999979","0","0","0","0","0","2","_e01203d92e5a0000_p_Net","1","1","0","1","0","0","0","0","0","0","1","_e01203d92e5a0000_p_odb__dbNet","3.7536","0.0","0.0","3.7536","3.7536","","3.7536","5.019999999999996","1","5.019999999999996","5.019999999999996","5.019999999999996","51.75","148.24","51.75","148.24","0","0","0","1","51.75","","148.24","","2"
"net817","OK","14.469503999999924","0.49934980484871905","46.239000000000004","148.4015","2.6879999999999953","5.382999999999981","16.141999999999953","47.583","44.895","151.093","145.71","0","8.199999999999996","8.199999999999996","8.199999999999996","3.7536","1","0","0","0","1","0","0","8.070999999999977","0","0","0","0","0","2","_581303d92e5a0000_p_Net","1","1","0","1","0","0","0","0","0","0","1","_581303d92e5a0000_p_odb__dbNet","3.7536","0.0","0.0","3.7536","3.7536","","3.7536","8.199999999999996","1","8.199999999999996","8.199999999999996","8.199999999999996","45.31","145.52","45.31","145.52","0","0","1","0","45.31","","145.52","","2"
"net818","OK","5.380023999999963","0.5810055864012513","46.699","144.13150000000002","1.7680000000000007","3.042999999999978","9.621999999999957","47.583","45.815","145.653","142.61","0","4.560000000000002","4.560000000000002","4.560000000000002","3.7536","1","0","0","0","1","0","0","4.810999999999979","0","0","0","0","0","2","_d01303d92e5a0000_p_Net","1","1","0","1","0","0","0","0","0","0","1","_d01303d92e5a0000_p_odb__dbNet","3.7536","0.0","0.0","3.7536","3.7536","","3.7536","4.560000000000002","1","4.560000000000002","4.560000000000002","4.560000000000002","46.23","142.8","46.23","142.8","0","0","1","0","46.23","","142.8","","2"
"net819","OK","0.026823999999991896","8.55357127583164","44.1955","142.638","0.4789999999999992","0.055999999999983174","1.0699999999999648","44.435","43.956","142.666","142.61","0","1.3800000000000026","1.3800000000000026","1.3800000000000026","3.7536","1","0","0","0","1","0","0","0.5349999999999824","0","0","0","0","0","2","_481403d92e5a0000_p_Net","1","1","0","1","0","0","0","0","0","0","1","_481403d92e5a0000_p_odb__dbNet","3.7536","0.0","0.0","3.7536","3.7536","","3.7536","1.3800000000000026","1","1.3800000000000026","1.3800000000000026","1.3800000000000026","44.85","142.8","44.85","142.8","1","0","0","0","44.85","","142.8","","2"
"net820","OK","18.566603999999995","3.2341402323730604","51.0505","125.148","7.748999999999995","2.396000000000001","20.289999999999992","54.925","47.176","126.346","123.95","0","10.54","10.54","10.54","3.7536","1","0","0","0","1","0","0","10.144999999999996","0","0","0","0","0","2","_c01403d92e5a0000_p_Net","1","1","0","1","0","0","0","0","0","0","1","_c01403d92e5a0000_p_odb__dbNet","3.7536","0.0","0.0","3.7536","3.7536","","3.7536","10.54","1","10.54","10.54","10.54","54.51","123.76","54.51","123.76","0","0","0","1","54.51","","123.76","","2"
"net821","OK","29.942208000000054","0.9912663753654885","40.259","123.598","5.448","5.496000000000009","21.88800000000002","42.983","37.535","126.346","120.85","0","10.959999999999994","10.959999999999994","10.959999999999994","3.7536","1","0","0","0","1","0","0","10.94400000000001","0","0","0","0","0","2","_381503d92e5a0000_p_Net","1","1","0","1","0","0","0","0","0","0","1","_381503d92e5a0000_p_odb__dbNet","3.7536","0.0","0.0","3.7536","3.7536","","3.7536","10.959999999999994","1","10.959999999999994","10.959999999999994","10.959999999999994","37.95","121.04","37.95","121.04","0","0","1","0","37.95","","121.04","","2"
"net822","OK","2.088603999999988","0.07207876647369862","30.369","121.20150000000001","0.3879999999999981","5.382999999999996","11.541999999999987","30.563","30.175","123.893","118.51","0","5.900000000000013","5.900000000000013","5.900000000000013","3.7536","1","0","0","0","1","0","0","5.770999999999994","0","0","0","0","0","2","_b01503d92e5a0000_p_Net","1","1","0","1","0","0","0","0","0","0","1","_b01503d92e5a0000_p_odb__dbNet","3.7536","0.0","0.0","3.7536","3.7536","","3.7536","5.900000000000013","1","5.900000000000013","5.900000000000013","5.900000000000013","30.59","118.32","30.59","118.32","0","0","0","1","30.59","","118.32","","2"
"net823","OK","0.045524000000004575","0.007929883135255432","19.125500000000002","108.828","0.019000000000001904","2.396000000000001","4.830000000000005","19.135","19.116","110.026","107.63","0","3.6400000000000006","3.6400000000000006","3.6400000000000006","3.7536","1","0","0","0","1","0","0","2.4150000000000027","0","0","0","0","0","2","_281603d92e5a0000_p_Net","1","1","0","1","0","0","0","0","0","0","1","_281603d92e5a0000_p_odb__dbNet","3.7536","0.0","0.0","3.7536","3.7536","","3.7536","3.6400000000000006","1","3.6400000000000006","3.6400000000000006","3.6400000000000006","19.55","107.44","19.55","107.44","0","0","0","1","19.55","","107.44","","2"
"net824","OK","0.15052799999999292","47.99999914285938","17.719","93.678","2.687999999999999","0.055999999999997385","5.487999999999992","19.063","16.375","93.706","93.65","0","2.7600000000000016","2.7600000000000016","2.7600000000000016","3.7536","1","0","0","0","1","0","0","2.743999999999996","0","0","0","0","0","2","_a01603d92e5a0000_p_Net","1","1","0","1","0","0","0","0","0","0","1","_a01603d92e5a0000_p_odb__dbNet","3.7536","0.0","0.0","3.7536","3.7536","","3.7536","2.7600000000000016","1","2.7600000000000016","2.7600000000000016","2.7600000000000016","16.79","93.84","16.79","93.84","0","1","0","0","16.79","","93.84","","2"
"net825","OK","0.07324800000001516","23.35714244004619","15.189","88.238","1.3079999999999998","0.056000000000011596","2.728000000000023","15.843","14.535","88.266","88.21","0","1.379999999999999","1.379999999999999","1.379999999999999","3.7536","1","0","0","0","1","0","0","1.3640000000000114","0","0","0","0","0","2","_181703d92e5a0000_p_Net","1","1","0","1","0","0","0","0","0","0","1","_181703d92e5a0000_p_odb__dbNet","3.7536","0.0","0.0","3.7536","3.7536","","3.7536","1.379999999999999","1","1.379999999999999","1.379999999999999","1.379999999999999","14.95","88.4","14.95","88.4","0","1","0","0","14.95","","88.4","","2"
"net826","OK","0.07455600000000281","22.947368018466356","6.449","80.4015","1.3079999999999998","0.05700000000000216","2.730000000000004","7.103","5.795","80.43","80.373","0","1.38","1.38","1.38","3.7536","1","0","0","0","1","0","0","1.365000000000002","0","0","0","0","0","2","_901703d92e5a0000_p_Net","1","1","0","1","0","0","0","0","0","0","1","_901703d92e5a0000_p_odb__dbNet","3.7536","0.0","0.0","3.7536","3.7536","","3.7536","1.38","1","1.38","1.38","1.38","6.21","80.24","6.21","80.24","0","0","1","0","6.21","","80.24","","2"
"net827","OK","0.07324799999999657","23.357142440052115","35.429","99.118","1.3079999999999998","0.055999999999997385","2.7279999999999944","36.083","34.775","99.146","99.09","0","1.3800000000000026","1.3800000000000026","1.3800000000000026","3.7536","1","0","0","0","1","0","0","1.3639999999999972","0","0","0","0","0","2","_081803d92e5a0000_p_Net","1","1","0","1","0","0","0","0","0","0","1","_081803d92e5a0000_p_odb__dbNet","3.7536","0.0","0.0","3.7536","3.7536","","3.7536","1.3800000000000026","1","1.3800000000000026","1.3800000000000026","1.3800000000000026","35.19","99.28","35.19","99.28","0","1","0","0","35.19","","99.28","","2"
"net828","OK","0.07330399999999644","23.37499958259034","39.0905","99.118","1.3089999999999975","0.055999999999997385","2.7299999999999898","39.745","38.436","99.146","99.09","0","1.3799999999999955","1.3799999999999955","1.3799999999999955","3.7536","1","0","0","0","1","0","0","1.3649999999999949","0","0","0","0","0","2","_801803d92e5a0000_p_Net","1","1","0","1","0","0","0","0","0","0","1","_801803d92e5a0000_p_odb__dbNet","3.7536","0.0","0.0","3.7536","3.7536","","3.7536","1.3799999999999955","1","1.3799999999999955","1.3799999999999955","1.3799999999999955","39.33","99.28","39.33","99.28","1","0","0","0","39.33","","99.28","","2"
"net829","OK","1.181071999999993","0.12746386329583922","35.888999999999996","111.548","0.3879999999999981","3.043999999999997","6.86399999999999","36.083","35.695","113.07","110.026","0","3.1799999999999997","3.1799999999999997","3.1799999999999997","3.7536","1","0","0","0","1","0","0","3.431999999999995","0","0","0","0","0","2","_f81803d92e5a0000_p_Net","1","1","0","1","0","0","0","0","0","0","1","_f81803d92e5a0000_p_odb__dbNet","3.7536","0.0","0.0","3.7536","3.7536","","3.7536","3.1799999999999997","1","3.1799999999999997","3.1799999999999997","3.1799999999999997","36.11","112.88","36.11","112.88","1","0","0","0","36.11","","112.88","","2"
"net830","OK","0.10404799999999537","33.17857083609857","36.534","109.99799999999999","1.858000000000004","0.055999999999997385","3.828000000000003","37.463","35.605","110.026","109.97","0","2.760000000000005","2.760000000000005","2.760000000000005","3.7536","1","0","0","0","1","0","0","1.9140000000000015","0","0","0","0","0","2","_701903d92e5a0000_p_Net","1","1","0","1","0","0","0","0","0","0","1","_701903d92e5a0000_p_odb__dbNet","3.7536","0.0","0.0","3.7536","3.7536","","3.7536","2.760000000000005","1","2.760000000000005","2.760000000000005","2.760000000000005","35.19","110.16","35.19","110.16","0","1","0","0","35.19","","110.16","","2"
"net831","OK","2.632584","0.08715429401616523","37.2955","85.518","0.4789999999999992","5.496000000000009","11.950000000000017","37.535","37.056","88.266","82.77","0","6.8200000000000145","6.8200000000000145","6.8200000000000145","3.7536","1","0","0","0","1","0","0","5.9750000000000085","0","0","0","0","0","2","_e81903d92e5a0000_p_Net","1","1","0","1","0","0","0","0","0","0","1","_e81903d92e5a0000_p_odb__dbNet","3.7536","0.0","0.0","3.7536","3.7536","","3.7536","6.8200000000000145","1","6.8200000000000145","6.8200000000000145","6.8200000000000145","37.95","82.96","37.95","82.96","0","0","0","1","37.95","","82.96","","2"
"net832","OK","0.07330399999999683","23.374999582590466","45.9905","82.798","1.3090000000000046","0.055999999999997385","2.730000000000004","46.645","45.336","82.826","82.77","0","1.3799999999999955","1.3799999999999955","1.3799999999999955","3.7536","1","0","0","0","1","0","0","1.365000000000002","0","0","0","0","0","2","_601a03d92e5a0000_p_Net","1","1","0","1","0","0","0","0","0","0","1","_601a03d92e5a0000_p_odb__dbNet","3.7536","0.0","0.0","3.7536","3.7536","","3.7536","1.3799999999999955","1","1.3799999999999955","1.3799999999999955","1.3799999999999955","46.23","82.96","46.23","82.96","1","0","0","0","46.23","","82.96","","2"
"net833","OK","0.02724600000000112","8.385964765158223","44.123999999999995","80.4015","0.47800000000000153","0.05700000000000216","1.0700000000000074","44.363","43.885","80.43","80.373","0","1.3800000000000026","1.3800000000000026","1.3800000000000026","3.7536","1","0","0","0","1","0","0","0.5350000000000037","0","0","0","0","0","2","_d81a03d92e5a0000_p_Net","1","1","0","1","0","0","0","0","0","0","1","_d81a03d92e5a0000_p_odb__dbNet","3.7536","0.0","0.0","3.7536","3.7536","","3.7536","1.3800000000000026","1","1.3800000000000026","1.3800000000000026","1.3800000000000026","43.47","80.24","43.47","80.24","0","0","1","0","43.47","","80.24","","2"
"net834","OK","0.9296480000000128","0.1619365608673074","41.869","76.18799999999999","0.38800000000000523","2.396000000000001","5.568000000000012","42.063","41.675","77.386","74.99","0","3.1799999999999926","3.1799999999999926","3.1799999999999926","3.7536","1","0","0","0","1","0","0","2.784000000000006","0","0","0","0","0","2","_501b03d92e5a0000_p_Net","1","1","0","1","0","0","0","0","0","0","1","_501b03d92e5a0000_p_odb__dbNet","3.7536","0.0","0.0","3.7536","3.7536","","3.7536","3.1799999999999926","1","3.1799999999999926","3.1799999999999926","3.1799999999999926","42.09","74.8","42.09","74.8","0","0","0","1","42.09","","74.8","","2"
"net835","OK","0.17011599999999516","0.029632721189634895","42.5405","59.868","0.07099999999999795","2.396000000000001","4.9339999999999975","42.576","42.505","61.066","58.67","0","2.720000000000006","2.720000000000006","2.720000000000006","3.7536","1","0","0","0","1","0","0","2.4669999999999987","0","0","0","0","0","2","_c81b03d92e5a0000_p_Net","1","1","0","1","0","0","0","0","0","0","1","_c81b03d92e5a0000_p_odb__dbNet","3.7536","0.0","0.0","3.7536","3.7536","","3.7536","2.720000000000006","1","2.720000000000006","2.720000000000006","2.720000000000006","42.09","58.48","42.09","58.48","0","0","1","0","42.09","","58.48","","2"
"net836","OK","0.3309039999999845","105.51785525861463","45.9905","55.598","5.908999999999999","0.055999999999997385","11.929999999999993","48.945","43.036","55.626","55.57","0","5.980000000000004","5.980000000000004","5.980000000000004","3.7536","1","0","0","0","1","0","0","5.964999999999996","0","0","0","0","0","2","_401c03d92e5a0000_p_Net","1","1","0","1","0","0","0","0","0","0","1","_401c03d92e5a0000_p_odb__dbNet","3.7536","0.0","0.0","3.7536","3.7536","","3.7536","5.980000000000004","1","5.980000000000004","5.980000000000004","5.980000000000004","48.53","55.76","48.53","55.76","1","0","0","0","48.53","","55.76","","2"
"net837","OK","2.249844000000001","0.3919031717896897","41.665499999999994","32.668","0.9390000000000001","2.396000000000001","6.670000000000002","42.135","41.196","33.866","31.47","0","4.559999999999995","4.559999999999995","4.559999999999995","3.7536","1","0","0","0","1","0","0","3.335000000000001","0","0","0","0","0","2","_b81c03d92e5a0000_p_Net","1","1","0","1","0","0","0","0","0","0","1","_b81c03d92e5a0000_p_odb__dbNet","3.7536","0.0","0.0","3.7536","3.7536","","3.7536","4.559999999999995","1","4.559999999999995","4.559999999999995","4.559999999999995","42.55","31.28","42.55","31.28","0","0","0","1","42.55","","31.28","","2"
"net838","OK","1.1476839999999984","0.19991652746247182","51.5555","32.668","0.4789999999999992","2.396000000000001","5.75","51.795","51.316","33.866","31.47","0","4.100000000000001","4.100000000000001","4.100000000000001","3.7536","1","0","0","0","1","0","0","2.875","0","0","0","0","0","2","_301d03d92e5a0000_p_Net","1","1","0","1","0","0","0","0","0","0","1","_301d03d92e5a0000_p_odb__dbNet","3.7536","0.0","0.0","3.7536","3.7536","","3.7536","4.100000000000001","1","4.100000000000001","4.100000000000001","4.100000000000001","52.21","31.28","52.21","31.28","0","0","0","1","52.21","","31.28","","2"
"net839","OK","0.9296479999999958","0.16193656086730443","48.769000000000005","32.668","0.3879999999999981","2.396000000000001","5.567999999999998","48.963","48.575","33.866","31.47","0","3.1799999999999997","3.1799999999999997","3.1799999999999997","3.7536","1","0","0","0","1","0","0","2.783999999999999","0","0","0","0","0","2","_a81d03d92e5a0000_p_Net","1","1","0","1","0","0","0","0","0","0","1","_a81d03d92e5a0000_p_odb__dbNet","3.7536","0.0","0.0","3.7536","3.7536","","3.7536","3.1799999999999997","1","3.1799999999999997","3.1799999999999997","3.1799999999999997","48.99","31.28","48.99","31.28","0","0","0","1","48.99","","31.28","","2"
"net840","OK","1.180683999999994","0.1275057508618115","46.929","29.8915","0.3879999999999981","3.0429999999999993","6.861999999999995","47.123","46.735","31.413","28.37","0","3.1800000000000033","3.1800000000000033","3.1800000000000033","3.7536","1","0","0","0","1","0","0","3.4309999999999974","0","0","0","0","0","2","_201e03d92e5a0000_p_Net","1","1","0","1","0","0","0","0","0","0","1","_201e03d92e5a0000_p_odb__dbNet","3.7536","0.0","0.0","3.7536","3.7536","","3.7536","3.1800000000000033","1","3.1800000000000033","3.1800000000000033","3.1800000000000033","47.15","28.56","47.15","28.56","0","0","0","1","47.15","","28.56","","2"
"net841","OK","2.0342040000000097","0.35434056746480086","45.7605","32.668","0.8490000000000038","2.396000000000001","6.490000000000009","46.185","45.336","33.866","31.47","0","3.6400000000000006","3.6400000000000006","3.6400000000000006","3.7536","1","0","0","0","1","0","0","3.2450000000000045","0","0","0","0","0","2","_981e03d92e5a0000_p_Net","1","1","0","1","0","0","0","0","0","0","1","_981e03d92e5a0000_p_odb__dbNet","3.7536","0.0","0.0","3.7536","3.7536","","3.7536","3.6400000000000006","1","3.6400000000000006","3.6400000000000006","3.6400000000000006","45.77","31.28","45.77","31.28","0","0","0","1","45.77","","31.28","","2"
"net842","OK","0.07324799999999657","23.357142440052115","42.32899999999999","33.838","1.3079999999999998","0.055999999999997385","2.7279999999999944","42.983","41.675","33.866","33.81","0","1.3799999999999955","1.3799999999999955","1.3799999999999955","3.7536","1","0","0","0","1","0","0","1.3639999999999972","0","0","0","0","0","2","_101f03d92e5a0000_p_Net","1","1","0","1","0","0","0","0","0","0","1","_101f03d92e5a0000_p_odb__dbNet","3.7536","0.0","0.0","3.7536","3.7536","","3.7536","1.3799999999999955","1","1.3799999999999955","1.3799999999999955","1.3799999999999955","42.09","34.0","42.09","34.0","0","1","0","0","42.09","","34.0","","2"
"net843","OK","2.3792860000000022","0.08211034737467761","40.903999999999996","34.161500000000004","0.44200000000000017","5.383000000000003","11.650000000000006","41.125","40.683","36.853","31.47","0","5.899999999999999","5.899999999999999","5.899999999999999","3.7536","1","0","0","0","1","0","0","5.825000000000003","0","0","0","0","0","2","_881f03d92e5a0000_p_Net","1","1","0","1","0","0","0","0","0","0","1","_881f03d92e5a0000_p_odb__dbNet","3.7536","0.0","0.0","3.7536","3.7536","","3.7536","5.899999999999999","1","5.899999999999999","5.899999999999999","5.899999999999999","40.71","31.28","40.71","31.28","0","0","1","0","40.71","","31.28","","2"
"net844","OK","6.443136000000004","1.121401751722401","5.759","32.6115","2.6879999999999997","2.397000000000002","10.170000000000003","7.103","4.415","33.81","31.413","0","5.479999999999999","5.479999999999999","5.479999999999999","3.7536","1","0","0","0","1","0","0","5.085000000000002","0","0","0","0","0","2","_002003d92e5a0000_p_Net","1","1","0","1","0","0","0","0","0","0","1","_002003d92e5a0000_p_odb__dbNet","3.7536","0.0","0.0","3.7536","3.7536","","3.7536","5.479999999999999","1","5.479999999999999","5.479999999999999","5.479999999999999","4.83","34.0","4.83","34.0","0","1","0","0","4.83","","34.0","","2"
"net845","OK","2.5804639999999988","0.2786723627082904","5.2989999999999995","29.8915","0.8479999999999999","3.0429999999999993","7.781999999999998","5.723","4.875","31.413","28.37","0","3.6400000000000023","3.6400000000000023","3.6400000000000023","3.7536","1","0","0","0","1","0","0","3.890999999999999","0","0","0","0","0","2","_782003d92e5a0000_p_Net","1","1","0","1","0","0","0","0","0","0","1","_782003d92e5a0000_p_odb__dbNet","3.7536","0.0","0.0","3.7536","3.7536","","3.7536","3.6400000000000023","1","3.6400000000000023","3.6400000000000023","3.6400000000000023","5.29","28.56","5.29","28.56","0","0","1","0","5.29","","28.56","","2"
"net846","OK","0.15562399999999277","49.62499911384163","8.5455","28.398","2.779000000000001","0.055999999999997385","5.669999999999996","9.935","7.156","28.426","28.37","0","3.6799999999999997","3.6799999999999997","3.6799999999999997","3.7536","1","0","0","0","1","0","0","2.834999999999998","0","0","0","0","0","2","_f02003d92e5a0000_p_Net","1","1","0","1","0","0","0","0","0","0","1","_f02003d92e5a0000_p_odb__dbNet","3.7536","0.0","0.0","3.7536","3.7536","","3.7536","3.6799999999999997","1","3.6799999999999997","3.6799999999999997","3.6799999999999997","10.35","28.56","10.35","28.56","1","0","0","0","10.35","","28.56","","2"
"net847","OK","2.161191999999998","0.3764607677894576","8.014","27.228","0.9020000000000001","2.3959999999999972","6.595999999999995","8.465","7.563","28.426","26.03","0","2.719999999999999","2.719999999999999","2.719999999999999","3.7536","1","0","0","0","1","0","0","3.2979999999999974","0","0","0","0","0","2","_682103d92e5a0000_p_Net","1","1","0","1","0","0","0","0","0","0","1","_682103d92e5a0000_p_odb__dbNet","3.7536","0.0","0.0","3.7536","3.7536","","3.7536","2.719999999999999","1","2.719999999999999","2.719999999999999","2.719999999999999","8.05","25.84","8.05","25.84","0","0","0","1","8.05","","25.84","","2"
"net848","OK","0.057817000000000375","0.006243838315398059","5.7855","35.331500000000005","0.019000000000000128","3.0429999999999993","6.123999999999999","5.795","5.776","36.853","33.81","0","3.639999999999999","3.639999999999999","3.639999999999999","3.7536","1","0","0","0","1","0","0","3.0619999999999994","0","0","0","0","0","2","_202bf5d82e5a0000_p_Net","1","1","0","1","0","0","0","0","0","0","1","_202bf5d82e5a0000_p_odb__dbNet","3.7536","0.0","0.0","3.7536","3.7536","","3.7536","3.639999999999999","1","3.639999999999999","3.639999999999999","3.639999999999999","6.21","34.0","6.21","34.0","0","0","0","1","6.21","","34.0","","2"
"net849","OK","5.340515999999996","0.9294952019484797","5.989","59.811499999999995","2.2279999999999998","2.3969999999999985","9.249999999999996","7.103","4.875","61.01","58.613","0","5.020000000000006","5.020000000000006","5.020000000000006","3.7536","1","0","0","0","1","0","0","4.624999999999998","0","0","0","0","0","2","_982bf5d82e5a0000_p_Net","1","1","0","1","0","0","0","0","0","0","1","_982bf5d82e5a0000_p_odb__dbNet","3.7536","0.0","0.0","3.7536","3.7536","","3.7536","5.020000000000006","1","5.020000000000006","5.020000000000006","5.020000000000006","5.29","61.2","5.29","61.2","0","1","0","0","5.29","","61.2","","2"
"net850","OK","0.02724600000000102","8.38596476515819","5.484","58.6415","0.47799999999999976","0.05700000000000216","1.0700000000000038","5.723","5.245","58.67","58.613","0","1.38","1.38","1.38","3.7536","1","0","0","0","1","0","0","0.5350000000000019","0","0","0","0","0","2","_102cf5d82e5a0000_p_Net","1","1","0","1","0","0","0","0","0","0","1","_102cf5d82e5a0000_p_odb__dbNet","3.7536","0.0","0.0","3.7536","3.7536","","3.7536","1.38","1","1.38","1.38","1.38","4.83","58.48","4.83","58.48","0","0","1","0","4.83","","58.48","","2"
"net851","OK","15.273384000000005","0.5056404657013025","9.9255","63.757999999999996","2.779","5.496000000000002","16.550000000000004","11.315","8.536","66.506","61.01","0","9.119999999999997","9.119999999999997","9.119999999999997","3.7536","1","0","0","0","1","0","0","8.275000000000002","0","0","0","0","0","2","_882cf5d82e5a0000_p_Net","1","1","0","1","0","0","0","0","0","0","1","_882cf5d82e5a0000_p_odb__dbNet","3.7536","0.0","0.0","3.7536","3.7536","","3.7536","9.119999999999997","1","9.119999999999997","9.119999999999997","9.119999999999997","11.73","61.2","11.73","61.2","0","0","0","1","11.73","","61.2","","2"
"net852","OK","0.07455600000000281","22.947368018466356","9.209","64.0815","1.3079999999999998","0.05700000000000216","2.730000000000004","9.863","8.555","64.11","64.053","0","1.379999999999999","1.379999999999999","1.379999999999999","3.7536","1","0","0","0","1","0","0","1.365000000000002","0","0","0","0","0","2","_002df5d82e5a0000_p_Net","1","1","0","1","0","0","0","0","0","0","1","_002df5d82e5a0000_p_odb__dbNet","3.7536","0.0","0.0","3.7536","3.7536","","3.7536","1.379999999999999","1","1.379999999999999","1.379999999999999","1.379999999999999","8.97","63.92","8.97","63.92","0","0","1","0","8.97","","63.92","","2"
"net853","OK","0.026823999999998804","8.553571275829501","10.6155","39.278","0.479000000000001","0.055999999999997385","1.0699999999999967","10.855","10.376","39.306","39.25","0","1.379999999999999","1.379999999999999","1.379999999999999","3.7536","1","0","0","0","1","0","0","0.5349999999999984","0","0","0","0","0","2","_782df5d82e5a0000_p_Net","1","1","0","1","0","0","0","0","0","0","1","_782df5d82e5a0000_p_odb__dbNet","3.7536","0.0","0.0","3.7536","3.7536","","3.7536","1.379999999999999","1","1.379999999999999","1.379999999999999","1.379999999999999","11.27","39.44","11.27","39.44","1","0","0","0","11.27","","39.44","","2"
"net854","OK","0.929648","0.16193656086730518","7.829","38.108","0.3879999999999999","2.396000000000001","5.568000000000001","8.023","7.635","39.306","36.91","0","3.179999999999998","3.179999999999998","3.179999999999998","3.7536","1","0","0","0","1","0","0","2.7840000000000007","0","0","0","0","0","2","_f02df5d82e5a0000_p_Net","1","1","0","1","0","0","0","0","0","0","1","_f02df5d82e5a0000_p_odb__dbNet","3.7536","0.0","0.0","3.7536","3.7536","","3.7536","3.179999999999998","1","3.179999999999998","3.179999999999998","3.179999999999998","8.05","36.72","8.05","36.72","0","0","0","1","8.05","","36.72","","2"
"net855","OK","2.132448","0.07059679765818831","6.449","41.998000000000005","0.3879999999999999","5.496000000000002","11.768000000000004","6.643","6.255","44.746","39.25","0","5.900000000000005","5.900000000000005","5.900000000000005","3.7536","1","0","0","0","1","0","0","5.884000000000002","0","0","0","0","0","2","_682ef5d82e5a0000_p_Net","1","1","0","1","0","0","0","0","0","0","1","_682ef5d82e5a0000_p_odb__dbNet","3.7536","0.0","0.0","3.7536","3.7536","","3.7536","5.900000000000005","1","5.900000000000005","5.900000000000005","5.900000000000005","6.67","39.44","6.67","39.44","0","0","0","1","6.67","","39.44","","2"
"net856","OK","19.42186399999998","0.6702582201987264","5.759","45.0415","3.6079999999999997","5.382999999999996","17.981999999999992","7.563","3.955","47.733","42.35","0","9.120000000000005","9.120000000000005","9.120000000000005","3.7536","1","0","0","0","1","0","0","8.990999999999996","0","0","0","0","0","2","_e02ef5d82e5a0000_p_Net","1","1","0","1","0","0","0","0","0","0","1","_e02ef5d82e5a0000_p_odb__dbNet","3.7536","0.0","0.0","3.7536","3.7536","","3.7536","9.120000000000005","1","9.120000000000005","9.120000000000005","9.120000000000005","4.37","42.16","4.37","42.16","0","0","1","0","4.37","","42.16","","2"
"net857","OK","1.1806839999999994","0.1275057508618121","4.149","51.6515","0.3879999999999999","3.0429999999999993","6.861999999999998","4.343","3.955","53.173","50.13","0","3.179999999999999","3.179999999999999","3.179999999999999","3.7536","1","0","0","0","1","0","0","3.430999999999999","0","0","0","0","0","2","_582ff5d82e5a0000_p_Net","1","1","0","1","0","0","0","0","0","0","1","_582ff5d82e5a0000_p_odb__dbNet","3.7536","0.0","0.0","3.7536","3.7536","","3.7536","3.179999999999999","1","3.179999999999999","3.179999999999999","3.179999999999999","4.37","50.32","4.37","50.32","0","0","0","1","4.37","","50.32","","2"
"net858","OK","1.1806839999999994","0.1275057508618121","5.529","51.6515","0.3879999999999999","3.0429999999999993","6.861999999999998","5.723","5.335","53.173","50.13","0","3.179999999999999","3.179999999999999","3.179999999999999","3.7536","1","0","0","0","1","0","0","3.430999999999999","0","0","0","0","0","2","_d02ff5d82e5a0000_p_Net","1","1","0","1","0","0","0","0","0","0","1","_d02ff5d82e5a0000_p_odb__dbNet","3.7536","0.0","0.0","3.7536","3.7536","","3.7536","3.179999999999999","1","3.179999999999999","3.179999999999999","3.179999999999999","5.75","50.32","5.75","50.32","0","0","0","1","5.75","","50.32","","2"
"net859","OK","43.07764800000002","1.4261280928991755","10.084","58.318","7.838","5.496000000000002","26.668000000000006","14.003","6.165","61.066","55.57","0","14.180000000000005","14.180000000000005","14.180000000000005","3.7536","1","0","0","0","1","0","0","13.334000000000003","0","0","0","0","0","2","_4830f5d82e5a0000_p_Net","1","1","0","1","0","0","0","0","0","0","1","_4830f5d82e5a0000_p_odb__dbNet","3.7536","0.0","0.0","3.7536","3.7536","","3.7536","14.180000000000005","1","14.180000000000005","14.180000000000005","14.180000000000005","5.75","55.76","5.75","55.76","0","0","1","0","5.75","","55.76","","2"
"net860","OK","0.929648","0.16193656086730518","5.989","65.30799999999999","0.3879999999999999","2.396000000000001","5.568000000000001","6.183","5.795","66.506","64.11","0","3.179999999999999","3.179999999999999","3.179999999999999","3.7536","1","0","0","0","1","0","0","2.7840000000000007","0","0","0","0","0","2","_c030f5d82e5a0000_p_Net","1","1","0","1","0","0","0","0","0","0","1","_c030f5d82e5a0000_p_odb__dbNet","3.7536","0.0","0.0","3.7536","3.7536","","3.7536","3.179999999999999","1","3.179999999999999","3.179999999999999","3.179999999999999","6.21","63.92","6.21","63.92","0","0","0","1","6.21","","63.92","","2"
"net861","OK","0.07324799999999657","23.357142440052115","4.609","71.918","1.3079999999999998","0.055999999999997385","2.7279999999999944","5.263","3.955","71.946","71.89","0","1.38","1.38","1.38","3.7536","1","0","0","0","1","0","0","1.3639999999999972","0","0","0","0","0","2","_3831f5d82e5a0000_p_Net","1","1","0","1","0","0","0","0","0","0","1","_3831f5d82e5a0000_p_odb__dbNet","3.7536","0.0","0.0","3.7536","3.7536","","3.7536","1.38","1","1.38","1.38","1.38","4.37","72.08","4.37","72.08","0","1","0","0","4.37","","72.08","","2"
"net862","OK","0.027302999999994283","8.403508624501642","9.6955","74.9615","0.479000000000001","0.05699999999998795","1.0719999999999779","9.935","9.456","74.99","74.933","0","1.379999999999999","1.379999999999999","1.379999999999999","3.7536","1","0","0","0","1","0","0","0.5359999999999889","0","0","0","0","0","2","_b031f5d82e5a0000_p_Net","1","1","0","1","0","0","0","0","0","0","1","_b031f5d82e5a0000_p_odb__dbNet","3.7536","0.0","0.0","3.7536","3.7536","","3.7536","1.379999999999999","1","1.379999999999999","1.379999999999999","1.379999999999999","10.35","74.8","10.35","74.8","0","0","0","1","10.35","","74.8","","2"
"net863","OK","0.1532159999999676","47.157893909520595","5.759","74.9615","2.6879999999999997","0.05699999999998795","5.489999999999975","7.103","4.415","74.99","74.933","0","2.76","2.76","2.76","3.7536","1","0","0","0","1","0","0","2.7449999999999877","0","0","0","0","0","2","_2832f5d82e5a0000_p_Net","1","1","0","1","0","0","0","0","0","0","1","_2832f5d82e5a0000_p_odb__dbNet","3.7536","0.0","0.0","3.7536","3.7536","","3.7536","2.76","1","2.76","2.76","2.76","4.83","74.8","4.83","74.8","0","0","1","0","4.83","","74.8","","2"
"net864","OK","103.770924","0.8858911576378183","9.669","53.201499999999996","9.588","10.823","40.822","14.463","4.875","58.613","47.79","0","20.539999999999996","20.539999999999996","20.539999999999996","3.7536","1","0","0","0","1","0","0","20.411","0","0","0","0","0","2","_a032f5d82e5a0000_p_Net","1","1","0","1","0","0","0","0","0","0","1","_a032f5d82e5a0000_p_odb__dbNet","3.7536","0.0","0.0","3.7536","3.7536","","3.7536","20.539999999999996","1","20.539999999999996","20.539999999999996","20.539999999999996","5.29","47.6","5.29","47.6","0","0","1","0","5.29","","47.6","","2"
"net865","OK","2.1328359999999993","0.07058395487164197","4.149","66.8015","0.3879999999999999","5.497","11.77","4.343","3.955","69.55","64.053","0","5.899999999999998","5.899999999999998","5.899999999999998","3.7536","1","0","0","0","1","0","0","5.885","0","0","0","0","0","2","_1833f5d82e5a0000_p_Net","1","1","0","1","0","0","0","0","0","0","1","_1833f5d82e5a0000_p_odb__dbNet","3.7536","0.0","0.0","3.7536","3.7536","","3.7536","5.899999999999998","1","5.899999999999998","5.899999999999998","5.899999999999998","4.37","69.36","4.37","69.36","1","0","0","0","4.37","","69.36","","2"
"net866","OK","19.38723599999998","2.092312745698979","11.2605","62.588","6.369","3.043999999999997","18.825999999999993","14.445","8.076","64.11","61.066","0","9.159999999999998","9.159999999999998","9.159999999999998","3.7536","1","0","0","0","1","0","0","9.412999999999997","0","0","0","0","0","2","_9033f5d82e5a0000_p_Net","1","1","0","1","0","0","0","0","0","0","1","_9033f5d82e5a0000_p_odb__dbNet","3.7536","0.0","0.0","3.7536","3.7536","","3.7536","9.159999999999998","1","9.159999999999998","9.159999999999998","9.159999999999998","14.03","63.92","14.03","63.92","1","0","0","0","14.03","","63.92","","2"
"net867","OK","3.981551999999998","0.42969776595607895","7.829000000000001","62.588","1.3080000000000007","3.043999999999997","8.703999999999995","8.483","7.175","64.11","61.066","0","4.1","4.1","4.1","3.7536","1","0","0","0","1","0","0","4.351999999999998","0","0","0","0","0","2","_0834f5d82e5a0000_p_Net","1","1","0","1","0","0","0","0","0","0","1","_0834f5d82e5a0000_p_odb__dbNet","3.7536","0.0","0.0","3.7536","3.7536","","3.7536","4.1","1","4.1","4.1","4.1","7.59","63.92","7.59","63.92","0","1","0","0","7.59","","63.92","","2"
"net868","OK","9.746928000000002","1.6978297154850452","10.588999999999999","59.868","4.068","2.396000000000001","12.928","12.623","8.555","61.066","58.67","0","6.860000000000005","6.860000000000005","6.860000000000005","3.7536","1","0","0","0","1","0","0","6.464","0","0","0","0","0","2","_8034f5d82e5a0000_p_Net","1","1","0","1","0","0","0","0","0","0","1","_8034f5d82e5a0000_p_odb__dbNet","3.7536","0.0","0.0","3.7536","3.7536","","3.7536","6.860000000000005","1","6.860000000000005","6.860000000000005","6.860000000000005","8.97","58.48","8.97","58.48","0","0","1","0","8.97","","58.48","","2"
"net869","OK","9.585556000000015","1.0344940863881416","11.0305","57.147999999999996","3.149000000000001","3.044000000000004","12.38600000000001","12.605","9.456","58.67","55.626","0","5.939999999999998","5.939999999999998","5.939999999999998","3.7536","1","0","0","0","1","0","0","6.193000000000005","0","0","0","0","0","2","_f834f5d82e5a0000_p_Net","1","1","0","1","0","0","0","0","0","0","1","_f834f5d82e5a0000_p_odb__dbNet","3.7536","0.0","0.0","3.7536","3.7536","","3.7536","5.939999999999998","1","5.939999999999998","5.939999999999998","5.939999999999998","12.19","58.48","12.19","58.48","1","0","0","0","12.19","","58.48","","2"
"net870","OK","19.387236000000026","2.0923127456989743","10.8005","57.147999999999996","6.369","3.044000000000004","18.826000000000008","13.985","7.616","58.67","55.626","0","9.16","9.16","9.16","3.7536","1","0","0","0","1","0","0","9.413000000000004","0","0","0","0","0","2","_7035f5d82e5a0000_p_Net","1","1","0","1","0","0","0","0","0","0","1","_7035f5d82e5a0000_p_odb__dbNet","3.7536","0.0","0.0","3.7536","3.7536","","3.7536","9.16","1","9.16","9.16","9.16","13.57","58.48","13.57","58.48","1","0","0","0","13.57","","58.48","","2"
"net871","OK","2.0889919999999997","0.07206537888706065","5.069","101.838","0.3879999999999999","5.384","11.544","5.263","4.875","104.53","99.146","0","5.899999999999998","5.899999999999998","5.899999999999998","3.7536","1","0","0","0","1","0","0","5.772","0","0","0","0","0","2","_e835f5d82e5a0000_p_Net","1","1","0","1","0","0","0","0","0","0","1","_e835f5d82e5a0000_p_odb__dbNet","3.7536","0.0","0.0","3.7536","3.7536","","3.7536","5.899999999999998","1","5.899999999999998","5.899999999999998","5.899999999999998","5.29","104.72","5.29","104.72","1","0","0","0","5.29","","104.72","","2"
"net872","OK","24.675564","0.4018631954566282","6.4305","95.22800000000001","3.149000000000001","7.8359999999999985","21.97","8.005","4.856","99.146","91.31","0","11.379999999999995","11.379999999999995","11.379999999999995","3.7536","1","0","0","0","1","0","0","10.985","0","0","0","0","0","2","_6036f5d82e5a0000_p_Net","1","1","0","1","0","0","0","0","0","0","1","_6036f5d82e5a0000_p_odb__dbNet","3.7536","0.0","0.0","3.7536","3.7536","","3.7536","11.379999999999995","1","11.379999999999995","11.379999999999995","11.379999999999995","7.59","91.12","7.59","91.12","0","0","0","1","7.59","","91.12","","2"
"net873","OK","36.186647999999984","0.5893312914000343","12.154","29.948","4.6179999999999986","7.8359999999999985","24.907999999999994","14.463","9.845","33.866","26.03","0","13.68","13.68","13.68","3.7536","1","0","0","0","1","0","0","12.453999999999997","0","0","0","0","0","2","_d836f5d82e5a0000_p_Net","1","1","0","1","0","0","0","0","0","0","1","_d836f5d82e5a0000_p_odb__dbNet","3.7536","0.0","0.0","3.7536","3.7536","","3.7536","13.68","1","13.68","13.68","13.68","9.43","25.84","9.43","25.84","0","0","1","0","9.43","","25.84","","2"
"net874","OK","38.033742999999994","1.2586865560744611","10.615499999999999","28.7215","6.919","5.497","24.832","14.075","7.156","31.47","25.973","0","13.260000000000002","13.260000000000002","13.260000000000002","3.7536","1","0","0","0","1","0","0","12.416","0","0","0","0","0","2","_5037f5d82e5a0000_p_Net","1","1","0","1","0","0","0","0","0","0","1","_5037f5d82e5a0000_p_odb__dbNet","3.7536","0.0","0.0","3.7536","3.7536","","3.7536","13.260000000000002","1","13.260000000000002","13.260000000000002","13.260000000000002","14.49","31.28","14.49","31.28","1","0","0","0","14.49","","31.28","","2"
"net875","OK","8.459275999999992","0.9129434951008736","14.0655","89.78800000000001","2.779","3.043999999999997","11.645999999999994","15.455","12.676","91.31","88.266","0","6.399999999999999","6.399999999999999","6.399999999999999","3.7536","1","0","0","0","1","0","0","5.822999999999997","0","0","0","0","0","2","_c837f5d82e5a0000_p_Net","1","1","0","1","0","0","0","0","0","0","1","_c837f5d82e5a0000_p_odb__dbNet","3.7536","0.0","0.0","3.7536","3.7536","","3.7536","6.399999999999999","1","6.399999999999999","6.399999999999999","6.399999999999999","15.87","91.12","15.87","91.12","1","0","0","0","15.87","","91.12","","2"
"net876","OK","2.158796","0.3760434055191803","13.6055","87.06800000000001","0.9009999999999998","2.396000000000001","6.594000000000001","14.056","13.155","88.266","85.87","0","2.719999999999999","2.719999999999999","2.719999999999999","3.7536","1","0","0","0","1","0","0","3.2970000000000006","0","0","0","0","0","2","_4038f5d82e5a0000_p_Net","1","1","0","1","0","0","0","0","0","0","1","_4038f5d82e5a0000_p_odb__dbNet","3.7536","0.0","0.0","3.7536","3.7536","","3.7536","2.719999999999999","1","2.719999999999999","2.719999999999999","2.719999999999999","13.57","85.68","13.57","85.68","0","0","1","0","13.57","","85.68","","2"
"net877","OK","8.558888","0.02282586242394002","6.864","97.94800000000001","0.44200000000000017","19.36399999999999","39.61199999999998","7.085","6.643","107.63","88.266","0","19.499999999999993","19.499999999999993","19.499999999999993","3.7536","1","0","0","0","1","0","0","19.80599999999999","0","0","0","0","0","2","_b838f5d82e5a0000_p_Net","1","1","0","1","0","0","0","0","0","0","1","_b838f5d82e5a0000_p_odb__dbNet","3.7536","0.0","0.0","3.7536","3.7536","","3.7536","19.499999999999993","1","19.499999999999993","19.499999999999993","19.499999999999993","6.67","107.44","6.67","107.44","0","1","0","0","6.67","","107.44","","2"
"net878","OK","4.258555999999993","0.45959264111051507","11.535499999999999","89.78800000000001","1.3989999999999991","3.043999999999997","8.885999999999992","12.235","10.836","91.31","88.266","0","5.02","5.02","5.02","3.7536","1","0","0","0","1","0","0","4.442999999999996","0","0","0","0","0","2","_3039f5d82e5a0000_p_Net","1","1","0","1","0","0","0","0","0","0","1","_3039f5d82e5a0000_p_odb__dbNet","3.7536","0.0","0.0","3.7536","3.7536","","3.7536","5.02","1","5.02","5.02","5.02","12.65","91.12","12.65","91.12","1","0","0","0","12.65","","91.12","","2"
"net879","OK","0.026824000000000455","8.553571275828943","6.015499999999999","22.958","0.4790000000000001","0.05600000000000094","1.070000000000002","6.255","5.776","22.986","22.93","0","1.38","1.38","1.38","3.7536","1","0","0","0","1","0","0","0.535000000000001","0","0","0","0","0","2","_a839f5d82e5a0000_p_Net","1","1","0","1","0","0","0","0","0","0","1","_a839f5d82e5a0000_p_odb__dbNet","3.7536","0.0","0.0","3.7536","3.7536","","3.7536","1.38","1","1.38","1.38","1.38","6.67","23.12","6.67","23.12","1","0","0","0","6.67","","23.12","","2"
"net880","OK","1.1810720000000094","0.1274638632958398","23.469","133.308","0.3880000000000017","3.044000000000011","6.864000000000026","23.663","23.275","134.83","131.786","0","3.179999999999996","3.179999999999996","3.179999999999996","3.7536","1","0","0","0","1","0","0","3.432000000000013","0","0","0","0","0","2","_203af5d82e5a0000_p_Net","1","1","0","1","0","0","0","0","0","0","1","_203af5d82e5a0000_p_odb__dbNet","3.7536","0.0","0.0","3.7536","3.7536","","3.7536","3.179999999999996","1","3.179999999999996","3.179999999999996","3.179999999999996","23.69","134.64","23.69","134.64","1","0","0","0","23.69","","134.64","","2"
"net881","OK","27.914183999999977","0.9241266373864407","25.7955","129.038","5.079000000000001","5.495999999999995","21.14999999999999","28.335","23.256","131.786","126.29","0","11.419999999999984","11.419999999999984","11.419999999999984","3.7536","1","0","0","0","1","0","0","10.574999999999996","0","0","0","0","0","2","_983af5d82e5a0000_p_Net","1","1","0","1","0","0","0","0","0","0","1","_983af5d82e5a0000_p_odb__dbNet","3.7536","0.0","0.0","3.7536","3.7536","","3.7536","11.419999999999984","1","11.419999999999984","11.419999999999984","11.419999999999984","28.75","126.48","28.75","126.48","0","0","0","1","28.75","","126.48","","2"
"net882","OK","0.17251200000000122","0.030050083459912155","5.2989999999999995","130.588","0.07200000000000006","2.396000000000015","4.93600000000003","5.335","5.263","131.786","129.39","0","2.719999999999999","2.719999999999999","2.719999999999999","3.7536","1","0","0","0","1","0","0","2.468000000000015","0","0","0","0","0","2","_103bf5d82e5a0000_p_Net","1","1","0","1","0","0","0","0","0","0","1","_103bf5d82e5a0000_p_odb__dbNet","3.7536","0.0","0.0","3.7536","3.7536","","3.7536","2.719999999999999","1","2.719999999999999","2.719999999999999","2.719999999999999","5.75","129.2","5.75","129.2","0","0","0","1","5.75","","129.2","","2"
"net883","OK","43.40360399999991","0.7068657477403196","10.3855","155.06799999999998","5.539","7.835999999999984","26.749999999999968","13.155","7.616","158.986","151.15","0","14.599999999999998","14.599999999999998","14.599999999999998","3.7536","1","0","0","0","1","0","0","13.374999999999984","0","0","0","0","0","2","_883bf5d82e5a0000_p_Net","1","1","0","1","0","0","0","0","0","0","1","_883bf5d82e5a0000_p_odb__dbNet","3.7536","0.0","0.0","3.7536","3.7536","","3.7536","14.599999999999998","1","14.599999999999998","14.599999999999998","14.599999999999998","13.57","150.96","13.57","150.96","0","0","0","1","13.57","","150.96","","2"
"net884","OK","0.9296479999999946","0.16193656086730612","5.069","157.788","0.3879999999999999","2.3959999999999866","5.567999999999973","5.263","4.875","158.986","156.59","0","3.179999999999999","3.179999999999999","3.179999999999999","3.7536","1","0","0","0","1","0","0","2.7839999999999865","0","0","0","0","0","2","_003cf5d82e5a0000_p_Net","1","1","0","1","0","0","0","0","0","0","1","_003cf5d82e5a0000_p_odb__dbNet","3.7536","0.0","0.0","3.7536","3.7536","","3.7536","3.179999999999999","1","3.179999999999999","3.179999999999999","3.179999999999999","5.29","156.4","5.29","156.4","0","0","0","1","5.29","","156.4","","2"
"net885","OK","19.67457600000016","3.42428034900945","8.059000000000001","157.73149999999998","8.208","2.39700000000002","21.21000000000004","12.163","3.955","158.93","156.533","0","11.0","11.0","11.0","3.7536","1","0","0","0","1","0","0","10.60500000000002","0","0","0","0","0","2","_783cf5d82e5a0000_p_Net","1","1","0","1","0","0","0","0","0","0","1","_783cf5d82e5a0000_p_odb__dbNet","3.7536","0.0","0.0","3.7536","3.7536","","3.7536","11.0","1","11.0","11.0","11.0","4.37","159.12","4.37","159.12","0","1","0","0","4.37","","159.12","","2"
"net886","OK","12.747543000000027","0.42186647254468373","16.5955","137.5215","2.318999999999999","5.497000000000014","15.632000000000026","17.755","15.436","140.27","134.773","0","8.660000000000029","8.660000000000029","8.660000000000029","3.7536","1","0","0","0","1","0","0","7.816000000000013","0","0","0","0","0","2","_f03cf5d82e5a0000_p_Net","1","1","0","1","0","0","0","0","0","0","1","_f03cf5d82e5a0000_p_odb__dbNet","3.7536","0.0","0.0","3.7536","3.7536","","3.7536","8.660000000000029","1","8.660000000000029","8.660000000000029","8.660000000000029","18.17","140.08","18.17","140.08","1","0","0","0","18.17","","140.08","","2"
"net887","OK","1.180684000000002","0.12750575086181182","13.809000000000001","138.6915","0.3879999999999999","3.0430000000000064","6.8620000000000125","14.003","13.615","140.213","137.17","0","3.1799999999999997","3.1799999999999997","3.1799999999999997","3.7536","1","0","0","0","1","0","0","3.4310000000000063","0","0","0","0","0","2","_683df5d82e5a0000_p_Net","1","1","0","1","0","0","0","0","0","0","1","_683df5d82e5a0000_p_odb__dbNet","3.7536","0.0","0.0","3.7536","3.7536","","3.7536","3.1799999999999997","1","3.1799999999999997","3.1799999999999997","3.1799999999999997","14.03","137.36","14.03","137.36","0","0","0","1","14.03","","137.36","","2"
"net888","OK","28.053416999999925","3.029576075244971","19.1255","127.8115","9.219","3.042999999999992","24.523999999999983","23.735","14.516","129.333","126.29","0","12.839999999999984","12.839999999999984","12.839999999999984","3.7536","1","0","0","0","1","0","0","12.261999999999992","0","0","0","0","0","2","_e03df5d82e5a0000_p_Net","1","1","0","1","0","0","0","0","0","0","1","_e03df5d82e5a0000_p_odb__dbNet","3.7536","0.0","0.0","3.7536","3.7536","","3.7536","12.839999999999984","1","12.839999999999984","12.839999999999984","12.839999999999984","24.15","126.48","24.15","126.48","0","0","0","1","24.15","","126.48","","2"
"net889","OK","1.1476839999999937","0.19991652746247338","6.015499999999999","141.46800000000002","0.4790000000000001","2.3959999999999866","5.749999999999973","6.255","5.776","142.666","140.27","0","4.099999999999999","4.099999999999999","4.099999999999999","3.7536","1","0","0","0","1","0","0","2.8749999999999867","0","0","0","0","0","2","_583ef5d82e5a0000_p_Net","1","1","0","1","0","0","0","0","0","0","1","_583ef5d82e5a0000_p_odb__dbNet","3.7536","0.0","0.0","3.7536","3.7536","","3.7536","4.099999999999999","1","4.099999999999999","4.099999999999999","4.099999999999999","6.67","140.08","6.67","140.08","0","0","0","1","6.67","","140.08","","2"
"net890","OK","0.17251200000000022","0.030050083459912336","5.2989999999999995","125.148","0.07200000000000006","2.396000000000001","4.936000000000002","5.335","5.263","126.346","123.95","0","2.719999999999999","2.719999999999999","2.719999999999999","3.7536","1","0","0","0","1","0","0","2.468000000000001","0","0","0","0","0","2","_d03ef5d82e5a0000_p_Net","1","1","0","1","0","0","0","0","0","0","1","_d03ef5d82e5a0000_p_odb__dbNet","3.7536","0.0","0.0","3.7536","3.7536","","3.7536","2.719999999999999","1","2.719999999999999","2.719999999999999","2.719999999999999","5.75","123.76","5.75","123.76","0","0","0","1","5.75","","123.76","","2"
"net891","OK","0.17251200000000022","0.030050083459912336","6.679","125.148","0.07200000000000006","2.396000000000001","4.936000000000002","6.715","6.643","126.346","123.95","0","2.719999999999999","2.719999999999999","2.719999999999999","3.7536","1","0","0","0","1","0","0","2.468000000000001","0","0","0","0","0","2","_483ff5d82e5a0000_p_Net","1","1","0","1","0","0","0","0","0","0","1","_483ff5d82e5a0000_p_odb__dbNet","3.7536","0.0","0.0","3.7536","3.7536","","3.7536","2.719999999999999","1","2.719999999999999","2.719999999999999","2.719999999999999","7.13","123.76","7.13","123.76","0","0","0","1","7.13","","123.76","","2"
"net892","OK","0.1505279999999547","47.99999914287156","14.039","142.638","2.687999999999999","0.055999999999983174","5.487999999999964","15.383","12.695","142.666","142.61","0","2.76","2.76","2.76","3.7536","1","0","0","0","1","0","0","2.743999999999982","0","0","0","0","0","2","_c03ff5d82e5a0000_p_Net","1","1","0","1","0","0","0","0","0","0","1","_c03ff5d82e5a0000_p_odb__dbNet","3.7536","0.0","0.0","3.7536","3.7536","","3.7536","2.76","1","2.76","2.76","2.76","13.11","142.8","13.11","142.8","0","1","0","0","13.11","","142.8","","2"
"net893","OK","0.31053600000001175","95.57894569159382","7.138999999999999","80.4015","5.4479999999999995","0.05700000000000216","11.010000000000003","9.863","4.415","80.43","80.373","0","5.52","5.52","5.52","3.7536","1","0","0","0","1","0","0","5.505000000000002","0","0","0","0","0","2","_3840f5d82e5a0000_p_Net","1","1","0","1","0","0","0","0","0","0","1","_3840f5d82e5a0000_p_odb__dbNet","3.7536","0.0","0.0","3.7536","3.7536","","3.7536","5.52","1","5.52","5.52","5.52","4.83","80.24","4.83","80.24","0","0","1","0","4.83","","80.24","","2"
"net894","OK","7.188767999999997","0.23799126633224324","29.909","31.118000000000002","1.3079999999999998","5.495999999999999","13.607999999999997","30.563","29.255","33.866","28.37","0","6.82","6.82","6.82","3.7536","1","0","0","0","1","0","0","6.8039999999999985","0","0","0","0","0","2","_b040f5d82e5a0000_p_Net","1","1","0","1","0","0","0","0","0","0","1","_b040f5d82e5a0000_p_odb__dbNet","3.7536","0.0","0.0","3.7536","3.7536","","3.7536","6.82","1","6.82","6.82","6.82","29.67","28.56","29.67","28.56","0","0","1","0","29.67","","28.56","","2"
"net895","OK","0.2586639999999881","82.48214138425139","31.085500000000003","33.838","4.619000000000003","0.055999999999997385","9.350000000000001","33.395","28.776","33.866","33.81","0","5.520000000000003","5.520000000000003","5.520000000000003","3.7536","1","0","0","0","1","0","0","4.675000000000001","0","0","0","0","0","2","_2841f5d82e5a0000_p_Net","1","1","0","1","0","0","0","0","0","0","1","_2841f5d82e5a0000_p_odb__dbNet","3.7536","0.0","0.0","3.7536","3.7536","","3.7536","5.520000000000003","1","5.520000000000003","5.520000000000003","5.520000000000003","33.81","34.0","33.81","34.0","1","0","0","0","33.81","","34.0","","2"
"net896","OK","0.16117699999998597","0.0022397736647127883","29.2455","38.051500000000004","0.01899999999999835","8.482999999999997","17.00399999999999","29.255","29.236","42.293","33.81","0","9.079999999999998","9.079999999999998","9.079999999999998","3.7536","1","0","0","0","1","0","0","8.501999999999995","0","0","0","0","0","2","_a041f5d82e5a0000_p_Net","1","1","0","1","0","0","0","0","0","0","1","_a041f5d82e5a0000_p_odb__dbNet","3.7536","0.0","0.0","3.7536","3.7536","","3.7536","9.079999999999998","1","9.079999999999998","9.079999999999998","9.079999999999998","29.67","34.0","29.67","34.0","0","0","0","1","29.67","","34.0","","2"
"net897","OK","0.9296480000000044","0.16193656086730593","29.448999999999998","38.108","0.3880000000000017","2.396000000000001","5.568000000000005","29.643","29.255","39.306","36.91","0","3.179999999999996","3.179999999999996","3.179999999999996","3.7536","1","0","0","0","1","0","0","2.7840000000000025","0","0","0","0","0","2","_1842f5d82e5a0000_p_Net","1","1","0","1","0","0","0","0","0","0","1","_1842f5d82e5a0000_p_odb__dbNet","3.7536","0.0","0.0","3.7536","3.7536","","3.7536","3.179999999999996","1","3.179999999999996","3.179999999999996","3.179999999999996","29.67","36.72","29.67","36.72","0","0","0","1","29.67","","36.72","","2"
"net898","OK","0.9296480000000044","0.16193656086730593","28.069000000000003","38.108","0.3880000000000017","2.396000000000001","5.568000000000005","28.263","27.875","39.306","36.91","0","3.1799999999999997","3.1799999999999997","3.1799999999999997","3.7536","1","0","0","0","1","0","0","2.7840000000000025","0","0","0","0","0","2","_9042f5d82e5a0000_p_Net","1","1","0","1","0","0","0","0","0","0","1","_9042f5d82e5a0000_p_odb__dbNet","3.7536","0.0","0.0","3.7536","3.7536","","3.7536","3.1799999999999997","1","3.1799999999999997","3.1799999999999997","3.1799999999999997","28.29","36.72","28.29","36.72","0","0","0","1","28.29","","36.72","","2"
"net899","OK","0.02676800000000223","8.535714133290162","25.724","44.718","0.47800000000000153","0.05600000000000449","1.068000000000012","25.963","25.485","44.746","44.69","0","1.379999999999999","1.379999999999999","1.379999999999999","3.7536","1","0","0","0","1","0","0","0.534000000000006","0","0","0","0","0","2","_0843f5d82e5a0000_p_Net","1","1","0","1","0","0","0","0","0","0","1","_0843f5d82e5a0000_p_odb__dbNet","3.7536","0.0","0.0","3.7536","3.7536","","3.7536","1.379999999999999","1","1.379999999999999","1.379999999999999","1.379999999999999","25.07","44.88","25.07","44.88","0","1","0","0","25.07","","44.88","","2"
"net900","OK","12.745223999999984","0.4219432313642755","21.195500000000003","36.558","2.318999999999999","5.495999999999995","15.629999999999988","22.355","20.036","39.306","33.81","0","8.659999999999997","8.659999999999997","8.659999999999997","3.7536","1","0","0","0","1","0","0","7.814999999999994","0","0","0","0","0","2","_8043f5d82e5a0000_p_Net","1","1","0","1","0","0","0","0","0","0","1","_8043f5d82e5a0000_p_odb__dbNet","3.7536","0.0","0.0","3.7536","3.7536","","3.7536","8.659999999999997","1","8.659999999999997","8.659999999999997","8.659999999999997","22.77","34.0","22.77","34.0","0","0","0","1","22.77","","34.0","","2"
"net901","OK","0.1505279999999931","47.999999142859444","19.099","39.278","2.6880000000000024","0.055999999999997385","5.4879999999999995","20.443","17.755","39.306","39.25","0","2.759999999999998","2.759999999999998","2.759999999999998","3.7536","1","0","0","0","1","0","0","2.7439999999999998","0","0","0","0","0","2","_f843f5d82e5a0000_p_Net","1","1","0","1","0","0","0","0","0","0","1","_f843f5d82e5a0000_p_odb__dbNet","3.7536","0.0","0.0","3.7536","3.7536","","3.7536","2.759999999999998","1","2.759999999999998","2.759999999999998","2.759999999999998","18.17","39.44","18.17","39.44","0","1","0","0","18.17","","39.44","","2"
"net902","OK","0.15058399999999297","48.01785628539767","14.9405","39.278","2.689","0.055999999999997385","5.489999999999995","16.285","13.596","39.306","39.25","0","2.76","2.76","2.76","3.7536","1","0","0","0","1","0","0","2.7449999999999974","0","0","0","0","0","2","_7044f5d82e5a0000_p_Net","1","1","0","1","0","0","0","0","0","0","1","_7044f5d82e5a0000_p_odb__dbNet","3.7536","0.0","0.0","3.7536","3.7536","","3.7536","2.76","1","2.76","2.76","2.76","15.87","39.44","15.87","39.44","1","0","0","0","15.87","","39.44","","2"
"net903","OK","43.40360399999999","0.7068657477403184","15.4455","13.628","5.539","7.8359999999999985","26.749999999999996","18.215","12.676","17.546","9.71","0","14.6","14.6","14.6","3.7536","1","0","0","0","1","0","0","13.374999999999998","0","0","0","0","0","2","_e844f5d82e5a0000_p_Net","1","1","0","1","0","0","0","0","0","0","1","_e844f5d82e5a0000_p_odb__dbNet","3.7536","0.0","0.0","3.7536","3.7536","","3.7536","14.6","1","14.6","14.6","14.6","18.63","9.52","18.63","9.52","0","0","0","1","18.63","","9.52","","2"
"net904","OK","0.15052800000000255","47.99999914285637","11.739","17.518","2.6880000000000006","0.05600000000000094","5.488000000000003","13.083","10.395","17.546","17.49","0","2.76","2.76","2.76","3.7536","1","0","0","0","1","0","0","2.7440000000000015","0","0","0","0","0","2","_6045f5d82e5a0000_p_Net","1","1","0","1","0","0","0","0","0","0","1","_6045f5d82e5a0000_p_odb__dbNet","3.7536","0.0","0.0","3.7536","3.7536","","3.7536","2.76","1","2.76","2.76","2.76","10.81","17.68","10.81","17.68","0","1","0","0","10.81","","17.68","","2"
"net905","OK","0.17628800000000294","56.21428471045826","22.089","17.518","3.1479999999999997","0.05600000000000094","6.408000000000001","23.663","20.515","17.546","17.49","0","3.219999999999999","3.219999999999999","3.219999999999999","3.7536","1","0","0","0","1","0","0","3.2040000000000006","0","0","0","0","0","2","_d845f5d82e5a0000_p_Net","1","1","0","1","0","0","0","0","0","0","1","_d845f5d82e5a0000_p_odb__dbNet","3.7536","0.0","0.0","3.7536","3.7536","","3.7536","3.219999999999999","1","3.219999999999999","3.219999999999999","3.219999999999999","20.93","17.68","20.93","17.68","0","1","0","0","20.93","","17.68","","2"
"net906","OK","11.069345999999989","1.9265748844695116","37.454","10.851500000000001","4.617999999999995","2.3970000000000002","14.02999999999999","39.763","35.145","12.05","9.653","0","8.240000000000004","8.240000000000004","8.240000000000004","3.7536","1","0","0","0","1","0","0","7.014999999999995","0","0","0","0","0","2","_5046f5d82e5a0000_p_Net","1","1","0","1","0","0","0","0","0","0","1","_5046f5d82e5a0000_p_odb__dbNet","3.7536","0.0","0.0","3.7536","3.7536","","3.7536","8.240000000000004","1","8.240000000000004","8.240000000000004","8.240000000000004","34.73","12.24","34.73","12.24","0","1","0","0","34.73","","12.24","","2"
"net907","OK","0.026767999999999684","8.535714133290975","38.144000000000005","12.078","0.47800000000000153","0.05599999999999916","1.0680000000000014","38.383","37.905","12.106","12.05","0","1.3799999999999955","1.3799999999999955","1.3799999999999955","3.7536","1","0","0","0","1","0","0","0.5340000000000007","0","0","0","0","0","2","_c846f5d82e5a0000_p_Net","1","1","0","1","0","0","0","0","0","0","1","_c846f5d82e5a0000_p_odb__dbNet","3.7536","0.0","0.0","3.7536","3.7536","","3.7536","1.3799999999999955","1","1.3799999999999955","1.3799999999999955","1.3799999999999955","37.49","12.24","37.49","12.24","0","1","0","0","37.49","","12.24","","2"
"net908","OK","0.0745560000000005","22.94736801846707","46.929","9.6815","1.3079999999999998","0.057000000000000384","2.7300000000000004","47.583","46.275","9.71","9.653","0","1.3800000000000026","1.3800000000000026","1.3800000000000026","3.7536","1","0","0","0","1","0","0","1.3650000000000002","0","0","0","0","0","2","_4047f5d82e5a0000_p_Net","1","1","0","1","0","0","0","0","0","0","1","_4047f5d82e5a0000_p_odb__dbNet","3.7536","0.0","0.0","3.7536","3.7536","","3.7536","1.3800000000000026","1","1.3800000000000026","1.3800000000000026","1.3800000000000026","46.69","9.52","46.69","9.52","0","0","1","0","46.69","","9.52","","2"
"net909","OK","0.36170399999999475","115.33928365465744","49.0255","12.078","6.459000000000003","0.05599999999999916","13.030000000000005","52.255","45.796","12.106","12.05","0","7.359999999999999","7.359999999999999","7.359999999999999","3.7536","1","0","0","0","1","0","0","6.515000000000002","0","0","0","0","0","2","_b847f5d82e5a0000_p_Net","1","1","0","1","0","0","0","0","0","0","1","_b847f5d82e5a0000_p_odb__dbNet","3.7536","0.0","0.0","3.7536","3.7536","","3.7536","7.359999999999999","1","7.359999999999999","7.359999999999999","7.359999999999999","52.67","12.24","52.67","12.24","1","0","0","0","52.67","","12.24","","2"
"net910","OK","0.17011599999999502","0.029632721189634916","42.0805","10.908000000000001","0.07099999999999795","2.395999999999999","4.933999999999994","42.116","42.045","12.106","9.71","0","2.7200000000000006","2.7200000000000006","2.7200000000000006","3.7536","1","0","0","0","1","0","0","2.466999999999997","0","0","0","0","0","2","_3048f5d82e5a0000_p_Net","1","1","0","1","0","0","0","0","0","0","1","_3048f5d82e5a0000_p_odb__dbNet","3.7536","0.0","0.0","3.7536","3.7536","","3.7536","2.7200000000000006","1","2.7200000000000006","2.7200000000000006","2.7200000000000006","41.63","9.52","41.63","9.52","0","0","1","0","41.63","","9.52","","2"
"net911","OK","0.17628800000000275","56.214284710458195","37.729","17.518","3.147999999999996","0.05600000000000094","6.407999999999994","39.303","36.155","17.546","17.49","0","3.219999999999999","3.219999999999999","3.219999999999999","3.7536","1","0","0","0","1","0","0","3.203999999999997","0","0","0","0","0","2","_a848f5d82e5a0000_p_Net","1","1","0","1","0","0","0","0","0","0","1","_a848f5d82e5a0000_p_odb__dbNet","3.7536","0.0","0.0","3.7536","3.7536","","3.7536","3.219999999999999","1","3.219999999999999","3.219999999999999","3.219999999999999","36.57","17.68","36.57","17.68","0","1","0","0","36.57","","17.68","","2"
"net912","OK","4.2361280000000034","0.7378964938489581","25.079","21.788","1.7680000000000007","2.396000000000001","8.328000000000003","25.963","24.195","22.986","20.59","0","4.560000000000002","4.560000000000002","4.560000000000002","3.7536","1","0","0","0","1","0","0","4.1640000000000015","0","0","0","0","0","2","_2049f5d82e5a0000_p_Net","1","1","0","1","0","0","0","0","0","0","1","_2049f5d82e5a0000_p_odb__dbNet","3.7536","0.0","0.0","3.7536","3.7536","","3.7536","4.560000000000002","1","4.560000000000002","4.560000000000002","4.560000000000002","24.61","20.4","24.61","20.4","0","0","1","0","24.61","","20.4","","2"
"net913","OK","0.07455599999999817","22.947368018467785","11.969","20.561500000000002","1.3079999999999998","0.05699999999999861","2.729999999999997","12.623","11.315","20.59","20.533","0","1.379999999999999","1.379999999999999","1.379999999999999","3.7536","1","0","0","0","1","0","0","1.3649999999999984","0","0","0","0","0","2","_9849f5d82e5a0000_p_Net","1","1","0","1","0","0","0","0","0","0","1","_9849f5d82e5a0000_p_odb__dbNet","3.7536","0.0","0.0","3.7536","3.7536","","3.7536","1.379999999999999","1","1.379999999999999","1.379999999999999","1.379999999999999","11.73","20.4","11.73","20.4","0","0","1","0","11.73","","20.4","","2"
"net914","OK","1.1476839999999984","0.19991652746247182","15.2155","48.988","0.4789999999999992","2.396000000000001","5.75","15.455","14.976","50.186","47.79","0","4.099999999999998","4.099999999999998","4.099999999999998","3.7536","1","0","0","0","1","0","0","2.875","0","0","0","0","0","2","_104af5d82e5a0000_p_Net","1","1","0","1","0","0","0","0","0","0","1","_104af5d82e5a0000_p_odb__dbNet","3.7536","0.0","0.0","3.7536","3.7536","","3.7536","4.099999999999998","1","4.099999999999998","4.099999999999998","4.099999999999998","15.87","47.6","15.87","47.6","0","0","0","1","15.87","","47.6","","2"
"net915","OK","2.5804639999999957","0.2786723627082913","15.419","67.97149999999999","0.8480000000000008","3.042999999999992","7.781999999999986","15.843","14.995","69.493","66.45","0","3.639999999999997","3.639999999999997","3.639999999999997","3.7536","1","0","0","0","1","0","0","3.890999999999993","0","0","0","0","0","2","_884af5d82e5a0000_p_Net","1","1","0","1","0","0","0","0","0","0","1","_884af5d82e5a0000_p_odb__dbNet","3.7536","0.0","0.0","3.7536","3.7536","","3.7536","3.639999999999997","1","3.639999999999997","3.639999999999997","3.639999999999997","15.41","66.64","15.41","66.64","0","0","1","0","15.41","","66.64","","2"
"net916","OK","1.180684000000002","0.12750575086181182","8.748999999999999","89.7315","0.3879999999999999","3.0430000000000064","6.8620000000000125","8.943","8.555","91.253","88.21","0","3.179999999999998","3.179999999999998","3.179999999999998","3.7536","1","0","0","0","1","0","0","3.4310000000000063","0","0","0","0","0","2","_004bf5d82e5a0000_p_Net","1","1","0","1","0","0","0","0","0","0","1","_004bf5d82e5a0000_p_odb__dbNet","3.7536","0.0","0.0","3.7536","3.7536","","3.7536","3.179999999999998","1","3.179999999999998","3.179999999999998","3.179999999999998","8.97","88.4","8.97","88.4","0","0","0","1","8.97","","88.4","","2"
"net917","OK","0.07455600000000281","22.947368018466356","17.489","102.16149999999999","1.3079999999999998","0.05700000000000216","2.730000000000004","18.143","16.835","102.19","102.133","0","1.379999999999999","1.379999999999999","1.379999999999999","3.7536","1","0","0","0","1","0","0","1.365000000000002","0","0","0","0","0","2","_784bf5d82e5a0000_p_Net","1","1","0","1","0","0","0","0","0","0","1","_784bf5d82e5a0000_p_odb__dbNet","3.7536","0.0","0.0","3.7536","3.7536","","3.7536","1.379999999999999","1","1.379999999999999","1.379999999999999","1.379999999999999","17.25","102.0","17.25","102.0","0","0","1","0","17.25","","102.0","","2"
"net918","OK","0.1505280000000313","47.99999914284726","33.359","120.878","2.6880000000000024","0.056000000000011596","5.488000000000028","34.703","32.015","120.906","120.85","0","2.759999999999998","2.759999999999998","2.759999999999998","3.7536","1","0","0","0","1","0","0","2.744000000000014","0","0","0","0","0","2","_f04bf5d82e5a0000_p_Net","1","1","0","1","0","0","0","0","0","0","1","_f04bf5d82e5a0000_p_odb__dbNet","3.7536","0.0","0.0","3.7536","3.7536","","3.7536","2.759999999999998","1","2.759999999999998","2.759999999999998","2.759999999999998","32.43","121.04","32.43","121.04","0","1","0","0","32.43","","121.04","","2"
"net919","OK","22.357728000000026","0.7401746723544061","38.189","123.598","4.067999999999998","5.496000000000009","19.128000000000014","40.223","36.155","126.346","120.85","0","9.579999999999998","9.579999999999998","9.579999999999998","3.7536","1","0","0","0","1","0","0","9.564000000000007","0","0","0","0","0","2","_684cf5d82e5a0000_p_Net","1","1","0","1","0","0","0","0","0","0","1","_684cf5d82e5a0000_p_odb__dbNet","3.7536","0.0","0.0","3.7536","3.7536","","3.7536","9.579999999999998","1","9.579999999999998","9.579999999999998","9.579999999999998","36.57","121.04","36.57","121.04","0","0","1","0","36.57","","121.04","","2"
"net920","OK","37.25189600000002","1.285104011648384","47.8755","90.958","6.919000000000004","5.384","24.60600000000001","51.335","44.416","93.65","88.266","0","13.259999999999998","13.259999999999998","13.259999999999998","3.7536","1","0","0","0","1","0","0","12.303000000000004","0","0","0","0","0","2","_e04cf5d82e5a0000_p_Net","1","1","0","1","0","0","0","0","0","0","1","_e04cf5d82e5a0000_p_odb__dbNet","3.7536","0.0","0.0","3.7536","3.7536","","3.7536","13.259999999999998","1","13.259999999999998","13.259999999999998","13.259999999999998","51.75","93.84","51.75","93.84","1","0","0","0","51.75","","93.84","","2"
"net921","OK","0.07974300000000308","24.54385921852787","46.9555","85.8415","1.399000000000001","0.05700000000000216","2.912000000000006","47.655","46.256","85.87","85.813","0","2.299999999999997","2.299999999999997","2.299999999999997","3.7536","1","0","0","0","1","0","0","1.456000000000003","0","0","0","0","0","2","_584df5d82e5a0000_p_Net","1","1","0","1","0","0","0","0","0","0","1","_584df5d82e5a0000_p_odb__dbNet","3.7536","0.0","0.0","3.7536","3.7536","","3.7536","2.299999999999997","1","2.299999999999997","2.299999999999997","2.299999999999997","48.07","85.68","48.07","85.68","0","0","0","1","48.07","","85.68","","2"
"net922","OK","31.986352000000103","3.452036792558449","37.729","84.348","10.507999999999996","3.044000000000011","27.104000000000013","42.983","32.475","85.87","82.826","0","13.300000000000011","13.300000000000011","13.300000000000011","3.7536","1","0","0","0","1","0","0","13.552000000000007","0","0","0","0","0","2","_d04df5d82e5a0000_p_Net","1","1","0","1","0","0","0","0","0","0","1","_d04df5d82e5a0000_p_odb__dbNet","3.7536","0.0","0.0","3.7536","3.7536","","3.7536","13.300000000000011","1","13.300000000000011","13.300000000000011","13.300000000000011","32.89","85.68","32.89","85.68","0","1","0","0","32.89","","85.68","","2"
"net923","OK","0.07455600000000281","22.947368018466356","40.489000000000004","85.8415","1.3079999999999998","0.05700000000000216","2.730000000000004","41.143","39.835","85.87","85.813","0","1.3800000000000026","1.3800000000000026","1.3800000000000026","3.7536","1","0","0","0","1","0","0","1.365000000000002","0","0","0","0","0","2","_484ef5d82e5a0000_p_Net","1","1","0","1","0","0","0","0","0","0","1","_484ef5d82e5a0000_p_odb__dbNet","3.7536","0.0","0.0","3.7536","3.7536","","3.7536","1.3800000000000026","1","1.3800000000000026","1.3800000000000026","1.3800000000000026","40.25","85.68","40.25","85.68","0","0","1","0","40.25","","85.68","","2"
"net924","OK","0.15058400000001207","48.017856285391574","50.820499999999996","61.038","2.689","0.05600000000000449","5.490000000000009","52.165","49.476","61.066","61.01","0","2.759999999999998","2.759999999999998","2.759999999999998","3.7536","1","0","0","0","1","0","0","2.7450000000000045","0","0","0","0","0","2","_c04ef5d82e5a0000_p_Net","1","1","0","1","0","0","0","0","0","0","1","_c04ef5d82e5a0000_p_odb__dbNet","3.7536","0.0","0.0","3.7536","3.7536","","3.7536","2.759999999999998","1","2.759999999999998","2.759999999999998","2.759999999999998","51.75","61.2","51.75","61.2","1","0","0","0","51.75","","61.2","","2"
"net925","OK","0.9296480000000128","0.1619365608673074","49.689","59.868","0.38800000000000523","2.396000000000001","5.568000000000012","49.883","49.495","61.066","58.67","0","3.180000000000007","3.180000000000007","3.180000000000007","3.7536","1","0","0","0","1","0","0","2.784000000000006","0","0","0","0","0","2","_384ff5d82e5a0000_p_Net","1","1","0","1","0","0","0","0","0","0","1","_384ff5d82e5a0000_p_odb__dbNet","3.7536","0.0","0.0","3.7536","3.7536","","3.7536","3.180000000000007","1","3.180000000000007","3.180000000000007","3.180000000000007","49.91","58.48","49.91","58.48","0","0","0","1","49.91","","58.48","","2"
"net926","OK","1.1476839999999984","0.19991652746247182","44.1955","59.868","0.4789999999999992","2.396000000000001","5.75","44.435","43.956","61.066","58.67","0","4.1000000000000085","4.1000000000000085","4.1000000000000085","3.7536","1","0","0","0","1","0","0","2.875","0","0","0","0","0","2","_b04ff5d82e5a0000_p_Net","1","1","0","1","0","0","0","0","0","0","1","_b04ff5d82e5a0000_p_odb__dbNet","3.7536","0.0","0.0","3.7536","3.7536","","3.7536","4.1000000000000085","1","4.1000000000000085","4.1000000000000085","4.1000000000000085","44.85","58.48","44.85","58.48","0","0","0","1","44.85","","58.48","","2"
"net927","OK","7.545756000000003","1.3133083014963274","35.429","59.811499999999995","3.1480000000000032","2.3969999999999985","11.090000000000003","37.003","33.855","61.01","58.613","0","5.940000000000005","5.940000000000005","5.940000000000005","3.7536","1","0","0","0","1","0","0","5.545000000000002","0","0","0","0","0","2","_2850f5d82e5a0000_p_Net","1","1","0","1","0","0","0","0","0","0","1","_2850f5d82e5a0000_p_odb__dbNet","3.7536","0.0","0.0","3.7536","3.7536","","3.7536","5.940000000000005","1","5.940000000000005","5.940000000000005","5.940000000000005","34.27","61.2","34.27","61.2","0","1","0","0","34.27","","61.2","","2"
"net928","OK","1.0566360000000063","0.18405676119196393","35.9155","59.868","0.4410000000000025","2.396000000000001","5.674000000000007","36.136","35.695","61.066","58.67","0","3.180000000000007","3.180000000000007","3.180000000000007","3.7536","1","0","0","0","1","0","0","2.8370000000000033","0","0","0","0","0","2","_a050f5d82e5a0000_p_Net","1","1","0","1","0","0","0","0","0","0","1","_a050f5d82e5a0000_p_odb__dbNet","3.7536","0.0","0.0","3.7536","3.7536","","3.7536","3.180000000000007","1","3.180000000000007","3.180000000000007","3.180000000000007","36.11","58.48","36.11","58.48","0","0","0","1","36.11","","58.48","","2"
"net929","OK","0.05781699999999497","0.006243838315397475","43.965500000000006","57.091499999999996","0.01899999999999835","3.0429999999999993","6.123999999999995","43.975","43.956","58.613","55.57","0","3.6400000000000006","3.6400000000000006","3.6400000000000006","3.7536","1","0","0","0","1","0","0","3.0619999999999976","0","0","0","0","0","2","_1851f5d82e5a0000_p_Net","1","1","0","1","0","0","0","0","0","0","1","_1851f5d82e5a0000_p_odb__dbNet","3.7536","0.0","0.0","3.7536","3.7536","","3.7536","3.6400000000000006","1","3.6400000000000006","3.6400000000000006","3.6400000000000006","44.39","55.76","44.39","55.76","0","0","0","1","44.39","","55.76","","2"
"net930","OK","0.02724600000000112","8.385964765158223","62.524","26.0015","0.47800000000000153","0.05700000000000216","1.0700000000000074","62.763","62.285","26.03","25.973","0","1.3800000000000026","1.3800000000000026","1.3800000000000026","3.7536","1","0","0","0","1","0","0","0.5350000000000037","0","0","0","0","0","2","_9051f5d82e5a0000_p_Net","1","1","0","1","0","0","0","0","0","0","1","_9051f5d82e5a0000_p_odb__dbNet","3.7536","0.0","0.0","3.7536","3.7536","","3.7536","1.3800000000000026","1","1.3800000000000026","1.3800000000000026","1.3800000000000026","61.87","25.84","61.87","25.84","0","0","1","0","61.87","","25.84","","2"
"net931","OK","0.2535680000000042","80.85714141326396","61.879000000000005","17.518","4.527999999999999","0.05600000000000094","9.168","64.143","59.615","17.546","17.49","0","4.599999999999994","4.599999999999994","4.599999999999994","3.7536","1","0","0","0","1","0","0","4.584","0","0","0","0","0","2","_0852f5d82e5a0000_p_Net","1","1","0","1","0","0","0","0","0","0","1","_0852f5d82e5a0000_p_odb__dbNet","3.7536","0.0","0.0","3.7536","3.7536","","3.7536","4.599999999999994","1","4.599999999999994","4.599999999999994","4.599999999999994","60.03","17.68","60.03","17.68","0","1","0","0","60.03","","17.68","","2"
"net932","OK","1.1810719999999946","0.12746386329583909","62.569","19.067999999999998","0.3879999999999981","3.0440000000000005","6.863999999999997","62.763","62.375","20.59","17.546","0","3.1799999999999997","3.1799999999999997","3.1799999999999997","3.7536","1","0","0","0","1","0","0","3.4319999999999986","0","0","0","0","0","2","_8052f5d82e5a0000_p_Net","1","1","0","1","0","0","0","0","0","0","1","_8052f5d82e5a0000_p_odb__dbNet","3.7536","0.0","0.0","3.7536","3.7536","","3.7536","3.1799999999999997","1","3.1799999999999997","3.1799999999999997","3.1799999999999997","62.79","20.4","62.79","20.4","1","0","0","0","62.79","","20.4","","2"
"net933","OK","3.349607999999987","0.5834724538466299","67.124","27.228","1.3979999999999961","2.3959999999999972","7.587999999999987","67.823","66.425","28.426","26.03","0","5.019999999999996","5.019999999999996","5.019999999999996","3.7536","1","0","0","0","1","0","0","3.7939999999999934","0","0","0","0","0","2","_f852f5d82e5a0000_p_Net","1","1","0","1","0","0","0","0","0","0","1","_f852f5d82e5a0000_p_odb__dbNet","3.7536","0.0","0.0","3.7536","3.7536","","3.7536","5.019999999999996","1","5.019999999999996","5.019999999999996","5.019999999999996","66.01","25.84","66.01","25.84","0","0","1","0","66.01","","25.84","","2"
"net934","OK","0.02730300000000014","8.403508624499779","75.93549999999999","15.121500000000001","0.4789999999999992","0.057000000000000384","1.0719999999999992","76.175","75.696","15.15","15.093","0","1.3800000000000097","1.3800000000000097","1.3800000000000097","3.7536","1","0","0","0","1","0","0","0.5359999999999996","0","0","0","0","0","2","_7053f5d82e5a0000_p_Net","1","1","0","1","0","0","0","0","0","0","1","_7053f5d82e5a0000_p_odb__dbNet","3.7536","0.0","0.0","3.7536","3.7536","","3.7536","1.3800000000000097","1","1.3800000000000097","1.3800000000000097","1.3800000000000097","76.59","14.96","76.59","14.96","0","0","0","1","76.59","","14.96","","2"
"net935","OK","0.10077600000000071","31.0175433154815","71.079","15.121500000000001","1.7680000000000007","0.057000000000000384","3.650000000000002","71.963","70.195","15.15","15.093","0","1.8400000000000034","1.8400000000000034","1.8400000000000034","3.7536","1","0","0","0","1","0","0","1.825000000000001","0","0","0","0","0","2","_e853f5d82e5a0000_p_Net","1","1","0","1","0","0","0","0","0","0","1","_e853f5d82e5a0000_p_odb__dbNet","3.7536","0.0","0.0","3.7536","3.7536","","3.7536","1.8400000000000034","1","1.8400000000000034","1.8400000000000034","1.8400000000000034","70.61","14.96","70.61","14.96","0","0","1","0","70.61","","14.96","","2"
"net936","OK","9.579364000000028","1.0345054219406853","71.769","13.5715","3.1480000000000103","3.0429999999999993","12.38200000000002","73.343","70.195","15.093","12.05","0","5.9399999999999995","5.9399999999999995","5.9399999999999995","3.7536","1","0","0","0","1","0","0","6.19100000000001","0","0","0","0","0","2","_6054f5d82e5a0000_p_Net","1","1","0","1","0","0","0","0","0","0","1","_6054f5d82e5a0000_p_odb__dbNet","3.7536","0.0","0.0","3.7536","3.7536","","3.7536","5.9399999999999995","1","5.9399999999999995","5.9399999999999995","5.9399999999999995","70.61","12.24","70.61","12.24","0","0","1","0","70.61","","12.24","","2"
"net937","OK","1.342404000000008","0.14487516420996296","74.0955","24.508000000000003","0.4410000000000025","3.0440000000000005","6.970000000000006","74.316","73.875","26.03","22.986","0","3.180000000000007","3.180000000000007","3.180000000000007","3.7536","1","0","0","0","1","0","0","3.485000000000003","0","0","0","0","0","2","_d854f5d82e5a0000_p_Net","1","1","0","1","0","0","0","0","0","0","1","_d854f5d82e5a0000_p_odb__dbNet","3.7536","0.0","0.0","3.7536","3.7536","","3.7536","3.180000000000007","1","3.180000000000007","3.180000000000007","3.180000000000007","74.29","25.84","74.29","25.84","1","0","0","0","74.29","","25.84","","2"
"net938","OK","0.026823999999998703","8.55357127582947","70.41550000000001","28.398","0.4789999999999992","0.055999999999997385","1.0699999999999932","70.655","70.176","28.426","28.37","0","1.3799999999999955","1.3799999999999955","1.3799999999999955","3.7536","1","0","0","0","1","0","0","0.5349999999999966","0","0","0","0","0","2","_5055f5d82e5a0000_p_Net","1","1","0","1","0","0","0","0","0","0","1","_5055f5d82e5a0000_p_odb__dbNet","3.7536","0.0","0.0","3.7536","3.7536","","3.7536","1.3799999999999955","1","1.3799999999999955","1.3799999999999955","1.3799999999999955","71.07","28.56","71.07","28.56","1","0","0","0","71.07","","28.56","","2"
"net939","OK","0.07455599999999776","22.94736801846766","67.169","31.441499999999998","1.3079999999999927","0.05699999999999861","2.7299999999999827","67.823","66.515","31.47","31.413","0","1.3799999999999955","1.3799999999999955","1.3799999999999955","3.7536","1","0","0","0","1","0","0","1.3649999999999913","0","0","0","0","0","2","_c855f5d82e5a0000_p_Net","1","1","0","1","0","0","0","0","0","0","1","_c855f5d82e5a0000_p_odb__dbNet","3.7536","0.0","0.0","3.7536","3.7536","","3.7536","1.3799999999999955","1","1.3799999999999955","1.3799999999999955","1.3799999999999955","66.93","31.28","66.93","31.28","0","0","1","0","66.93","","31.28","","2"
"net940","OK","3.352004000000003","0.5838898161169076","71.3355","43.548","1.399000000000001","2.396000000000001","7.590000000000003","72.035","70.636","44.746","42.35","0","5.020000000000003","5.020000000000003","5.020000000000003","3.7536","1","0","0","0","1","0","0","3.7950000000000017","0","0","0","0","0","2","_4056f5d82e5a0000_p_Net","1","1","0","1","0","0","0","0","0","0","1","_4056f5d82e5a0000_p_odb__dbNet","3.7536","0.0","0.0","3.7536","3.7536","","3.7536","5.020000000000003","1","5.020000000000003","5.020000000000003","5.020000000000003","72.45","42.16","72.45","42.16","0","0","0","1","72.45","","42.16","","2"
"net941","OK","0.07455600000000241","22.947368018466232","64.869","42.3215","1.3079999999999927","0.05700000000000216","2.7299999999999898","65.523","64.215","42.35","42.293","0","1.3800000000000097","1.3800000000000097","1.3800000000000097","3.7536","1","0","0","0","1","0","0","1.3649999999999949","0","0","0","0","0","2","_b856f5d82e5a0000_p_Net","1","1","0","1","0","0","0","0","0","0","1","_b856f5d82e5a0000_p_odb__dbNet","3.7536","0.0","0.0","3.7536","3.7536","","3.7536","1.3800000000000097","1","1.3800000000000097","1.3800000000000097","1.3800000000000097","64.63","42.16","64.63","42.16","0","0","1","0","64.63","","42.16","","2"
"net942","OK","0.026824000000002107","8.553571275828384","65.3555","44.718","0.4789999999999992","0.05600000000000449","1.0700000000000074","65.595","65.116","44.746","44.69","0","1.3800000000000097","1.3800000000000097","1.3800000000000097","3.7536","1","0","0","0","1","0","0","0.5350000000000037","0","0","0","0","0","2","_3057f5d82e5a0000_p_Net","1","1","0","1","0","0","0","0","0","0","1","_3057f5d82e5a0000_p_odb__dbNet","3.7536","0.0","0.0","3.7536","3.7536","","3.7536","1.3800000000000097","1","1.3800000000000097","1.3800000000000097","1.3800000000000097","66.01","44.88","66.01","44.88","1","0","0","0","66.01","","44.88","","2"
"net943","OK","0.02676800000000223","8.535714133290162","55.623999999999995","44.718","0.47800000000000153","0.05600000000000449","1.068000000000012","55.863","55.385","44.746","44.69","0","1.3800000000000026","1.3800000000000026","1.3800000000000026","3.7536","1","0","0","0","1","0","0","0.534000000000006","0","0","0","0","0","2","_a857f5d82e5a0000_p_Net","1","1","0","1","0","0","0","0","0","0","1","_a857f5d82e5a0000_p_odb__dbNet","3.7536","0.0","0.0","3.7536","3.7536","","3.7536","1.3800000000000026","1","1.3800000000000026","1.3800000000000026","1.3800000000000026","54.97","44.88","54.97","44.88","0","1","0","0","54.97","","44.88","","2"
"net944","OK","0.07455599999999352","22.947368018469216","51.989000000000004","36.8815","1.3079999999999998","0.056999999999995055","2.7299999999999898","52.643","51.335","36.91","36.853","0","1.3800000000000026","1.3800000000000026","1.3800000000000026","3.7536","1","0","0","0","1","0","0","1.3649999999999949","0","0","0","0","0","2","_2058f5d82e5a0000_p_Net","1","1","0","1","0","0","0","0","0","0","1","_2058f5d82e5a0000_p_odb__dbNet","3.7536","0.0","0.0","3.7536","3.7536","","3.7536","1.3800000000000026","1","1.3800000000000026","1.3800000000000026","1.3800000000000026","51.75","36.72","51.75","36.72","0","0","1","0","51.75","","36.72","","2"
"net945","OK","0.027245999999997723","8.385964765159267","48.724000000000004","36.8815","0.47800000000000153","0.056999999999995055","1.0699999999999932","48.963","48.485","36.91","36.853","0","1.3800000000000026","1.3800000000000026","1.3800000000000026","3.7536","1","0","0","0","1","0","0","0.5349999999999966","0","0","0","0","0","2","_9858f5d82e5a0000_p_Net","1","1","0","1","0","0","0","0","0","0","1","_9858f5d82e5a0000_p_odb__dbNet","3.7536","0.0","0.0","3.7536","3.7536","","3.7536","1.3800000000000026","1","1.3800000000000026","1.3800000000000026","1.3800000000000026","48.07","36.72","48.07","36.72","0","0","1","0","48.07","","36.72","","2"
"net946","OK","1.0566360000000063","0.18405676119196393","46.0355","38.108","0.4410000000000025","2.396000000000001","5.674000000000007","46.256","45.815","39.306","36.91","0","3.1799999999999926","3.1799999999999926","3.1799999999999926","3.7536","1","0","0","0","1","0","0","2.8370000000000033","0","0","0","0","0","2","_1059f5d82e5a0000_p_Net","1","1","0","1","0","0","0","0","0","0","1","_1059f5d82e5a0000_p_odb__dbNet","3.7536","0.0","0.0","3.7536","3.7536","","3.7536","3.1799999999999926","1","3.1799999999999926","3.1799999999999926","3.1799999999999926","46.23","36.72","46.23","36.72","0","0","0","1","46.23","","36.72","","2"
"net947","OK","0.610776000000023","0.008487563361017941","44.399","65.2515","0.07200000000000273","8.482999999999997","17.11","44.435","44.363","69.493","61.01","0","8.159999999999997","8.159999999999997","8.159999999999997","3.7536","1","0","0","0","1","0","0","8.555","0","0","0","0","0","2","_8859f5d82e5a0000_p_Net","1","1","0","1","0","0","0","0","0","0","1","_8859f5d82e5a0000_p_odb__dbNet","3.7536","0.0","0.0","3.7536","3.7536","","3.7536","8.159999999999997","1","8.159999999999997","8.159999999999997","8.159999999999997","44.85","61.2","44.85","61.2","0","0","0","1","44.85","","61.2","","2"
"net948","OK","0.1505279999999931","47.999999142859444","43.939","99.118","2.6880000000000024","0.055999999999997385","5.4879999999999995","45.283","42.595","99.146","99.09","0","2.760000000000005","2.760000000000005","2.760000000000005","3.7536","1","0","0","0","1","0","0","2.7439999999999998","0","0","0","0","0","2","_005af5d82e5a0000_p_Net","1","1","0","1","0","0","0","0","0","0","1","_005af5d82e5a0000_p_odb__dbNet","3.7536","0.0","0.0","3.7536","3.7536","","3.7536","2.760000000000005","1","2.760000000000005","2.760000000000005","2.760000000000005","43.01","99.28","43.01","99.28","0","1","0","0","43.01","","99.28","","2"
"net949","OK","0.02724600000000112","8.385964765158223","44.584","107.60149999999999","0.47800000000000153","0.05700000000000216","1.0700000000000074","44.823","44.345","107.63","107.573","0","1.3800000000000026","1.3800000000000026","1.3800000000000026","3.7536","1","0","0","0","1","0","0","0.5350000000000037","0","0","0","0","0","2","_785af5d82e5a0000_p_Net","1","1","0","1","0","0","0","0","0","0","1","_785af5d82e5a0000_p_odb__dbNet","3.7536","0.0","0.0","3.7536","3.7536","","3.7536","1.3800000000000026","1","1.3800000000000026","1.3800000000000026","1.3800000000000026","43.93","107.44","43.93","107.44","0","0","1","0","43.93","","107.44","","2"
"net950","OK","0.2586640000000536","82.48214138423039","72.9455","88.238","4.619","0.056000000000011596","9.350000000000023","75.255","70.636","88.266","88.21","0","5.519999999999996","5.519999999999996","5.519999999999996","3.7536","1","0","0","0","1","0","0","4.675000000000011","0","0","0","0","0","2","_f05af5d82e5a0000_p_Net","1","1","0","1","0","0","0","0","0","0","1","_f05af5d82e5a0000_p_odb__dbNet","3.7536","0.0","0.0","3.7536","3.7536","","3.7536","5.519999999999996","1","5.519999999999996","5.519999999999996","5.519999999999996","75.67","88.4","75.67","88.4","1","0","0","0","75.67","","88.4","","2"
"net951","OK","0.1505280000000313","47.99999914284726","66.939","88.238","2.6880000000000024","0.056000000000011596","5.488000000000028","68.283","65.595","88.266","88.21","0","2.759999999999991","2.759999999999991","2.759999999999991","3.7536","1","0","0","0","1","0","0","2.744000000000014","0","0","0","0","0","2","_685bf5d82e5a0000_p_Net","1","1","0","1","0","0","0","0","0","0","1","_685bf5d82e5a0000_p_odb__dbNet","3.7536","0.0","0.0","3.7536","3.7536","","3.7536","2.759999999999991","1","2.759999999999991","2.759999999999991","2.759999999999991","66.01","88.4","66.01","88.4","0","1","0","0","66.01","","88.4","","2"
"net952","OK","0.18456600000000697","56.807016547243165","66.204","80.4015","3.2379999999999995","0.05700000000000216","6.590000000000003","67.823","64.585","80.43","80.373","0","4.140000000000001","4.140000000000001","4.140000000000001","3.7536","1","0","0","0","1","0","0","3.2950000000000017","0","0","0","0","0","2","_e05bf5d82e5a0000_p_Net","1","1","0","1","0","0","0","0","0","0","1","_e05bf5d82e5a0000_p_odb__dbNet","3.7536","0.0","0.0","3.7536","3.7536","","3.7536","4.140000000000001","1","4.140000000000001","4.140000000000001","4.140000000000001","64.17","80.24","64.17","80.24","0","0","1","0","64.17","","80.24","","2"
"net953","OK","17.301407999999963","0.5727802036803528","67.629","69.19800000000001","3.147999999999996","5.495999999999995","17.287999999999982","69.203","66.055","71.946","66.45","0","8.659999999999997","8.659999999999997","8.659999999999997","3.7536","1","0","0","0","1","0","0","8.643999999999991","0","0","0","0","0","2","_585cf5d82e5a0000_p_Net","1","1","0","1","0","0","0","0","0","0","1","_585cf5d82e5a0000_p_odb__dbNet","3.7536","0.0","0.0","3.7536","3.7536","","3.7536","8.659999999999997","1","8.659999999999997","8.659999999999997","8.659999999999997","66.47","66.64","66.47","66.64","0","0","1","0","66.47","","66.64","","2"
"net954","OK","1.3454480000000208","0.14520367932155193","68.044","73.46799999999999","0.4420000000000073","3.043999999999997","6.972000000000008","68.265","67.823","74.99","71.946","0","3.180000000000007","3.180000000000007","3.180000000000007","3.7536","1","0","0","0","1","0","0","3.486000000000004","0","0","0","0","0","2","_d05cf5d82e5a0000_p_Net","1","1","0","1","0","0","0","0","0","0","1","_d05cf5d82e5a0000_p_odb__dbNet","3.7536","0.0","0.0","3.7536","3.7536","","3.7536","3.180000000000007","1","3.180000000000007","3.180000000000007","3.180000000000007","67.85","74.8","67.85","74.8","0","1","0","0","67.85","","74.8","","2"
"net955","OK","0.2190959999999655","0.02366086098466234","66.939","89.7315","0.07199999999998852","3.0430000000000064","6.22999999999999","66.975","66.903","91.253","88.21","0","2.719999999999999","2.719999999999999","2.719999999999999","3.7536","1","0","0","0","1","0","0","3.114999999999995","0","0","0","0","0","2","_485df5d82e5a0000_p_Net","1","1","0","1","0","0","0","0","0","0","1","_485df5d82e5a0000_p_odb__dbNet","3.7536","0.0","0.0","3.7536","3.7536","","3.7536","2.719999999999999","1","2.719999999999999","2.719999999999999","2.719999999999999","67.39","88.4","67.39","88.4","0","0","0","1","67.39","","88.4","","2"
"net956","OK","1.0590320000000177","0.18447412346224248","65.744","97.94800000000001","0.4420000000000073","2.396000000000001","5.676000000000016","65.965","65.523","99.146","96.75","0","3.180000000000007","3.180000000000007","3.180000000000007","3.7536","1","0","0","0","1","0","0","2.838000000000008","0","0","0","0","0","2","_c05df5d82e5a0000_p_Net","1","1","0","1","0","0","0","0","0","0","1","_c05df5d82e5a0000_p_odb__dbNet","3.7536","0.0","0.0","3.7536","3.7536","","3.7536","3.180000000000007","1","3.180000000000007","3.180000000000007","3.180000000000007","65.55","96.56","65.55","96.56","0","0","1","0","65.55","","96.56","","2"
"net957","OK","0.07324799999999657","23.357142440052115","63.028999999999996","104.55799999999999","1.3079999999999998","0.055999999999997385","2.7279999999999944","63.683","62.375","104.586","104.53","0","1.3800000000000026","1.3800000000000026","1.3800000000000026","3.7536","1","0","0","0","1","0","0","1.3639999999999972","0","0","0","0","0","2","_385ef5d82e5a0000_p_Net","1","1","0","1","0","0","0","0","0","0","1","_385ef5d82e5a0000_p_odb__dbNet","3.7536","0.0","0.0","3.7536","3.7536","","3.7536","1.3800000000000026","1","1.3800000000000026","1.3800000000000026","1.3800000000000026","62.79","104.72","62.79","104.72","0","1","0","0","62.79","","104.72","","2"
"net958","OK","1.181071999999993","0.12746386329583922","51.989000000000004","111.548","0.3879999999999981","3.043999999999997","6.86399999999999","52.183","51.795","113.07","110.026","0","3.1799999999999997","3.1799999999999997","3.1799999999999997","3.7536","1","0","0","0","1","0","0","3.431999999999995","0","0","0","0","0","2","_b05ef5d82e5a0000_p_Net","1","1","0","1","0","0","0","0","0","0","1","_b05ef5d82e5a0000_p_odb__dbNet","3.7536","0.0","0.0","3.7536","3.7536","","3.7536","3.1799999999999997","1","3.1799999999999997","3.1799999999999997","3.1799999999999997","52.21","112.88","52.21","112.88","1","0","0","0","52.21","","112.88","","2"
"net959","OK","0.10410400000002126","33.19642797862824","40.7455","120.878","1.8589999999999947","0.056000000000011596","3.8300000000000125","41.675","39.816","120.906","120.85","0","2.760000000000005","2.760000000000005","2.760000000000005","3.7536","1","0","0","0","1","0","0","1.9150000000000063","0","0","0","0","0","2","_285ff5d82e5a0000_p_Net","1","1","0","1","0","0","0","0","0","0","1","_285ff5d82e5a0000_p_odb__dbNet","3.7536","0.0","0.0","3.7536","3.7536","","3.7536","2.760000000000005","1","2.760000000000005","2.760000000000005","2.760000000000005","42.09","121.04","42.09","121.04","1","0","0","0","42.09","","121.04","","2"
"net960","OK","7.188768000000011","0.23799126633224277","40.949","123.598","1.3079999999999998","5.496000000000009","13.608000000000018","41.603","40.295","126.346","120.85","0","6.82","6.82","6.82","3.7536","1","0","0","0","1","0","0","6.804000000000009","0","0","0","0","0","2","_a05ff5d82e5a0000_p_Net","1","1","0","1","0","0","0","0","0","0","1","_a05ff5d82e5a0000_p_odb__dbNet","3.7536","0.0","0.0","3.7536","3.7536","","3.7536","6.82","1","6.82","6.82","6.82","40.71","121.04","40.71","121.04","0","0","1","0","40.71","","121.04","","2"
"net961","OK","0.10404799999999498","33.178570836098444","49.873999999999995","126.31800000000001","1.857999999999997","0.055999999999997385","3.8279999999999887","50.803","48.945","126.346","126.29","0","2.759999999999998","2.759999999999998","2.759999999999998","3.7536","1","0","0","0","1","0","0","1.9139999999999944","0","0","0","0","0","2","_1860f5d82e5a0000_p_Net","1","1","0","1","0","0","0","0","0","0","1","_1860f5d82e5a0000_p_odb__dbNet","3.7536","0.0","0.0","3.7536","3.7536","","3.7536","2.759999999999998","1","2.759999999999998","2.759999999999998","2.759999999999998","48.53","126.48","48.53","126.48","0","1","0","0","48.53","","126.48","","2"
"net962","OK","0.9296479999999958","0.16193656086730443","55.669","125.148","0.3879999999999981","2.396000000000001","5.567999999999998","55.863","55.475","126.346","123.95","0","3.1799999999999997","3.1799999999999997","3.1799999999999997","3.7536","1","0","0","0","1","0","0","2.783999999999999","0","0","0","0","0","2","_9060f5d82e5a0000_p_Net","1","1","0","1","0","0","0","0","0","0","1","_9060f5d82e5a0000_p_odb__dbNet","3.7536","0.0","0.0","3.7536","3.7536","","3.7536","3.1799999999999997","1","3.1799999999999997","3.1799999999999997","3.1799999999999997","55.89","123.76","55.89","123.76","0","0","0","1","55.89","","123.76","","2"
"net963","OK","0.15562399999999252","49.624999113841554","56.8455","126.31800000000001","2.7789999999999964","0.055999999999997385","5.6699999999999875","58.235","55.456","126.346","126.29","0","3.6799999999999997","3.6799999999999997","3.6799999999999997","3.7536","1","0","0","0","1","0","0","2.8349999999999937","0","0","0","0","0","2","_0861f5d82e5a0000_p_Net","1","1","0","1","0","0","0","0","0","0","1","_0861f5d82e5a0000_p_odb__dbNet","3.7536","0.0","0.0","3.7536","3.7536","","3.7536","3.6799999999999997","1","3.6799999999999997","3.6799999999999997","3.6799999999999997","58.65","126.48","58.65","126.48","1","0","0","0","58.65","","126.48","","2"
"net964","OK","0.02682400000000551","8.553571275827299","50.1755","131.75799999999998","0.4789999999999992","0.056000000000011596","1.0700000000000216","50.415","49.936","131.786","131.73","0","1.3799999999999955","1.3799999999999955","1.3799999999999955","3.7536","1","0","0","0","1","0","0","0.5350000000000108","0","0","0","0","0","2","_8061f5d82e5a0000_p_Net","1","1","0","1","0","0","0","0","0","0","1","_8061f5d82e5a0000_p_odb__dbNet","3.7536","0.0","0.0","3.7536","3.7536","","3.7536","1.3799999999999955","1","1.3799999999999955","1.3799999999999955","1.3799999999999955","50.83","131.92","50.83","131.92","1","0","0","0","50.83","","131.92","","2"
"net965","OK","0.026768000000005628","8.53571413328908","40.903999999999996","131.75799999999998","0.47800000000000153","0.056000000000011596","1.0680000000000263","41.143","40.665","131.786","131.73","0","1.3800000000000026","1.3800000000000026","1.3800000000000026","3.7536","1","0","0","0","1","0","0","0.5340000000000131","0","0","0","0","0","2","_f861f5d82e5a0000_p_Net","1","1","0","1","0","0","0","0","0","0","1","_f861f5d82e5a0000_p_odb__dbNet","3.7536","0.0","0.0","3.7536","3.7536","","3.7536","1.3800000000000026","1","1.3800000000000026","1.3800000000000026","1.3800000000000026","40.25","131.92","40.25","131.92","0","1","0","0","40.25","","131.92","","2"
"net966","OK","0.1505280000000311","47.9999991428472","29.679000000000002","131.75799999999998","2.687999999999999","0.056000000000011596","5.488000000000021","31.023","28.335","131.786","131.73","0","2.7600000000000016","2.7600000000000016","2.7600000000000016","3.7536","1","0","0","0","1","0","0","2.7440000000000104","0","0","0","0","0","2","_7062f5d82e5a0000_p_Net","1","1","0","1","0","0","0","0","0","0","1","_7062f5d82e5a0000_p_odb__dbNet","3.7536","0.0","0.0","3.7536","3.7536","","3.7536","2.7600000000000016","1","2.7600000000000016","2.7600000000000016","2.7600000000000016","28.75","131.92","28.75","131.92","0","1","0","0","28.75","","131.92","","2"
"net967","OK","0.02682400000000551","8.553571275827299","16.5955","131.75799999999998","0.4789999999999992","0.056000000000011596","1.0700000000000216","16.835","16.356","131.786","131.73","0","1.3800000000000008","1.3800000000000008","1.3800000000000008","3.7536","1","0","0","0","1","0","0","0.5350000000000108","0","0","0","0","0","2","_e862f5d82e5a0000_p_Net","1","1","0","1","0","0","0","0","0","0","1","_e862f5d82e5a0000_p_odb__dbNet","3.7536","0.0","0.0","3.7536","3.7536","","3.7536","1.3800000000000008","1","1.3800000000000008","1.3800000000000008","1.3800000000000008","17.25","131.92","17.25","131.92","1","0","0","0","17.25","","131.92","","2"
"net968","OK","0.1701159999999984","0.02963272118963581","8.500499999999999","141.46800000000002","0.07099999999999973","2.3959999999999866","4.933999999999973","8.536","8.465","142.666","140.27","0","2.719999999999999","2.719999999999999","2.719999999999999","3.7536","1","0","0","0","1","0","0","2.4669999999999863","0","0","0","0","0","2","_6063f5d82e5a0000_p_Net","1","1","0","1","0","0","0","0","0","0","1","_6063f5d82e5a0000_p_odb__dbNet","3.7536","0.0","0.0","3.7536","3.7536","","3.7536","2.719999999999999","1","2.719999999999999","2.719999999999999","2.719999999999999","8.05","140.08","8.05","140.08","0","0","1","0","8.05","","140.08","","2"
"net969","OK","0.027245999999994226","8.385964765160281","7.784","172.88150000000002","0.47799999999999976","0.05699999999998795","1.0699999999999754","8.023","7.545","172.91","172.853","0","1.38","1.38","1.38","3.7536","1","0","0","0","1","0","0","0.5349999999999877","0","0","0","0","0","2","_d863f5d82e5a0000_p_Net","1","1","0","1","0","0","0","0","0","0","1","_d863f5d82e5a0000_p_odb__dbNet","3.7536","0.0","0.0","3.7536","3.7536","","3.7536","1.38","1","1.38","1.38","1.38","7.13","172.72","7.13","172.72","0","0","1","0","7.13","","172.72","","2"
"net970","OK","0.10229600000000043","0.003528974739314859","9.465499999999999","194.31799999999998","0.019000000000000128","5.383999999999986","10.805999999999973","9.475","9.456","197.01","191.626","0","6.359999999999998","6.359999999999998","6.359999999999998","3.7536","1","0","0","0","1","0","0","5.402999999999986","0","0","0","0","0","2","_5064f5d82e5a0000_p_Net","1","1","0","1","0","0","0","0","0","0","1","_5064f5d82e5a0000_p_odb__dbNet","3.7536","0.0","0.0","3.7536","3.7536","","3.7536","6.359999999999998","1","6.359999999999998","6.359999999999998","6.359999999999998","9.89","197.2","9.89","197.2","1","0","0","0","9.89","","197.2","","2"
"net971","OK","6.644928000000003","0.10821847880191157","51.299","176.828","0.847999999999999","7.836000000000013","17.368000000000023","51.723","50.875","180.746","172.91","0","9.079999999999998","9.079999999999998","9.079999999999998","3.7536","1","0","0","0","1","0","0","8.684000000000012","0","0","0","0","0","2","_c864f5d82e5a0000_p_Net","1","1","0","1","0","0","0","0","0","0","1","_c864f5d82e5a0000_p_odb__dbNet","3.7536","0.0","0.0","3.7536","3.7536","","3.7536","9.079999999999998","1","9.079999999999998","9.079999999999998","9.079999999999998","51.29","172.72","51.29","172.72","0","0","1","0","51.29","","172.72","","2"
"net972","OK","0.026768000000005232","8.535714133288952","54.244","180.71800000000002","0.47799999999999443","0.056000000000011596","1.068000000000012","54.483","54.005","180.746","180.69","0","1.3799999999999955","1.3799999999999955","1.3799999999999955","3.7536","1","0","0","0","1","0","0","0.534000000000006","0","0","0","0","0","2","_4065f5d82e5a0000_p_Net","1","1","0","1","0","0","0","0","0","0","1","_4065f5d82e5a0000_p_odb__dbNet","3.7536","0.0","0.0","3.7536","3.7536","","3.7536","1.3799999999999955","1","1.3799999999999955","1.3799999999999955","1.3799999999999955","53.59","180.88","53.59","180.88","0","1","0","0","53.59","","180.88","","2"
"net973","OK","0.02682400000000591","8.553571275827426","52.4755","197.038","0.4790000000000063","0.056000000000011596","1.0700000000000358","52.715","52.236","197.066","197.01","0","1.3800000000000026","1.3800000000000026","1.3800000000000026","3.7536","1","0","0","0","1","0","0","0.5350000000000179","0","0","0","0","0","2","_b865f5d82e5a0000_p_Net","1","1","0","1","0","0","0","0","0","0","1","_b865f5d82e5a0000_p_odb__dbNet","3.7536","0.0","0.0","3.7536","3.7536","","3.7536","1.3800000000000026","1","1.3800000000000026","1.3800000000000026","1.3800000000000026","53.13","197.2","53.13","197.2","1","0","0","0","53.13","","197.2","","2"
"net974","OK","5.380024000000013","0.5810055864012459","50.839","198.5315","1.7680000000000007","3.0430000000000064","9.622000000000014","51.723","49.955","200.053","197.01","0","4.560000000000002","4.560000000000002","4.560000000000002","3.7536","1","0","0","0","1","0","0","4.811000000000007","0","0","0","0","0","2","_3066f5d82e5a0000_p_Net","1","1","0","1","0","0","0","0","0","0","1","_3066f5d82e5a0000_p_odb__dbNet","3.7536","0.0","0.0","3.7536","3.7536","","3.7536","4.560000000000002","1","4.560000000000002","4.560000000000002","4.560000000000002","50.37","197.2","50.37","197.2","0","0","1","0","50.37","","197.2","","2"
"net975","OK","1.0590319999999944","0.18447412346224062","43.20399999999999","201.308","0.44200000000000017","2.3959999999999866","5.6759999999999735","43.425","42.983","202.506","200.11","0","3.1799999999999997","3.1799999999999997","3.1799999999999997","3.7536","1","0","0","0","1","0","0","2.8379999999999868","0","0","0","0","0","2","_a866f5d82e5a0000_p_Net","1","1","0","1","0","0","0","0","0","0","1","_a866f5d82e5a0000_p_odb__dbNet","3.7536","0.0","0.0","3.7536","3.7536","","3.7536","3.1799999999999997","1","3.1799999999999997","3.1799999999999997","3.1799999999999997","43.01","199.92","43.01","199.92","0","0","1","0","43.01","","199.92","","2"
"net976","OK","0.9296479999999903","0.1619365608673054","33.589","201.308","0.3879999999999981","2.3959999999999866","5.567999999999969","33.783","33.395","202.506","200.11","0","3.1799999999999997","3.1799999999999997","3.1799999999999997","3.7536","1","0","0","0","1","0","0","2.7839999999999847","0","0","0","0","0","2","_a0c5f7d82e5a0000_p_Net","1","1","0","1","0","0","0","0","0","0","1","_a0c5f7d82e5a0000_p_odb__dbNet","3.7536","0.0","0.0","3.7536","3.7536","","3.7536","3.1799999999999997","1","3.1799999999999997","3.1799999999999997","3.1799999999999997","33.81","199.92","33.81","199.92","0","0","0","1","33.81","","199.92","","2"
"net977","OK","0.9296479999999988","0.16193656086730687","19.789","201.308","0.3880000000000017","2.3959999999999866","5.5679999999999765","19.983","19.595","202.506","200.11","0","3.179999999999996","3.179999999999996","3.179999999999996","3.7536","1","0","0","0","1","0","0","2.7839999999999883","0","0","0","0","0","2","_18c6f7d82e5a0000_p_Net","1","1","0","1","0","0","0","0","0","0","1","_18c6f7d82e5a0000_p_odb__dbNet","3.7536","0.0","0.0","3.7536","3.7536","","3.7536","3.179999999999996","1","3.179999999999996","3.179999999999996","3.179999999999996","20.01","199.92","20.01","199.92","0","0","0","1","20.01","","199.92","","2"
"net978","OK","0.9296479999999988","0.16193656086730687","18.409","201.308","0.3880000000000017","2.3959999999999866","5.5679999999999765","18.603","18.215","202.506","200.11","0","3.1799999999999997","3.1799999999999997","3.1799999999999997","3.7536","1","0","0","0","1","0","0","2.7839999999999883","0","0","0","0","0","2","_90c6f7d82e5a0000_p_Net","1","1","0","1","0","0","0","0","0","0","1","_90c6f7d82e5a0000_p_odb__dbNet","3.7536","0.0","0.0","3.7536","3.7536","","3.7536","3.1799999999999997","1","3.1799999999999997","3.1799999999999997","3.1799999999999997","18.63","199.92","18.63","199.92","0","0","0","1","18.63","","199.92","","2"
"net979","OK","0.14104800000000506","0.0022970903519274667","56.314","144.188","0.018000000000000682","7.835999999999984","15.70799999999997","56.323","56.305","148.106","140.27","0","9.079999999999998","9.079999999999998","9.079999999999998","3.7536","1","0","0","0","1","0","0","7.853999999999985","0","0","0","0","0","2","_08c7f7d82e5a0000_p_Net","1","1","0","1","0","0","0","0","0","0","1","_08c7f7d82e5a0000_p_odb__dbNet","3.7536","0.0","0.0","3.7536","3.7536","","3.7536","9.079999999999998","1","9.079999999999998","9.079999999999998","9.079999999999998","55.89","140.08","55.89","140.08","0","0","1","0","55.89","","140.08","","2"
"net980","OK","13.854047999999977","0.2256253190115338","75.679","138.748","1.7680000000000007","7.835999999999984","19.20799999999997","76.563","74.795","142.666","134.83","0","10.000000000000028","10.000000000000028","10.000000000000028","3.7536","1","0","0","0","1","0","0","9.603999999999985","0","0","0","0","0","2","_80c7f7d82e5a0000_p_Net","1","1","0","1","0","0","0","0","0","0","1","_80c7f7d82e5a0000_p_odb__dbNet","3.7536","0.0","0.0","3.7536","3.7536","","3.7536","10.000000000000028","1","10.000000000000028","10.000000000000028","10.000000000000028","75.21","134.64","75.21","134.64","0","0","1","0","75.21","","134.64","","2"
"net981","OK","0.07324799999997839","23.35714244005817","74.529","142.638","1.308000000000007","0.055999999999983174","2.72799999999998","75.183","73.875","142.666","142.61","0","1.3799999999999955","1.3799999999999955","1.3799999999999955","3.7536","1","0","0","0","1","0","0","1.36399999999999","0","0","0","0","0","2","_f8c7f7d82e5a0000_p_Net","1","1","0","1","0","0","0","0","0","0","1","_f8c7f7d82e5a0000_p_odb__dbNet","3.7536","0.0","0.0","3.7536","3.7536","","3.7536","1.3799999999999955","1","1.3799999999999955","1.3799999999999955","1.3799999999999955","74.29","142.8","74.29","142.8","0","1","0","0","74.29","","142.8","","2"
"net982","OK","1.0590319999999775","0.18447412346223765","64.364","146.90800000000002","0.44199999999999307","2.3959999999999866","5.675999999999959","64.585","64.143","148.106","145.71","0","3.1799999999999926","3.1799999999999926","3.1799999999999926","3.7536","1","0","0","0","1","0","0","2.8379999999999797","0","0","0","0","0","2","_70c8f7d82e5a0000_p_Net","1","1","0","1","0","0","0","0","0","0","1","_70c8f7d82e5a0000_p_odb__dbNet","3.7536","0.0","0.0","3.7536","3.7536","","3.7536","3.1799999999999926","1","3.1799999999999926","3.1799999999999926","3.1799999999999926","64.17","145.52","64.17","145.52","0","0","1","0","64.17","","145.52","","2"
"net983","OK","16.855176999999884","1.820243180473151","73.40549999999999","155.0115","5.5390000000000015","3.042999999999978","17.16399999999996","76.175","70.636","156.533","153.49","0","9.159999999999997","9.159999999999997","9.159999999999997","3.7536","1","0","0","0","1","0","0","8.58199999999998","0","0","0","0","0","2","_e8c8f7d82e5a0000_p_Net","1","1","0","1","0","0","0","0","0","0","1","_e8c8f7d82e5a0000_p_odb__dbNet","3.7536","0.0","0.0","3.7536","3.7536","","3.7536","9.159999999999997","1","9.159999999999997","9.159999999999997","9.159999999999997","76.59","153.68","76.59","153.68","0","0","0","1","76.59","","153.68","","2"
"net984","OK","1.1806840000000074","0.12750575086181476","68.089","155.0115","0.38800000000000523","3.042999999999978","6.861999999999966","68.283","67.895","156.533","153.49","0","3.1799999999999926","3.1799999999999926","3.1799999999999926","3.7536","1","0","0","0","1","0","0","3.430999999999983","0","0","0","0","0","2","_60c9f7d82e5a0000_p_Net","1","1","0","1","0","0","0","0","0","0","1","_60c9f7d82e5a0000_p_odb__dbNet","3.7536","0.0","0.0","3.7536","3.7536","","3.7536","3.1799999999999926","1","3.1799999999999926","3.1799999999999926","3.1799999999999926","68.31","153.68","68.31","153.68","0","0","0","1","68.31","","153.68","","2"
"net985","OK","0.07330399999997783","23.37499958259627","66.6905","153.518","1.3089999999999975","0.055999999999983174","2.7299999999999613","67.345","66.036","153.546","153.49","0","1.3800000000000097","1.3800000000000097","1.3800000000000097","3.7536","1","0","0","0","1","0","0","1.3649999999999807","0","0","0","0","0","2","_d8c9f7d82e5a0000_p_Net","1","1","0","1","0","0","0","0","0","0","1","_d8c9f7d82e5a0000_p_odb__dbNet","3.7536","0.0","0.0","3.7536","3.7536","","3.7536","1.3800000000000097","1","1.3800000000000097","1.3800000000000097","1.3800000000000097","66.93","153.68","66.93","153.68","1","0","0","0","66.93","","153.68","","2"
"net986","OK","0.21909599999998508","0.023660860984664897","61.419","149.57150000000001","0.07199999999999562","3.042999999999978","6.229999999999947","61.455","61.383","151.093","148.05","0","2.719999999999999","2.719999999999999","2.719999999999999","3.7536","1","0","0","0","1","0","0","3.1149999999999736","0","0","0","0","0","2","_50caf7d82e5a0000_p_Net","1","1","0","1","0","0","0","0","0","0","1","_50caf7d82e5a0000_p_odb__dbNet","3.7536","0.0","0.0","3.7536","3.7536","","3.7536","2.719999999999999","1","2.719999999999999","2.719999999999999","2.719999999999999","61.87","148.24","61.87","148.24","0","0","0","1","61.87","","148.24","","2"
"net987","OK","0.026767999999992045","8.53571413329341","59.763999999999996","148.078","0.47800000000000153","0.055999999999983174","1.0679999999999694","60.003","59.525","148.106","148.05","0","1.3800000000000026","1.3800000000000026","1.3800000000000026","3.7536","1","0","0","0","1","0","0","0.5339999999999847","0","0","0","0","0","2","_c8caf7d82e5a0000_p_Net","1","1","0","1","0","0","0","0","0","0","1","_c8caf7d82e5a0000_p_odb__dbNet","3.7536","0.0","0.0","3.7536","3.7536","","3.7536","1.3800000000000026","1","1.3800000000000026","1.3800000000000026","1.3800000000000026","59.11","148.24","59.11","148.24","0","1","0","0","59.11","","148.24","","2"
"net988","OK","2.031807999999986","0.3539232051945244","45.319","152.348","0.847999999999999","2.3959999999999866","6.487999999999971","45.743","44.895","153.546","151.15","0","3.6399999999999935","3.6399999999999935","3.6399999999999935","3.7536","1","0","0","0","1","0","0","3.2439999999999856","0","0","0","0","0","2","_40cbf7d82e5a0000_p_Net","1","1","0","1","0","0","0","0","0","0","1","_40cbf7d82e5a0000_p_odb__dbNet","3.7536","0.0","0.0","3.7536","3.7536","","3.7536","3.6399999999999935","1","3.6399999999999935","3.6399999999999935","3.6399999999999935","45.31","150.96","45.31","150.96","0","0","1","0","45.31","","150.96","","2"
"net989","OK","36.41680399999981","6.343489145933472","67.1955","163.228","15.199000000000005","2.3959999999999866","35.18999999999998","74.795","59.596","164.426","162.03","0","18.819999999999993","18.819999999999993","18.819999999999993","3.7536","1","0","0","0","1","0","0","17.59499999999999","0","0","0","0","0","2","_b8cbf7d82e5a0000_p_Net","1","1","0","1","0","0","0","0","0","0","1","_b8cbf7d82e5a0000_p_odb__dbNet","3.7536","0.0","0.0","3.7536","3.7536","","3.7536","18.819999999999993","1","18.819999999999993","18.819999999999993","18.819999999999993","75.21","161.84","75.21","161.84","0","0","0","1","75.21","","161.84","","2"
"net990","OK","2.3792860000000053","0.08211034737467751","56.084","164.7215","0.44200000000000017","5.38300000000001","11.65000000000002","56.305","55.863","167.413","162.03","0","5.899999999999999","5.899999999999999","5.899999999999999","3.7536","1","0","0","0","1","0","0","5.82500000000001","0","0","0","0","0","2","_30ccf7d82e5a0000_p_Net","1","1","0","1","0","0","0","0","0","0","1","_30ccf7d82e5a0000_p_odb__dbNet","3.7536","0.0","0.0","3.7536","3.7536","","3.7536","5.899999999999999","1","5.899999999999999","5.899999999999999","5.899999999999999","55.89","161.84","55.89","161.84","0","0","1","0","55.89","","161.84","","2"
"net991","OK","2.088603999999994","0.07207876647369843","54.289","164.7215","0.3879999999999981","5.38300000000001","11.542000000000016","54.483","54.095","167.413","162.03","0","5.899999999999999","5.899999999999999","5.899999999999999","3.7536","1","0","0","0","1","0","0","5.771000000000008","0","0","0","0","0","2","_a8ccf7d82e5a0000_p_Net","1","1","0","1","0","0","0","0","0","0","1","_a8ccf7d82e5a0000_p_odb__dbNet","3.7536","0.0","0.0","3.7536","3.7536","","3.7536","5.899999999999999","1","5.899999999999999","5.899999999999999","5.899999999999999","54.51","161.84","54.51","161.84","0","0","0","1","54.51","","161.84","","2"
"net992","OK","1.0590319999999944","0.18447412346224062","39.524","163.228","0.44200000000000017","2.3959999999999866","5.6759999999999735","39.745","39.303","164.426","162.03","0","3.1799999999999997","3.1799999999999997","3.1799999999999997","3.7536","1","0","0","0","1","0","0","2.8379999999999868","0","0","0","0","0","2","_20cdf7d82e5a0000_p_Net","1","1","0","1","0","0","0","0","0","0","1","_20cdf7d82e5a0000_p_odb__dbNet","3.7536","0.0","0.0","3.7536","3.7536","","3.7536","3.1799999999999997","1","3.1799999999999997","3.1799999999999997","3.1799999999999997","39.33","161.84","39.33","161.84","0","0","1","0","39.33","","161.84","","2"
"net993","OK","11.99332400000003","0.4138955971737139","34.968999999999994","170.1615","2.2280000000000015","5.38300000000001","15.222000000000023","36.083","33.855","172.853","167.47","0","7.739999999999995","7.739999999999995","7.739999999999995","3.7536","1","0","0","0","1","0","0","7.611000000000011","0","0","0","0","0","2","_98cdf7d82e5a0000_p_Net","1","1","0","1","0","0","0","0","0","0","1","_98cdf7d82e5a0000_p_odb__dbNet","3.7536","0.0","0.0","3.7536","3.7536","","3.7536","7.739999999999995","1","7.739999999999995","7.739999999999995","7.739999999999995","34.27","167.28","34.27","167.28","0","0","1","0","34.27","","167.28","","2"
"net994","OK","0.026824000000005708","8.553571275827363","28.555500000000002","175.27800000000002","0.47900000000000276","0.056000000000011596","1.0700000000000287","28.795","28.316","175.306","175.25","0","1.3800000000000026","1.3800000000000026","1.3800000000000026","3.7536","1","0","0","0","1","0","0","0.5350000000000144","0","0","0","0","0","2","_10cef7d82e5a0000_p_Net","1","1","0","1","0","0","0","0","0","0","1","_10cef7d82e5a0000_p_odb__dbNet","3.7536","0.0","0.0","3.7536","3.7536","","3.7536","1.3800000000000026","1","1.3800000000000026","1.3800000000000026","1.3800000000000026","29.21","175.44","29.21","175.44","1","0","0","0","29.21","","175.44","","2"
"net995","OK","0.02682400000000551","8.553571275827299","19.8155","180.71800000000002","0.4789999999999992","0.056000000000011596","1.0700000000000216","20.055","19.576","180.746","180.69","0","1.379999999999999","1.379999999999999","1.379999999999999","3.7536","1","0","0","0","1","0","0","0.5350000000000108","0","0","0","0","0","2","_88cef7d82e5a0000_p_Net","1","1","0","1","0","0","0","0","0","0","1","_88cef7d82e5a0000_p_odb__dbNet","3.7536","0.0","0.0","3.7536","3.7536","","3.7536","1.379999999999999","1","1.379999999999999","1.379999999999999","1.379999999999999","20.47","180.88","20.47","180.88","1","0","0","0","20.47","","180.88","","2"
"net996","OK","2.8543340000000024","0.30824843893912207","18.594","182.2115","0.9379999999999988","3.0430000000000064","7.96200000000001","19.063","18.125","183.733","180.69","0","4.559999999999999","4.559999999999999","4.559999999999999","3.7536","1","0","0","0","1","0","0","3.981000000000005","0","0","0","0","0","2","_00cff7d82e5a0000_p_Net","1","1","0","1","0","0","0","0","0","0","1","_00cff7d82e5a0000_p_odb__dbNet","3.7536","0.0","0.0","3.7536","3.7536","","3.7536","4.559999999999999","1","4.559999999999999","4.559999999999999","4.559999999999999","17.71","180.88","17.71","180.88","0","0","1","0","17.71","","180.88","","2"
"net997","OK","9.746928000000064","1.697829715485036","14.269","174.108","4.068000000000001","2.396000000000015","12.928000000000033","16.303","12.235","175.306","172.91","0","6.859999999999998","6.859999999999998","6.859999999999998","3.7536","1","0","0","0","1","0","0","6.464000000000016","0","0","0","0","0","2","_78cff7d82e5a0000_p_Net","1","1","0","1","0","0","0","0","0","0","1","_78cff7d82e5a0000_p_odb__dbNet","3.7536","0.0","0.0","3.7536","3.7536","","3.7536","6.859999999999998","1","6.859999999999998","6.859999999999998","6.859999999999998","12.65","172.72","12.65","172.72","0","0","1","0","12.65","","172.72","","2"
"net998","OK","0.38764800000001576","0.013372956906877707","17.259","167.118","0.07200000000000273","5.3840000000000146","10.912000000000035","17.295","17.223","169.81","164.426","0","5.439999999999998","5.439999999999998","5.439999999999998","3.7536","1","0","0","0","1","0","0","5.456000000000017","0","0","0","0","0","2","_f0cff7d82e5a0000_p_Net","1","1","0","1","0","0","0","0","0","0","1","_f0cff7d82e5a0000_p_odb__dbNet","3.7536","0.0","0.0","3.7536","3.7536","","3.7536","5.439999999999998","1","5.439999999999998","5.439999999999998","5.439999999999998","17.71","170.0","17.71","170.0","1","0","0","0","17.71","","170.0","","2"
"net999","OK","24.07500799999987","4.193656091738899","26.459","141.46800000000002","10.048000000000002","2.3959999999999866","24.887999999999977","31.483","21.435","142.666","140.27","0","12.839999999999996","12.839999999999996","12.839999999999996","3.7536","1","0","0","0","1","0","0","12.443999999999988","0","0","0","0","0","2","_68d0f7d82e5a0000_p_Net","1","1","0","1","0","0","0","0","0","0","1","_68d0f7d82e5a0000_p_odb__dbNet","3.7536","0.0","0.0","3.7536","3.7536","","3.7536","12.839999999999996","1","12.839999999999996","12.839999999999996","12.839999999999996","21.85","140.08","21.85","140.08","0","0","1","0","21.85","","140.08","","2"
"net1000","OK","0.026823999999992094","8.553571275831704","28.555500000000002","142.638","0.47900000000000276","0.055999999999983174","1.0699999999999719","28.795","28.316","142.666","142.61","0","1.3800000000000026","1.3800000000000026","1.3800000000000026","3.7536","1","0","0","0","1","0","0","0.5349999999999859","0","0","0","0","0","2","_e0d0f7d82e5a0000_p_Net","1","1","0","1","0","0","0","0","0","0","1","_e0d0f7d82e5a0000_p_odb__dbNet","3.7536","0.0","0.0","3.7536","3.7536","","3.7536","1.3800000000000026","1","1.3800000000000026","1.3800000000000026","1.3800000000000026","29.21","142.8","29.21","142.8","1","0","0","0","29.21","","142.8","","2"
"net1001","OK","9.51714399999997","0.32844138949871177","30.139","153.8415","1.7680000000000007","5.382999999999981","14.301999999999964","31.023","29.255","156.533","151.15","0","7.279999999999998","7.279999999999998","7.279999999999998","3.7536","1","0","0","0","1","0","0","7.150999999999982","0","0","0","0","0","2","_58d1f7d82e5a0000_p_Net","1","1","0","1","0","0","0","0","0","0","1","_58d1f7d82e5a0000_p_odb__dbNet","3.7536","0.0","0.0","3.7536","3.7536","","3.7536","7.279999999999998","1","7.279999999999998","7.279999999999998","7.279999999999998","29.67","150.96","29.67","150.96","0","0","1","0","29.67","","150.96","","2"
"net1002","OK","0.026823999999991896","8.55357127583164","23.4955","158.958","0.4789999999999992","0.055999999999983174","1.0699999999999648","23.735","23.256","158.986","158.93","0","1.379999999999999","1.379999999999999","1.379999999999999","3.7536","1","0","0","0","1","0","0","0.5349999999999824","0","0","0","0","0","2","_d0d1f7d82e5a0000_p_Net","1","1","0","1","0","0","0","0","0","0","1","_d0d1f7d82e5a0000_p_odb__dbNet","3.7536","0.0","0.0","3.7536","3.7536","","3.7536","1.379999999999999","1","1.379999999999999","1.379999999999999","1.379999999999999","24.15","159.12","24.15","159.12","1","0","0","0","24.15","","159.12","","2"
"net1003","OK","0.1505280000000311","47.9999991428472","20.479","169.83800000000002","2.687999999999999","0.056000000000011596","5.488000000000021","21.823","19.135","169.866","169.81","0","2.759999999999998","2.759999999999998","2.759999999999998","3.7536","1","0","0","0","1","0","0","2.7440000000000104","0","0","0","0","0","2","_48d2f7d82e5a0000_p_Net","1","1","0","1","0","0","0","0","0","0","1","_48d2f7d82e5a0000_p_odb__dbNet","3.7536","0.0","0.0","3.7536","3.7536","","3.7536","2.759999999999998","1","2.759999999999998","2.759999999999998","2.759999999999998","19.55","170.0","19.55","170.0","0","1","0","0","19.55","","170.0","","2"
"net1004","OK","0.1556240000000322","49.62499911382903","21.4255","186.15800000000002","2.779","0.056000000000011596","5.670000000000023","22.815","20.036","186.186","186.13","0","3.6799999999999997","3.6799999999999997","3.6799999999999997","3.7536","1","0","0","0","1","0","0","2.8350000000000115","0","0","0","0","0","2","_c0d2f7d82e5a0000_p_Net","1","1","0","1","0","0","0","0","0","0","1","_c0d2f7d82e5a0000_p_odb__dbNet","3.7536","0.0","0.0","3.7536","3.7536","","3.7536","3.6799999999999997","1","3.6799999999999997","3.6799999999999997","3.6799999999999997","23.23","186.32","23.23","186.32","1","0","0","0","23.23","","186.32","","2"
"net1005","OK","5.3406840000000315","0.930300500446446","17.0105","190.428","2.228999999999999","2.396000000000015","9.250000000000028","18.125","15.896","191.626","189.23","0","5.02","5.02","5.02","3.7536","1","0","0","0","1","0","0","4.625000000000014","0","0","0","0","0","2","_38d3f7d82e5a0000_p_Net","1","1","0","1","0","0","0","0","0","0","1","_38d3f7d82e5a0000_p_odb__dbNet","3.7536","0.0","0.0","3.7536","3.7536","","3.7536","5.02","1","5.02","5.02","5.02","17.71","189.04","17.71","189.04","0","0","0","1","17.71","","189.04","","2"
"net1006","OK","0.04552400000000059","0.007929883135254643","8.0855","190.428","0.019000000000000128","2.396000000000015","4.83000000000003","8.095","8.076","191.626","189.23","0","3.639999999999999","3.639999999999999","3.639999999999999","3.7536","1","0","0","0","1","0","0","2.415000000000015","0","0","0","0","0","2","_b0d3f7d82e5a0000_p_Net","1","1","0","1","0","0","0","0","0","0","1","_b0d3f7d82e5a0000_p_odb__dbNet","3.7536","0.0","0.0","3.7536","3.7536","","3.7536","3.639999999999999","1","3.639999999999999","3.639999999999999","3.639999999999999","8.51","189.04","8.51","189.04","0","0","0","1","8.51","","189.04","","2"
"net1007","OK","0.027303000000001038","8.403508624499532","5.5555","96.72149999999999","0.4790000000000001","0.05700000000000216","1.0720000000000045","5.795","5.316","96.75","96.693","0","1.38","1.38","1.38","3.7536","1","0","0","0","1","0","0","0.5360000000000023","0","0","0","0","0","2","_28d4f7d82e5a0000_p_Net","1","1","0","1","0","0","0","0","0","0","1","_28d4f7d82e5a0000_p_odb__dbNet","3.7536","0.0","0.0","3.7536","3.7536","","3.7536","1.38","1","1.38","1.38","1.38","6.21","96.56","6.21","96.56","0","0","0","1","6.21","","96.56","","2"
"net1008","OK","8.185315999999991","0.8833771350580242","7.1205","95.22800000000001","2.689","3.043999999999997","11.465999999999994","8.465","5.776","96.75","93.706","0","5.4799999999999995","5.4799999999999995","5.4799999999999995","3.7536","1","0","0","0","1","0","0","5.732999999999997","0","0","0","0","0","2","_a0d4f7d82e5a0000_p_Net","1","1","0","1","0","0","0","0","0","0","1","_a0d4f7d82e5a0000_p_odb__dbNet","3.7536","0.0","0.0","3.7536","3.7536","","3.7536","5.4799999999999995","1","5.4799999999999995","5.4799999999999995","5.4799999999999995","8.05","96.56","8.05","96.56","1","0","0","0","8.05","","96.56","","2"
"net1009","OK","2.580464000000005","0.27867236270828977","5.2989999999999995","89.7315","0.8479999999999999","3.0430000000000064","7.7820000000000125","5.723","4.875","91.253","88.21","0","3.639999999999999","3.639999999999999","3.639999999999999","3.7536","1","0","0","0","1","0","0","3.8910000000000062","0","0","0","0","0","2","_18d5f7d82e5a0000_p_Net","1","1","0","1","0","0","0","0","0","0","1","_18d5f7d82e5a0000_p_odb__dbNet","3.7536","0.0","0.0","3.7536","3.7536","","3.7536","3.639999999999999","1","3.639999999999999","3.639999999999999","3.639999999999999","5.29","88.4","5.29","88.4","0","0","1","0","5.29","","88.4","","2"
"net1010","OK","9.716927999999996","0.32168850066927107","8.519","107.27799999999999","1.7680000000000007","5.495999999999995","14.527999999999992","9.403","7.635","110.026","104.53","0","7.279999999999998","7.279999999999998","7.279999999999998","3.7536","1","0","0","0","1","0","0","7.263999999999996","0","0","0","0","0","2","_90d5f7d82e5a0000_p_Net","1","1","0","1","0","0","0","0","0","0","1","_90d5f7d82e5a0000_p_odb__dbNet","3.7536","0.0","0.0","3.7536","3.7536","","3.7536","7.279999999999998","1","7.279999999999998","7.279999999999998","7.279999999999998","8.05","104.72","8.05","104.72","0","0","1","0","8.05","","104.72","","2"
"net1011","OK","0.04552400000000032","0.00792988313525469","7.6255","108.828","0.019000000000000128","2.396000000000001","4.830000000000002","7.635","7.616","110.026","107.63","0","3.6399999999999997","3.6399999999999997","3.6399999999999997","3.7536","1","0","0","0","1","0","0","2.415000000000001","0","0","0","0","0","2","_08d6f7d82e5a0000_p_Net","1","1","0","1","0","0","0","0","0","0","1","_08d6f7d82e5a0000_p_odb__dbNet","3.7536","0.0","0.0","3.7536","3.7536","","3.7536","3.6399999999999997","1","3.6399999999999997","3.6399999999999997","3.6399999999999997","8.05","107.44","8.05","107.44","0","0","0","1","8.05","","107.44","","2"
"net1012","OK","0.027302999999994235","8.403508624501628","6.4755","113.0415","0.4790000000000001","0.05699999999998795","1.071999999999976","6.715","6.236","113.07","113.013","0","1.38","1.38","1.38","3.7536","1","0","0","0","1","0","0","0.535999999999988","0","0","0","0","0","2","_80d6f7d82e5a0000_p_Net","1","1","0","1","0","0","0","0","0","0","1","_80d6f7d82e5a0000_p_odb__dbNet","3.7536","0.0","0.0","3.7536","3.7536","","3.7536","1.38","1","1.38","1.38","1.38","7.13","112.88","7.13","112.88","0","0","0","1","7.13","","112.88","","2"
"net1013","OK","0.027303000000007797","8.403508624497421","9.2355","156.5615","0.4789999999999992","0.05700000000001637","1.0720000000000312","9.475","8.996","156.59","156.533","0","1.3800000000000008","1.3800000000000008","1.3800000000000008","3.7536","1","0","0","0","1","0","0","0.5360000000000156","0","0","0","0","0","2","_f8d6f7d82e5a0000_p_Net","1","1","0","1","0","0","0","0","0","0","1","_f8d6f7d82e5a0000_p_odb__dbNet","3.7536","0.0","0.0","3.7536","3.7536","","3.7536","1.3800000000000008","1","1.3800000000000008","1.3800000000000008","1.3800000000000008","9.89","156.4","9.89","156.4","0","0","0","1","9.89","","156.4","","2"
"net1014","OK","0.07324799999997798","23.35714244005804","8.749","153.518","1.3079999999999998","0.055999999999983174","2.727999999999966","9.403","8.095","153.546","153.49","0","1.3800000000000008","1.3800000000000008","1.3800000000000008","3.7536","1","0","0","0","1","0","0","1.363999999999983","0","0","0","0","0","2","_70d7f7d82e5a0000_p_Net","1","1","0","1","0","0","0","0","0","0","1","_70d7f7d82e5a0000_p_odb__dbNet","3.7536","0.0","0.0","3.7536","3.7536","","3.7536","1.3800000000000008","1","1.3800000000000008","1.3800000000000008","1.3800000000000008","8.51","153.68","8.51","153.68","0","1","0","0","8.51","","153.68","","2"
"net1015","OK","67.938953","1.1061630724631668","9.1905","24.451500000000003","8.669","7.837","33.012","13.525","4.856","28.37","20.533","0","16.9","16.9","16.9","3.7536","1","0","0","0","1","0","0","16.506","0","0","0","0","0","2","_e8d7f7d82e5a0000_p_Net","1","1","0","1","0","0","0","0","0","0","1","_e8d7f7d82e5a0000_p_odb__dbNet","3.7536","0.0","0.0","3.7536","3.7536","","3.7536","16.9","1","16.9","16.9","16.9","13.11","28.56","13.11","28.56","1","0","0","0","13.11","","28.56","","2"
"net1016","OK","26.183684000000003","0.07474887796138337","5.5555","46.268","1.399","18.716","40.230000000000004","6.255","4.856","55.626","36.91","0","21.34","21.34","21.34","3.7536","1","0","0","0","1","0","0","20.115000000000002","0","0","0","0","0","2","_60d8f7d82e5a0000_p_Net","1","1","0","1","0","0","0","0","0","0","1","_60d8f7d82e5a0000_p_odb__dbNet","3.7536","0.0","0.0","3.7536","3.7536","","3.7536","21.34","1","21.34","21.34","21.34","6.67","36.72","6.67","36.72","0","0","0","1","6.67","","36.72","","2"
"net1017","OK","0.026767999999991944","8.535714133293379","15.143999999999998","158.958","0.47799999999999976","0.055999999999983174","1.0679999999999659","15.383","14.905","158.986","158.93","0","1.379999999999999","1.379999999999999","1.379999999999999","3.7536","1","0","0","0","1","0","0","0.5339999999999829","0","0","0","0","0","2","_d8d8f7d82e5a0000_p_Net","1","1","0","1","0","0","0","0","0","0","1","_d8d8f7d82e5a0000_p_odb__dbNet","3.7536","0.0","0.0","3.7536","3.7536","","3.7536","1.379999999999999","1","1.379999999999999","1.379999999999999","1.379999999999999","14.49","159.12","14.49","159.12","0","1","0","0","14.49","","159.12","","2"
"net1018","OK","6.779804000000014","0.7321721982477236","5.529","165.8915","2.2279999999999998","3.0430000000000064","10.542000000000012","6.643","4.415","167.413","164.37","0","5.019999999999999","5.019999999999999","5.019999999999999","3.7536","1","0","0","0","1","0","0","5.271000000000006","0","0","0","0","0","2","_50d9f7d82e5a0000_p_Net","1","1","0","1","0","0","0","0","0","0","1","_50d9f7d82e5a0000_p_odb__dbNet","3.7536","0.0","0.0","3.7536","3.7536","","3.7536","5.019999999999999","1","5.019999999999999","5.019999999999999","5.019999999999999","4.83","164.56","4.83","164.56","0","0","1","0","4.83","","164.56","","2"
