net_name,status,bbox_area,bbox_aspect,bbox_cx,bbox_cy,bbox_dx,bbox_dy,bbox_perimeter,bbox_xmax,bbox_xmin,bbox_ymax,bbox_ymin,bterm_count,dist_drv_sink_max,dist_drv_sink_mean,dist_drv_sink_sum,driver_inst_area,driver_is_buf,driver_is_clkbuf,driver_is_ff_q,driver_is_inv,fanout,has_bterm,has_multiple_drivers,hpwl,is_bus_bit,is_clock_like,is_enable_like,is_reg2reg_candidate,is_reset_like,iterm_count,net_dbid,num_buf_drivers,num_buf_sinks,num_clkbuf_drivers,num_drivers,num_ff_sinks_d,num_inout,num_inv_drivers,num_inv_sinks,num_port_drivers,num_port_sinks,num_sinks,odb_net,sink_area_buf_sum,sink_area_ff_sum,sink_area_inv_sum,sink_area_max,sink_area_mean,sink_area_std,sink_area_sum,sink_centroid_dist_to_driver,sink_cnt,sink_dist_p50,sink_dist_p90,sink_dist_p95,sink_max_x,sink_max_y,sink_min_x,sink_min_y,sink_quadrant_q1,sink_quadrant_q2,sink_quadrant_q3,sink_quadrant_q4,sink_x_mean,sink_x_std,sink_y_mean,sink_y_std,term_count
"DataIn_o[0]","OK","29.860940000000056","0.48867852110929116","80.62","5.608499999999999","3.8200000000000074","7.816999999999999","23.274000000000015","82.53","78.71","9.517","1.7","1","","","","30.0288","0","0","0","0","1","1","0","11.637000000000008","1","0","0","0","0","1","_8862802045620000_p_Net","0","0","0","1","0","0","0","0","0","1","1","_8862802045620000_p_odb__dbNet","0.0","0.0","0.0","","","","0.0","","0","","","","","","","","0","0","0","0","","","","","2"
"DataIn_o[1]","OK","70.51999499999998","0.3637865402309998","79.9975","13.5715","5.064999999999998","13.923000000000002","37.976","82.53","77.465","20.533","6.61","1","14.980000000000008","14.980000000000008","14.980000000000008","3.7536","1","0","0","0","2","1","0","18.988","1","0","0","0","0","2","_0063802045620000_p_Net","1","1","0","1","0","0","0","0","0","1","2","_0063802045620000_p_odb__dbNet","3.7536","0.0","0.0","3.7536","3.7536","","3.7536","14.980000000000008","1","14.980000000000008","14.980000000000008","14.980000000000008","77.05","6.8","77.05","6.8","0","0","1","0","77.05","","6.8","","3"
"DataIn_o[2]","OK","88.74520199999995","0.457803634241341","79.343","13.5715","6.373999999999995","13.923000000000002","40.593999999999994","82.53","76.156","20.533","6.61","1","16.360000000000003","16.360000000000003","16.360000000000003","3.7536","1","0","0","0","2","1","0","20.296999999999997","1","0","0","0","0","2","_7863802045620000_p_Net","1","1","0","1","0","0","0","0","0","1","2","_7863802045620000_p_odb__dbNet","3.7536","0.0","0.0","3.7536","3.7536","","3.7536","16.360000000000003","1","16.360000000000003","16.360000000000003","16.360000000000003","78.43","6.8","78.43","6.8","0","0","1","0","78.43","","6.8","","3"
"DataIn_o[3]","OK","28.531144999999984","0.8991656309428072","79.9975","17.7735","5.064999999999998","5.632999999999999","21.395999999999994","82.53","77.465","20.59","14.957","1","8.89","8.89","8.89","30.0288","0","0","0","0","2","1","0","10.697999999999997","1","0","0","0","0","2","_f063802045620000_p_Net","0","1","0","1","0","0","0","0","0","1","2","_f063802045620000_p_odb__dbNet","3.7536","0.0","0.0","3.7536","3.7536","","3.7536","8.89","1","8.89","8.89","8.89","77.05","20.4","77.05","20.4","0","1","0","0","77.05","","20.4","","3"
"DataIn_o[4]","OK","14.72902","1.7417469044904568","79.9975","24.576","5.064999999999998","2.9080000000000013","15.945999999999998","82.53","77.465","26.03","23.122","1","6.170000000000002","6.170000000000002","6.170000000000002","30.0288","0","0","0","0","2","1","0","7.972999999999999","1","0","0","0","0","2","_6864802045620000_p_Net","0","1","0","1","0","0","0","0","0","1","2","_6864802045620000_p_odb__dbNet","3.7536","0.0","0.0","3.7536","3.7536","","3.7536","6.170000000000002","1","6.170000000000002","6.170000000000002","6.170000000000002","77.05","25.84","77.05","25.84","0","1","0","0","77.05","","25.84","","3"
"DataIn_o[5]","OK","10.96340000000001","1.3310104524979094","80.62","27.465","3.8200000000000074","2.8699999999999974","13.38000000000001","82.53","78.71","28.9","26.03","1","7.550000000000011","7.550000000000011","7.550000000000011","30.0288","0","0","0","0","2","1","0","6.690000000000005","1","0","0","0","0","2","_e064802045620000_p_Net","0","1","0","1","0","0","0","0","0","1","2","_e064802045620000_p_odb__dbNet","3.7536","0.0","0.0","3.7536","3.7536","","3.7536","7.550000000000011","1","7.550000000000011","7.550000000000011","7.550000000000011","78.43","25.84","78.43","25.84","0","0","1","0","78.43","","25.84","","3"
"DataIn_o[6]","OK","11.700660000000031","1.2471433231318514","80.62","32.8085","3.8200000000000074","3.0630000000000024","13.76600000000002","82.53","78.71","34.34","31.277","1","7.550000000000011","7.550000000000011","7.550000000000011","30.0288","0","0","0","0","2","1","0","6.88300000000001","1","0","0","0","0","2","_5865802045620000_p_Net","0","1","0","1","0","0","0","0","0","1","2","_5865802045620000_p_odb__dbNet","3.7536","0.0","0.0","3.7536","3.7536","","3.7536","7.550000000000011","1","7.550000000000011","7.550000000000011","7.550000000000011","78.43","34.0","78.43","34.0","0","1","0","0","78.43","","34.0","","3"
"DataIn_o[7]","OK","98.46917999999998","2.7628140698889765","74.283","36.795","16.494","5.969999999999999","44.928","82.53","66.036","39.78","33.81","1","11.879999999999995","11.879999999999995","11.879999999999995","3.7536","1","0","0","0","2","1","0","22.464","1","0","0","0","0","2","_d065802045620000_p_Net","1","1","0","1","0","0","0","0","0","1","2","_d065802045620000_p_odb__dbNet","3.7536","0.0","0.0","3.7536","3.7536","","3.7536","11.879999999999995","1","11.879999999999995","11.879999999999995","11.879999999999995","71.99","34.0","71.99","34.0","0","0","1","0","71.99","","34.0","","3"
"DataOut_i[0]","OK","10.575949999999997","1.2839721249881648","80.6875","43.785","3.6850000000000023","2.8699999999999974","13.11","82.53","78.845","45.22","42.35","1","","","","","0","0","0","0","1","1","0","6.555","1","0","0","0","0","1","_4866802045620000_p_Net","0","1","0","1","0","0","0","0","1","0","1","_4866802045620000_p_odb__dbNet","3.7536","0.0","0.0","3.7536","3.7536","","3.7536","","1","","","","78.43","42.16","78.43","42.16","0","0","1","0","78.43","","42.16","","2"
"DataOut_i[1]","OK","21.99945000000001","0.6172529312198911","80.6875","47.675","3.6850000000000023","5.969999999999999","19.310000000000002","82.53","78.845","50.66","44.69","1","","","","","0","0","0","0","1","1","0","9.655000000000001","1","0","0","0","0","1","_c066802045620000_p_Net","0","1","0","1","0","0","0","0","1","0","1","_c066802045620000_p_odb__dbNet","3.7536","0.0","0.0","3.7536","3.7536","","3.7536","","1","","","","78.43","44.88","78.43","44.88","0","0","1","0","78.43","","44.88","","2"
"DataOut_i[2]","OK","28.94444999999996","1.2006109977188164","79.58250000000001","58.555","5.894999999999996","4.909999999999997","21.609999999999985","82.53","76.635","61.01","56.1","1","","","","","0","0","0","0","1","1","0","10.804999999999993","1","0","0","0","0","1","_3867802045620000_p_Net","0","1","0","1","0","0","0","0","1","0","1","_3867802045620000_p_odb__dbNet","3.7536","0.0","0.0","3.7536","3.7536","","3.7536","","1","","","","77.05","61.2","77.05","61.2","0","1","0","0","77.05","","61.2","","2"
"DataOut_i[3]","OK","1.9530500000000055","6.952830175560687","80.6875","61.275","3.6850000000000023","0.5300000000000011","8.430000000000007","82.53","78.845","61.54","61.01","1","","","","","0","0","0","0","1","1","0","4.215000000000003","1","0","0","0","0","1","_b067802045620000_p_Net","0","1","0","1","0","0","0","0","1","0","1","_b067802045620000_p_odb__dbNet","3.7536","0.0","0.0","3.7536","3.7536","","3.7536","","1","","","","78.43","61.2","78.43","61.2","0","0","1","0","78.43","","61.2","","2"
"DataOut_i[4]","OK","10.575950000000024","1.2839721249881617","80.6875","65.545","3.6850000000000023","2.8700000000000045","13.110000000000014","82.53","78.845","66.98","64.11","1","","","","","0","0","0","0","1","1","0","6.555000000000007","1","0","0","0","0","1","_2868802045620000_p_Net","0","1","0","1","0","0","0","0","1","0","1","_2868802045620000_p_odb__dbNet","3.7536","0.0","0.0","3.7536","3.7536","","3.7536","","1","","","","78.43","63.92","78.43","63.92","0","0","1","0","78.43","","63.92","","2"
"DataOut_i[5]","OK","61.957350000000034","0.9656679149855588","78.6625","76.42500000000001","7.734999999999999","8.010000000000005","31.49000000000001","82.53","74.795","80.43","72.42","1","","","","","0","0","0","0","1","1","0","15.745000000000005","1","0","0","0","0","1","_a068802045620000_p_Net","0","1","0","1","0","0","0","0","1","0","1","_a068802045620000_p_odb__dbNet","3.7536","0.0","0.0","3.7536","3.7536","","3.7536","","1","","","","75.21","80.24","75.21","80.24","0","1","0","0","75.21","","80.24","","2"
"DataOut_i[6]","OK","9.470450000000033","1.4338521395198986","80.6875","79.14500000000001","3.6850000000000023","2.5700000000000074","12.51000000000002","82.53","78.845","80.43","77.86","1","","","","","0","0","0","0","1","1","0","6.25500000000001","1","0","0","0","0","1","_1869802045620000_p_Net","0","1","0","1","0","0","0","0","1","0","1","_1869802045620000_p_odb__dbNet","3.7536","0.0","0.0","3.7536","3.7536","","3.7536","","1","","","","78.43","80.24","78.43","80.24","0","1","0","0","78.43","","80.24","","2"
"DataOut_i[7]","OK","2.3929500000000052","8.518867908454949","80.27250000000001","83.035","4.515000000000001","0.5300000000000011","10.090000000000003","82.53","78.015","83.3","82.77","1","","","","","0","0","0","0","1","1","0","5.045000000000002","1","0","0","0","0","1","_9069802045620000_p_Net","0","1","0","1","0","0","0","0","1","0","1","_9069802045620000_p_odb__dbNet","3.7536","0.0","0.0","3.7536","3.7536","","3.7536","","1","","","","78.43","82.96","78.43","82.96","0","0","1","0","78.43","","82.96","","2"
"RxActive_o","OK","772.755564","1.0818678440065155","68.07300000000001","102.103","28.914","26.726","111.28","82.53","53.616","115.466","88.74","1","23.139999999999986","23.139999999999986","23.139999999999986","3.7536","1","0","0","0","2","1","0","55.64","0","0","0","0","0","2","_086a802045620000_p_Net","1","1","0","1","0","0","0","0","0","1","2","_086a802045620000_p_odb__dbNet","3.7536","0.0","0.0","3.7536","3.7536","","3.7536","23.139999999999986","1","23.139999999999986","23.139999999999986","23.139999999999986","54.51","93.84","54.51","93.84","0","0","1","0","54.51","","93.84","","3"
"RxError_o","OK","598.941577","1.6158001349599647","66.9755","84.55350000000001","31.109","19.253","100.724","82.53","51.421","94.18","74.927","1","","","","11.2608","0","0","0","0","1","1","0","50.362","0","0","0","0","0","1","_806a802045620000_p_Net","0","0","0","1","0","0","0","0","0","1","1","_806a802045620000_p_odb__dbNet","0.0","0.0","0.0","","","","0.0","","0","","","","","","","","0","0","0","0","","","","","2"
"RxValid_o","OK","447.43381599999975","2.3078138464300633","66.463","95.22800000000001","32.134","13.923999999999992","92.11599999999999","82.53","50.396","102.19","88.266","1","14.979999999999997","14.979999999999997","14.979999999999997","3.7536","1","0","0","0","2","1","0","46.05799999999999","0","0","0","0","0","2","_f86a802045620000_p_Net","1","1","0","1","0","0","0","0","0","1","2","_f86a802045620000_p_odb__dbNet","3.7536","0.0","0.0","3.7536","3.7536","","3.7536","14.979999999999997","1","14.979999999999997","14.979999999999997","14.979999999999997","51.29","102.0","51.29","102.0","0","1","0","0","51.29","","102.0","","3"
"TxReady_o","OK","10.954294","1.7401355114626798","80.34700000000001","106.31450000000001","4.366","2.5090000000000003","13.75","82.53","78.164","107.569","105.06","1","","","","23.772800000000004","0","0","1","0","1","1","0","6.875","0","0","0","0","0","1","_706b802045620000_p_Net","0","0","0","1","0","0","0","0","0","1","1","_706b802045620000_p_odb__dbNet","0.0","0.0","0.0","","","","0.0","","0","","","","","","","","0","0","0","0","","","","","2"
"TxValid_i","OK","107.99544999999995","4.479633400309651","71.5325","112.955","21.995000000000005","4.909999999999997","53.81","82.53","60.535","115.41","110.5","1","","","","","0","0","0","0","4","1","0","26.905","0","0","0","0","0","4","_e86b802045620000_p_Net","0","4","0","1","0","0","0","0","1","0","4","_e86b802045620000_p_odb__dbNet","15.0144","0.0","0.0","3.7536","3.7536","0.0","15.0144","","4","","","","77.05","115.6","60.95","115.6","2","2","0","0","68.655","7.0993291936633","115.6","0.0","5"
"_000_","OK","22.168288000000047","2.6578947359217775","29.338","78.804","7.676000000000002","2.8880000000000052","21.128000000000014","33.176","25.5","80.248","77.36","0","6.399999999999999","5.73","11.46","3.7536","0","0","0","0","2","0","0","10.564000000000007","0","0","0","0","0","3","_606c802045620000_p_Net","0","0","0","1","1","0","0","0","0","0","2","_606c802045620000_p_odb__dbNet","0.0","23.772800000000004","0.0","23.772800000000004","13.763200000000001","10.0096","27.526400000000002","5.73","2","5.060000000000002","6.399999999999999","6.399999999999999","29.67","80.24","28.29","77.52","0","1","0","1","28.98","0.6900000000000013","78.88","1.3599999999999994","3"
"_001_","OK","5.875444000000009","0.9576100117248229","54.216","146.8315","2.372","2.477000000000004","9.698000000000008","55.402","53.03","148.07","145.593","0","3.8699999999999974","3.8699999999999974","3.8699999999999974","6.256","0","0","0","0","1","0","0","4.849000000000004","0","0","0","0","0","2","_d86c802045620000_p_Net","0","0","0","1","1","0","0","0","0","0","1","_d86c802045620000_p_odb__dbNet","0.0","20.0192","0.0","20.0192","20.0192","","20.0192","3.8699999999999974","1","3.8699999999999974","3.8699999999999974","3.8699999999999974","55.2","148.24","55.2","148.24","1","0","0","0","55.2","","148.24","","2"
"_002_","OK","0.6202320000000054","0.10732113140294589","32.919","108.812","0.25800000000000267","2.4039999999999964","5.323999999999998","33.048","32.79","110.014","107.61","0","5.25","5.25","5.25","6.256","0","0","0","0","1","0","0","2.661999999999999","0","0","0","0","0","2","_506d802045620000_p_Net","0","0","0","1","1","0","0","0","0","0","1","_506d802045620000_p_odb__dbNet","0.0","20.0192","0.0","20.0192","20.0192","","20.0192","5.25","1","5.25","5.25","5.25","34.96","107.44","34.96","107.44","0","0","0","1","34.96","","107.44","","2"
"_003_","OK","9.944219999999994","1.6299595135101386","25.256999999999998","130.515","4.026","2.469999999999999","12.991999999999997","27.27","23.244","131.75","129.28","0","7.32","7.32","7.32","10.0096","0","0","0","0","1","0","0","6.495999999999999","0","0","0","0","0","2","_c86d802045620000_p_Net","0","0","0","1","1","0","0","0","0","0","1","_c86d802045620000_p_odb__dbNet","0.0","20.0192","0.0","20.0192","20.0192","","20.0192","7.32","1","7.32","7.32","7.32","29.44","131.92","29.44","131.92","1","0","0","0","29.44","","131.92","","2"
"_004_","OK","1.7053539999999963","0.19320094237859187","28.477","127.8845","0.5739999999999981","2.9710000000000036","7.090000000000003","28.764","28.19","129.37","126.399","0","2.7199999999999847","2.7199999999999847","2.7199999999999847","10.0096","0","0","0","0","1","0","0","3.5450000000000017","0","0","0","0","0","2","_406e802045620000_p_Net","0","0","0","1","1","0","0","0","0","0","1","_406e802045620000_p_odb__dbNet","0.0","20.0192","0.0","20.0192","20.0192","","20.0192","2.7199999999999847","1","2.7199999999999847","2.7199999999999847","2.7199999999999847","30.36","129.2","30.36","129.2","1","0","0","0","30.36","","129.2","","2"
"_005_","OK","1.7047800000000042","0.19326599320092117","28.936999999999998","122.355","0.5740000000000016","2.969999999999999","7.088000000000001","29.224","28.65","123.84","120.87","0","2.719999999999999","2.719999999999999","2.719999999999999","10.0096","0","0","0","0","1","0","0","3.5440000000000005","0","0","0","0","0","2","_b86e802045620000_p_Net","0","0","0","1","1","0","0","0","0","0","1","_b86e802045620000_p_odb__dbNet","0.0","20.0192","0.0","20.0192","20.0192","","20.0192","2.719999999999999","1","2.719999999999999","2.719999999999999","2.719999999999999","30.82","121.04","30.82","121.04","0","0","0","1","30.82","","121.04","","2"
"_006_","OK","0.09234000000000354","31.66666608024574","35.614999999999995","145.663","1.7100000000000009","0.054000000000002046","3.528000000000006","36.47","34.76","145.69","145.636","0","5.289999999999999","5.289999999999999","5.289999999999999","8.758400000000002","0","0","0","0","1","0","0","1.764000000000003","0","0","0","0","0","2","_306f802045620000_p_Net","0","0","0","1","1","0","0","0","0","0","1","_306f802045620000_p_odb__dbNet","0.0","20.0192","0.0","20.0192","20.0192","","20.0192","5.289999999999999","1","5.289999999999999","5.289999999999999","5.289999999999999","38.64","145.52","38.64","145.52","0","0","0","1","38.64","","145.52","","2"
"_007_","OK","0.09234000000000354","31.66666608024574","36.535","134.78300000000002","1.7100000000000009","0.054000000000002046","3.528000000000006","37.39","35.68","134.81","134.756","0","5.289999999999999","5.289999999999999","5.289999999999999","8.758400000000002","0","0","0","0","1","0","0","1.764000000000003","0","0","0","0","0","2","_a86f802045620000_p_Net","0","0","0","1","1","0","0","0","0","0","1","_a86f802045620000_p_odb__dbNet","0.0","20.0192","0.0","20.0192","20.0192","","20.0192","5.289999999999999","1","5.289999999999999","5.289999999999999","5.289999999999999","39.56","134.64","39.56","134.64","0","0","0","1","39.56","","134.64","","2"
"_008_","OK","2.7875099999999864","0.03906712441824684","35.845","146.9065","0.3299999999999983","8.447000000000003","17.554000000000002","36.01","35.68","151.13","142.683","0","12.069999999999993","12.069999999999993","12.069999999999993","8.758400000000002","0","0","0","0","1","0","0","8.777000000000001","0","0","0","0","0","2","_2070802045620000_p_Net","0","0","0","1","1","0","0","0","0","0","1","_2070802045620000_p_odb__dbNet","0.0","20.0192","0.0","20.0192","20.0192","","20.0192","12.069999999999993","1","12.069999999999993","12.069999999999993","12.069999999999993","38.18","150.96","38.18","150.96","1","0","0","0","38.18","","150.96","","2"
"_009_","OK","3.042499999999997","0.513557929123436","32.165","146.853","1.25","2.4339999999999975","7.367999999999995","32.79","31.54","148.07","145.636","0","7.550000000000001","7.550000000000001","7.550000000000001","8.758400000000002","0","0","0","0","1","0","0","3.6839999999999975","0","0","0","0","0","2","_9870802045620000_p_Net","0","0","0","1","1","0","0","0","0","0","1","_9870802045620000_p_odb__dbNet","0.0","20.0192","0.0","20.0192","20.0192","","20.0192","7.550000000000001","1","7.550000000000001","7.550000000000001","7.550000000000001","34.96","148.24","34.96","148.24","1","0","0","0","34.96","","148.24","","2"
"_010_","OK","0.153435999999998","19.370786299204987","56.308","109.9455","1.7240000000000038","0.08899999999999864","3.6260000000000048","57.17","55.446","109.99","109.901","0","5.520000000000003","5.520000000000003","5.520000000000003","10.0096","0","0","0","0","1","0","0","1.8130000000000024","0","0","0","0","0","2","_1071802045620000_p_Net","0","0","0","1","1","0","0","0","0","0","1","_1071802045620000_p_odb__dbNet","0.0","20.0192","0.0","20.0192","20.0192","","20.0192","5.520000000000003","1","5.520000000000003","5.520000000000003","5.520000000000003","59.34","110.16","59.34","110.16","1","0","0","0","59.34","","110.16","","2"
"_011_","OK","2.5926959999999726","0.08592754413145201","64.76599999999999","112.7365","0.4719999999999942","5.493000000000009","11.930000000000007","65.002","64.53","115.483","109.99","0","7.049999999999997","7.049999999999997","7.049999999999997","3.7536","0","0","0","0","1","0","0","5.965000000000003","0","0","0","0","0","2","_8871802045620000_p_Net","0","0","0","1","1","0","0","0","0","0","1","_8871802045620000_p_odb__dbNet","0.0","20.0192","0.0","20.0192","20.0192","","20.0192","7.049999999999997","1","7.049999999999997","7.049999999999997","7.049999999999997","66.7","110.16","66.7","110.16","0","0","0","1","66.7","","110.16","","2"
"_012_","OK","0.655690000000001","0.08638838472363351","73.151","119.4925","0.23799999999999955","2.7550000000000097","5.986000000000018","73.27","73.032","120.87","118.115","0","4.790000000000006","4.790000000000006","4.790000000000006","6.256","0","0","0","0","1","0","0","2.993000000000009","0","0","0","0","0","2","_0072802045620000_p_Net","0","0","0","1","1","0","0","0","0","0","1","_0072802045620000_p_odb__dbNet","0.0","20.0192","0.0","20.0192","20.0192","","20.0192","4.790000000000006","1","4.790000000000006","4.790000000000006","4.790000000000006","75.44","121.04","75.44","121.04","1","0","0","0","75.44","","121.04","","2"
"_013_","OK","0.1235520000000049","42.37036958573236","64.306","134.78300000000002","2.288000000000004","0.054000000000002046","4.684000000000012","65.45","63.162","134.81","134.756","0","4.3700000000000045","4.3700000000000045","4.3700000000000045","3.7536","0","0","0","0","1","0","0","2.342000000000006","0","0","0","0","0","2","_7872802045620000_p_Net","0","0","0","1","1","0","0","0","0","0","1","_7872802045620000_p_odb__dbNet","0.0","20.0192","0.0","20.0192","20.0192","","20.0192","4.3700000000000045","1","4.3700000000000045","4.3700000000000045","4.3700000000000045","67.62","134.64","67.62","134.64","0","0","0","1","67.62","","134.64","","2"
"_014_","OK","0.0339480000000013","235.74998035415942","59.8955","99.116","2.8290000000000006","0.012000000000000455","5.682000000000002","61.31","58.481","99.122","99.11","0","4.599999999999994","4.599999999999994","4.599999999999994","5.0048","0","0","0","0","1","0","0","2.841000000000001","0","0","0","0","0","2","_f072802045620000_p_Net","0","0","0","1","1","0","0","0","0","0","1","_f072802045620000_p_odb__dbNet","0.0","20.0192","0.0","20.0192","20.0192","","20.0192","4.599999999999994","1","4.599999999999994","4.599999999999994","4.599999999999994","63.48","99.28","63.48","99.28","1","0","0","0","63.48","","99.28","","2"
"_015_","OK","0.22879999999999706","4.727272705785112","67.417","123.84","1.039999999999992","0.21999999999999886","2.519999999999982","67.937","66.897","123.95","123.73","0","2.530000000000001","2.530000000000001","2.530000000000001","8.758400000000002","0","0","0","0","1","0","0","1.259999999999991","0","0","0","0","0","2","_6873802045620000_p_Net","0","1","0","1","0","0","0","0","0","0","1","_6873802045620000_p_odb__dbNet","5.0048","0.0","0.0","5.0048","5.0048","","5.0048","2.530000000000001","1","2.530000000000001","2.530000000000001","2.530000000000001","66.24","123.76","66.24","123.76","0","0","1","0","66.24","","123.76","","2"
"_016_","OK","3.812510999999989","0.6440608299860024","50.1335","146.9065","1.5670000000000002","2.4329999999999927","7.999999999999986","50.917","49.35","148.123","145.69","0","3.4100000000000037","3.4100000000000037","3.4100000000000037","3.7536","0","0","0","0","1","0","0","3.999999999999993","0","0","0","0","0","2","_e073802045620000_p_Net","0","0","0","1","1","0","0","0","0","0","1","_e073802045620000_p_odb__dbNet","0.0","20.0192","0.0","20.0192","20.0192","","20.0192","3.4100000000000037","1","3.4100000000000037","3.4100000000000037","3.4100000000000037","51.52","145.52","51.52","145.52","0","0","0","1","51.52","","145.52","","2"
"_017_","OK","10.24820800000002","0.32749374323784486","47.965999999999994","126.57300000000001","1.8320000000000007","5.594000000000008","14.852000000000018","48.882","47.05","129.37","123.776","0","5.899999999999984","5.899999999999984","5.899999999999984","5.0048","0","0","0","0","1","0","0","7.426000000000009","0","0","0","0","0","2","_5874802045620000_p_Net","0","0","0","1","1","0","0","0","0","0","1","_5874802045620000_p_odb__dbNet","0.0","20.0192","0.0","20.0192","20.0192","","20.0192","5.899999999999984","1","5.899999999999984","5.899999999999984","5.899999999999984","49.22","129.2","49.22","129.2","1","0","0","0","49.22","","129.2","","2"
"_018_","OK","23.625048000000028","2.542979001790361","51.3855","127.834","7.751000000000005","3.048000000000002","21.598000000000013","55.261","47.51","129.358","126.31","0","8.699999999999982","8.699999999999982","8.699999999999982","5.0048","0","0","0","0","1","0","0","10.799000000000007","0","0","0","0","0","2","_d074802045620000_p_Net","0","0","0","1","1","0","0","0","0","0","1","_d074802045620000_p_odb__dbNet","0.0","20.0192","0.0","20.0192","20.0192","","20.0192","8.699999999999982","1","8.699999999999982","8.699999999999982","8.699999999999982","49.68","126.48","49.68","126.48","0","0","1","0","49.68","","126.48","","2"
"_019_","OK","4.642287999999987","0.7229676398094076","46.586","76.083","1.8320000000000007","2.533999999999992","8.731999999999985","47.502","45.67","77.35","74.816","0","3.1799999999999997","3.1799999999999997","3.1799999999999997","5.0048","0","0","0","0","1","0","0","4.3659999999999926","0","0","0","0","0","2","_4875802045620000_p_Net","0","0","0","1","1","0","0","0","0","0","1","_4875802045620000_p_odb__dbNet","0.0","20.0192","0.0","20.0192","20.0192","","20.0192","3.1799999999999997","1","3.1799999999999997","3.1799999999999997","3.1799999999999997","47.84","77.52","47.84","77.52","1","0","0","0","47.84","","77.52","","2"
"_020_","OK","0.15586799999999373","0.0246618933871662","39.406","70.63300000000001","0.06199999999999761","2.513999999999996","5.151999999999987","39.437","39.375","71.89","69.376","0","2.9499999999999957","2.9499999999999957","2.9499999999999957","5.0048","0","0","0","0","1","0","0","2.5759999999999934","0","0","0","0","0","2","_c075802045620000_p_Net","0","1","0","1","0","0","0","0","0","0","1","_c075802045620000_p_odb__dbNet","3.7536","0.0","0.0","3.7536","3.7536","","3.7536","2.9499999999999957","1","2.9499999999999957","2.9499999999999957","2.9499999999999957","39.79","72.08","39.79","72.08","1","0","0","0","39.79","","72.08","","2"
"_021_","OK","0.314582999999973","0.010327957961526914","42.088499999999996","85.6455","0.056999999999995055","5.5190000000000055","11.152000000000001","42.117","42.06","88.405","82.886","0","9.120000000000012","9.120000000000012","9.120000000000012","6.256","0","0","0","0","1","0","0","5.5760000000000005","0","0","0","0","0","2","_3876802045620000_p_Net","0","0","0","1","1","0","0","0","0","0","1","_3876802045620000_p_odb__dbNet","0.0","23.772800000000004","0.0","23.772800000000004","23.772800000000004","","23.772800000000004","9.120000000000012","1","9.120000000000012","9.120000000000012","9.120000000000012","44.85","88.4","44.85","88.4","1","0","0","0","44.85","","88.4","","2"
"_022_","OK","35.60354999999994","0.28510067111542764","61.297","145.54250000000002","3.186","11.174999999999983","28.721999999999966","62.89","59.704","151.13","139.955","0","11.109999999999992","11.109999999999992","11.109999999999992","6.256","0","0","0","0","1","0","0","14.360999999999983","0","0","0","0","0","2","_b076802045620000_p_Net","0","0","0","1","1","0","0","0","0","0","1","_b076802045620000_p_odb__dbNet","0.0","20.0192","0.0","20.0192","20.0192","","20.0192","11.109999999999992","1","11.109999999999992","11.109999999999992","11.109999999999992","60.72","150.96","60.72","150.96","0","1","0","0","60.72","","150.96","","2"
"_023_","OK","56.11631999999998","0.8912413357414937","64.853","144.1025","7.071999999999996","7.935000000000002","30.013999999999996","68.389","61.317","148.07","140.135","0","14.18","11.785","23.57","6.256","0","0","0","0","2","0","0","15.006999999999998","0","0","0","0","0","3","_2877802045620000_p_Net","0","0","0","1","1","0","0","0","0","0","2","_2877802045620000_p_odb__dbNet","0.0","20.0192","0.0","20.0192","13.1376","6.881600000000001","26.2752","9.064999999999984","2","9.39","14.18","14.18","62.56","148.24","60.49","140.08","0","1","1","0","61.525000000000006","1.0350000000000001","144.16000000000003","4.079999999999998","3"
"_024_","OK","5.73737499999998","0.7504520792945971","69.2125","149.7475","2.075000000000003","2.7649999999999864","9.679999999999978","70.25","68.175","151.13","148.365","0","3.4099999999999966","3.4099999999999966","3.4099999999999966","6.256","0","0","0","0","1","0","0","4.839999999999989","0","0","0","0","0","2","_a077802045620000_p_Net","0","0","0","1","1","0","0","0","0","0","1","_a077802045620000_p_odb__dbNet","0.0","20.0192","0.0","20.0192","20.0192","","20.0192","3.4099999999999966","1","3.4099999999999966","3.4099999999999966","3.4099999999999966","68.08","150.96","68.08","150.96","0","1","0","0","68.08","","150.96","","2"
"_025_","OK","33.10462499999999","1.1458604649030955","66.2295","150.8725","6.158999999999999","5.375","23.067999999999998","69.309","63.15","153.56","148.185","0","8.200000000000003","6.515000000000008","13.030000000000015","6.256","0","0","0","0","2","0","0","11.533999999999999","0","0","0","0","0","3","_1878802045620000_p_Net","0","0","0","1","1","0","0","0","0","0","2","_1878802045620000_p_odb__dbNet","0.0","20.0192","0.0","20.0192","13.1376","6.881600000000001","26.2752","6.515000000000015","2","4.8300000000000125","8.200000000000003","8.200000000000003","67.39","153.68","65.32","148.24","0","1","0","1","66.35499999999999","1.0350000000000037","150.96","2.719999999999999","3"
"_026_","OK","71.18279100000021","0.04396232510639041","45.7605","105.98949999999999","1.7690000000000055","40.23899999999999","84.01599999999999","46.645","44.876","126.109","85.87","0","43.32999999999999","43.32999999999999","43.32999999999999","12.512","0","0","0","0","1","0","0","42.007999999999996","0","0","0","0","0","2","_9078802045620000_p_Net","0","1","0","1","0","0","0","0","0","0","1","_9078802045620000_p_odb__dbNet","3.7536","0.0","0.0","3.7536","3.7536","","3.7536","43.32999999999999","1","43.32999999999999","43.32999999999999","43.32999999999999","46.23","85.68","46.23","85.68","0","0","0","1","46.23","","85.68","","2"
"_027_","OK","450.0912","0.961227413422005","59.957","26.0125","20.799999999999997","21.639000000000003","84.878","70.357","49.557","36.832","15.193","0","46.599999999999994","33.29833333333333","199.79","7.5072","0","0","0","0","6","0","0","42.439","0","0","0","0","0","7","_0879802045620000_p_Net","0","1","0","1","0","0","0","0","0","0","6","_0879802045620000_p_odb__dbNet","3.7536","0.0","0.0","30.0288","25.649600000000003","9.79218888706708","153.8976","33.29833333333334","6","33.0","46.599999999999994","46.599999999999994","73.6","34.0","59.8","14.96","2","1","0","3","70.72500000000001","5.045604522750469","25.38666666666667","6.553763973643101","7"
"_028_","OK","80.71645199999969","0.017573629227150174","41.960499999999996","76.16300000000001","1.1909999999999954","67.772","137.926","42.556","41.365","110.049","42.277","0","69.15","69.15","69.15","8.758400000000002","0","0","0","0","1","0","0","68.963","0","0","0","0","0","2","_8079802045620000_p_Net","0","0","0","1","0","0","0","0","0","0","1","_8079802045620000_p_odb__dbNet","0.0","0.0","0.0","30.0288","30.0288","","30.0288","69.15","1","69.15","69.15","69.15","45.08","42.16","45.08","42.16","0","0","0","1","45.08","","42.16","","2"
"_029_","OK","19.099260000000026","0.09627263045109896","58.903000000000006","29.8475","1.3560000000000016","14.085","30.882000000000005","59.581","58.225","36.89","22.805","0","11.109999999999996","7.719999999999997","15.439999999999994","8.758400000000002","0","0","0","0","2","0","0","15.441000000000003","0","0","0","0","0","3","_f879802045620000_p_Net","0","0","0","1","1","0","0","0","0","0","2","_f879802045620000_p_odb__dbNet","0.0","20.0192","0.0","20.0192","13.763200000000001","6.256000000000001","27.526400000000002","4.77","2","4.329999999999998","11.109999999999996","11.109999999999996","61.18","36.72","59.34","23.12","1","0","0","1","60.260000000000005","0.9199999999999982","29.92","6.799999999999999","3"
"_030_","OK","3.1359119999999945","0.5480769228477949","36.665499999999994","92.486","1.311","2.391999999999996","7.405999999999992","37.321","36.01","93.682","91.29","0","3.1799999999999997","3.1799999999999997","3.1799999999999997","5.0048","0","0","0","0","1","0","0","3.702999999999996","0","0","0","0","0","2","_707a802045620000_p_Net","0","0","0","1","1","0","0","0","0","0","1","_707a802045620000_p_odb__dbNet","0.0","20.0192","0.0","20.0192","20.0192","","20.0192","3.1799999999999997","1","3.1799999999999997","3.1799999999999997","3.1799999999999997","38.18","91.12","38.18","91.12","0","0","0","1","38.18","","91.12","","2"
"_031_","OK","2.3110079999999966","0.35990528794005294","38.766000000000005","48.882999999999996","0.911999999999999","2.533999999999999","6.891999999999996","39.222","38.31","50.15","47.616","0","4.099999999999994","4.099999999999994","4.099999999999994","5.0048","0","0","0","0","1","0","0","3.445999999999998","0","0","0","0","0","2","_e87a802045620000_p_Net","0","0","0","1","1","0","0","0","0","0","1","_e87a802045620000_p_odb__dbNet","0.0","20.0192","0.0","20.0192","20.0192","","20.0192","4.099999999999994","1","4.099999999999994","4.099999999999994","4.099999999999994","40.48","50.32","40.48","50.32","1","0","0","0","40.48","","50.32","","2"
"_032_","OK","8.637511999999978","1.5096153839842759","31.3755","48.954","3.610999999999997","2.391999999999996","12.005999999999986","33.181","29.57","50.15","47.758","0","4.559999999999999","4.559999999999999","4.559999999999999","5.0048","0","0","0","0","1","0","0","6.002999999999993","0","0","0","0","0","2","_607b802045620000_p_Net","0","0","0","1","1","0","0","0","0","0","1","_607b802045620000_p_odb__dbNet","0.0","20.0192","0.0","20.0192","20.0192","","20.0192","4.559999999999999","1","4.559999999999999","4.559999999999999","4.559999999999999","31.74","50.32","31.74","50.32","1","0","0","0","31.74","","50.32","","2"
"_033_","OK","5.914061999999987","1.2889822589687312","32.3305","54.281","2.7609999999999992","2.141999999999996","9.80599999999999","33.711","30.95","55.352","53.21","0","4.100000000000001","4.100000000000001","4.100000000000001","7.5072","0","0","0","0","1","0","0","4.902999999999995","0","0","0","0","0","2","_d87b802045620000_p_Net","0","0","0","1","1","0","0","0","0","0","1","_d87b802045620000_p_odb__dbNet","0.0","20.0192","0.0","20.0192","20.0192","","20.0192","4.100000000000001","1","4.100000000000001","4.100000000000001","4.100000000000001","33.12","53.04","33.12","53.04","0","0","0","1","33.12","","53.04","","2"
"_034_","OK","7.352208000000003","1.5245901632401668","49.716","27.292","3.347999999999999","2.1960000000000015","11.088000000000001","51.39","48.042","28.39","26.194","0","4.559999999999995","4.559999999999995","4.559999999999995","7.5072","0","0","0","0","1","0","0","5.5440000000000005","0","0","0","0","0","2","_507c802045620000_p_Net","0","0","0","1","1","0","0","0","0","0","1","_507c802045620000_p_odb__dbNet","0.0","20.0192","0.0","20.0192","20.0192","","20.0192","4.559999999999995","1","4.559999999999995","4.559999999999995","4.559999999999995","49.22","28.56","49.22","28.56","0","1","0","0","49.22","","28.56","","2"
"_035_","OK","3.987031999999998","0.4721266343867425","37.156","35.283","1.3719999999999999","2.905999999999999","8.555999999999997","37.842","36.47","36.736","33.83","0","3.6400000000000006","3.6400000000000006","3.6400000000000006","5.0048","0","0","0","0","1","0","0","4.277999999999999","0","0","0","0","0","2","_c87c802045620000_p_Net","0","0","0","1","1","0","0","0","0","0","1","_c87c802045620000_p_odb__dbNet","0.0","20.0192","0.0","20.0192","20.0192","","20.0192","3.6400000000000006","1","3.6400000000000006","3.6400000000000006","3.6400000000000006","38.64","34.0","38.64","34.0","0","0","0","1","38.64","","34.0","","2"
"_036_","OK","16.242111999999985","0.5135135134222057","37.914","34.262","2.887999999999998","5.623999999999999","17.023999999999994","39.358","36.47","37.074","31.45","0","6.82","6.82","6.82","7.5072","0","0","0","0","1","0","0","8.511999999999997","0","0","0","0","0","2","_407d802045620000_p_Net","0","0","0","1","1","0","0","0","0","0","1","_407d802045620000_p_odb__dbNet","0.0","20.0192","0.0","20.0192","20.0192","","20.0192","6.82","1","6.82","6.82","6.82","38.64","31.28","38.64","31.28","0","0","0","1","38.64","","31.28","","2"
"_037_","OK","6.806712000000016","0.7384716730110447","55.329","73.428","2.2420000000000044","3.0360000000000014","10.556000000000012","56.45","54.208","74.946","71.91","0","3.4099999999999966","3.4099999999999966","3.4099999999999966","6.256","0","0","0","0","1","0","0","5.278000000000006","0","0","0","0","0","2","_b87d802045620000_p_Net","0","0","0","1","1","0","0","0","0","0","1","_b87d802045620000_p_odb__dbNet","0.0","20.0192","0.0","20.0192","20.0192","","20.0192","3.4099999999999966","1","3.4099999999999966","3.4099999999999966","3.4099999999999966","54.28","72.08","54.28","72.08","0","0","1","0","54.28","","72.08","","2"
"_038_","OK","3.7612499999999813","0.5784313723221822","47.3275","103.275","1.4749999999999943","2.549999999999997","8.049999999999983","48.065","46.59","104.55","102.0","0","3.1799999999999997","3.1799999999999997","3.1799999999999997","7.5072","0","0","0","0","1","0","0","4.0249999999999915","0","0","0","0","0","2","_307e802045620000_p_Net","0","0","0","1","1","0","0","0","0","0","1","_307e802045620000_p_odb__dbNet","0.0","20.0192","0.0","20.0192","20.0192","","20.0192","3.1799999999999997","1","3.1799999999999997","3.1799999999999997","3.1799999999999997","48.76","104.72","48.76","104.72","1","0","0","0","48.76","","104.72","","2"
"_039_","OK","0.399347000000009","0.048381482753783914","46.1305","111.4385","0.1390000000000029","2.8730000000000047","6.024000000000015","46.2","46.061","112.875","110.002","0","5.25","5.25","5.25","5.0048","0","0","0","0","1","0","0","3.0120000000000076","0","0","0","0","0","2","_a87e802045620000_p_Net","0","0","0","1","1","0","0","0","0","0","1","_a87e802045620000_p_odb__dbNet","0.0","23.772800000000004","0.0","23.772800000000004","23.772800000000004","","23.772800000000004","5.25","1","5.25","5.25","5.25","48.99","112.88","48.99","112.88","1","0","0","0","48.99","","112.88","","2"
"_040_","OK","2.7295000000000087","0.38867924513634705","77.095","130.425","1.0300000000000011","2.6500000000000057","7.360000000000014","77.61","76.58","131.75","129.1","0","3.1799999999999926","3.1799999999999926","3.1799999999999926","10.0096","0","0","0","0","1","0","0","3.680000000000007","0","0","0","0","0","2","_207f802045620000_p_Net","0","0","0","1","1","0","0","0","0","0","1","_207f802045620000_p_odb__dbNet","0.0","20.0192","0.0","20.0192","20.0192","","20.0192","3.1799999999999926","1","3.1799999999999926","3.1799999999999926","3.1799999999999926","75.44","131.92","75.44","131.92","0","1","0","0","75.44","","131.92","","2"
"_041_","OK","15.459613000000026","1.8729550985475238","42.4505","95.11850000000001","5.381","2.8730000000000047","16.50800000000001","45.141","39.76","96.555","93.682","0","5.710000000000001","5.710000000000001","5.710000000000001","5.0048","0","0","0","0","1","0","0","8.254000000000005","0","0","0","0","0","2","_987f802045620000_p_Net","0","0","0","1","1","0","0","0","0","0","1","_987f802045620000_p_odb__dbNet","0.0","23.772800000000004","0.0","23.772800000000004","23.772800000000004","","23.772800000000004","5.710000000000001","1","5.710000000000001","5.710000000000001","5.710000000000001","42.55","96.56","42.55","96.56","1","0","0","0","42.55","","96.56","","2"
"_042_","OK","3.435138000000013","0.5648824004197541","47.3565","92.348","1.3930000000000007","2.466000000000008","7.718000000000018","48.053","46.66","93.581","91.115","0","2.9499999999999957","2.9499999999999957","2.9499999999999957","10.0096","0","0","0","0","1","0","0","3.859000000000009","0","0","0","0","0","2","_1080802045620000_p_Net","0","0","0","1","1","0","0","0","0","0","1","_1080802045620000_p_odb__dbNet","0.0","23.772800000000004","0.0","23.772800000000004","23.772800000000004","","23.772800000000004","2.9499999999999957","1","2.9499999999999957","2.9499999999999957","2.9499999999999957","49.45","91.12","49.45","91.12","0","0","0","1","49.45","","91.12","","2"
"_043_","OK","25.21018499999994","3.110291533856594","41.427499999999995","65.22149999999999","8.854999999999997","2.846999999999994","23.403999999999982","45.855","37.0","66.645","63.798","0","9.619999999999997","9.619999999999997","9.619999999999997","8.758400000000002","0","0","0","0","1","0","0","11.701999999999991","0","0","0","0","0","2","_8880802045620000_p_Net","0","0","0","1","1","0","0","0","0","0","1","_8880802045620000_p_odb__dbNet","0.0","23.772800000000004","0.0","23.772800000000004","23.772800000000004","","23.772800000000004","9.619999999999997","1","9.619999999999997","9.619999999999997","9.619999999999997","39.79","66.64","39.79","66.64","0","1","0","0","39.79","","66.64","","2"
"_044_","OK","4.236232000000007","0.7403846150750895","44.2555","59.834","1.7710000000000008","2.392000000000003","8.326000000000008","45.141","43.37","61.03","58.638","0","2.720000000000006","2.720000000000006","2.720000000000006","5.0048","0","0","0","0","1","0","0","4.163000000000004","0","0","0","0","0","2","_0081802045620000_p_Net","0","0","0","1","1","0","0","0","0","0","1","_0081802045620000_p_odb__dbNet","0.0","20.0192","0.0","20.0192","20.0192","","20.0192","2.720000000000006","1","2.720000000000006","2.720000000000006","2.720000000000006","45.54","61.2","45.54","61.2","1","0","0","0","45.54","","61.2","","2"
"_045_","OK","6.428232000000009","0.691929133631257","46.2645","51.686","2.1090000000000018","3.048000000000002","10.314000000000007","47.319","45.21","53.21","50.162","0","3.1799999999999997","3.1799999999999997","3.1799999999999997","5.0048","0","0","0","0","1","0","0","5.157000000000004","0","0","0","0","0","2","_7881802045620000_p_Net","0","0","0","1","1","0","0","0","0","0","1","_7881802045620000_p_odb__dbNet","0.0","20.0192","0.0","20.0192","20.0192","","20.0192","3.1799999999999997","1","3.1799999999999997","3.1799999999999997","3.1799999999999997","47.38","53.04","47.38","53.04","1","0","0","0","47.38","","53.04","","2"
"_046_","OK","4.436907999999997","0.4916777628190135","54.2285","106.108","1.4769999999999968","3.004000000000005","8.962000000000003","54.967","53.49","107.61","104.606","0","3.6400000000000006","3.6400000000000006","3.6400000000000006","10.0096","0","0","0","0","1","0","0","4.481000000000002","0","0","0","0","0","2","_f081802045620000_p_Net","0","0","0","1","1","0","0","0","0","0","1","_f081802045620000_p_odb__dbNet","0.0","20.0192","0.0","20.0192","20.0192","","20.0192","3.6400000000000006","1","3.6400000000000006","3.6400000000000006","3.6400000000000006","55.66","107.44","55.66","107.44","1","0","0","0","55.66","","107.44","","2"
"_047_","OK","0.5421130000000138","0.0645050017024835","57.076499999999996","84.4005","0.18700000000000472","2.899000000000001","6.172000000000011","57.17","56.983","85.85","82.951","0","5.250000000000014","5.250000000000014","5.250000000000014","3.7536","0","0","0","0","1","0","0","3.0860000000000056","0","0","0","0","0","2","_6882802045620000_p_Net","0","0","0","1","1","0","0","0","0","0","1","_6882802045620000_p_odb__dbNet","0.0","20.0192","0.0","20.0192","20.0192","","20.0192","5.250000000000014","1","5.250000000000014","5.250000000000014","5.250000000000014","59.34","85.68","59.34","85.68","1","0","0","0","59.34","","85.68","","2"
"_048_","OK","2.0376940000000134","0.07311990905983769","60.583","69.2705","0.3860000000000028","5.278999999999996","11.329999999999998","60.776","60.39","71.91","66.631","0","7.049999999999997","7.049999999999997","7.049999999999997","3.7536","0","0","0","0","1","0","0","5.664999999999999","0","0","0","0","0","2","_e082802045620000_p_Net","0","0","0","1","1","0","0","0","0","0","1","_e082802045620000_p_odb__dbNet","0.0","20.0192","0.0","20.0192","20.0192","","20.0192","7.049999999999997","1","7.049999999999997","7.049999999999997","7.049999999999997","62.56","72.08","62.56","72.08","1","0","0","0","62.56","","72.08","","2"
"_049_","OK","7.786714000000003","0.926526388090194","54.373000000000005","68.0805","2.686","2.899000000000001","11.170000000000002","55.716","53.03","69.53","66.631","0","3.4099999999999966","3.4099999999999966","3.4099999999999966","3.7536","0","0","0","0","1","0","0","5.585000000000001","0","0","0","0","0","2","_5883802045620000_p_Net","0","0","0","1","1","0","0","0","0","0","1","_5883802045620000_p_odb__dbNet","0.0","20.0192","0.0","20.0192","20.0192","","20.0192","3.4099999999999966","1","3.4099999999999966","3.4099999999999966","3.4099999999999966","55.2","69.36","55.2","69.36","1","0","0","0","55.2","","69.36","","2"
"_050_","OK","2.9853330000000065","0.09516157827260127","59.9365","91.0305","0.5330000000000013","5.600999999999999","12.268","60.203","59.67","93.831","88.23","0","7.969999999999999","7.969999999999999","7.969999999999999","3.7536","0","0","0","0","1","0","0","6.134","0","0","0","0","0","2","_d083802045620000_p_Net","0","0","0","1","1","0","0","0","0","0","1","_d083802045620000_p_odb__dbNet","0.0","20.0192","0.0","20.0192","20.0192","","20.0192","7.969999999999999","1","7.969999999999999","7.969999999999999","7.969999999999999","57.5","88.4","57.5","88.4","0","0","1","0","57.5","","88.4","","2"
"_051_","OK","4.700064000000002","0.6134393061367632","53.301","51.534","1.6980000000000004","2.7680000000000007","8.932000000000002","54.15","52.452","52.918","50.15","0","2.950000000000003","2.950000000000003","2.950000000000003","6.256","0","0","0","0","1","0","0","4.466000000000001","0","0","0","0","0","2","_4884802045620000_p_Net","0","0","0","1","1","0","0","0","0","0","1","_4884802045620000_p_odb__dbNet","0.0","20.0192","0.0","20.0192","20.0192","","20.0192","2.950000000000003","1","2.950000000000003","2.950000000000003","2.950000000000003","51.98","50.32","51.98","50.32","0","0","1","0","51.98","","50.32","","2"
"_052_","OK","4.821299999999991","0.5646817246527441","52.474999999999994","35.429","1.6499999999999986","2.921999999999997","9.143999999999991","53.3","51.65","36.89","33.968","0","3.6400000000000006","3.6400000000000006","3.6400000000000006","5.0048","0","0","0","0","1","0","0","4.571999999999996","0","0","0","0","0","2","_c084802045620000_p_Net","0","0","0","1","1","0","0","0","0","0","1","_c084802045620000_p_odb__dbNet","0.0","20.0192","0.0","20.0192","20.0192","","20.0192","3.6400000000000006","1","3.6400000000000006","3.6400000000000006","3.6400000000000006","53.82","36.72","53.82","36.72","1","0","0","0","53.82","","36.72","","2"
"_053_","OK","1.1682720000000077","0.24225865198440116","56.056","10.972000000000001","0.5320000000000036","2.1959999999999997","5.456000000000007","56.322","55.79","12.07","9.874","0","5.020000000000005","5.020000000000005","5.020000000000005","7.5072","0","0","0","0","1","0","0","2.7280000000000033","0","0","0","0","0","2","_3885802045620000_p_Net","0","0","0","1","1","0","0","0","0","0","1","_3885802045620000_p_odb__dbNet","0.0","20.0192","0.0","20.0192","20.0192","","20.0192","5.020000000000005","1","5.020000000000005","5.020000000000005","5.020000000000005","57.96","12.24","57.96","12.24","1","0","0","0","57.96","","12.24","","2"
"_054_","OK","1.291248000000002","0.26775956271959994","45.964","16.228","0.588000000000001","2.1959999999999997","5.568000000000001","46.258","45.67","17.326","15.13","0","3.6400000000000006","3.6400000000000006","3.6400000000000006","7.5072","0","0","0","0","1","0","0","2.7840000000000007","0","0","0","0","0","2","_b085802045620000_p_Net","0","0","0","1","1","0","0","0","0","0","1","_b085802045620000_p_odb__dbNet","0.0","20.0192","0.0","20.0192","20.0192","","20.0192","3.6400000000000006","1","3.6400000000000006","3.6400000000000006","3.6400000000000006","47.84","14.96","47.84","14.96","0","0","0","1","47.84","","14.96","","2"
"_055_","OK","21.734665999999986","0.7685220006076482","47.2535","14.729000000000001","4.086999999999996","5.318000000000001","18.809999999999995","49.297","45.21","17.388","12.07","0","7.9699999999999935","7.9699999999999935","7.9699999999999935","8.758400000000002","0","0","0","0","1","0","0","9.404999999999998","0","0","0","0","0","2","_2886802045620000_p_Net","0","0","0","1","1","0","0","0","0","0","1","_2886802045620000_p_odb__dbNet","0.0","20.0192","0.0","20.0192","20.0192","","20.0192","7.9699999999999935","1","7.9699999999999935","7.9699999999999935","7.9699999999999935","47.38","12.24","47.38","12.24","0","0","0","1","47.38","","12.24","","2"
"_056_","OK","3.458507000000036","0.4115212140698484","72.9465","51.7605","1.193000000000012","2.899000000000001","8.184000000000026","73.543","72.35","53.21","50.311","0","3.8699999999999903","3.8699999999999903","3.8699999999999903","3.7536","0","0","0","0","1","0","0","4.092000000000013","0","0","0","0","0","2","_a086802045620000_p_Net","0","0","0","1","1","0","0","0","0","0","1","_a086802045620000_p_odb__dbNet","0.0","20.0192","0.0","20.0192","20.0192","","20.0192","3.8699999999999903","1","3.8699999999999903","3.8699999999999903","3.8699999999999903","74.52","53.04","74.52","53.04","1","0","0","0","74.52","","53.04","","2"
"_057_","OK","7.7869259999999825","0.9271911660016597","76.26650000000001","57.039","2.6869999999999976","2.897999999999996","11.169999999999987","77.61","74.923","58.488","55.59","0","3.4099999999999966","3.4099999999999966","3.4099999999999966","3.7536","0","0","0","0","1","0","0","5.584999999999994","0","0","0","0","0","2","_1887802045620000_p_Net","0","0","0","1","1","0","0","0","0","0","1","_1887802045620000_p_odb__dbNet","0.0","20.0192","0.0","20.0192","20.0192","","20.0192","3.4099999999999966","1","3.4099999999999966","3.4099999999999966","3.4099999999999966","75.44","55.76","75.44","55.76","0","0","1","0","75.44","","55.76","","2"
"_058_","OK","11.455793999999972","1.3640441679213102","63.7465","57.039","3.952999999999996","2.897999999999996","13.701999999999984","65.723","61.77","58.488","55.59","0","4.329999999999998","4.329999999999998","4.329999999999998","3.7536","0","0","0","0","1","0","0","6.850999999999992","0","0","0","0","0","2","_9087802045620000_p_Net","0","0","0","1","1","0","0","0","0","0","1","_9087802045620000_p_odb__dbNet","0.0","20.0192","0.0","20.0192","20.0192","","20.0192","4.329999999999998","1","4.329999999999998","4.329999999999998","4.329999999999998","63.94","55.76","63.94","55.76","0","0","0","1","63.94","","55.76","","2"
"_059_","OK","23.888228000000012","0.8575217883938012","61.733000000000004","55.849000000000004","4.526000000000003","5.277999999999999","19.608000000000004","63.996","59.47","58.488","53.21","0","7.969999999999999","7.969999999999999","7.969999999999999","3.7536","0","0","0","0","1","0","0","9.804000000000002","0","0","0","0","0","2","_0888802045620000_p_Net","0","0","0","1","1","0","0","0","0","0","1","_0888802045620000_p_odb__dbNet","0.0","20.0192","0.0","20.0192","20.0192","","20.0192","7.969999999999999","1","7.969999999999999","7.969999999999999","7.969999999999999","61.64","53.04","61.64","53.04","0","0","1","0","61.64","","53.04","","2"
"_060_","OK","0.3282120000000118","12.506172762307079","68.043","69.449","2.0259999999999962","0.16200000000000614","4.376000000000005","69.056","67.03","69.53","69.368","0","4.3700000000000045","4.3700000000000045","4.3700000000000045","3.7536","0","0","0","0","1","0","0","2.1880000000000024","0","0","0","0","0","2","_8088802045620000_p_Net","0","0","0","1","1","0","0","0","0","0","1","_8088802045620000_p_odb__dbNet","0.0","20.0192","0.0","20.0192","20.0192","","20.0192","4.3700000000000045","1","4.3700000000000045","4.3700000000000045","4.3700000000000045","64.86","69.36","64.86","69.36","0","0","1","0","64.86","","69.36","","2"
"_061_","OK","5.8500730000000285","0.0918431274161335","73.6365","73.5205","0.7330000000000041","7.9809999999999945","17.427999999999997","74.003","73.27","77.511","69.53","0","9.769999999999996","9.769999999999996","9.769999999999996","3.7536","0","0","0","0","1","0","0","8.713999999999999","0","0","0","0","0","2","_f888802045620000_p_Net","0","0","0","1","1","0","0","0","0","0","1","_f888802045620000_p_odb__dbNet","0.0","20.0192","0.0","20.0192","20.0192","","20.0192","9.769999999999996","1","9.769999999999996","9.769999999999996","9.769999999999996","75.44","69.36","75.44","69.36","0","0","0","1","75.44","","69.36","","2"
"_062_","OK","7.456554000000007","0.8878536918951451","69.03649999999999","73.35900000000001","2.5729999999999933","2.8980000000000103","10.942000000000007","70.323","67.75","74.808","71.91","0","2.950000000000003","2.950000000000003","2.950000000000003","3.7536","0","0","0","0","1","0","0","5.471000000000004","0","0","0","0","0","2","_7089802045620000_p_Net","0","0","0","1","1","0","0","0","0","0","1","_7089802045620000_p_odb__dbNet","0.0","20.0192","0.0","20.0192","20.0192","","20.0192","2.950000000000003","1","2.950000000000003","2.950000000000003","2.950000000000003","69.92","72.08","69.92","72.08","0","0","0","1","69.92","","72.08","","2"
"_063_","OK","7.2757800000000135","0.852156057203227","72.025","89.82900000000001","2.489999999999995","2.9220000000000113","10.824000000000012","73.27","70.78","91.29","88.368","0","7.780000000000001","7.780000000000001","7.780000000000001","5.0048","0","0","0","0","1","0","0","5.412000000000006","0","0","0","0","0","2","_e889802045620000_p_Net","0","0","0","1","1","0","0","0","0","0","1","_e889802045620000_p_odb__dbNet","0.0","20.0192","0.0","20.0192","20.0192","","20.0192","7.780000000000001","1","7.780000000000001","7.780000000000001","7.780000000000001","75.44","91.12","75.44","91.12","1","0","0","0","75.44","","91.12","","2"
"_064_","OK","38.86355","1.4235406695840123","62.469","34.0625","7.438000000000002","5.224999999999998","25.326","66.188","58.75","36.675","31.45","0","15.099999999999994","15.099999999999994","15.099999999999994","7.5072","0","0","0","0","1","0","0","12.663","0","0","0","0","0","2","_608a802045620000_p_Net","0","0","0","1","1","0","0","0","0","0","1","_608a802045620000_p_odb__dbNet","0.0","20.0192","0.0","20.0192","20.0192","","20.0192","15.099999999999994","1","15.099999999999994","15.099999999999994","15.099999999999994","56.58","31.28","56.58","31.28","0","0","1","0","56.58","","31.28","","2"
"_065_","OK","3.2761890000000062","0.38768489838745024","60.033500000000004","8.2365","1.1270000000000024","2.906999999999999","8.068000000000003","60.597","59.47","9.69","6.783","0","3.6400000000000015","3.6400000000000015","3.6400000000000015","5.0048","0","0","0","0","1","0","0","4.034000000000002","0","0","0","0","0","2","_d88a802045620000_p_Net","0","0","0","1","1","0","0","0","0","0","1","_d88a802045620000_p_odb__dbNet","0.0","20.0192","0.0","20.0192","20.0192","","20.0192","3.6400000000000015","1","3.6400000000000015","3.6400000000000015","3.6400000000000015","61.64","9.52","61.64","9.52","1","0","0","0","61.64","","9.52","","2"
"_066_","OK","1.7413500000000017","0.18657937800766633","62.515","13.6025","0.5700000000000003","3.0550000000000015","7.2500000000000036","62.8","62.23","15.13","12.075","0","3.1800000000000086","3.1800000000000086","3.1800000000000086","7.5072","0","0","0","0","1","0","0","3.6250000000000018","0","0","0","0","0","2","_508b802045620000_p_Net","0","0","0","1","1","0","0","0","0","0","1","_508b802045620000_p_odb__dbNet","0.0","20.0192","0.0","20.0192","20.0192","","20.0192","3.1800000000000086","1","3.1800000000000086","3.1800000000000086","3.1800000000000086","64.4","14.96","64.4","14.96","1","0","0","0","64.4","","14.96","","2"
"_067_","OK","0.4099520000000013","12.108695586365686","61.116","22.857999999999997","2.2279999999999944","0.18400000000000105","4.823999999999991","62.23","60.002","22.95","22.766","0","5.060000000000002","5.060000000000002","5.060000000000002","7.5072","0","0","0","0","1","0","0","2.4119999999999955","0","0","0","0","0","2","_c88b802045620000_p_Net","0","0","0","1","1","0","0","0","0","0","1","_c88b802045620000_p_odb__dbNet","0.0","20.0192","0.0","20.0192","20.0192","","20.0192","5.060000000000002","1","5.060000000000002","5.060000000000002","5.060000000000002","64.4","23.12","64.4","23.12","1","0","0","0","64.4","","23.12","","2"
"_068_","OK","2.0355920000000283","0.355769230620504","68.63550000000001","103.354","0.8510000000000133","2.391999999999996","6.486000000000018","69.061","68.21","104.55","102.158","0","3.6400000000000006","3.6400000000000006","3.6400000000000006","5.0048","0","0","0","0","1","0","0","3.243000000000009","0","0","0","0","0","2","_408c802045620000_p_Net","0","0","0","1","1","0","0","0","0","0","1","_408c802045620000_p_odb__dbNet","0.0","20.0192","0.0","20.0192","20.0192","","20.0192","3.6400000000000006","1","3.6400000000000006","3.6400000000000006","3.6400000000000006","70.38","104.72","70.38","104.72","1","0","0","0","70.38","","104.72","","2"
"_069_","OK","2.1505319999999926","0.33280881182816174","57.593","48.879","0.8459999999999965","2.5420000000000016","6.775999999999996","58.016","57.17","50.15","47.608","0","3.8700000000000045","3.8700000000000045","3.8700000000000045","3.7536","0","0","0","0","1","0","0","3.387999999999998","0","0","0","0","0","2","_b88c802045620000_p_Net","0","0","0","1","1","0","0","0","0","0","1","_b88c802045620000_p_odb__dbNet","0.0","20.0192","0.0","20.0192","20.0192","","20.0192","3.8700000000000045","1","3.8700000000000045","3.8700000000000045","3.8700000000000045","59.34","50.32","59.34","50.32","1","0","0","0","59.34","","50.32","","2"
"_070_","OK","0.336049999999999","0.03600654663305815","64.58500000000001","89.7625","0.10999999999999943","3.055000000000007","6.3300000000000125","64.64","64.53","91.29","88.235","0","3.6400000000000006","3.6400000000000006","3.6400000000000006","7.5072","0","0","0","0","1","0","0","3.1650000000000063","0","0","0","0","0","2","_308d802045620000_p_Net","0","0","0","1","1","0","0","0","0","0","1","_308d802045620000_p_odb__dbNet","0.0","20.0192","0.0","20.0192","20.0192","","20.0192","3.6400000000000006","1","3.6400000000000006","3.6400000000000006","3.6400000000000006","66.7","91.12","66.7","91.12","1","0","0","0","66.7","","91.12","","2"
"_071_","OK","0.14251599999999026","0.013584439637669784","73.424","100.5705","0.04399999999999693","3.2390000000000043","6.5660000000000025","73.446","73.402","102.19","98.951","0","2.950000000000003","2.950000000000003","2.950000000000003","6.256","0","0","0","0","1","0","0","3.2830000000000013","0","0","0","0","0","2","_a88d802045620000_p_Net","0","1","0","1","0","0","0","0","0","0","1","_a88d802045620000_p_odb__dbNet","5.0048","0.0","0.0","5.0048","5.0048","","5.0048","2.950000000000003","1","2.950000000000003","2.950000000000003","2.950000000000003","74.06","102.0","74.06","102.0","1","0","0","0","74.06","","102.0","","2"
"_072_","OK","9.320947999999976","0.33459643798131955","27.233","66.729","1.7659999999999982","5.277999999999992","14.08799999999998","28.116","26.35","69.368","64.09","0","5.669999999999998","5.669999999999998","5.669999999999998","3.7536","0","0","0","0","1","0","0","7.04399999999999","0","0","0","0","0","2","_208e802045620000_p_Net","0","0","0","1","1","0","0","0","0","0","1","_208e802045620000_p_odb__dbNet","0.0","20.0192","0.0","20.0192","20.0192","","20.0192","5.669999999999998","1","5.669999999999998","5.669999999999998","5.669999999999998","28.52","63.92","28.52","63.92","0","0","0","1","28.52","","63.92","","2"
"_073_","OK","0.5390279999999991","0.06418219459483022","34.003","67.919","0.18599999999999994","2.897999999999996","6.167999999999992","34.096","33.91","69.368","66.47","0","5.2500000000000036","5.2500000000000036","5.2500000000000036","3.7536","0","0","0","0","1","0","0","3.083999999999996","0","0","0","0","0","2","_988e802045620000_p_Net","0","0","0","1","1","0","0","0","0","0","1","_988e802045620000_p_odb__dbNet","0.0","20.0192","0.0","20.0192","20.0192","","20.0192","5.2500000000000036","1","5.2500000000000036","5.2500000000000036","5.2500000000000036","31.74","66.64","31.74","66.64","0","0","1","0","31.74","","66.64","","2"
"_074_","OK","7.537191999999987","1.3173076917569806","27.005499999999998","108.806","3.151","2.391999999999996","11.085999999999991","28.581","25.43","110.002","107.61","0","4.099999999999998","4.099999999999998","4.099999999999998","5.0048","0","0","0","0","1","0","0","5.542999999999996","0","0","0","0","0","2","_108f802045620000_p_Net","0","0","0","1","1","0","0","0","0","0","1","_108f802045620000_p_odb__dbNet","0.0","20.0192","0.0","20.0192","20.0192","","20.0192","4.099999999999998","1","4.099999999999998","4.099999999999998","4.099999999999998","27.6","107.44","27.6","107.44","0","0","0","1","27.6","","107.44","","2"
"_075_","OK","1.9737030000000069","0.42977134837621617","30.950499999999998","92.5985","0.9210000000000029","2.1430000000000007","6.128000000000007","31.411","30.49","93.67","91.527","0","3.1799999999999926","3.1799999999999926","3.1799999999999926","7.5072","0","0","0","0","1","0","0","3.0640000000000036","0","0","0","0","0","2","_888f802045620000_p_Net","0","0","0","1","1","0","0","0","0","0","1","_888f802045620000_p_odb__dbNet","0.0","20.0192","0.0","20.0192","20.0192","","20.0192","3.1799999999999926","1","3.1799999999999926","3.1799999999999926","3.1799999999999926","32.66","93.84","32.66","93.84","1","0","0","0","32.66","","93.84","","2"
"_076_","OK","7.2005880000000175","0.7979360849540819","26.1685","89.78800000000001","2.397000000000002","3.004000000000005","10.802000000000014","27.367","24.97","91.29","88.286","0","4.559999999999999","4.559999999999999","4.559999999999999","10.0096","0","0","0","0","1","0","0","5.401000000000007","0","0","0","0","0","2","_0090802045620000_p_Net","0","0","0","1","1","0","0","0","0","0","1","_0090802045620000_p_odb__dbNet","0.0","20.0192","0.0","20.0192","20.0192","","20.0192","4.559999999999999","1","4.559999999999999","4.559999999999999","4.559999999999999","27.14","91.12","27.14","91.12","1","0","0","0","27.14","","91.12","","2"
"_077_","OK","0.6952439999999979","0.0754281949685675","62.1955","40.758","0.2289999999999992","3.0360000000000014","6.530000000000001","62.31","62.081","42.276","39.24","0","4.100000000000001","4.100000000000001","4.100000000000001","3.7536","0","0","0","1","1","0","0","3.2650000000000006","0","0","0","0","0","2","_7890802045620000_p_Net","0","0","0","1","0","0","1","0","0","0","1","_7890802045620000_p_odb__dbNet","0.0","0.0","0.0","6.256","6.256","","6.256","4.100000000000001","1","4.100000000000001","4.100000000000001","4.100000000000001","63.25","39.44","63.25","39.44","0","0","0","1","63.25","","39.44","","2"
"_078_","OK","8.024169999999978","0.8541598692156075","39.451","78.8725","2.617999999999995","3.0649999999999977","11.365999999999985","40.76","38.142","80.405","77.34","0","6.399999999999999","4.234999999999999","8.469999999999999","3.7536","0","0","0","1","2","0","0","5.682999999999993","0","0","0","0","0","3","_f090802045620000_p_Net","0","1","0","1","0","0","1","0","0","0","2","_f090802045620000_p_odb__dbNet","7.5072","0.0","0.0","16.265600000000003","11.886400000000002","4.379200000000001","23.772800000000004","2.164999999999999","2","2.0700000000000003","6.399999999999999","6.399999999999999","41.86","80.24","36.11","77.52","1","0","1","0","38.985","2.875","78.88","1.3599999999999994","3"
"_079_","OK","0.06098400000000224","8.64285703996565","70.495","102.158","0.7259999999999991","0.08400000000000318","1.6200000000000045","70.858","70.132","102.2","102.116","0","1.6099999999999994","1.6099999999999994","1.6099999999999994","3.7536","0","0","0","1","1","0","0","0.8100000000000023","0","0","0","0","0","2","_6891802045620000_p_Net","0","0","0","1","0","0","1","0","0","0","1","_6891802045620000_p_odb__dbNet","0.0","0.0","0.0","5.0048","5.0048","","5.0048","1.6099999999999994","1","1.6099999999999994","1.6099999999999994","1.6099999999999994","69.46","102.0","69.46","102.0","0","0","1","0","69.46","","102.0","","2"
"_080_","OK","10.152160000000002","0.13855140185297293","46.80500000000001","54.4","1.186","8.560000000000002","19.492000000000004","47.398","46.212","58.68","50.12","0","6.1299999999999955","5.459999999999997","10.919999999999995","3.7536","0","0","0","1","2","0","0","9.746000000000002","0","0","0","0","0","3","_e091802045620000_p_Net","0","0","0","1","0","0","1","0","0","0","2","_e091802045620000_p_odb__dbNet","0.0","0.0","0.0","5.0048","5.0048","0.0","10.0096","2.739999999999995","2","4.789999999999999","6.1299999999999955","6.1299999999999955","46.92","58.48","45.54","50.32","0","1","0","1","46.230000000000004","0.6900000000000013","54.4","4.079999999999998","3"
"_081_","OK","579.7652999999998","0.5382388787160807","43.4225","109.89","17.665","32.81999999999999","100.96999999999998","52.255","34.59","126.3","93.48","0","32.42000000000001","18.87583333333333","226.50999999999996","6.256","0","0","0","1","12","0","0","50.48499999999999","0","0","0","0","0","13","_5892802045620000_p_Net","0","1","0","1","0","0","1","0","0","0","12","_5892802045620000_p_odb__dbNet","3.7536","0.0","0.0","16.265600000000003","7.820000000000003","3.723064687413673","93.84000000000003","10.364166666666641","12","17.46999999999999","29.429999999999993","32.42000000000001","53.82","126.48","34.73","93.84","3","2","4","3","43.4125","6.533865784000566","107.21333333333335","12.085819054669908","13"
"_082_","OK","11.310956999999974","1.124881740421043","55.2745","111.4105","3.567","3.1709999999999923","13.475999999999985","57.058","53.491","112.996","109.825","0","6.170000000000002","6.170000000000002","6.170000000000002","3.7536","0","0","0","1","1","0","0","6.737999999999992","0","0","0","0","0","2","_d092802045620000_p_Net","0","0","0","1","0","0","1","0","0","0","1","_d092802045620000_p_odb__dbNet","0.0","0.0","0.0","10.0096","10.0096","","10.0096","6.170000000000002","1","6.170000000000002","6.170000000000002","6.170000000000002","53.82","110.16","53.82","110.16","0","0","1","0","53.82","","110.16","","2"
"_083_","OK","34.70743300000003","0.31129841838135214","40.466499999999996","118.59649999999999","3.286999999999999","10.559000000000012","27.69200000000002","42.11","38.823","123.876","113.317","0","12.490000000000009","7.510000000000005","15.02000000000001","3.7536","0","0","0","1","2","0","0","13.84600000000001","0","0","0","0","0","3","_4893802045620000_p_Net","0","0","0","1","0","0","1","0","0","0","2","_4893802045620000_p_odb__dbNet","0.0","0.0","0.0","5.0048","5.0048","0.0","10.0096","5.900000000000013","2","2.530000000000001","12.490000000000009","12.490000000000009","42.78","123.76","38.64","112.88","1","0","1","0","40.71","2.0700000000000003","118.32","5.440000000000005","3"
"_084_","OK","0.39001499999999634","3.785046717180552","56.450500000000005","129.4765","1.2149999999999963","0.32099999999999795","3.0719999999999885","57.058","55.843","129.637","129.316","0","1.6100000000000065","1.6100000000000065","1.6100000000000065","3.7536","0","0","0","1","1","0","0","1.5359999999999943","0","0","0","0","0","2","_c093802045620000_p_Net","0","0","0","1","0","0","1","0","0","0","1","_c093802045620000_p_odb__dbNet","0.0","0.0","0.0","5.0048","5.0048","","5.0048","1.6100000000000065","1","1.6100000000000065","1.6100000000000065","1.6100000000000065","55.66","129.2","55.66","129.2","0","0","1","0","55.66","","129.2","","2"
"_085_","OK","27.054972000000017","0.9155629137388571","56.045500000000004","126.64800000000001","4.976999999999997","5.436000000000007","20.826000000000008","58.534","53.557","129.366","123.93","0","11.879999999999981","9.944999999999983","19.889999999999965","8.758400000000002","0","0","0","0","2","0","0","10.413000000000004","0","0","0","0","0","3","_3894802045620000_p_Net","0","0","0","1","0","0","0","0","0","0","2","_3894802045620000_p_odb__dbNet","0.0","0.0","0.0","5.0048","4.3792","0.6256000000000002","8.7584","9.944999999999986","2","8.009999999999984","11.879999999999981","11.879999999999981","54.28","126.48","53.13","123.76","0","0","2","0","53.705","0.5749999999999993","125.12","1.3599999999999994","3"
"_086_","OK","182.94466999999997","0.370237077674649","52.217","134.9905","8.230000000000004","22.228999999999985","60.91799999999998","56.332","48.102","146.105","123.876","0","24.980000000000004","16.819999999999993","67.27999999999997","3.7536","0","0","0","0","4","0","0","30.45899999999999","0","0","0","0","0","5","_b094802045620000_p_Net","0","0","0","1","0","0","0","0","0","0","4","_b094802045620000_p_odb__dbNet","0.0","0.0","0.0","6.256","5.0048","0.8847320046206083","20.0192","14.519999999999975","4","10.689999999999976","24.980000000000004","24.980000000000004","56.35","145.52","48.53","129.2","1","1","0","2","54.05","3.1993983809460165","137.35999999999999","6.934666538486198","5"
"_087_","OK","53.29841300000003","0.4016841739385639","59.078500000000005","20.6655","4.6270000000000024","11.519","32.292","61.392","56.765","26.425","14.906","0","15.710000000000004","11.092500000000001","44.370000000000005","7.5072","0","0","0","0","4","0","0","16.146","0","0","0","0","0","5","_2895802045620000_p_Net","0","1","0","1","0","0","0","0","0","0","4","_2895802045620000_p_odb__dbNet","3.7536","0.0","0.0","8.758400000000002","5.943200000000001","1.8505497561535607","23.772800000000004","11.092499999999998","4","8.390000000000004","15.710000000000004","15.710000000000004","60.95","25.84","56.35","17.68","1","2","0","1","59.052499999999995","1.8992416249650808","23.12","3.3313060501851224","5"
"_088_","OK","283.6531920000001","0.16969963799604498","71.29599999999999","103.47800000000001","6.938000000000002","40.884","95.644","74.765","67.827","123.92","83.036","0","46.780000000000015","31.407500000000006","125.63000000000002","6.256","0","0","0","0","4","0","0","47.822","0","0","0","0","0","5","_a095802045620000_p_Net","0","1","0","1","0","0","0","0","0","0","4","_a095802045620000_p_odb__dbNet","3.7536","0.0","0.0","6.256","4.692","1.0374402344231692","18.768","31.407499999999985","4","21.840000000000003","46.780000000000015","46.780000000000015","74.29","123.76","71.07","93.84","1","1","0","2","73.19749999999999","1.2531834462679474","109.47999999999999","13.097724993295593","5"
"_089_","OK","0.8123440000000836","0.006560028755701606","66.0185","102.314","0.0730000000000075","11.128","22.402000000000015","66.055","65.982","107.878","96.75","0","12.030000000000001","12.030000000000001","12.030000000000001","12.512","0","0","0","0","1","0","0","11.201000000000008","0","0","0","0","0","2","_1896802045620000_p_Net","0","1","0","1","0","0","0","0","0","0","1","_1896802045620000_p_odb__dbNet","3.7536","0.0","0.0","3.7536","3.7536","","3.7536","12.030000000000001","1","12.030000000000001","12.030000000000001","12.030000000000001","66.47","96.56","66.47","96.56","0","0","0","1","66.47","","96.56","","2"
"_090_","OK","26.847624999999997","0.23559718967348048","74.68549999999999","99.2295","2.5150000000000006","10.674999999999997","26.379999999999995","75.943","73.428","104.567","93.892","0","13.870000000000005","11.035000000000004","22.070000000000007","6.256","0","0","0","0","2","0","0","13.189999999999998","0","0","0","0","0","3","_9096802045620000_p_Net","0","0","0","1","0","0","0","0","0","0","2","_9096802045620000_p_odb__dbNet","0.0","0.0","0.0","6.256","5.6304","0.6255999999999999","11.2608","11.034999999999997","2","8.200000000000003","13.870000000000005","13.870000000000005","73.83","99.28","73.6","93.84","0","1","1","0","73.715","0.11500000000000199","96.56","2.719999999999999","3"
"_091_","OK","23.821343999999964","0.3395415472373986","72.318","95.316","2.843999999999994","8.376000000000005","22.439999999999998","73.74","70.896","99.504","91.128","0","10.920000000000002","8.085","16.17","3.7536","0","0","0","0","2","0","0","11.219999999999999","0","0","0","0","0","3","_0897802045620000_p_Net","0","0","0","1","0","0","0","0","0","0","2","_0897802045620000_p_odb__dbNet","0.0","0.0","0.0","6.256","5.6304","0.6255999999999999","11.2608","8.085000000000008","2","5.25","10.920000000000002","10.920000000000002","73.83","99.28","73.6","93.84","1","0","0","1","73.715","0.11500000000000199","96.56","2.719999999999999","3"
"_092_","OK","10.91258","0.05938329890385188","38.9855","62.528999999999996","0.8049999999999997","13.556000000000004","28.72200000000001","39.388","38.583","69.307","55.751","0","14.750000000000007","14.750000000000007","14.750000000000007","3.7536","0","0","0","0","1","0","0","14.361000000000004","0","0","0","0","0","2","_8097802045620000_p_Net","0","0","0","1","0","0","0","0","0","0","1","_8097802045620000_p_odb__dbNet","0.0","0.0","0.0","5.0048","5.0048","","5.0048","14.750000000000007","1","14.750000000000007","14.750000000000007","14.750000000000007","39.56","69.36","39.56","69.36","1","0","0","0","39.56","","69.36","","2"
"_093_","OK","0.19824000000000747","28.09523776076991","40.077","69.518","2.3599999999999994","0.08400000000000318","4.888000000000005","41.257","38.897","69.56","69.476","0","1.6099999999999994","1.6099999999999994","1.6099999999999994","3.7536","0","0","0","0","1","0","0","2.4440000000000026","0","0","0","0","0","2","_f897802045620000_p_Net","0","0","0","1","0","0","0","0","0","0","1","_f897802045620000_p_odb__dbNet","0.0","0.0","0.0","5.0048","5.0048","","5.0048","1.6099999999999994","1","1.6099999999999994","1.6099999999999994","1.6099999999999994","39.56","69.36","39.56","69.36","0","0","1","0","39.56","","69.36","","2"
"_094_","OK","128.73803799999993","0.3361095498269831","46.166","38.3995","6.577999999999996","19.571","52.297999999999995","49.455","42.877","48.185","28.614","0","20.19000000000001","14.544000000000006","72.72000000000003","7.5072","0","0","0","0","5","0","0","26.148999999999997","0","0","0","0","0","6","_7098802045620000_p_Net","0","1","0","1","0","0","0","0","0","0","5","_7098802045620000_p_odb__dbNet","3.7536","0.0","0.0","7.5072","6.00576","1.2259206264681253","30.0288","14.084","5","12.760000000000002","20.19000000000001","20.19000000000001","48.76","47.6","43.01","34.0","0","2","1","2","46.275999999999996","2.1497311459808177","40.528","5.859059310162341","6"
"_095_","OK","18.39337499999995","0.014985014984587233","40.477500000000006","70.7175","0.5249999999999986","35.035","71.11999999999999","40.74","40.215","88.235","53.2","0","34.48000000000001","18.600000000000005","37.20000000000001","6.256","0","0","0","0","2","0","0","35.559999999999995","0","0","0","0","0","3","_e898802045620000_p_Net","0","0","0","1","0","0","0","0","0","0","2","_e898802045620000_p_odb__dbNet","0.0","0.0","0.0","6.256","5.0048","1.2512","10.0096","15.880000000000003","2","2.719999999999999","34.48000000000001","34.48000000000001","41.17","88.4","39.33","53.04","0","1","0","1","40.25","0.9200000000000017","70.72","17.680000000000003","3"
"_096_","OK","27.489536000000037","0.2406437125523352","40.329","118.424","2.5720000000000027","10.688000000000002","26.52000000000001","41.615","39.043","123.768","113.08","0","11.110000000000007","10.78500000000001","21.57000000000002","3.7536","0","0","0","0","2","0","0","13.260000000000005","0","0","0","0","0","3","_6099802045620000_p_Net","0","0","0","1","0","0","0","0","0","0","2","_6099802045620000_p_odb__dbNet","0.0","0.0","0.0","8.758400000000002","6.881600000000001","1.8768000000000007","13.763200000000001","10.555000000000014","2","10.460000000000015","11.110000000000007","11.110000000000007","41.17","115.6","38.64","112.88","0","0","1","1","39.905","1.2650000000000006","114.24","1.3599999999999994","3"
"_097_","OK","31.674240000000083","1.0042735040946782","40.662","126.408","5.640000000000001","5.616000000000014","22.51200000000003","43.482","37.842","129.216","123.6","0","10.499999999999986","10.499999999999986","10.499999999999986","5.0048","0","0","0","0","1","0","0","11.256000000000014","0","0","0","0","0","2","_d899802045620000_p_Net","0","0","0","1","0","0","0","0","0","0","1","_d899802045620000_p_odb__dbNet","0.0","0.0","0.0","5.0048","5.0048","","5.0048","10.499999999999986","1","10.499999999999986","10.499999999999986","10.499999999999986","42.78","123.76","42.78","123.76","0","0","0","1","42.78","","123.76","","2"
"_098_","OK","0.14303099999999516","7.402877644583812","37.4675","115.34049999999999","1.0289999999999964","0.1389999999999958","2.3359999999999843","37.982","36.953","115.41","115.271","0","2.0700000000000003","2.0700000000000003","2.0700000000000003","6.256","0","0","0","0","1","0","0","1.1679999999999922","0","0","0","0","0","2","_509a802045620000_p_Net","0","1","0","1","0","0","0","0","0","0","1","_509a802045620000_p_odb__dbNet","5.0048","0.0","0.0","5.0048","5.0048","","5.0048","2.0700000000000003","1","2.0700000000000003","2.0700000000000003","2.0700000000000003","38.64","115.6","38.64","115.6","1","0","0","0","38.64","","115.6","","2"
"_099_","OK","291.8057400000003","0.20149783207984517","41.741","129.0275","7.668000000000006","38.05500000000001","91.44600000000003","45.575","37.907","148.055","110.0","0","34.10000000000001","22.209999999999997","66.63","7.5072","0","0","0","0","3","0","0","45.72300000000001","0","0","0","0","0","4","_c89a802045620000_p_Net","0","0","0","1","0","0","0","0","0","0","3","_c89a802045620000_p_odb__dbNet","0.0","0.0","0.0","27.5264","12.094933333333332","10.92364401877363","36.2848","14.956666666666656","3","20.95999999999998","34.10000000000001","34.10000000000001","44.16","148.24","37.49","110.16","2","0","1","0","41.78333333333334","3.0416479451478624","131.01333333333332","15.756186791931047","4"
"_100_","OK","5.873060000000004","0.7225534897500699","46.827","149.4805","2.0600000000000023","2.850999999999999","9.822000000000003","47.857","45.797","150.906","148.055","0","4.099999999999994","4.099999999999994","4.099999999999994","7.5072","0","0","0","0","1","0","0","4.911000000000001","0","0","0","0","0","2","_409b802045620000_p_Net","0","0","0","1","0","0","0","0","0","0","1","_409b802045620000_p_odb__dbNet","0.0","0.0","0.0","27.5264","27.5264","","27.5264","4.099999999999994","1","4.099999999999994","4.099999999999994","4.099999999999994","43.7","148.24","43.7","148.24","0","0","1","0","43.7","","148.24","","2"
"_101_","OK","11.449261999999958","1.4782608690340504","44.652","147.1015","4.114000000000004","2.782999999999987","13.793999999999983","46.709","42.595","148.493","145.71","0","3.4100000000000037","3.4100000000000037","3.4100000000000037","27.5264","0","0","0","0","1","0","0","6.896999999999991","0","0","0","0","0","2","_b89b802045620000_p_Net","0","1","0","1","0","0","0","0","0","0","1","_b89b802045620000_p_odb__dbNet","3.7536","0.0","0.0","3.7536","3.7536","","3.7536","3.4100000000000037","1","3.4100000000000037","3.4100000000000037","3.4100000000000037","43.01","145.52","43.01","145.52","0","0","1","0","43.01","","145.52","","2"
"_102_","OK","193.79624300000003","0.41121193972954934","41.091499999999996","115.4455","8.927","21.709000000000003","61.272000000000006","45.555","36.628","126.3","104.591","0","27.050000000000004","18.660000000000004","55.98000000000001","8.758400000000002","0","0","0","0","3","0","0","30.636000000000003","0","0","0","0","0","4","_309c802045620000_p_Net","0","0","0","1","0","0","0","0","0","0","3","_309c802045620000_p_odb__dbNet","0.0","0.0","0.0","12.512","9.592533333333334","2.5709716001715943","28.7776","17.126666666666658","3","21.34000000000001","27.050000000000004","27.050000000000004","45.77","126.48","35.88","104.72","1","1","1","0","39.943333333333335","4.225717559053006","118.32","9.68055094850839","4"
"_103_","OK","68.46279999999996","0.350701402780511","43.114999999999995","117.11099999999999","4.899999999999999","13.971999999999994","37.743999999999986","45.565","40.665","124.097","110.125","0","15.440000000000012","9.32000000000001","37.28000000000004","6.256","0","0","0","0","4","0","0","18.871999999999993","0","0","0","0","0","5","_a89c802045620000_p_Net","0","1","0","1","0","0","0","1","0","0","4","_a89c802045620000_p_odb__dbNet","3.7536","0.0","3.7536","8.758400000000002","5.630400000000001","2.074880468846339","22.521600000000003","9.32","4","8.16000000000001","15.440000000000012","15.440000000000012","45.77","121.04","40.25","110.16","1","1","0","2","43.93000000000001","2.253530563360525","116.28","4.022934252507741","5"
"_104_","OK","1.2874680000000085","0.04252998908714503","45.864000000000004","123.674","0.23400000000000176","5.501999999999995","11.471999999999994","45.981","45.747","126.425","120.923","0","7.509999999999998","7.509999999999998","7.509999999999998","3.7536","0","0","0","1","1","0","0","5.735999999999997","0","0","0","0","0","2","_209d802045620000_p_Net","0","0","0","1","0","0","1","0","0","0","1","_209d802045620000_p_odb__dbNet","0.0","0.0","0.0","12.512","12.512","","12.512","7.509999999999998","1","7.509999999999998","7.509999999999998","7.509999999999998","43.7","126.48","43.7","126.48","0","1","0","0","43.7","","126.48","","2"
"_105_","OK","227.94320400000007","0.252663470493652","40.6415","125.00800000000001","7.588999999999999","30.036000000000016","75.25000000000003","44.436","36.847","140.026","109.99","0","37.51000000000001","24.435000000000016","97.74000000000007","7.5072","0","0","0","0","4","0","0","37.625000000000014","0","0","0","0","0","5","_989d802045620000_p_Net","0","0","0","1","0","0","0","0","0","0","4","_989d802045620000_p_odb__dbNet","0.0","0.0","0.0","12.512","7.5072","3.4265523197523198","30.0288","24.43500000000003","4","20.500000000000007","37.51000000000001","37.51000000000001","44.62","129.2","37.49","110.16","1","1","1","1","40.364999999999995","2.8192596545901893","120.35999999999999","7.782955736736525","5"
"_106_","OK","16.72383599999998","0.533857423524414","43.378","112.92349999999999","2.9879999999999995","5.596999999999994","17.169999999999987","44.872","41.884","115.722","110.125","0","8.199999999999996","6.399999999999999","12.799999999999997","8.758400000000002","0","0","0","0","2","0","0","8.584999999999994","0","0","0","0","0","3","_b0f2802045620000_p_Net","0","0","0","1","0","0","0","0","0","0","2","_b0f2802045620000_p_odb__dbNet","0.0","0.0","0.0","8.758400000000002","7.507200000000001","1.2512000000000008","15.014400000000002","6.399999999999999","2","4.600000000000001","8.199999999999996","8.199999999999996","45.77","115.6","43.93","110.16","1","0","0","1","44.85","0.9200000000000017","112.88","2.719999999999999","3"
"_107_","OK","2.905699999999994","0.3305227654871747","48.532","73.5175","0.9799999999999969","2.9650000000000034","7.890000000000001","49.022","48.042","75.0","72.035","0","4.559999999999995","4.559999999999995","4.559999999999995","5.0048","0","0","0","0","1","0","0","3.9450000000000003","0","0","0","0","0","2","_28f3802045620000_p_Net","0","0","0","1","0","0","0","0","0","0","1","_28f3802045620000_p_odb__dbNet","0.0","0.0","0.0","5.0048","5.0048","","5.0048","4.559999999999995","1","4.559999999999995","4.559999999999995","4.559999999999995","47.38","74.8","47.38","74.8","0","1","0","0","47.38","","74.8","","2"
"_108_","OK","0.18141199999999402","0.02118933697156799","44.006","133.19299999999998","0.06199999999999761","2.926000000000016","5.9760000000000275","44.037","43.975","134.656","131.73","0","2.950000000000003","2.950000000000003","2.950000000000003","5.0048","0","0","0","0","1","0","0","2.9880000000000138","0","0","0","0","0","2","_a0f3802045620000_p_Net","0","1","0","1","0","0","0","0","0","0","1","_a0f3802045620000_p_odb__dbNet","3.7536","0.0","0.0","3.7536","3.7536","","3.7536","2.950000000000003","1","2.950000000000003","2.950000000000003","2.950000000000003","44.39","131.92","44.39","131.92","0","0","0","1","44.39","","131.92","","2"
"_109_","OK","52.660251","0.14644307334564988","42.0535","133.24450000000002","2.777000000000001","18.962999999999994","43.47999999999999","43.442","40.665","142.726","123.763","0","21.110000000000007","18.92666666666668","56.78000000000004","8.758400000000002","0","0","0","0","3","0","0","21.739999999999995","0","0","0","0","0","4","_18f4802045620000_p_Net","0","1","0","1","0","0","0","0","0","0","3","_18f4802045620000_p_odb__dbNet","3.7536","0.0","0.0","12.512","7.090133333333333","3.8677171538547417","21.2704","18.926666666666677","3","18.200000000000024","21.110000000000007","21.110000000000007","43.7","129.2","40.25","123.76","0","0","1","2","42.24333333333333","1.458682815267102","126.48","2.220870700123408","4"
"_110_","OK","4.302103000000024","0.13674451771496832","43.563500000000005","126.5955","0.767000000000003","5.609000000000009","12.752000000000024","43.947","43.18","129.4","123.791","0","7.27999999999998","7.27999999999998","7.27999999999998","5.0048","0","0","0","0","1","0","0","6.376000000000012","0","0","0","0","0","2","_90f4802045620000_p_Net","0","0","0","1","0","0","0","0","0","0","1","_90f4802045620000_p_odb__dbNet","0.0","0.0","0.0","5.0048","5.0048","","5.0048","7.27999999999998","1","7.27999999999998","7.27999999999998","7.27999999999998","44.62","129.2","44.62","129.2","1","0","0","0","44.62","","129.2","","2"
"_111_","OK","0.8711009999999934","0.10126150695490448","44.8705","127.89150000000001","0.29699999999999704","2.933000000000007","6.460000000000008","45.019","44.722","129.358","126.425","0","3.6399999999999793","3.6399999999999793","3.6399999999999793","5.0048","0","0","0","0","1","0","0","3.230000000000004","0","0","0","0","0","2","_08f5802045620000_p_Net","0","0","0","1","0","0","0","0","0","0","1","_08f5802045620000_p_odb__dbNet","0.0","0.0","0.0","12.512","12.512","","12.512","3.6399999999999793","1","3.6399999999999793","3.6399999999999793","3.6399999999999793","43.7","126.48","43.7","126.48","0","0","1","0","43.7","","126.48","","2"
"_112_","OK","0.4684069999999933","0.016910507312006086","74.1605","121.1365","0.08899999999999864","5.263000000000005","10.704000000000008","74.205","74.116","123.768","118.505","0","6.360000000000014","6.360000000000014","6.360000000000014","3.7536","0","0","0","0","1","0","0","5.352000000000004","0","0","0","0","0","2","_80f5802045620000_p_Net","0","0","0","1","0","0","0","0","0","0","1","_80f5802045620000_p_odb__dbNet","0.0","0.0","0.0","6.256","6.256","","6.256","6.360000000000014","1","6.360000000000014","6.360000000000014","6.360000000000014","73.37","118.32","73.37","118.32","0","0","1","0","73.37","","118.32","","2"
"_113_","OK","42.363793999999906","1.3284930049002148","72.46600000000001","120.9915","7.501999999999995","5.646999999999991","26.297999999999973","76.217","68.715","123.815","118.168","0","12.800000000000011","7.780000000000001","15.560000000000002","3.7536","0","0","0","0","2","0","0","13.148999999999987","0","0","0","0","0","3","_f8f5802045620000_p_Net","0","0","0","1","0","0","0","0","0","0","2","_f8f5802045620000_p_odb__dbNet","0.0","0.0","0.0","8.758400000000002","7.507200000000001","1.2512000000000008","15.014400000000002","7.780000000000001","2","2.759999999999991","12.800000000000011","12.800000000000011","73.37","123.76","68.77","118.32","0","1","0","1","71.07","2.3000000000000043","121.03999999999999","2.720000000000006","3"
"_114_","OK","0.878643999999999","14.758196660827073","69.1815","123.998","3.600999999999999","0.24399999999999977","7.689999999999998","70.982","67.381","124.12","123.876","0","2.299999999999997","2.299999999999997","2.299999999999997","3.7536","0","0","0","0","1","0","0","3.844999999999999","0","0","0","0","0","2","_70f6802045620000_p_Net","0","0","0","1","0","0","0","0","0","0","1","_70f6802045620000_p_odb__dbNet","0.0","0.0","0.0","8.758400000000002","8.758400000000002","","8.758400000000002","2.299999999999997","1","2.299999999999997","2.299999999999997","2.299999999999997","68.77","123.76","68.77","123.76","0","0","1","0","68.77","","123.76","","2"
"_115_","OK","0.5476259999999975","5.3146417279918134","58.21","99.0025","1.706000000000003","0.32099999999999795","4.054000000000002","59.063","57.357","99.163","98.842","0","1.6099999999999994","1.6099999999999994","1.6099999999999994","3.7536","0","0","0","0","1","0","0","2.027000000000001","0","0","0","0","0","2","_e8f6802045620000_p_Net","0","0","0","1","0","0","0","0","0","0","1","_e8f6802045620000_p_odb__dbNet","0.0","0.0","0.0","5.0048","5.0048","","5.0048","1.6099999999999994","1","1.6099999999999994","1.6099999999999994","1.6099999999999994","58.88","99.28","58.88","99.28","1","0","0","0","58.88","","99.28","","2"
"_116_","OK","47.89330000000003","0.6408328512850406","60.93","108.8825","5.540000000000006","8.644999999999996","28.370000000000005","63.7","58.16","113.205","104.56","0","8.009999999999998","7.990000000000002","15.980000000000004","6.256","0","0","0","0","2","0","0","14.185000000000002","0","0","0","0","0","3","_60f7802045620000_p_Net","0","0","0","1","0","0","0","0","0","0","2","_60f7802045620000_p_odb__dbNet","0.0","0.0","0.0","10.0096","7.507200000000001","2.5024","15.014400000000002","2.739999999999995","2","7.970000000000006","8.009999999999998","8.009999999999998","64.4","112.88","56.58","104.72","1","0","1","0","60.49","3.9100000000000037","108.8","4.079999999999998","3"
"_117_","OK","10.518220000000003","1.2805303554499203","61.387","100.513","3.6700000000000017","2.8659999999999997","13.072000000000003","63.222","59.552","101.946","99.08","0","7.779999999999994","7.779999999999994","7.779999999999994","7.5072","0","0","0","0","1","0","0","6.536000000000001","0","0","0","0","0","2","_d8f7802045620000_p_Net","0","0","0","1","0","0","0","0","0","0","1","_d8f7802045620000_p_odb__dbNet","0.0","0.0","0.0","5.0048","5.0048","","5.0048","7.779999999999994","1","7.779999999999994","7.779999999999994","7.779999999999994","58.88","99.28","58.88","99.28","0","0","1","0","58.88","","99.28","","2"
"_118_","OK","101.20017600000018","0.8231421355678987","73.3185","104.499","9.12700000000001","11.088000000000008","40.430000000000035","77.882","68.755","110.043","98.955","0","16.67","15.844999999999999","31.689999999999998","3.7536","0","0","0","0","2","0","0","20.215000000000018","0","0","0","0","0","3","_50f8802045620000_p_Net","0","0","0","1","0","0","0","0","0","0","2","_50f8802045620000_p_odb__dbNet","0.0","0.0","0.0","6.256","5.6304","0.6255999999999999","11.2608","15.844999999999999","2","15.019999999999996","16.67","16.67","73.83","102.0","69.46","99.28","0","0","1","1","71.645","2.1850000000000023","100.64","1.3599999999999994","3"
"_119_","OK","1.1261249999999985","0.1316239315789308","63.0245","133.3375","0.384999999999998","2.9250000000000114","6.620000000000019","63.217","62.832","134.8","131.875","0","2.9499999999999957","2.9499999999999957","2.9499999999999957","5.0048","0","0","0","0","1","0","0","3.3100000000000094","0","0","0","0","0","2","_c8f8802045620000_p_Net","0","0","0","1","0","0","0","0","0","0","1","_c8f8802045620000_p_odb__dbNet","0.0","0.0","0.0","3.7536","3.7536","","3.7536","2.9499999999999957","1","2.9499999999999957","2.9499999999999957","2.9499999999999957","63.25","134.64","63.25","134.64","1","0","0","0","63.25","","134.64","","2"
"_120_","OK","3.1597280000000154","0.1035481534932032","72.711","121.114","0.5720000000000027","5.524000000000001","12.192000000000007","72.997","72.425","123.876","118.352","0","5.90000000000002","5.90000000000002","5.90000000000002","3.7536","0","0","0","0","1","0","0","6.096000000000004","0","0","0","0","0","2","_40f9802045620000_p_Net","0","0","0","1","0","0","0","0","0","0","1","_40f9802045620000_p_odb__dbNet","0.0","0.0","0.0","6.256","6.256","","6.256","5.90000000000002","1","5.90000000000002","5.90000000000002","5.90000000000002","73.37","118.32","73.37","118.32","0","0","0","1","73.37","","118.32","","2"
"_121_","OK","16.20120000000002","1.8807495734648207","66.437","133.3425","5.520000000000003","2.9350000000000023","16.91000000000001","69.197","63.677","134.81","131.875","0","8.469999999999999","8.469999999999999","8.469999999999999","5.0048","0","0","0","0","1","0","0","8.455000000000005","0","0","0","0","0","2","_b8f9802045620000_p_Net","0","0","0","1","0","0","0","0","0","0","1","_b8f9802045620000_p_odb__dbNet","0.0","0.0","0.0","3.7536","3.7536","","3.7536","8.469999999999999","1","8.469999999999999","8.469999999999999","8.469999999999999","63.25","134.64","63.25","134.64","0","1","0","0","63.25","","134.64","","2"
"_122_","OK","0.1886250000000072","0.02982107354679195","64.6345","114.1825","0.07500000000000284","2.5150000000000006","5.180000000000007","64.672","64.597","115.44","112.925","0","3.4099999999999966","3.4099999999999966","3.4099999999999966","5.0048","0","0","0","0","1","0","0","2.5900000000000034","0","0","0","0","0","2","_30fa802045620000_p_Net","0","0","0","1","0","0","0","0","0","0","1","_30fa802045620000_p_odb__dbNet","0.0","0.0","0.0","3.7536","3.7536","","3.7536","3.4099999999999966","1","3.4099999999999966","3.4099999999999966","3.4099999999999966","65.09","115.6","65.09","115.6","1","0","0","0","65.09","","115.6","","2"
"_123_","OK","4.758074999999941","0.1536388139885627","65.0895","118.2125","0.8549999999999898","5.564999999999998","12.839999999999975","65.517","64.662","120.995","115.43","0","5.670000000000016","5.670000000000016","5.670000000000016","5.0048","0","0","0","0","1","0","0","6.4199999999999875","0","0","0","0","0","2","_a8fa802045620000_p_Net","0","0","0","1","0","0","0","0","0","0","1","_a8fa802045620000_p_odb__dbNet","0.0","0.0","0.0","3.7536","3.7536","","3.7536","5.670000000000016","1","5.670000000000016","5.670000000000016","5.670000000000016","65.09","115.6","65.09","115.6","0","0","0","1","65.09","","115.6","","2"
"_124_","OK","9.832116","0.31041222453617406","35.5585","107.156","1.7469999999999999","5.628","14.75","36.432","34.685","109.97","104.342","0","7.049999999999997","7.049999999999997","7.049999999999997","10.0096","0","0","0","0","1","0","0","7.375","0","0","0","0","0","2","_20fb802045620000_p_Net","0","1","0","1","0","0","0","0","0","0","1","_20fb802045620000_p_odb__dbNet","3.7536","0.0","0.0","3.7536","3.7536","","3.7536","7.049999999999997","1","7.049999999999997","7.049999999999997","7.049999999999997","34.27","110.16","34.27","110.16","0","1","0","0","34.27","","110.16","","2"
"_125_","OK","0.409608000000015","0.01265600281022092","37.481","128.88549999999998","0.07200000000000273","5.688999999999993","11.521999999999991","37.517","37.445","131.73","126.041","0","6.589999999999982","6.589999999999982","6.589999999999982","12.512","0","0","0","0","1","0","0","5.760999999999996","0","0","0","0","0","2","_98fb802045620000_p_Net","0","1","0","1","0","0","0","0","0","0","1","_98fb802045620000_p_odb__dbNet","3.7536","0.0","0.0","3.7536","3.7536","","3.7536","6.589999999999982","1","6.589999999999982","6.589999999999982","6.589999999999982","37.03","131.92","37.03","131.92","0","1","0","0","37.03","","131.92","","2"
"_126_","OK","68.61707499999997","1.1870314348037587","30.1725","127.92849999999999","9.025000000000002","7.602999999999994","33.25599999999999","34.685","25.66","131.73","124.127","0","12.609999999999982","7.377499999999988","29.509999999999952","6.256","0","0","0","0","4","0","0","16.627999999999997","0","0","0","0","0","5","_10fc802045620000_p_Net","0","1","0","1","0","0","0","0","0","0","4","_10fc802045620000_p_odb__dbNet","3.7536","0.0","0.0","10.0096","8.4456","2.7089274630377242","33.7824","6.017499999999995","4","5.899999999999977","12.609999999999982","12.609999999999982","34.27","131.92","24.84","123.76","1","1","0","2","30.0725","3.3778497228266398","127.84","3.041052449399706","5"
"_127_","OK","15.191767999999945","2.422923321716094","36.403499999999994","108.708","6.067","2.5039999999999907","17.14199999999998","39.437","33.37","109.96","107.456","0","9.850000000000001","9.850000000000001","9.850000000000001","5.0048","0","0","0","0","1","0","0","8.57099999999999","0","0","0","0","0","2","_88fc802045620000_p_Net","0","0","0","1","0","0","0","0","0","0","1","_88fc802045620000_p_odb__dbNet","0.0","0.0","0.0","6.256","6.256","","6.256","9.850000000000001","1","9.850000000000001","9.850000000000001","9.850000000000001","32.43","110.16","32.43","110.16","0","1","0","0","32.43","","110.16","","2"
"_128_","OK","2.3936700000000113","12.477168921284925","34.8445","109.82400000000001","5.464999999999996","0.4380000000000024","11.805999999999997","37.577","32.112","110.043","109.605","0","5.060000000000002","5.060000000000002","5.060000000000002","3.7536","0","0","0","0","1","0","0","5.902999999999999","0","0","0","0","0","2","_00fd802045620000_p_Net","0","0","0","1","0","0","0","0","0","0","1","_00fd802045620000_p_odb__dbNet","0.0","0.0","0.0","6.256","6.256","","6.256","5.060000000000002","1","5.060000000000002","5.060000000000002","5.060000000000002","32.43","110.16","32.43","110.16","0","1","0","0","32.43","","110.16","","2"
"_129_","OK","0.006162000000029429","1540.499229743031","36.7005","113.039","3.081000000000003","0.0020000000000095497","6.166000000000025","38.241","35.16","113.04","113.038","0","3.9100000000000037","3.9100000000000037","3.9100000000000037","5.0048","0","0","0","0","1","0","0","3.0830000000000126","0","0","0","0","0","2","_78fd802045620000_p_Net","0","0","0","1","0","0","0","0","0","0","1","_78fd802045620000_p_odb__dbNet","0.0","0.0","0.0","3.7536","3.7536","","3.7536","3.9100000000000037","1","3.9100000000000037","3.9100000000000037","3.9100000000000037","34.73","112.88","34.73","112.88","0","0","1","0","34.73","","112.88","","2"
"_130_","OK","9.949344000000037","1.1605191252867033","33.204","111.424","3.3979999999999997","2.9280000000000115","12.652000000000022","34.903","31.505","112.888","109.96","0","5.019999999999996","5.019999999999996","5.019999999999996","3.7536","0","0","0","0","1","0","0","6.326000000000011","0","0","0","0","0","2","_f0fd802045620000_p_Net","0","0","0","1","0","0","0","0","0","0","1","_f0fd802045620000_p_odb__dbNet","0.0","0.0","0.0","6.256","6.256","","6.256","5.019999999999996","1","5.019999999999996","5.019999999999996","5.019999999999996","32.43","110.16","32.43","110.16","0","0","1","0","32.43","","110.16","","2"
"_131_","OK","2.5724400000000127","0.47465635718442706","55.5075","130.724","1.105000000000004","2.328000000000003","6.866000000000014","56.06","54.955","131.888","129.56","0","2.719999999999999","2.719999999999999","2.719999999999999","5.0048","0","0","0","0","1","0","0","3.433000000000007","0","0","0","0","0","2","_68fe802045620000_p_Net","0","0","0","1","0","0","0","0","0","0","1","_68fe802045620000_p_odb__dbNet","0.0","0.0","0.0","5.0048","5.0048","","5.0048","2.719999999999999","1","2.719999999999999","2.719999999999999","2.719999999999999","55.66","129.2","55.66","129.2","0","0","0","1","55.66","","129.2","","2"
"_132_","OK","9.61579500000002","0.33135325778144614","49.5095","145.3765","1.7850000000000037","5.3870000000000005","14.344000000000008","50.402","48.617","148.07","142.683","0","7.739999999999995","7.739999999999995","7.739999999999995","3.7536","0","0","0","0","1","0","0","7.172000000000004","0","0","0","0","0","2","_e0fe802045620000_p_Net","0","0","0","1","0","0","0","0","0","0","1","_e0fe802045620000_p_odb__dbNet","0.0","0.0","0.0","3.7536","3.7536","","3.7536","7.739999999999995","1","7.739999999999995","7.739999999999995","7.739999999999995","50.83","148.24","50.83","148.24","1","0","0","0","50.83","","148.24","","2"
"_133_","OK","12.944250000000052","1.8929254294864475","51.406","125.0145","4.950000000000003","2.615000000000009","15.130000000000024","53.881","48.931","126.322","123.707","0","8.240000000000002","8.240000000000002","8.240000000000002","5.0048","0","0","0","0","1","0","0","7.565000000000012","0","0","0","0","0","2","_58ff802045620000_p_Net","0","0","0","1","0","0","0","0","0","0","1","_58ff802045620000_p_odb__dbNet","0.0","0.0","0.0","5.0048","5.0048","","5.0048","8.240000000000002","1","8.240000000000002","8.240000000000002","8.240000000000002","48.76","123.76","48.76","123.76","0","0","1","0","48.76","","123.76","","2"
"_134_","OK","11.41526100000003","0.160365058651136","34.1135","76.1815","1.3530000000000015","8.437000000000012","19.580000000000027","34.79","33.437","80.4","71.963","0","8.199999999999996","8.179999999999996","16.359999999999992","3.7536","0","0","0","0","2","0","0","9.790000000000013","0","0","0","0","0","3","_d0ff802045620000_p_Net","0","0","0","1","0","0","0","0","0","0","2","_d0ff802045620000_p_odb__dbNet","0.0","0.0","0.0","16.265600000000003","10.0096","6.256000000000001","20.0192","8.18","2","8.159999999999997","8.199999999999996","8.199999999999996","36.11","80.24","33.35","77.52","1","1","0","0","34.730000000000004","1.379999999999999","78.88","1.3599999999999994","3"
"_135_","OK","37.239090000000026","0.14180808391596383","31.771","88.5025","2.298000000000002","16.205","37.006","32.92","30.622","96.605","80.4","0","18.85000000000001","18.85000000000001","18.85000000000001","5.0048","0","0","0","0","1","0","0","18.503","0","0","0","0","0","2","_4800812045620000_p_Net","0","0","0","1","0","0","0","0","0","0","1","_4800812045620000_p_odb__dbNet","0.0","0.0","0.0","3.7536","3.7536","","3.7536","18.85000000000001","1","18.85000000000001","18.85000000000001","18.85000000000001","33.35","80.24","33.35","80.24","0","0","0","1","33.35","","80.24","","2"
"_136_","OK","61.597469999999966","0.9902370988981561","38.157","51.6165","7.809999999999995","7.8870000000000005","31.39399999999999","42.062","34.252","55.56","47.673","0","14.369999999999997","9.113999999999997","45.569999999999986","6.256","0","0","0","0","5","0","0","15.696999999999996","0","0","0","0","0","6","_c000812045620000_p_Net","0","0","0","1","0","0","0","0","0","0","5","_c000812045620000_p_odb__dbNet","0.0","0.0","0.0","7.5072","5.50528","1.00096","27.5264","9.113999999999997","5","9.43","14.369999999999997","14.369999999999997","39.1","55.76","33.58","47.6","0","2","2","1","36.616","1.8537486345241099","50.32","3.4405580942631953","6"
"_137_","OK","105.7514909999999","0.0650594042199305","36.591499999999996","73.2435","2.6229999999999976","40.317","85.88","37.903","35.28","93.402","53.085","0","40.800000000000004","23.37","46.74","5.0048","0","0","0","0","2","0","0","42.94","0","0","0","0","0","3","_3801812045620000_p_Net","0","0","0","1","0","0","0","0","0","0","2","_3801812045620000_p_odb__dbNet","0.0","0.0","0.0","7.5072","6.256","1.2511999999999999","12.512","23.369999999999997","2","5.939999999999998","40.800000000000004","40.800000000000004","37.72","93.84","34.5","55.76","1","0","1","0","36.11","1.6099999999999994","74.8","19.040000000000003","3"
"_138_","OK","2.349619999999992","0.0881099922370039","38.6195","91.05799999999999","0.4549999999999983","5.1640000000000015","11.238","38.847","38.392","93.64","88.476","0","7.049999999999997","7.049999999999997","7.049999999999997","6.256","0","0","0","0","1","0","0","5.619","0","0","0","0","0","2","_b001812045620000_p_Net","0","0","0","1","0","0","0","0","0","0","1","_b001812045620000_p_odb__dbNet","0.0","0.0","0.0","5.0048","5.0048","","5.0048","7.049999999999997","1","7.049999999999997","7.049999999999997","7.049999999999997","37.72","93.84","37.72","93.84","0","1","0","0","37.72","","93.84","","2"
"_139_","OK","9.489225000000015","0.3135793491522306","40.1335","50.2975","1.7250000000000014","5.501000000000005","14.452000000000012","40.996","39.271","53.048","47.547","0","7.509999999999998","7.509999999999998","7.509999999999998","3.7536","0","0","0","0","1","0","0","7.226000000000006","0","0","0","0","0","2","_2802812045620000_p_Net","0","0","0","1","0","0","0","0","0","0","1","_2802812045620000_p_odb__dbNet","0.0","0.0","0.0","5.0048","5.0048","","5.0048","7.509999999999998","1","7.509999999999998","7.509999999999998","7.509999999999998","39.1","47.6","39.1","47.6","0","0","1","0","39.1","","47.6","","2"
"_140_","OK","135.45145499999998","1.116386745245902","40.9135","50.1975","12.296999999999997","11.015","46.623999999999995","47.062","34.765","55.705","44.69","0","23.529999999999994","12.762499999999996","51.04999999999998","3.7536","0","0","0","0","4","0","0","23.311999999999998","0","0","0","0","0","5","_a002812045620000_p_Net","0","1","0","1","0","0","0","0","0","0","4","_a002812045620000_p_odb__dbNet","3.7536","0.0","0.0","7.5072","5.9432","1.6253564778226344","23.7728","12.762499999999996","4","10.769999999999996","23.529999999999994","23.529999999999994","44.39","55.76","34.5","44.88","0","1","2","1","38.4675","3.8050057490101112","48.96","4.079999999999998","5"
"_141_","OK","0.5441800000000068","16.42857133830437","34.370000000000005","47.869","2.990000000000002","0.18200000000000216","6.344000000000008","35.865","32.875","47.96","47.778","0","2.3000000000000043","2.3000000000000043","2.3000000000000043","7.5072","0","0","0","0","1","0","0","3.172000000000004","0","0","0","0","0","2","_1803812045620000_p_Net","0","0","0","1","0","0","0","0","0","0","1","_1803812045620000_p_odb__dbNet","0.0","0.0","0.0","5.0048","5.0048","","5.0048","2.3000000000000043","1","2.3000000000000043","2.3000000000000043","2.3000000000000043","33.58","47.6","33.58","47.6","0","0","1","0","33.58","","47.6","","2"
"_142_","OK","0.2158880000000036","20.34951436553843","35.353","55.653499999999994","2.0960000000000036","0.10300000000000153","4.39800000000001","36.401","34.305","55.705","55.602","0","2.299999999999997","2.299999999999997","2.299999999999997","5.0048","0","0","0","0","1","0","0","2.199000000000005","0","0","0","0","0","2","_9003812045620000_p_Net","0","0","0","1","0","0","0","0","0","0","1","_9003812045620000_p_odb__dbNet","0.0","0.0","0.0","7.5072","7.5072","","7.5072","2.299999999999997","1","2.299999999999997","2.299999999999997","2.299999999999997","34.5","55.76","34.5","55.76","0","1","0","0","34.5","","55.76","","2"
"_143_","OK","1.3769070000000143","0.021736399042375353","47.9985","29.874499999999998","0.17300000000000182","7.959","16.264000000000003","48.085","47.912","33.854","25.895","0","9.309999999999999","9.309999999999999","9.309999999999999","6.256","0","0","0","0","1","0","0","8.132000000000001","0","0","0","0","0","2","_0804812045620000_p_Net","0","0","0","1","0","0","0","0","0","0","1","_0804812045620000_p_odb__dbNet","0.0","0.0","0.0","7.5072","7.5072","","7.5072","9.309999999999999","1","9.309999999999999","9.309999999999999","9.309999999999999","47.38","25.84","47.38","25.84","0","0","1","0","47.38","","25.84","","2"
"_144_","OK","0.2520709999999951","0.027329601571507683","44.8035","35.4015","0.08299999999999841","3.036999999999999","6.239999999999995","44.845","44.762","36.92","33.883","0","3.6400000000000006","3.6400000000000006","3.6400000000000006","3.7536","0","0","0","0","1","0","0","3.1199999999999974","0","0","0","0","0","2","_8004812045620000_p_Net","0","0","0","1","0","0","0","0","0","0","1","_8004812045620000_p_odb__dbNet","0.0","0.0","0.0","6.256","6.256","","6.256","3.6400000000000006","1","3.6400000000000006","3.6400000000000006","3.6400000000000006","45.77","36.72","45.77","36.72","1","0","0","0","45.77","","36.72","","2"
"_145_","OK","3.1268959999999573","23.089673850300112","42.1395","36.851","8.497","0.367999999999995","17.72999999999999","46.388","37.891","37.035","36.667","0","8.050000000000004","6.900000000000002","13.800000000000004","6.256","0","0","0","0","2","0","0","8.864999999999995","0","0","0","0","0","3","_f804812045620000_p_Net","0","0","0","1","0","0","0","0","0","0","2","_f804812045620000_p_odb__dbNet","0.0","0.0","0.0","7.5072","6.256","1.2511999999999999","12.512","6.899999999999999","2","5.75","8.050000000000004","8.050000000000004","40.02","36.72","37.72","36.72","0","0","2","0","38.870000000000005","1.1500000000000021","36.72","0.0","3"
"_146_","OK","13.724802000000023","1.4486679657411732","40.6115","35.381","4.459000000000003","3.078000000000003","15.074000000000012","42.841","38.382","36.92","33.842","0","8.240000000000002","8.240000000000002","8.240000000000002","5.0048","0","0","0","0","1","0","0","7.537000000000006","0","0","0","0","0","2","_7005812045620000_p_Net","0","0","0","1","0","0","0","0","0","0","1","_7005812045620000_p_odb__dbNet","0.0","0.0","0.0","5.0048","5.0048","","5.0048","8.240000000000002","1","8.240000000000002","8.240000000000002","8.240000000000002","37.72","36.72","37.72","36.72","0","1","0","0","37.72","","36.72","","2"
"_147_","OK","17.300360000000012","0.7524504690818675","41.589","34.1575","3.608000000000004","4.794999999999998","16.806000000000004","43.393","39.785","36.555","31.76","0","9.349999999999994","9.349999999999994","9.349999999999994","8.758400000000002","0","0","0","0","1","0","0","8.403000000000002","0","0","0","0","0","2","_e805812045620000_p_Net","0","0","0","1","0","0","0","0","0","0","1","_e805812045620000_p_odb__dbNet","0.0","0.0","0.0","7.5072","7.5072","","7.5072","9.349999999999994","1","9.349999999999994","9.349999999999994","9.349999999999994","40.02","36.72","40.02","36.72","0","1","0","0","40.02","","36.72","","2"
"_148_","OK","3.893435999999974","0.11392405061342353","55.984","118.35300000000001","0.6659999999999968","5.845999999999989","13.023999999999972","56.317","55.651","121.276","115.43","0","6.360000000000014","6.360000000000014","6.360000000000014","8.758400000000002","0","0","0","0","1","0","0","6.511999999999986","0","0","0","0","0","2","_6006812045620000_p_Net","0","0","0","1","0","0","0","0","0","0","1","_6006812045620000_p_odb__dbNet","0.0","0.0","0.0","3.7536","3.7536","","3.7536","6.360000000000014","1","6.360000000000014","6.360000000000014","6.360000000000014","55.89","115.6","55.89","115.6","0","0","1","0","55.89","","115.6","","2"
"_149_","OK","101.52384000000005","0.06304824561246394","54.537","95.41900000000001","2.530000000000001","40.128","85.316","55.802","53.272","115.483","75.355","0","43.099999999999994","43.099999999999994","43.099999999999994","3.7536","0","0","0","0","1","0","0","42.658","0","0","0","0","0","2","_d806812045620000_p_Net","0","0","0","1","0","0","0","0","0","0","1","_d806812045620000_p_odb__dbNet","0.0","0.0","0.0","6.256","6.256","","6.256","43.099999999999994","1","43.099999999999994","43.099999999999994","43.099999999999994","53.59","74.8","53.59","74.8","0","0","1","0","53.59","","74.8","","2"
"_150_","OK","9.655951999999989","0.3164373641715351","51.791","72.238","1.7479999999999976","5.524000000000001","14.543999999999997","52.665","50.917","75.0","69.476","0","8.200000000000003","8.200000000000003","8.200000000000003","3.7536","0","0","0","0","1","0","0","7.2719999999999985","0","0","0","0","0","2","_5007812045620000_p_Net","0","0","0","1","0","0","0","0","0","0","1","_5007812045620000_p_odb__dbNet","0.0","0.0","0.0","6.256","6.256","","6.256","8.200000000000003","1","8.200000000000003","8.200000000000003","8.200000000000003","53.59","74.8","53.59","74.8","1","0","0","0","53.59","","74.8","","2"
"_151_","OK","3.7860000000000014","0.10516666664913893","46.3275","112.722","0.6310000000000002","6.0","13.262","46.643","46.012","115.722","109.722","0","6.1299999999999955","6.1299999999999955","6.1299999999999955","6.256","0","0","0","0","1","0","0","6.631","0","0","0","0","0","2","_c807812045620000_p_Net","0","0","0","1","0","0","0","0","0","0","1","_c807812045620000_p_odb__dbNet","0.0","0.0","0.0","5.0048","5.0048","","5.0048","6.1299999999999955","1","6.1299999999999955","6.1299999999999955","6.1299999999999955","46.46","110.16","46.46","110.16","0","0","0","1","46.46","","110.16","","2"
"_152_","OK","0.13386999999999918","0.022596548881431068","47.6695","108.773","0.054999999999999716","2.4339999999999975","4.977999999999994","47.697","47.642","109.99","107.556","0","3.1799999999999997","3.1799999999999997","3.1799999999999997","3.7536","0","0","0","0","1","0","0","2.488999999999997","0","0","0","0","0","2","_4008812045620000_p_Net","0","0","0","1","0","0","0","0","0","0","1","_4008812045620000_p_odb__dbNet","0.0","0.0","0.0","3.7536","3.7536","","3.7536","3.1799999999999997","1","3.1799999999999997","3.1799999999999997","3.1799999999999997","48.07","110.16","48.07","110.16","1","0","0","0","48.07","","110.16","","2"
"_153_","OK","0.08507500000001282","12.34939744157163","47.644499999999994","110.0015","1.0249999999999986","0.08300000000001262","2.2160000000000224","48.157","47.132","110.043","109.96","0","1.6099999999999994","1.6099999999999994","1.6099999999999994","3.7536","0","0","0","0","1","0","0","1.1080000000000112","0","0","0","0","0","2","_b808812045620000_p_Net","0","0","0","1","0","0","0","0","0","0","1","_b808812045620000_p_odb__dbNet","0.0","0.0","0.0","5.0048","5.0048","","5.0048","1.6099999999999994","1","1.6099999999999994","1.6099999999999994","1.6099999999999994","46.46","110.16","46.46","110.16","0","1","0","0","46.46","","110.16","","2"
"_154_","OK","2.698836000000001","0.5752539240188135","45.099999999999994","92.319","1.2460000000000022","2.165999999999997","6.823999999999998","45.723","44.477","93.402","91.236","0","3.8699999999999974","3.8699999999999974","3.8699999999999974","3.7536","0","0","0","0","1","0","0","3.411999999999999","0","0","0","0","0","2","_3009812045620000_p_Net","0","0","0","1","0","0","0","0","0","0","1","_3009812045620000_p_odb__dbNet","0.0","0.0","0.0","5.0048","5.0048","","5.0048","3.8699999999999974","1","3.8699999999999974","3.8699999999999974","3.8699999999999974","45.54","93.84","45.54","93.84","1","0","0","0","45.54","","93.84","","2"
"_155_","OK","11.285424000000017","1.3643949925714873","53.653999999999996","89.834","3.9239999999999995","2.8760000000000048","13.600000000000009","55.616","51.692","91.272","88.396","0","6.169999999999995","6.169999999999995","6.169999999999995","6.256","0","0","0","0","1","0","0","6.800000000000004","0","0","0","0","0","2","_a809812045620000_p_Net","0","0","0","1","0","0","0","0","0","0","1","_a809812045620000_p_odb__dbNet","0.0","0.0","0.0","5.0048","5.0048","","5.0048","6.169999999999995","1","6.169999999999995","6.169999999999995","6.169999999999995","51.52","88.4","51.52","88.4","0","0","1","0","51.52","","88.4","","2"
"_156_","OK","32.800184999999935","1.3413549036721233","53.3245","91.0325","6.632999999999996","4.944999999999993","23.155999999999977","56.641","50.008","93.505","88.56","0","10.079999999999998","9.159999999999997","18.319999999999993","5.0048","0","0","0","0","2","0","0","11.577999999999989","0","0","0","0","0","3","_200a812045620000_p_Net","0","0","0","1","0","0","0","0","0","0","2","_200a812045620000_p_odb__dbNet","0.0","0.0","0.0","10.0096","7.507200000000001","2.5024","15.014400000000002","6.439999999999998","2","8.239999999999995","10.079999999999998","10.079999999999998","51.52","93.84","49.68","88.4","0","1","1","0","50.6","0.9200000000000017","91.12","2.719999999999999","3"
"_157_","OK","25.86970400000001","0.93076631241829","48.6655","91.00399999999999","4.9069999999999965","5.272000000000006","20.358000000000004","51.119","46.212","93.64","88.368","0","11.420000000000002","11.420000000000002","11.420000000000002","5.0048","0","0","0","0","1","0","0","10.179000000000002","0","0","0","0","0","2","_980a812045620000_p_Net","0","0","0","1","0","0","0","0","0","0","1","_980a812045620000_p_odb__dbNet","0.0","0.0","0.0","5.0048","5.0048","","5.0048","11.420000000000002","1","11.420000000000002","11.420000000000002","11.420000000000002","45.54","93.84","45.54","93.84","0","1","0","0","45.54","","93.84","","2"
"_158_","OK","2.4029999999999916","0.4161464833890374","45.817","65.3215","1.0","2.4029999999999916","6.805999999999983","46.317","45.317","66.523","64.12","0","3.1799999999999997","3.1799999999999997","3.1799999999999997","3.7536","0","0","0","0","1","0","0","3.4029999999999916","0","0","0","0","0","2","_100b812045620000_p_Net","0","0","0","1","0","0","0","0","0","0","1","_100b812045620000_p_odb__dbNet","0.0","0.0","0.0","8.758400000000002","8.758400000000002","","8.758400000000002","3.1799999999999997","1","3.1799999999999997","3.1799999999999997","3.1799999999999997","46.69","63.92","46.69","63.92","0","0","0","1","46.69","","63.92","","2"
"_159_","OK","24.456134999999968","0.9362160045125775","47.2275","61.3955","4.784999999999997","5.110999999999997","19.791999999999987","49.62","44.835","63.951","58.84","0","9.120000000000005","9.120000000000005","9.120000000000005","5.0048","0","0","0","0","1","0","0","9.895999999999994","0","0","0","0","0","2","_880b812045620000_p_Net","0","0","0","1","0","0","0","0","0","0","1","_880b812045620000_p_odb__dbNet","0.0","0.0","0.0","5.0048","5.0048","","5.0048","9.120000000000005","1","9.120000000000005","9.120000000000005","9.120000000000005","45.54","58.48","45.54","58.48","0","0","1","0","45.54","","58.48","","2"
"_160_","OK","21.94810499999998","2.2677595621125834","51.1525","51.5155","7.055","3.110999999999997","20.331999999999994","54.68","47.625","53.071","49.96","0","10.079999999999998","10.079999999999998","10.079999999999998","5.0048","0","0","0","0","1","0","0","10.165999999999997","0","0","0","0","0","2","_000c812045620000_p_Net","0","0","0","1","0","0","0","0","0","0","1","_000c812045620000_p_odb__dbNet","0.0","0.0","0.0","5.0048","5.0048","","5.0048","10.079999999999998","1","10.079999999999998","10.079999999999998","10.079999999999998","46.92","50.32","46.92","50.32","0","0","1","0","46.92","","50.32","","2"
"_161_","OK","1.7835120000000062","0.02402506963509467","60.01349999999999","86.928","0.20700000000000074","8.616","17.646","60.117","59.91","91.236","82.62","0","9.31000000000001","9.31000000000001","9.31000000000001","3.7536","0","0","0","0","1","0","0","8.823","0","0","0","0","0","2","_780c812045620000_p_Net","0","0","0","1","0","0","0","0","0","0","1","_780c812045620000_p_odb__dbNet","0.0","0.0","0.0","7.5072","7.5072","","7.5072","9.31000000000001","1","9.31000000000001","9.31000000000001","9.31000000000001","58.88","82.96","58.88","82.96","0","0","1","0","58.88","","82.96","","2"
"_162_","OK","0.3278750000000049","7.093023222823029","58.0025","82.9075","1.5249999999999986","0.2150000000000034","3.480000000000004","58.765","57.24","83.015","82.8","0","2.0700000000000003","2.0700000000000003","2.0700000000000003","7.5072","0","0","0","0","1","0","0","1.740000000000002","0","0","0","0","0","2","_f00c812045620000_p_Net","0","0","0","1","0","0","0","0","0","0","1","_f00c812045620000_p_odb__dbNet","0.0","0.0","0.0","3.7536","3.7536","","3.7536","2.0700000000000003","1","2.0700000000000003","2.0700000000000003","2.0700000000000003","56.81","82.96","56.81","82.96","0","1","0","0","56.81","","82.96","","2"
"_163_","OK","0.16957299999999542","7.437086043463175","61.941500000000005","66.5555","1.1229999999999976","0.15099999999999625","2.5479999999999876","62.503","61.38","66.631","66.48","0","1.3799999999999955","1.3799999999999955","1.3799999999999955","3.7536","0","0","0","0","1","0","0","1.2739999999999938","0","0","0","0","0","2","_680d812045620000_p_Net","0","0","0","1","0","0","0","0","0","0","1","_680d812045620000_p_odb__dbNet","0.0","0.0","0.0","3.7536","3.7536","","3.7536","1.3799999999999955","1","1.3799999999999955","1.3799999999999955","1.3799999999999955","60.95","66.64","60.95","66.64","0","1","0","0","60.95","","66.64","","2"
"_164_","OK","0.9315200000000012","0.10992785980421582","60.36","67.9355","0.3200000000000003","2.9110000000000014","6.462000000000003","60.52","60.2","69.391","66.48","0","3.8700000000000045","3.8700000000000045","3.8700000000000045","5.0048","0","0","0","0","1","0","0","3.2310000000000016","0","0","0","0","0","2","_e00d812045620000_p_Net","0","0","0","1","0","0","0","0","0","0","1","_e00d812045620000_p_odb__dbNet","0.0","0.0","0.0","3.7536","3.7536","","3.7536","3.8700000000000045","1","3.8700000000000045","3.8700000000000045","3.8700000000000045","60.95","66.64","60.95","66.64","0","0","0","1","60.95","","66.64","","2"
"_165_","OK","0.518056000000009","0.07954545451428564","56.4215","65.20400000000001","0.20300000000000296","2.5520000000000067","5.510000000000019","56.523","56.32","66.48","63.928","0","3.1799999999999997","3.1799999999999997","3.1799999999999997","3.7536","0","0","0","0","1","0","0","2.7550000000000097","0","0","0","0","0","2","_580e812045620000_p_Net","0","0","0","1","0","0","0","0","0","0","1","_580e812045620000_p_odb__dbNet","0.0","0.0","0.0","3.7536","3.7536","","3.7536","3.1799999999999997","1","3.1799999999999997","3.1799999999999997","3.1799999999999997","55.89","66.64","55.89","66.64","0","1","0","0","55.89","","66.64","","2"
"_166_","OK","0.37120000000000014","22.656249822998017","56.91","66.54400000000001","2.8999999999999986","0.1280000000000001","6.055999999999997","58.36","55.46","66.608","66.48","0","2.0700000000000003","2.0700000000000003","2.0700000000000003","5.0048","0","0","0","0","1","0","0","3.0279999999999987","0","0","0","0","0","2","_d00e812045620000_p_Net","0","0","0","1","0","0","0","0","0","0","1","_d00e812045620000_p_odb__dbNet","0.0","0.0","0.0","3.7536","3.7536","","3.7536","2.0700000000000003","1","2.0700000000000003","2.0700000000000003","2.0700000000000003","55.89","66.64","55.89","66.64","0","1","0","0","55.89","","66.64","","2"
"_167_","OK","51.55363200000013","0.3009627139134354","64.0255","86.936","3.939000000000007","13.088000000000008","34.05400000000003","65.995","62.056","93.48","80.392","0","18.890000000000015","18.890000000000015","18.890000000000015","6.256","0","0","0","0","1","0","0","17.027000000000015","0","0","0","0","0","2","_480f812045620000_p_Net","0","0","0","1","0","0","0","0","0","0","1","_480f812045620000_p_odb__dbNet","0.0","0.0","0.0","5.0048","5.0048","","5.0048","18.890000000000015","1","18.890000000000015","18.890000000000015","18.890000000000015","66.7","93.84","66.7","93.84","1","0","0","0","66.7","","93.84","","2"
"_168_","OK","59.88779999999993","0.09819403951659392","68.58449999999999","105.988","2.424999999999997","24.695999999999998","54.24199999999999","69.797","67.372","118.336","93.64","0","27.69999999999999","27.69999999999999","27.69999999999999","5.0048","0","0","0","0","1","0","0","27.120999999999995","0","0","0","0","0","2","_c00f812045620000_p_Net","0","0","0","1","0","0","0","0","0","0","1","_c00f812045620000_p_odb__dbNet","0.0","0.0","0.0","5.0048","5.0048","","5.0048","27.69999999999999","1","27.69999999999999","27.69999999999999","27.69999999999999","66.7","93.84","66.7","93.84","0","0","1","0","66.7","","93.84","","2"
"_169_","OK","0.14303099999999516","7.402877644583812","72.4275","109.9005","1.0289999999999964","0.1389999999999958","2.3359999999999843","72.942","71.913","109.97","109.831","0","2.069999999999993","2.069999999999993","2.069999999999993","6.256","0","0","0","0","1","0","0","1.1679999999999922","0","0","0","0","0","2","_3810812045620000_p_Net","0","1","0","1","0","0","0","0","0","0","1","_3810812045620000_p_odb__dbNet","5.0048","0.0","0.0","5.0048","5.0048","","5.0048","2.069999999999993","1","2.069999999999993","2.069999999999993","2.069999999999993","73.6","110.16","73.6","110.16","1","0","0","0","73.6","","110.16","","2"
"_170_","OK","0.011681999999972777","2920.4985397575374","63.3805","93.68100000000001","5.841000000000001","0.001999999999995339","11.685999999999993","66.301","60.46","93.682","93.68","0","6.670000000000002","6.670000000000002","6.670000000000002","5.0048","0","0","0","0","1","0","0","5.842999999999996","0","0","0","0","0","2","_b010812045620000_p_Net","0","0","0","1","0","0","0","0","0","0","1","_b010812045620000_p_odb__dbNet","0.0","0.0","0.0","3.7536","3.7536","","3.7536","6.670000000000002","1","6.670000000000002","6.670000000000002","6.670000000000002","60.03","93.84","60.03","93.84","0","1","0","0","60.03","","93.84","","2"
"_171_","OK","7.615305","0.11284236152004344","52.3865","43.5385","0.9269999999999996","8.215000000000003","18.284000000000006","52.85","51.923","47.646","39.431","0","9.080000000000005","9.080000000000005","9.080000000000005","3.7536","0","0","0","0","1","0","0","9.142000000000003","0","0","0","0","0","2","_2811812045620000_p_Net","0","0","0","1","0","0","0","0","0","0","1","_2811812045620000_p_odb__dbNet","0.0","0.0","0.0","8.758400000000002","8.758400000000002","","8.758400000000002","9.080000000000005","1","9.080000000000005","9.080000000000005","9.080000000000005","52.67","47.6","52.67","47.6","1","0","0","0","52.67","","47.6","","2"
"_172_","OK","461.0992199999999","0.3133390683164322","52.225","28.5355","12.019999999999996","38.361000000000004","100.762","58.235","46.215","47.716","9.355","0","38.769999999999996","31.654000000000007","158.27000000000004","3.7536","0","0","0","0","5","0","0","50.381","0","0","0","0","0","6","_a011812045620000_p_Net","0","1","0","1","0","0","0","0","0","0","5","_a011812045620000_p_odb__dbNet","3.7536","0.0","0.0","8.758400000000002","6.506240000000001","1.838880939702188","32.531200000000005","29.90599999999999","5","34.980000000000004","38.769999999999996","38.769999999999996","58.65","34.0","46.92","9.52","1","0","2","2","52.80800000000001","4.131301973954457","19.856","7.95803392805032","6"
"_173_","OK","1.1693240000000313","0.03386657589621144","51.411500000000004","50.302","0.19900000000000517","5.876000000000005","12.15000000000002","51.511","51.312","53.24","47.364","0","5.899999999999999","5.899999999999999","5.899999999999999","8.758400000000002","0","0","0","0","1","0","0","6.07500000000001","0","0","0","0","0","2","_1812812045620000_p_Net","0","0","0","1","0","0","0","0","0","0","1","_1812812045620000_p_odb__dbNet","0.0","0.0","0.0","6.256","6.256","","6.256","5.899999999999999","1","5.899999999999999","5.899999999999999","5.899999999999999","52.21","53.04","52.21","53.04","1","0","0","0","52.21","","53.04","","2"
"_174_","OK","4.905495000000019","0.16329137015813017","53.174499999999995","31.2555","0.8950000000000031","5.481000000000002","12.75200000000001","53.622","52.727","33.996","28.515","0","6.360000000000003","6.360000000000003","6.360000000000003","5.0048","0","0","0","0","1","0","0","6.376000000000005","0","0","0","0","0","2","_9012812045620000_p_Net","0","0","0","1","0","0","0","0","0","0","1","_9012812045620000_p_odb__dbNet","0.0","0.0","0.0","5.0048","5.0048","","5.0048","6.360000000000003","1","6.360000000000003","6.360000000000003","6.360000000000003","52.9","34.0","52.9","34.0","0","1","0","0","52.9","","34.0","","2"
"_175_","OK","6.988725000000013","0.255014326598851","54.269499999999994","36.7775","1.3350000000000009","5.2350000000000065","13.140000000000015","54.937","53.602","39.395","34.16","0","7.280000000000001","7.280000000000001","7.280000000000001","5.0048","0","0","0","0","1","0","0","6.570000000000007","0","0","0","0","0","2","_0813812045620000_p_Net","0","0","0","1","0","0","0","0","0","0","1","_0813812045620000_p_odb__dbNet","0.0","0.0","0.0","5.0048","5.0048","","5.0048","7.280000000000001","1","7.280000000000001","7.280000000000001","7.280000000000001","52.9","34.0","52.9","34.0","0","0","1","0","52.9","","34.0","","2"
"_176_","OK","16.056492999999996","0.5248598805776783","57.816500000000005","12.340499999999999","2.9029999999999987","5.531000000000001","16.868","59.268","56.365","15.106","9.575","0","8.430000000000003","8.430000000000003","8.430000000000003","6.256","0","0","0","0","1","0","0","8.434","0","0","0","0","0","2","_8013812045620000_p_Net","0","0","0","1","0","0","0","0","0","0","1","_8013812045620000_p_odb__dbNet","0.0","0.0","0.0","7.5072","7.5072","","7.5072","8.430000000000003","1","8.430000000000003","8.430000000000003","8.430000000000003","55.66","9.52","55.66","9.52","0","0","1","0","55.66","","9.52","","2"
"_177_","OK","28.215647999999995","0.8495575219764784","49.133","14.9635","4.896000000000001","5.762999999999998","21.317999999999998","51.581","46.685","17.845","12.082","0","10.499999999999995","10.499999999999995","10.499999999999995","5.0048","0","0","0","0","1","0","0","10.658999999999999","0","0","0","0","0","2","_f813812045620000_p_Net","0","0","0","1","0","0","0","0","0","0","1","_f813812045620000_p_odb__dbNet","0.0","0.0","0.0","7.5072","7.5072","","7.5072","10.499999999999995","1","10.499999999999995","10.499999999999995","10.499999999999995","46.92","17.68","46.92","17.68","0","1","0","0","46.92","","17.68","","2"
"_178_","OK","0.40286399999999056","0.01471712537944974","53.6385","14.739","0.07699999999999818","5.232000000000001","10.617999999999999","53.677","53.6","17.355","12.123","0","6.130000000000004","6.130000000000004","6.130000000000004","3.7536","0","0","0","0","1","0","0","5.308999999999999","0","0","0","0","0","2","_7014812045620000_p_Net","0","0","0","1","0","0","0","0","0","0","1","_7014812045620000_p_odb__dbNet","0.0","0.0","0.0","5.0048","5.0048","","5.0048","6.130000000000004","1","6.130000000000004","6.130000000000004","6.130000000000004","52.9","17.68","52.9","17.68","0","1","0","0","52.9","","17.68","","2"
"_179_","OK","1.260090000000015","17.285185121165785","50.3685","17.5","4.667000000000002","0.2700000000000031","9.87400000000001","52.702","48.035","17.635","17.365","0","5.979999999999997","4.484999999999999","8.969999999999999","5.0048","0","0","0","0","2","0","0","4.937000000000005","0","0","0","0","0","3","_e814812045620000_p_Net","0","0","0","1","0","0","0","0","0","0","2","_e814812045620000_p_odb__dbNet","0.0","0.0","0.0","8.758400000000002","8.132800000000001","0.6256000000000008","16.265600000000003","4.484999999999999","2","2.990000000000002","5.979999999999997","5.979999999999997","49.91","17.68","46.92","17.68","0","2","0","0","48.415","1.4949999999999974","17.68","0.0","3"
"_180_","OK","8.246412000000023","1.116261956910869","51.076","16.799","3.034000000000006","2.7180000000000017","11.504000000000016","52.593","49.559","18.158","15.44","0","5.940000000000005","5.940000000000005","5.940000000000005","8.758400000000002","0","0","0","0","1","0","0","5.752000000000008","0","0","0","0","0","2","_6015812045620000_p_Net","0","0","0","1","0","0","0","0","0","0","1","_6015812045620000_p_odb__dbNet","0.0","0.0","0.0","8.758400000000002","8.758400000000002","","8.758400000000002","5.940000000000005","1","5.940000000000005","5.940000000000005","5.940000000000005","49.91","17.68","49.91","17.68","0","1","0","0","49.91","","17.68","","2"
"_181_","OK","152.20051000000012","0.26036065843906187","73.3545","97.95400000000001","6.295000000000002","24.17800000000001","60.946000000000026","76.502","70.207","110.043","85.865","0","27.97","26.684999999999995","53.36999999999999","3.7536","0","0","0","0","2","0","0","30.473000000000013","0","0","0","0","0","3","_d815812045620000_p_Net","0","0","0","1","0","0","0","0","0","0","2","_d815812045620000_p_odb__dbNet","0.0","0.0","0.0","11.2608","8.1328","3.1279999999999997","16.2656","26.684999999999988","2","25.39999999999999","27.97","27.97","75.67","88.4","70.38","85.68","0","0","1","1","73.025","2.645000000000003","87.04","1.3599999999999994","3"
"_182_","OK","342.5265900000002","0.38805116121211586","70.36449999999999","73.495","11.52900000000001","29.709999999999994","82.47800000000001","76.129","64.6","88.35","58.64","0","38.70000000000001","23.964285714285722","167.75000000000006","11.2608","0","0","0","0","7","0","0","41.239000000000004","0","0","0","0","0","8","_5016812045620000_p_Net","0","1","0","1","0","0","0","0","0","0","7","_5016812045620000_p_odb__dbNet","3.7536","0.0","0.0","7.5072","4.289828571428571","1.3134863855015622","30.028799999999997","23.18714285714286","7","22.760000000000005","38.70000000000001","38.70000000000001","73.83","88.4","64.17","58.48","1","2","3","1","68.80285714285715","3.491216383545238","69.36","10.782419553540452","8"
"_183_","OK","3.70336","0.5444785273985908","74.50999999999999","48.855999999999995","1.4200000000000017","2.607999999999997","8.055999999999997","75.22","73.8","50.16","47.552","0","5.709999999999994","5.709999999999994","5.709999999999994","10.0096","0","0","0","0","1","0","0","4.027999999999999","0","0","0","0","0","2","_c816812045620000_p_Net","0","0","0","1","0","0","0","0","0","0","1","_c816812045620000_p_odb__dbNet","0.0","0.0","0.0","3.7536","3.7536","","3.7536","5.709999999999994","1","5.709999999999994","5.709999999999994","5.709999999999994","73.37","50.32","73.37","50.32","0","1","0","0","73.37","","50.32","","2"
"_184_","OK","0.33091999999993427","0.004835005438795724","75.2","54.5035","0.03999999999999204","8.273000000000003","16.62599999999999","75.22","75.18","58.64","50.367","0","9.769999999999996","9.769999999999996","9.769999999999996","10.0096","0","0","0","0","1","0","0","8.312999999999995","0","0","0","0","0","2","_4017812045620000_p_Net","0","0","0","1","0","0","0","0","0","0","1","_4017812045620000_p_odb__dbNet","0.0","0.0","0.0","3.7536","3.7536","","3.7536","9.769999999999996","1","9.769999999999996","9.769999999999996","9.769999999999996","74.75","58.48","74.75","58.48","0","1","0","0","74.75","","58.48","","2"
"_185_","OK","10.61823999999998","0.33286118974276435","66.92","55.816","1.8799999999999955","5.648000000000003","15.055999999999997","67.86","65.98","58.64","52.992","0","8.89","8.89","8.89","10.0096","0","0","0","0","1","0","0","7.527999999999999","0","0","0","0","0","2","_b817812045620000_p_Net","0","0","0","1","0","0","0","0","0","0","1","_b817812045620000_p_odb__dbNet","0.0","0.0","0.0","3.7536","3.7536","","3.7536","8.89","1","8.89","8.89","8.89","65.55","58.48","65.55","58.48","0","1","0","0","65.55","","58.48","","2"
"_186_","OK","12.975139999999968","1.616660783050947","66.03","57.2235","4.579999999999991","2.8329999999999984","14.82599999999998","68.32","63.74","58.64","55.807","0","8.009999999999991","8.009999999999991","8.009999999999991","10.0096","0","0","0","0","1","0","0","7.41299999999999","0","0","0","0","0","2","_3018812045620000_p_Net","0","0","0","1","0","0","0","0","0","0","1","_3018812045620000_p_odb__dbNet","0.0","0.0","0.0","3.7536","3.7536","","3.7536","8.009999999999991","1","8.009999999999991","8.009999999999991","8.009999999999991","64.17","58.48","64.17","58.48","0","1","0","0","64.17","","58.48","","2"
"_187_","OK","2.6159999999999997","0.0955657492172084","68.55","72.136","0.5","5.231999999999999","11.463999999999999","68.8","68.3","74.752","69.52","0","7.510000000000005","7.510000000000005","7.510000000000005","10.0096","0","0","0","0","1","0","0","5.731999999999999","0","0","0","0","0","2","_a818812045620000_p_Net","0","0","0","1","0","0","0","0","0","0","1","_a818812045620000_p_odb__dbNet","0.0","0.0","0.0","3.7536","3.7536","","3.7536","7.510000000000005","1","7.510000000000005","7.510000000000005","7.510000000000005","69.23","69.36","69.23","69.36","0","0","0","1","69.23","","69.36","","2"
"_188_","OK","0.1987199999999926","4.637681137016146","74.74000000000001","77.4635","0.9599999999999937","0.20699999999999363","2.3339999999999748","75.22","74.26","77.567","77.36","0","2.530000000000001","2.530000000000001","2.530000000000001","10.0096","0","0","0","0","1","0","0","1.1669999999999874","0","0","0","0","0","2","_2019812045620000_p_Net","0","0","0","1","0","0","0","0","0","0","1","_2019812045620000_p_odb__dbNet","0.0","0.0","0.0","3.7536","3.7536","","3.7536","2.530000000000001","1","2.530000000000001","2.530000000000001","2.530000000000001","73.83","77.52","73.83","77.52","0","1","0","0","73.83","","77.52","","2"
"_189_","OK","10.538759999999991","1.313095657849243","72.44","73.5435","3.719999999999999","2.8329999999999984","13.105999999999995","74.3","70.58","74.96","72.127","0","8.009999999999991","8.009999999999991","8.009999999999991","10.0096","0","0","0","0","1","0","0","6.552999999999997","0","0","0","0","0","2","_9819812045620000_p_Net","0","0","0","1","0","0","0","0","0","0","1","_9819812045620000_p_odb__dbNet","0.0","0.0","0.0","3.7536","3.7536","","3.7536","8.009999999999991","1","8.009999999999991","8.009999999999991","8.009999999999991","70.15","74.8","70.15","74.8","0","1","0","0","70.15","","74.8","","2"
"_190_","OK","22.04312600000002","0.7767974468224533","73.151","91.2235","4.138000000000005","5.326999999999998","18.930000000000007","75.22","71.082","93.887","88.56","0","11.420000000000002","11.420000000000002","11.420000000000002","10.0096","0","0","0","0","1","0","0","9.465000000000003","0","0","0","0","0","2","_101a812045620000_p_Net","0","0","0","1","0","0","0","0","0","0","1","_101a812045620000_p_odb__dbNet","0.0","0.0","0.0","5.0048","5.0048","","5.0048","11.420000000000002","1","11.420000000000002","11.420000000000002","11.420000000000002","70.38","88.4","70.38","88.4","0","0","1","0","70.38","","88.4","","2"
"_191_","OK","88.67232000000001","0.4527331189387112","73.964","40.7975","6.3359999999999985","13.995000000000005","40.662000000000006","77.132","70.796","47.795","33.8","0","14.29","10.134999999999994","20.26999999999999","6.256","0","0","0","0","2","0","0","20.331000000000003","0","0","0","0","0","3","_881a812045620000_p_Net","0","0","0","1","0","0","0","0","0","0","2","_881a812045620000_p_odb__dbNet","0.0","0.0","0.0","10.0096","9.384","0.6255999999999995","18.768","10.134999999999991","2","5.97999999999999","14.29","14.29","76.13","47.6","70.84","34.0","0","1","0","1","73.485","2.644999999999996","40.8","6.800000000000001","3"
"_192_","OK","1.0817509999999972","0.20682116300532488","68.05850000000001","37.936499999999995","0.472999999999999","2.286999999999999","5.519999999999996","68.295","67.822","39.08","36.793","0","2.950000000000003","2.950000000000003","2.950000000000003","6.256","0","0","0","0","1","0","0","2.759999999999998","0","0","0","0","0","2","_001b812045620000_p_Net","0","0","0","1","0","0","0","0","0","0","1","_001b812045620000_p_odb__dbNet","0.0","0.0","0.0","5.0048","5.0048","","5.0048","2.950000000000003","1","2.950000000000003","2.950000000000003","2.950000000000003","69.0","39.44","69.0","39.44","1","0","0","0","69.0","","39.44","","2"
"_193_","OK","22.268010000000015","0.04681338835181969","69.8255","36.897","1.0210000000000008","21.81","45.662","70.336","69.315","47.802","25.992","0","22.910000000000007","18.6","37.2","6.256","0","0","0","0","2","0","0","22.831","0","0","0","0","0","3","_781b812045620000_p_Net","0","0","0","1","0","0","0","0","0","0","2","_781b812045620000_p_odb__dbNet","0.0","0.0","0.0","10.0096","7.507200000000001","2.5024","15.014400000000002","17.91","2","14.289999999999996","22.910000000000007","22.910000000000007","70.84","47.6","69.0","39.44","1","1","0","0","69.92","0.9200000000000017","43.519999999999996","4.080000000000002","3"
"_194_","OK","106.58163199999996","0.5339750848999166","72.255","40.731","7.543999999999997","14.128","43.343999999999994","76.027","68.483","47.795","33.667","0","16.130000000000003","11.974999999999998","23.949999999999996","3.7536","0","0","0","0","2","0","0","21.671999999999997","0","0","0","0","0","3","_f01b812045620000_p_Net","0","0","0","1","0","0","0","0","0","0","2","_f01b812045620000_p_odb__dbNet","0.0","0.0","0.0","10.0096","9.384","0.6255999999999995","18.768","11.974999999999994","2","7.819999999999993","16.130000000000003","16.130000000000003","76.13","47.6","70.84","34.0","0","1","0","1","73.485","2.644999999999996","40.8","6.800000000000001","3"
"_195_","OK","4.224272000000005","0.7382943140726229","67.71799999999999","38.086","1.7660000000000053","2.391999999999996","8.316000000000003","68.601","66.835","39.282","36.89","0","5.480000000000004","5.480000000000004","5.480000000000004","5.0048","0","0","0","0","1","0","0","4.158000000000001","0","0","0","0","0","2","_681c812045620000_p_Net","0","0","0","1","0","0","0","0","0","0","1","_681c812045620000_p_odb__dbNet","0.0","0.0","0.0","7.5072","7.5072","","7.5072","5.480000000000004","1","5.480000000000004","5.480000000000004","5.480000000000004","66.24","36.72","66.24","36.72","0","0","1","0","66.24","","36.72","","2"
"_196_","OK","25.912454000000018","0.8373179937376741","73.826","36.4685","4.658000000000001","5.563000000000002","20.442000000000007","76.155","71.497","39.25","33.687","0","10.72999999999999","10.72999999999999","10.72999999999999","8.758400000000002","0","0","0","0","1","0","0","10.221000000000004","0","0","0","0","0","2","_e01c812045620000_p_Net","0","1","0","1","0","0","0","0","0","0","1","_e01c812045620000_p_odb__dbNet","5.0048","0.0","0.0","5.0048","5.0048","","5.0048","10.72999999999999","1","10.72999999999999","10.72999999999999","10.72999999999999","70.84","39.44","70.84","39.44","0","1","0","0","70.84","","39.44","","2"
"_197_","OK","14.998999999999972","3.337264149369217","67.1045","37.825","7.074999999999996","2.1199999999999974","18.389999999999986","70.642","63.567","38.885","36.765","0","10.310000000000002","10.310000000000002","10.310000000000002","5.0048","0","0","0","0","1","0","0","9.194999999999993","0","0","0","0","0","2","_581d812045620000_p_Net","0","0","0","1","0","0","0","0","0","0","1","_581d812045620000_p_odb__dbNet","0.0","0.0","0.0","6.256","6.256","","6.256","10.310000000000002","1","10.310000000000002","10.310000000000002","10.310000000000002","63.25","39.44","63.25","39.44","0","1","0","0","63.25","","39.44","","2"
"_198_","OK","4.695126000000011","0.5548298382417239","69.072","46.144499999999994","1.6140000000000043","2.908999999999999","9.046000000000006","69.879","68.265","47.599","44.69","0","5.710000000000008","5.710000000000008","5.710000000000008","10.0096","0","0","0","0","1","0","0","4.523000000000003","0","0","0","0","0","2","_d01d812045620000_p_Net","0","1","0","1","0","0","0","0","0","0","1","_d01d812045620000_p_odb__dbNet","3.7536","0.0","0.0","3.7536","3.7536","","3.7536","5.710000000000008","1","5.710000000000008","5.710000000000008","5.710000000000008","67.85","44.88","67.85","44.88","0","0","1","0","67.85","","44.88","","2"
"_199_","OK","8.124719999999995","1.042263609941886","64.087","37.897999999999996","2.9100000000000037","2.7919999999999945","11.403999999999996","65.542","62.632","39.294","36.502","0","5.709999999999994","5.709999999999994","5.709999999999994","6.256","0","0","0","0","1","0","0","5.701999999999998","0","0","0","0","0","2","_481e812045620000_p_Net","0","0","0","1","0","0","0","0","0","0","1","_481e812045620000_p_odb__dbNet","0.0","0.0","0.0","7.5072","7.5072","","7.5072","5.709999999999994","1","5.709999999999994","5.709999999999994","5.709999999999994","66.24","36.72","66.24","36.72","0","0","0","1","66.24","","36.72","","2"
"_200_","OK","148.1992750000001","0.4079009495615185","63.0245","16.3825","7.775000000000006","19.061","53.67200000000001","66.912","59.137","25.913","6.852","0","21.65","18.095","72.38","6.256","0","0","0","0","4","0","0","26.836000000000006","0","0","0","0","0","5","_c01e812045620000_p_Net","0","0","0","1","0","0","0","0","0","0","4","_c01e812045620000_p_odb__dbNet","0.0","0.0","0.0","7.5072","5.6304","1.0835709852150894","22.5216","18.095000000000006","4","19.35","21.65","21.65","66.24","20.4","60.72","6.8","0","1","1","2","63.365","2.0149627788125497","12.92","4.856171331409137","5"
"_201_","OK","2.8834079999999536","0.024171397177790186","60.189","12.061","0.2639999999999958","10.921999999999999","22.37199999999999","60.321","60.057","17.522","6.6","0","10.879999999999999","10.879999999999999","10.879999999999999","5.0048","0","0","0","0","1","0","0","11.185999999999995","0","0","0","0","0","2","_381f812045620000_p_Net","0","0","0","1","0","0","0","0","0","0","1","_381f812045620000_p_odb__dbNet","0.0","0.0","0.0","5.0048","5.0048","","5.0048","10.879999999999999","1","10.879999999999999","10.879999999999999","10.879999999999999","60.72","6.8","60.72","6.8","0","0","0","1","60.72","","6.8","","2"
"_202_","OK","0.023772000000000834","165.08331957638333","64.8505","12.076","1.9809999999999945","0.012000000000000455","3.98599999999999","65.841","63.86","12.082","12.07","0","2.299999999999997","2.299999999999997","2.299999999999997","5.0048","0","0","0","0","1","0","0","1.992999999999995","0","0","0","0","0","2","_b01f812045620000_p_Net","0","0","0","1","0","0","0","0","0","0","1","_b01f812045620000_p_odb__dbNet","0.0","0.0","0.0","7.5072","7.5072","","7.5072","2.299999999999997","1","2.299999999999997","2.299999999999997","2.299999999999997","63.94","12.24","63.94","12.24","0","1","0","0","63.94","","12.24","","2"
"_203_","OK","5.304812000000002","0.8440366969110338","61.103","21.811500000000002","2.1159999999999997","2.5070000000000014","9.246000000000002","62.161","60.045","23.065","20.558","0","5.940000000000001","5.940000000000001","5.940000000000001","5.0048","0","0","0","0","1","0","0","4.623000000000001","0","0","0","0","0","2","_2820812045620000_p_Net","0","0","0","1","0","0","0","0","0","0","1","_2820812045620000_p_odb__dbNet","0.0","0.0","0.0","7.5072","7.5072","","7.5072","5.940000000000001","1","5.940000000000001","5.940000000000001","5.940000000000001","59.34","23.12","59.34","23.12","0","1","0","0","59.34","","23.12","","2"
"_204_","OK","0.1179520000000013","5.105263124307467","59.007999999999996","47.684","0.7760000000000034","0.15200000000000102","1.8560000000000088","59.396","58.62","47.76","47.608","0","1.3800000000000026","1.3800000000000026","1.3800000000000026","3.7536","0","0","0","0","1","0","0","0.9280000000000044","0","0","0","0","0","2","_a020812045620000_p_Net","0","0","0","1","0","0","0","0","0","0","1","_a020812045620000_p_odb__dbNet","0.0","0.0","0.0","3.7536","3.7536","","3.7536","1.3800000000000026","1","1.3800000000000026","1.3800000000000026","1.3800000000000026","58.19","47.6","58.19","47.6","0","0","1","0","58.19","","47.6","","2"
"_205_","OK","1.6995200000000015","0.06025230652226473","57.599999999999994","50.415499999999994","0.3200000000000003","5.311","11.262","57.76","57.44","53.071","47.76","0","6.589999999999996","6.589999999999996","6.589999999999996","5.0048","0","0","0","0","1","0","0","5.631","0","0","0","0","0","2","_1821812045620000_p_Net","0","0","0","1","0","0","0","0","0","0","1","_1821812045620000_p_odb__dbNet","0.0","0.0","0.0","3.7536","3.7536","","3.7536","6.589999999999996","1","6.589999999999996","6.589999999999996","6.589999999999996","58.19","47.6","58.19","47.6","0","0","0","1","58.19","","47.6","","2"
"_206_","OK","5.665440000000041","0.20321969693120975","65.8125","91.047","1.0730000000000075","5.280000000000001","12.706000000000017","66.349","65.276","93.687","88.407","0","6.590000000000003","6.590000000000003","6.590000000000003","6.256","0","0","0","0","1","0","0","6.353000000000009","0","0","0","0","0","2","_9021812045620000_p_Net","0","0","0","1","0","0","0","0","0","0","1","_9021812045620000_p_odb__dbNet","0.0","0.0","0.0","7.5072","7.5072","","7.5072","6.590000000000003","1","6.590000000000003","6.590000000000003","6.590000000000003","65.78","88.4","65.78","88.4","0","0","1","0","65.78","","88.4","","2"
"_207_","OK","295.0022400000001","0.23172645739260875","34.694","87.03999999999999","8.268000000000004","35.67999999999999","87.89599999999999","38.828","30.56","104.88","69.2","0","35.21000000000001","23.174","115.87","16.265600000000003","0","0","0","0","5","0","0","43.94799999999999","0","0","0","0","0","6","_0822812045620000_p_Net","0","0","0","1","0","0","0","0","0","0","5","_0822812045620000_p_odb__dbNet","0.0","0.0","0.0","10.0096","6.506240000000001","2.00192","32.531200000000005","20.997999999999998","5","19.849999999999998","35.21000000000001","35.21000000000001","32.66","104.72","28.98","69.36","0","3","2","0","31.095999999999997","1.4133308176078236","85.13600000000001","13.033313623173504","6"
"_208_","OK","25.506324000000003","0.9138746922366313","32.129","74.70849999999999","4.827999999999999","5.283000000000001","20.222","34.543","29.715","77.35","72.067","0","8.239999999999995","7.549999999999996","22.649999999999988","6.256","0","0","0","0","3","0","0","10.111","0","0","0","0","0","4","_8022812045620000_p_Net","0","0","0","1","0","0","0","0","0","0","3","_8022812045620000_p_odb__dbNet","0.0","0.0","0.0","6.256","5.0048","1.021600522056771","15.0144","5.736666666666665","3","8.239999999999995","8.239999999999995","8.239999999999995","31.74","77.52","29.67","72.08","0","1","2","0","30.36","0.9758073580374341","73.89333333333333","2.5644405931032113","4"
"_209_","OK","10.678863999999981","1.5833654210306682","30.776","70.66149999999999","4.112000000000002","2.596999999999994","13.417999999999992","32.832","28.72","71.96","69.363","0","5.709999999999994","4.904999999999998","9.809999999999995","6.256","0","0","0","0","2","0","0","6.708999999999996","0","0","0","0","0","3","_f822812045620000_p_Net","0","0","0","1","0","0","0","0","0","0","2","_f822812045620000_p_odb__dbNet","0.0","0.0","0.0","5.0048","4.3792","0.6256000000000002","8.7584","3.524999999999995","2","4.100000000000001","5.709999999999994","5.709999999999994","32.66","69.36","28.29","69.36","0","0","1","1","30.474999999999998","2.1849999999999987","69.36","0.0","3"
"_210_","OK","8.794912000000018","1.3761867083163783","29.5995","70.78399999999999","3.478999999999999","2.528000000000006","12.01400000000001","31.339","27.86","72.048","69.52","0","6.169999999999998","6.169999999999998","6.169999999999998","5.0048","0","0","0","0","1","0","0","6.007000000000005","0","0","0","0","0","2","_7023812045620000_p_Net","0","0","0","1","0","0","0","0","0","0","1","_7023812045620000_p_odb__dbNet","0.0","0.0","0.0","3.7536","3.7536","","3.7536","6.169999999999998","1","6.169999999999998","6.169999999999998","6.169999999999998","28.29","69.36","28.29","69.36","0","0","1","0","28.29","","69.36","","2"
"_211_","OK","10.204739999999987","0.02921348314450433","34.958","78.865","0.5459999999999994","18.689999999999998","38.471999999999994","35.231","34.685","88.21","69.52","0","12.720000000000006","11.36","22.72","16.265600000000003","0","0","0","0","2","0","0","19.235999999999997","0","0","0","0","0","3","_e823812045620000_p_Net","0","1","0","1","0","0","0","0","0","0","2","_e823812045620000_p_odb__dbNet","3.7536","0.0","0.0","3.7536","3.7536","0.0","7.5072","3.1999999999999957","2","9.999999999999993","12.720000000000006","12.720000000000006","34.27","88.4","34.27","69.36","0","1","1","0","34.27","0.0","78.88","9.520000000000003","3"
"_212_","OK","0.20394899999998567","12.255813858482973","33.0495","69.4555","1.581000000000003","0.12899999999999068","3.4199999999999875","33.84","32.259","69.52","69.391","0","1.6100000000000065","1.6100000000000065","1.6100000000000065","5.0048","0","0","0","0","1","0","0","1.7099999999999937","0","0","0","0","0","2","_6024812045620000_p_Net","0","0","0","1","0","0","0","0","0","0","1","_6024812045620000_p_odb__dbNet","0.0","0.0","0.0","3.7536","3.7536","","3.7536","1.6100000000000065","1","1.6100000000000065","1.6100000000000065","1.6100000000000065","34.27","69.36","34.27","69.36","0","0","0","1","34.27","","69.36","","2"
"_213_","OK","10.3518","0.3961267604858915","29.2875","107.244","2.025000000000002","5.111999999999995","14.273999999999994","30.3","28.275","109.8","104.688","0","6.359999999999996","6.359999999999996","6.359999999999996","5.0048","0","0","0","0","1","0","0","7.136999999999997","0","0","0","0","0","2","_d824812045620000_p_Net","0","0","0","1","0","0","0","0","0","0","1","_d824812045620000_p_odb__dbNet","0.0","0.0","0.0","5.0048","5.0048","","5.0048","6.359999999999996","1","6.359999999999996","6.359999999999996","6.359999999999996","28.98","110.16","28.98","110.16","0","1","0","0","28.98","","110.16","","2"
"_214_","OK","9.67919999999999","1.1047297293565135","30.830000000000002","89.695","3.270000000000003","2.9599999999999937","12.459999999999994","32.465","29.195","91.175","88.215","0","2.9899999999999984","2.9700000000000006","5.940000000000001","6.256","0","0","0","0","2","0","0","6.229999999999997","0","0","0","0","0","3","_5025812045620000_p_Net","0","0","0","1","0","0","0","0","0","0","2","_5025812045620000_p_odb__dbNet","0.0","0.0","0.0","10.0096","8.7584","1.2512000000000003","17.5168","2.739999999999995","2","2.950000000000003","2.9899999999999984","2.9899999999999984","32.2","91.12","28.98","88.4","1","0","1","0","30.590000000000003","1.6100000000000012","89.76","1.3599999999999994","3"
"_215_","OK","1.419008000000003","0.04618437668299036","32.133","93.9465","0.2560000000000002","5.543000000000006","11.598000000000013","32.261","32.005","96.718","91.175","0","5.8999999999999915","5.8999999999999915","5.8999999999999915","5.0048","0","0","0","0","1","0","0","5.799000000000007","0","0","0","0","0","2","_c825812045620000_p_Net","0","0","0","1","0","0","0","0","0","0","1","_c825812045620000_p_odb__dbNet","0.0","0.0","0.0","7.5072","7.5072","","7.5072","5.8999999999999915","1","5.8999999999999915","5.8999999999999915","5.8999999999999915","32.2","91.12","32.2","91.12","0","0","0","1","32.2","","91.12","","2"
"_216_","OK","1.2217559999999947","0.010451350350494656","29.6385","82.809","0.11299999999999955","10.811999999999998","21.849999999999994","29.695","29.582","88.215","77.403","0","11.570000000000011","11.570000000000011","11.570000000000011","3.7536","0","0","0","0","1","0","0","10.924999999999997","0","0","0","0","0","2","_4026812045620000_p_Net","0","0","0","1","0","0","0","0","0","0","1","_4026812045620000_p_odb__dbNet","0.0","0.0","0.0","10.0096","10.0096","","10.0096","11.570000000000011","1","11.570000000000011","11.570000000000011","11.570000000000011","28.98","88.4","28.98","88.4","0","1","0","0","28.98","","88.4","","2"
"clk","OK","8470.2722","0.40825465148286416","53.1275","81.60000000000001","58.805","144.04","405.69","82.53","23.725","153.62","9.58","1","","","","","0","0","0","0","108","1","0","202.845","0","1","0","0","0","108","_b826812045620000_p_Net","0","0","0","1","0","0","0","0","1","0","108","_b826812045620000_p_odb__dbNet","0.0","0.0","0.0","30.0288","21.39783703703702","3.1021266841562403","2310.9663999999984","","108","","","","75.44","153.68","27.14","9.52","31","24","19","34","56.47990740740743","14.853009141146526","83.89185185185183","42.92592250023954","109"
"fs_ce","OK","1717.1160419999999","0.3681582569425109","51.6485","111.50200000000001","25.143","68.294","186.874","64.22","39.077","145.649","77.355","0","88.47000000000001","53.42727272727272","587.6999999999999","23.772800000000004","0","0","1","0","11","0","0","93.437","0","0","1","0","0","12","_3027812045620000_p_Net","0","1","0","1","0","0","0","1","0","0","11","_3027812045620000_p_odb__dbNet","7.5072","0.0","3.7536","30.0288","11.033309090909093","9.222505022887766","121.36640000000001","53.050909090909094","11","46.09000000000001","87.36000000000001","88.47000000000001","63.94","123.76","39.79","77.52","2","0","4","5","52.58636363636364","8.643879887187943","101.75272727272727","13.348147362706516","12"
"i_rx_phy.bit_cnt[0]","OK","15.115454999999978","0.35394032129243364","42.7565","49.932500000000005","2.3129999999999953","6.535000000000004","17.695999999999998","43.913","41.6","53.2","46.665","0","5.25","4.330000000000002","8.660000000000004","20.0192","0","0","1","0","2","0","0","8.847999999999999","1","0","0","0","0","3","_a827812045620000_p_Net","0","0","0","1","0","0","0","0","0","0","2","_a827812045620000_p_odb__dbNet","0.0","0.0","0.0","6.256","5.0048","1.2512","10.0096","1.6100000000000065","2","3.4100000000000037","5.25","5.25","43.01","53.04","41.17","47.6","0","1","0","1","42.09","0.9199999999999982","50.32","2.719999999999999","3"
"i_rx_phy.bit_cnt[1]","OK","39.70214000000004","0.6492327364898686","36.301500000000004","51.69","5.077000000000005","7.82","25.79400000000001","38.84","33.763","55.6","47.78","0","12.109999999999996","8.545999999999998","42.72999999999999","20.0192","0","0","1","0","5","0","0","12.897000000000006","1","0","0","0","0","6","_2028812045620000_p_Net","0","0","0","1","0","0","0","0","0","0","5","_2028812045620000_p_odb__dbNet","0.0","0.0","0.0","7.5072","5.255039999999999","1.225920626468125","26.275199999999998","6.369999999999994","5","8.7","12.109999999999996","12.109999999999996","38.41","55.76","33.58","47.6","3","0","2","0","36.477999999999994","1.6813613531897293","51.952","3.6895875108201444","6"
"i_rx_phy.bit_cnt[2]","OK","4.499494999999996","0.7896941764601187","37.037499999999994","54.4065","1.884999999999998","2.3870000000000005","8.543999999999997","37.98","36.095","55.6","53.213","0","8.009999999999998","6.336666666666666","19.009999999999998","20.0192","0","0","1","0","3","0","0","4.2719999999999985","1","0","0","0","0","4","_9828812045620000_p_Net","0","0","0","1","0","0","0","0","0","0","3","_9828812045620000_p_odb__dbNet","0.0","0.0","0.0","5.0048","4.587733333333333","0.5898213364137389","13.763200000000001","6.336666666666666","3","6.399999999999999","8.009999999999998","8.009999999999998","38.41","55.76","36.8","53.04","1","1","0","1","37.64333333333333","0.6595116038066012","54.85333333333333","1.2822202965516056","4"
"i_rx_phy.bit_stuff_err","OK","3.6052460000000215","0.6332774515367641","50.5175","76.15299999999999","1.5110000000000028","2.38600000000001","7.794000000000025","51.273","49.762","77.346","74.96","0","5.249999999999993","5.249999999999993","5.249999999999993","20.0192","0","0","1","0","1","0","0","3.8970000000000127","0","0","0","0","0","2","_1029812045620000_p_Net","0","0","0","1","0","0","0","0","0","0","1","_1029812045620000_p_odb__dbNet","0.0","0.0","0.0","11.2608","11.2608","","11.2608","5.249999999999993","1","5.249999999999993","5.249999999999993","5.249999999999993","50.37","74.8","50.37","74.8","0","0","1","0","50.37","","74.8","","2"
"i_rx_phy.byte_err","OK","0.03044600000001223","180.1538322957865","47.384","74.9665","2.3419999999999987","0.01300000000000523","4.710000000000008","48.555","46.213","74.973","74.96","0","7.589999999999996","7.589999999999996","7.589999999999996","20.0192","0","0","1","0","1","0","0","2.355000000000004","0","0","0","0","0","2","_8829812045620000_p_Net","0","0","0","1","0","0","0","0","0","0","1","_8829812045620000_p_odb__dbNet","0.0","0.0","0.0","11.2608","11.2608","","11.2608","7.589999999999996","1","7.589999999999996","7.589999999999996","7.589999999999996","50.37","74.8","50.37","74.8","0","0","0","1","50.37","","74.8","","2"
"i_rx_phy.dpll_state[0]","OK","19.96881600000002","0.10413056036220886","55.67400000000001","138.769","1.4420000000000002","13.848000000000013","30.580000000000027","56.395","54.953","145.693","131.845","0","17.740000000000016","11.285000000000007","22.570000000000014","20.0192","0","0","1","0","2","0","0","15.290000000000013","1","0","0","0","0","3","_002a812045620000_p_Net","0","0","0","1","0","0","0","0","0","0","2","_002a812045620000_p_odb__dbNet","0.0","0.0","0.0","6.256","5.6304","0.6255999999999999","11.2608","11.285000000000004","2","4.829999999999998","17.740000000000016","17.740000000000016","56.35","145.52","55.66","131.92","1","0","1","0","56.004999999999995","0.3450000000000024","138.72","6.800000000000011","3"
"i_rx_phy.dpll_state[1]","OK","63.43059299999998","0.348402875539287","51.2975","135.8935","4.7010000000000005","13.492999999999995","36.38799999999999","53.648","48.947","142.64","129.147","0","14.29000000000002","9.445000000000011","18.890000000000022","20.0192","0","0","1","0","2","0","0","18.193999999999996","1","0","0","0","0","3","_782a812045620000_p_Net","0","0","0","1","0","0","0","0","0","0","2","_782a812045620000_p_odb__dbNet","0.0","0.0","0.0","5.0048","4.3792","0.6256000000000002","8.7584","8.75500000000001","2","4.600000000000001","14.29000000000002","14.29000000000002","53.82","142.8","48.53","129.2","0","1","0","1","51.175","2.6449999999999996","136.0","6.800000000000011","3"
"i_rx_phy.dpll_state[2]","OK","76.91721299999996","0.21993476283514604","56.5765","138.71550000000002","4.1129999999999995","18.700999999999993","45.627999999999986","58.633","54.52","148.066","129.365","0","21.11000000000002","20.765000000000022","41.530000000000044","20.0192","0","0","1","0","2","0","0","22.813999999999993","1","0","0","0","0","3","_f02a812045620000_p_Net","0","0","0","1","0","0","0","1","0","0","2","_f02a812045620000_p_odb__dbNet","0.0","0.0","3.7536","5.0048","4.3792","0.6256000000000002","8.7584","19.38500000000002","2","20.420000000000023","21.11000000000002","21.11000000000002","57.27","129.2","53.82","129.2","0","0","1","1","55.545","1.7250000000000014","129.2","0.0","3"
"i_rx_phy.dpll_state[3]","OK","1.5153600000000114","0.14085365849364312","53.344","127.76","0.4620000000000033","3.280000000000001","7.484000000000009","53.575","53.113","129.4","126.12","0","6.859999999999985","5.729999999999993","11.459999999999987","20.0192","0","0","1","0","2","0","0","3.7420000000000044","1","0","0","0","0","3","_682b812045620000_p_Net","0","0","0","1","0","0","0","0","0","0","2","_682b812045620000_p_odb__dbNet","0.0","0.0","0.0","5.0048","5.0048","0.0","10.0096","5.729999999999997","2","4.600000000000001","6.859999999999985","6.859999999999985","54.28","129.2","53.82","126.48","1","0","0","1","54.05","0.23000000000000043","127.84","1.3599999999999923","3"
"i_rx_phy.fs_ce_d","OK","5.007887999999975","0.7923627681812475","52.701","130.473","1.9920000000000044","2.5139999999999816","9.011999999999972","53.697","51.705","131.73","129.216","0","5.25","5.25","5.25","5.0048","0","0","0","0","1","0","0","4.505999999999986","0","0","1","0","0","2","_e02b812045620000_p_Net","0","1","0","1","0","0","0","0","0","0","1","_e02b812045620000_p_odb__dbNet","3.7536","0.0","0.0","3.7536","3.7536","","3.7536","5.25","1","5.25","5.25","5.25","51.29","131.92","51.29","131.92","0","1","0","0","51.29","","131.92","","2"
"i_rx_phy.fs_ce_r1","OK","0.007027999999983641","439.2498901885524","57.2115","142.628","1.757000000000005","0.003999999999990678","3.5219999999999914","58.09","56.333","142.63","142.626","0","7.359999999999999","7.359999999999999","7.359999999999999","20.0192","0","0","1","0","1","0","0","1.7609999999999957","0","0","1","1","0","2","_582c812045620000_p_Net","0","0","0","1","1","0","0","0","0","0","1","_582c812045620000_p_odb__dbNet","0.0","20.0192","0.0","20.0192","20.0192","","20.0192","7.359999999999999","1","7.359999999999999","7.359999999999999","7.359999999999999","60.26","142.8","60.26","142.8","1","0","0","0","60.26","","142.8","","2"
"i_rx_phy.fs_ce_r2","OK","2.7936629999999787","0.33471789534970126","64.1765","144.07049999999998","0.9669999999999987","2.8889999999999816","7.711999999999961","64.66","63.693","145.515","142.626","0","4.329999999999998","4.329999999999998","4.329999999999998","20.0192","0","0","1","0","1","0","0","3.8559999999999803","0","0","1","1","0","2","_d02c812045620000_p_Net","0","0","0","1","1","0","0","0","0","0","1","_d02c812045620000_p_odb__dbNet","0.0","23.772800000000004","0.0","23.772800000000004","23.772800000000004","","23.772800000000004","4.329999999999998","1","4.329999999999998","4.329999999999998","4.329999999999998","61.87","145.52","61.87","145.52","0","1","0","0","61.87","","145.52","","2"
"i_rx_phy.fs_state[0]","OK","231.86701999999997","0.15671389574530833","36.373999999999995","126.6195","6.027999999999999","38.465","88.986","39.388","33.36","145.852","107.387","0","39.69000000000001","17.375000000000004","69.50000000000001","20.0192","0","0","1","0","4","0","0","44.493","1","0","0","0","0","5","_482d812045620000_p_Net","0","0","0","1","0","0","0","0","0","0","4","_482d812045620000_p_odb__dbNet","0.0","0.0","0.0","8.758400000000002","6.881600000000001","1.398884126723869","27.526400000000002","16.570000000000007","4","9.769999999999996","39.69000000000001","39.69000000000001","39.56","145.52","33.35","107.44","0","1","0","3","36.57","2.200079544016534","122.4","14.198816852118354","5"
"i_rx_phy.fs_state[1]","OK","204.38504100000023","0.5527588537858047","31.7055","125.3575","10.629000000000005","19.229000000000013","59.71600000000004","37.02","26.391","134.972","115.743","0","23.449999999999992","13.511999999999995","67.55999999999997","20.0192","0","0","1","0","5","0","0","29.85800000000002","1","0","0","0","0","6","_c02d812045620000_p_Net","0","0","0","1","0","0","0","0","0","0","5","_c02d812045620000_p_odb__dbNet","0.0","0.0","0.0","10.0096","7.5072","1.7694640092412168","37.536","10.583999999999978","5","10.999999999999996","23.449999999999992","23.449999999999992","37.72","134.64","24.84","115.6","2","1","0","2","34.04","4.738223295709057","125.936","6.750862463419021","6"
"i_rx_phy.fs_state[2]","OK","159.32514","0.22444919865538956","34.900999999999996","129.1455","5.979999999999997","26.643000000000015","65.24600000000002","37.891","31.911","142.467","115.824","0","19.809999999999995","12.399999999999997","61.999999999999986","20.0192","0","0","1","0","5","0","0","32.62300000000001","1","0","0","0","0","6","_382e812045620000_p_Net","0","0","0","1","0","0","0","0","0","0","5","_382e812045620000_p_odb__dbNet","0.0","0.0","0.0","10.0096","7.5072","1.7694640092412168","37.536","6.959999999999958","5","14.59999999999998","19.809999999999995","19.809999999999995","37.72","142.8","30.36","115.6","1","1","1","2","35.144","2.648098185490862","127.02400000000003","9.167650953215883","6"
"i_rx_phy.fs_state[3]","OK","252.0156339999999","0.2695490074150652","34.260999999999996","130.5635","8.241999999999997","30.576999999999998","77.63799999999999","38.382","30.14","145.852","115.275","0","25.170000000000005","12.024","60.12","20.0192","0","0","1","0","5","0","0","38.818999999999996","1","0","0","0","0","6","_4056812045620000_p_Net","0","0","0","1","0","0","0","0","0","0","5","_4056812045620000_p_odb__dbNet","0.0","0.0","0.0","10.0096","7.5072","1.7694640092412168","37.536","9.572000000000024","5","11.190000000000012","25.170000000000005","25.170000000000005","37.72","145.52","30.13","115.6","0","1","1","3","34.408","3.2416131786504074","127.02400000000003","10.235298920891372","6"
"i_rx_phy.fs_state[4]","OK","2.003760000000009","0.06758494029980122","41.888999999999996","145.3325","0.3680000000000021","5.444999999999993","11.62599999999999","42.073","41.705","148.055","142.61","0","7.780000000000001","6.745000000000001","13.490000000000002","20.0192","0","0","1","0","2","0","0","5.812999999999995","1","0","0","0","0","3","_b856812045620000_p_Net","0","1","0","1","0","0","0","0","0","0","2","_b856812045620000_p_odb__dbNet","3.7536","0.0","0.0","27.5264","15.639999999999999","11.8864","31.279999999999998","4.025000000000006","2","5.710000000000001","7.780000000000001","7.780000000000001","43.7","148.24","41.63","142.8","1","0","1","0","42.665000000000006","1.0350000000000001","145.52","2.719999999999999","3"
"i_rx_phy.fs_state[5]","OK","140.3156999999999","1.1810091742035782","37.5515","129.375","12.873000000000001","10.899999999999991","47.545999999999985","43.988","31.115","134.825","123.925","0","19.619999999999983","10.269999999999989","41.079999999999956","20.0192","0","0","1","0","4","0","0","23.772999999999993","1","0","0","0","0","5","_3057812045620000_p_Net","0","0","0","1","0","0","0","1","0","0","4","_3057812045620000_p_odb__dbNet","0.0","0.0","3.7536","10.0096","6.8816","2.579414879386409","27.5264","7.625","4","5.289999999999999","19.619999999999983","19.619999999999983","44.16","134.64","30.82","123.76","1","1","1","1","37.375","5.169886362387474","129.2","5.439999999999991","5"
"i_rx_phy.fs_state[6]","OK","25.142850000000013","0.34612225738048596","42.14","146.87150000000003","2.950000000000003","8.522999999999996","22.945999999999998","43.615","40.665","151.133","142.61","0","10.229999999999997","9.235","18.47","20.0192","0","0","1","0","2","0","0","11.472999999999999","1","0","0","0","0","3","_a857812045620000_p_Net","0","1","0","1","0","0","0","0","0","0","2","_a857812045620000_p_odb__dbNet","3.7536","0.0","0.0","27.5264","15.639999999999999","11.8864","31.279999999999998","9.235","2","8.240000000000002","10.229999999999997","10.229999999999997","43.7","148.24","40.25","142.8","1","0","1","0","41.975","1.7250000000000014","145.52","2.719999999999999","3"
"i_rx_phy.fs_state[7]","OK","610.1410999999999","0.4200997113508239","36.855000000000004","132.095","16.009999999999998","38.11","108.24","44.86","28.85","151.15","113.04","0","38.850000000000016","23.112000000000005","115.56000000000003","20.0192","0","0","1","0","5","0","0","54.12","1","0","0","0","0","6","_2058812045620000_p_Net","0","1","0","1","0","0","0","0","0","0","5","_2058812045620000_p_odb__dbNet","3.7536","0.0","0.0","8.758400000000002","6.00576","2.2934874838114996","30.028800000000004","19.999999999999993","5","22.80000000000002","38.850000000000016","38.850000000000016","44.16","150.96","30.13","112.88","2","1","1","1","38.64","5.360529824560255","131.92000000000002","15.386643558619278","6"
"i_rx_phy.lock_en","OK","288.558114","0.09091715923654228","44.174","114.0215","5.122","56.337","122.918","46.735","41.613","142.19","85.853","0","63.790000000000006","56.473333333333336","169.42000000000002","20.0192","0","0","1","0","3","0","0","61.459","0","0","1","0","0","4","_9858812045620000_p_Net","0","1","0","1","0","0","0","0","0","0","3","_9858812045620000_p_odb__dbNet","3.7536","0.0","0.0","8.758400000000002","6.673066666666667","2.1266310718024313","20.0192","56.473333333333336","3","61.300000000000004","63.790000000000006","63.790000000000006","47.15","142.8","44.85","121.04","3","0","0","0","45.69333333333333","1.0342898798477893","134.64000000000001","9.68055094850839","4"
"i_rx_phy.one_cnt[0]","OK","32.311749999999996","0.5485342018829275","45.485","29.9925","4.210000000000001","7.674999999999997","23.769999999999996","47.59","43.38","33.83","26.155","0","11.419999999999998","7.498333333333332","44.989999999999995","20.0192","0","0","1","0","6","0","0","11.884999999999998","1","0","0","0","0","7","_1059812045620000_p_Net","0","0","0","1","0","0","0","0","0","0","6","_1059812045620000_p_odb__dbNet","0.0","0.0","0.0","8.758400000000002","6.464533333333333","1.6812494824451911","38.7872","6.591666666666665","6","6.129999999999999","11.419999999999998","11.419999999999998","48.53","34.0","43.24","25.84","1","3","1","1","45.348333333333336","1.9307979064509986","31.28","3.1407854643915645","7"
"i_rx_phy.one_cnt[1]","OK","12.92732000000002","0.4304744524761908","43.2525","31.1","2.3590000000000018","5.480000000000004","15.678000000000011","44.432","42.073","33.84","28.36","0","10.959999999999997","7.444999999999999","29.779999999999998","20.0192","0","0","1","0","4","0","0","7.839000000000006","1","0","0","0","0","5","_8859812045620000_p_Net","0","0","0","1","0","0","0","0","0","0","4","_8859812045620000_p_odb__dbNet","0.0","0.0","0.0","8.758400000000002","6.256","1.9783209042013385","25.024","7.445","4","6.210000000000001","10.959999999999997","10.959999999999997","44.85","34.0","43.24","28.56","2","1","0","1","44.045","0.5749999999999996","31.96","2.255304857441672","5"
"i_rx_phy.one_cnt[2]","OK","29.19310000000001","0.3748441925920855","42.226","32.7725","3.308","8.825000000000003","24.266000000000005","43.88","40.572","37.185","28.36","0","8.239999999999998","6.783333333333332","20.349999999999998","20.0192","0","0","1","0","3","0","0","12.133000000000003","1","0","0","0","0","4","_005a812045620000_p_Net","0","0","0","1","0","0","0","0","0","0","3","_005a812045620000_p_odb__dbNet","0.0","0.0","0.0","8.758400000000002","7.924266666666668","0.5898213364137396","23.772800000000004","4.970000000000006","3","6.82","8.239999999999998","8.239999999999998","44.16","36.72","40.02","28.56","0","1","0","2","42.70333333333334","1.8997251263157906","32.18666666666667","3.3924360306750403","4"
"i_rx_phy.rx_valid1","OK","14.655438000000032","0.26777507430822167","40.6225","87.594","1.9810000000000016","7.39800000000001","18.758000000000024","41.613","39.632","91.293","83.895","0","11.150000000000013","7.510000000000005","15.02000000000001","20.0192","0","0","1","0","2","0","0","9.379000000000012","0","0","0","0","0","3","_785a812045620000_p_Net","0","0","0","1","0","0","0","0","0","0","2","_785a812045620000_p_odb__dbNet","0.0","0.0","0.0","6.256","6.256","0.0","12.512","7.509999999999998","2","3.8699999999999974","11.150000000000013","11.150000000000013","41.17","88.4","39.33","82.96","0","1","0","1","40.25","0.9200000000000017","85.68","2.720000000000006","3"
"i_rx_phy.rx_valid_r","OK","22.496399999999948","0.7714814813386152","50.11","104.9","4.165999999999997","5.3999999999999915","19.131999999999977","52.193","48.027","107.6","102.2","0","3.8699999999999974","3.5249999999999986","7.049999999999997","20.0192","0","0","1","0","2","0","0","9.565999999999988","0","0","0","0","0","3","_f05a812045620000_p_Net","0","0","0","1","0","0","0","0","0","0","2","_f05a812045620000_p_odb__dbNet","0.0","0.0","0.0","7.5072","5.6304","1.8768","11.2608","0.34499999999999886","2","3.1799999999999997","3.8699999999999974","3.8699999999999974","49.22","107.44","47.61","102.0","0","1","1","0","48.415","0.8049999999999997","104.72","2.719999999999999","3"
"i_rx_phy.rxd_r","OK","7.020720000000044","0.8122448976829083","61.119","127.77600000000001","2.3880000000000052","2.940000000000012","10.656000000000034","62.313","59.925","129.246","126.306","0","3.4099999999999824","3.4099999999999824","3.4099999999999824","20.0192","0","0","1","0","1","0","0","5.328000000000017","0","0","0","0","0","2","_685b812045620000_p_Net","0","0","0","1","0","0","0","0","0","0","1","_685b812045620000_p_odb__dbNet","0.0","0.0","0.0","8.758400000000002","8.758400000000002","","8.758400000000002","3.4099999999999824","1","3.4099999999999824","3.4099999999999824","3.4099999999999824","59.57","129.2","59.57","129.2","0","1","0","0","59.57","","129.2","","2"
"i_rx_phy.rxd_s","OK","40.30432800000035","5.47585698286916","66.493","130.3895","14.856000000000009","2.7130000000000223","35.13800000000006","73.921","59.065","131.746","129.033","0","18.589999999999996","12.85333333333333","38.55999999999999","20.0192","0","0","1","0","3","0","0","17.56900000000003","0","0","0","0","0","4","_e05b812045620000_p_Net","0","1","0","1","0","0","0","0","0","0","3","_e05b812045620000_p_odb__dbNet","3.7536","0.0","0.0","10.0096","7.507200000000001","2.702900920615972","22.521600000000003","12.853333333333339","3","16.79","18.589999999999996","18.589999999999996","74.98","131.92","58.65","129.2","0","1","1","1","64.39999999999999","7.490611902018867","130.10666666666665","1.2822202965516056","4"
"i_rx_phy.rxd_s0","OK","44.445324000000056","0.7065943764081952","74.80799999999999","133.22050000000002","5.603999999999999","7.931000000000012","27.07000000000002","77.61","72.006","137.186","129.255","0","8.620000000000019","5.670000000000023","11.340000000000046","20.0192","0","0","1","0","2","0","0","13.53500000000001","0","0","0","1","0","3","_585c812045620000_p_Net","0","0","0","1","1","0","0","0","0","0","2","_585c812045620000_p_odb__dbNet","0.0","20.0192","0.0","20.0192","15.014400000000002","5.0048","30.028800000000004","5.670000000000016","2","2.7200000000000273","8.620000000000019","8.620000000000019","75.44","134.64","74.98","129.2","1","0","0","1","75.21000000000001","0.22999999999999687","131.92","2.719999999999999","3"
"i_rx_phy.rxd_s1","OK","19.703261999999974","0.701963004775015","73.8655","132.164","3.718999999999994","5.298000000000002","18.033999999999992","75.725","72.006","134.813","129.515","0","5.8999999999999915","5.8999999999999915","5.8999999999999915","20.0192","0","0","1","0","1","0","0","9.016999999999996","0","0","0","0","0","2","_d05c812045620000_p_Net","0","0","0","1","0","0","0","0","0","0","1","_d05c812045620000_p_odb__dbNet","0.0","0.0","0.0","10.0096","10.0096","","10.0096","5.8999999999999915","1","5.8999999999999915","5.8999999999999915","5.8999999999999915","74.98","129.2","74.98","129.2","0","0","0","1","74.98","","129.2","","2"
"i_rx_phy.rxdn_s","OK","88.77556799999999","1.2221048925000473","52.078","146.87150000000003","10.416000000000004","8.522999999999996","37.878","57.286","46.87","151.133","142.61","0","21.729999999999997","21.059999999999995","42.11999999999999","20.0192","0","0","1","0","2","0","0","18.939","0","0","0","0","0","3","_485d812045620000_p_Net","0","1","0","1","0","0","0","0","0","0","2","_485d812045620000_p_odb__dbNet","3.7536","0.0","0.0","11.2608","7.5072","3.7535999999999996","15.0144","21.05999999999998","2","20.389999999999993","21.729999999999997","21.729999999999997","47.15","145.52","45.77","142.8","0","0","2","0","46.46","0.6899999999999977","144.16000000000003","1.3599999999999994","3"
"i_rx_phy.rxdn_s0","OK","35.92788599999995","1.137924897466109","68.763","145.4355","6.393999999999991","5.619","24.025999999999982","71.96","65.566","148.245","142.626","0","11.189999999999998","7.07","14.14","20.0192","0","0","1","0","2","0","0","12.012999999999991","0","0","0","1","0","3","_c05d812045620000_p_Net","0","0","0","1","1","0","0","0","0","0","2","_c05d812045620000_p_odb__dbNet","0.0","23.772800000000004","0.0","23.772800000000004","15.014400000000002","8.758400000000002","30.028800000000004","7.069999999999993","2","2.950000000000003","11.189999999999998","11.189999999999998","74.75","148.24","69.23","145.52","2","0","0","0","71.99000000000001","2.759999999999998","146.88","1.3599999999999994","3"
"i_rx_phy.rxdn_s1","OK","69.39960500000004","0.19566717993969815","80.6875","130.79649999999998","3.6850000000000023","18.833","45.036","82.53","78.845","140.213","121.38","1","16.320000000000007","16.320000000000007","16.320000000000007","3.7536","1","0","0","0","2","1","0","22.518","0","0","0","0","0","2","_385e812045620000_p_Net","1","1","0","1","0","0","0","0","0","1","2","_385e812045620000_p_odb__dbNet","3.7536","0.0","0.0","3.7536","3.7536","","3.7536","16.320000000000007","1","16.320000000000007","16.320000000000007","16.320000000000007","78.43","123.76","78.43","123.76","0","0","1","0","78.43","","123.76","","3"
"i_rx_phy.rxdn_s_r","OK","10.635471000000024","0.16908334381930598","59.796499999999995","144.1005","1.341000000000001","7.931000000000012","18.544000000000025","60.467","59.126","148.066","140.135","0","10.229999999999997","10.229999999999997","10.229999999999997","20.0192","0","0","1","0","1","0","0","9.272000000000013","0","0","0","0","0","2","_b05e812045620000_p_Net","0","0","0","1","0","0","0","0","0","0","1","_b05e812045620000_p_odb__dbNet","0.0","0.0","0.0","6.256","6.256","","6.256","10.229999999999997","1","10.229999999999997","10.229999999999997","10.229999999999997","60.49","140.08","60.49","140.08","0","0","0","1","60.49","","140.08","","2"
"i_rx_phy.rxdp_s","OK","221.36447999999996","1.870036764534005","54.473","145.72","20.346000000000004","10.879999999999995","62.452","64.646","44.3","151.16","140.28","0","33.879999999999995","27.404999999999994","109.61999999999998","20.0192","0","0","1","0","4","0","0","31.226","0","0","0","0","0","5","_285f812045620000_p_Net","0","1","0","1","0","0","0","0","0","0","4","_285f812045620000_p_odb__dbNet","3.7536","0.0","0.0","8.758400000000002","6.881600000000001","1.8768000000000005","27.526400000000002","27.405","4","23.0","33.879999999999995","33.879999999999995","49.45","150.96","44.85","140.08","0","2","2","0","46.114999999999995","1.9277512806376258","145.52","4.300697617828994","5"
"i_rx_phy.rxdp_s0","OK","59.876440000000215","0.9010058880150875","73.8675","149.591","7.345000000000013","8.152000000000015","30.994000000000057","77.54","70.195","153.667","145.515","0","8.009999999999991","7.069999999999993","14.139999999999986","20.0192","0","0","1","0","2","0","0","15.497000000000028","0","0","0","1","0","3","_a05f812045620000_p_Net","0","0","0","1","1","0","0","0","0","0","2","_a05f812045620000_p_odb__dbNet","0.0","23.772800000000004","0.0","23.772800000000004","15.014400000000002","8.758400000000002","30.028800000000004","4.34999999999998","2","6.1299999999999955","8.009999999999991","8.009999999999991","74.75","153.68","70.15","145.52","0","1","0","1","72.45","2.299999999999997","149.60000000000002","4.079999999999998","3"
"i_rx_phy.rxdp_s1","OK","258.30679000000015","0.36163286685768065","77.69749999999999","140.183","9.665000000000006","26.726","72.78200000000001","82.53","72.865","153.546","126.82","1","30.460000000000022","30.460000000000022","30.460000000000022","3.7536","1","0","0","0","2","1","0","36.391000000000005","0","0","0","0","0","2","_1860812045620000_p_Net","1","1","0","1","0","0","0","0","0","1","2","_1860812045620000_p_odb__dbNet","3.7536","0.0","0.0","3.7536","3.7536","","3.7536","30.460000000000022","1","30.460000000000022","30.460000000000022","30.460000000000022","72.45","129.2","72.45","129.2","0","0","1","0","72.45","","129.2","","3"
"i_rx_phy.rxdp_s_r","OK","7.135460999999966","0.25202029688930166","68.08250000000001","150.84550000000002","1.340999999999994","5.320999999999998","13.323999999999984","68.753","67.412","153.506","148.185","0","7.510000000000005","7.510000000000005","7.510000000000005","20.0192","0","0","1","0","1","0","0","6.661999999999992","0","0","0","0","0","2","_9060812045620000_p_Net","0","0","0","1","0","0","0","0","0","0","1","_9060812045620000_p_odb__dbNet","0.0","0.0","0.0","6.256","6.256","","6.256","7.510000000000005","1","7.510000000000005","7.510000000000005","7.510000000000005","67.39","148.24","67.39","148.24","0","0","1","0","67.39","","148.24","","2"
"i_rx_phy.sd_nrzi","OK","263.29638000000017","0.16071252099612832","47.6225","51.668000000000006","6.505000000000003","40.476000000000006","93.96200000000002","50.875","44.37","71.906","31.43","0","51.15","44.98","179.92","20.0192","0","0","1","0","4","0","0","46.98100000000001","0","0","0","0","0","5","_0861812045620000_p_Net","0","1","0","1","0","0","0","0","0","0","4","_0861812045620000_p_odb__dbNet","3.7536","0.0","0.0","8.758400000000002","6.256","1.7694640092412173","25.024","44.98","4","43.83","51.15","51.15","51.29","36.72","43.93","31.28","0","0","2","2","47.38","2.788601800185892","34.0","1.9233304448274084","5"
"i_rx_phy.sd_r","OK","7.628640000000042","0.9985528216358329","55.61","122.375","2.760000000000005","2.76400000000001","11.04800000000003","56.99","54.23","123.757","120.993","0","5.25","5.25","5.25","30.0288","0","0","0","0","1","0","0","5.524000000000015","0","0","0","0","0","2","_8061812045620000_p_Net","0","0","0","1","0","0","0","0","0","0","1","_8061812045620000_p_odb__dbNet","0.0","0.0","0.0","8.758400000000002","8.758400000000002","","8.758400000000002","5.25","1","5.25","5.25","5.25","56.81","121.04","56.81","121.04","0","0","0","1","56.81","","121.04","","2"
"i_rx_phy.se0","OK","25.39007999999993","0.05299707602097036","45.89","134.889","1.1599999999999966","21.888000000000005","46.096000000000004","46.47","45.31","145.833","123.945","0","21.760000000000005","18.025000000000013","36.050000000000026","11.2608","0","0","0","0","2","0","0","23.048000000000002","0","0","0","0","0","3","_f861812045620000_p_Net","0","1","0","1","0","0","0","0","0","0","2","_f861812045620000_p_odb__dbNet","5.0048","0.0","0.0","6.256","5.6304","0.6255999999999999","11.2608","18.025000000000006","2","14.29000000000002","21.760000000000005","21.760000000000005","46.46","131.92","45.77","123.76","0","0","1","1","46.115","0.34499999999999886","127.84","4.079999999999991","3"
"i_rx_phy.se0_r","OK","9.91167100000001","0.3316261202978556","41.1665","66.82650000000001","1.8130000000000024","5.466999999999999","14.560000000000002","42.073","40.26","69.56","64.093","0","6.359999999999999","6.359999999999999","6.359999999999999","20.0192","0","0","1","0","1","0","0","7.280000000000001","0","0","0","0","0","2","_7062812045620000_p_Net","0","0","0","1","0","0","0","0","0","0","1","_7062812045620000_p_odb__dbNet","0.0","0.0","0.0","5.0048","5.0048","","5.0048","6.359999999999999","1","6.359999999999999","6.359999999999999","6.359999999999999","39.56","69.36","39.56","69.36","0","1","0","0","39.56","","69.36","","2"
"i_rx_phy.se0_s","OK","13.67317900000003","1.0246372841432683","45.558499999999995","103.8235","3.743000000000002","3.653000000000006","14.792000000000016","47.43","43.687","105.65","101.997","0","3.8699999999999974","3.8699999999999974","3.8699999999999974","30.0288","0","0","0","0","1","0","0","7.396000000000008","0","0","0","0","0","2","_e862812045620000_p_Net","0","0","0","1","0","0","0","0","0","0","1","_e862812045620000_p_odb__dbNet","0.0","0.0","0.0","8.758400000000002","8.758400000000002","","8.758400000000002","3.8699999999999974","1","3.8699999999999974","3.8699999999999974","3.8699999999999974","43.47","104.72","43.47","104.72","0","1","0","0","43.47","","104.72","","2"
"i_rx_phy.shift_en","OK","23.321025000000006","0.29277310921089356","48.8835","40.2475","2.6129999999999995","8.925000000000004","23.076000000000008","50.19","47.577","44.71","35.785","0","9.119999999999997","6.955000000000002","13.910000000000004","30.0288","0","0","0","0","2","0","0","11.538000000000004","0","0","1","0","0","3","_6063812045620000_p_Net","0","0","0","1","0","0","0","0","0","0","2","_6063812045620000_p_odb__dbNet","0.0","0.0","0.0","7.5072","5.6304","1.8768","11.2608","4.234999999999999","2","4.790000000000006","9.119999999999997","9.119999999999997","48.76","44.88","47.15","36.72","0","1","1","0","47.955","0.8049999999999997","40.8","4.080000000000002","3"
"i_rx_phy.sync_err","OK","14.08215000000005","0.21623296155932714","49.9405","78.751","1.7450000000000045","8.070000000000007","19.630000000000024","50.813","49.068","82.786","74.716","0","11.149999999999991","11.149999999999991","11.149999999999991","20.0192","0","0","1","0","1","0","0","9.815000000000012","0","0","0","0","0","2","_d863812045620000_p_Net","0","0","0","1","0","0","0","0","0","0","1","_d863812045620000_p_odb__dbNet","0.0","0.0","0.0","11.2608","11.2608","","11.2608","11.149999999999991","1","11.149999999999991","11.149999999999991","11.149999999999991","50.37","74.8","50.37","74.8","0","0","0","1","50.37","","74.8","","2"
"i_tx_phy.append_eop","OK","138.30554","0.2967114404679614","57.269000000000005","77.431","6.405999999999999","21.590000000000003","55.992000000000004","60.472","54.066","88.226","66.636","0","22.220000000000006","17.145000000000007","34.29000000000001","20.0192","0","0","1","0","2","0","0","27.996000000000002","0","0","0","0","0","3","_5064812045620000_p_Net","0","0","0","1","0","0","0","0","0","0","2","_5064812045620000_p_odb__dbNet","0.0","0.0","0.0","6.256","5.6304","0.6255999999999999","11.2608","17.14500000000001","2","12.070000000000007","22.220000000000006","22.220000000000006","61.41","80.24","57.96","66.64","1","0","0","1","59.685","1.7249999999999979","73.44","6.799999999999997","3"
"i_tx_phy.append_eop_sync1","OK","15.524691000000015","0.5220979276504496","58.203500000000005","66.8065","2.8470000000000013","5.453000000000003","16.60000000000001","59.627","56.78","69.533","64.08","0","6.589999999999996","5.594999999999995","11.18999999999999","20.0192","0","0","1","0","2","0","0","8.300000000000004","0","0","0","0","0","3","_c864812045620000_p_Net","0","0","0","1","0","0","0","0","0","0","2","_c864812045620000_p_odb__dbNet","0.0","0.0","0.0","5.0048","4.3792","0.6256000000000002","8.7584","5.594999999999999","2","4.599999999999994","6.589999999999996","6.589999999999996","59.8","69.36","56.35","63.92","1","0","1","0","58.075","1.7249999999999979","66.64","2.719999999999999","3"
"i_tx_phy.append_eop_sync2","OK","128.70967999999988","0.48562653559670543","62.04","74.62","7.905999999999992","16.28","48.371999999999986","65.993","58.087","82.76","66.48","0","14.559999999999995","9.846666666666666","29.54","20.0192","0","0","1","0","3","0","0","24.185999999999993","0","0","0","0","0","4","_4065812045620000_p_Net","0","0","0","1","0","0","0","0","0","0","3","_4065812045620000_p_odb__dbNet","0.0","0.0","0.0","7.5072","5.838933333333333","1.5605205741105186","17.5168","6.219999999999999","3","9.310000000000002","14.559999999999995","14.559999999999995","62.33","82.96","58.88","66.64","0","2","0","1","60.873333333333335","1.4586828152670988","76.61333333333333","7.139100472437373","4"
"i_tx_phy.append_eop_sync3","OK","137.37359999999998","1.1250678732013517","58.406","88.15","12.432000000000002","11.049999999999997","46.964","64.622","52.19","93.675","82.625","0","13.449999999999989","9.303999999999998","46.519999999999996","20.0192","0","0","1","0","5","0","0","23.482","0","0","0","0","0","6","_b865812045620000_p_Net","0","1","0","1","0","0","0","0","0","0","5","_b865812045620000_p_odb__dbNet","3.7536","0.0","0.0","7.5072","5.50528","1.2759786430814586","27.5264","4.719999999999992","5","10.54","13.449999999999989","13.449999999999989","64.63","93.84","51.52","82.96","2","2","0","1","58.972","4.601379793062074","90.032","4.070923236810051","6"
"i_tx_phy.append_eop_sync4","OK","45.8186609999999","0.17196593762347792","58.198499999999996","99.45150000000001","2.806999999999995","16.322999999999993","38.25999999999998","59.602","56.795","107.613","91.29","0","20.689999999999998","12.165","24.33","20.0192","0","0","1","0","2","0","0","19.12999999999999","0","0","0","0","0","3","_3066812045620000_p_Net","0","0","0","1","0","0","0","0","0","0","2","_3066812045620000_p_odb__dbNet","0.0","0.0","0.0","10.0096","6.881600000000001","3.1280000000000006","13.763200000000001","12.165","2","3.6400000000000006","20.689999999999998","20.689999999999998","60.03","104.72","56.58","91.12","0","1","0","1","58.305","1.7250000000000014","97.92","6.799999999999997","3"
"i_tx_phy.bit_cnt[0]","OK","130.55223000000004","0.37425710765250014","61.64","19.0315","6.990000000000002","18.677","51.334","65.135","58.145","28.37","9.693","0","22.949999999999996","17.2025","68.81","20.0192","0","0","1","0","4","0","0","25.667","1","0","0","0","0","5","_a866812045620000_p_Net","0","1","0","1","0","0","0","0","0","0","4","_a866812045620000_p_odb__dbNet","3.7536","0.0","0.0","8.758400000000002","5.9432","1.8505497561535604","23.7728","15.247499999999995","4","17.009999999999998","22.949999999999996","22.949999999999996","65.55","28.56","58.19","17.68","1","2","1","0","61.352500000000006","2.6543584441442714","24.48","4.08","5"
"i_tx_phy.bit_cnt[1]","OK","92.17681499999998","0.43510821020713775","64.6665","19.0795","6.332999999999998","14.555","41.775999999999996","67.833","61.5","26.357","11.802","0","14.330000000000002","8.735999999999997","43.679999999999986","20.0192","0","0","1","0","5","0","0","20.887999999999998","1","0","0","0","0","6","_2067812045620000_p_Net","0","1","0","1","0","0","0","0","0","0","5","_2067812045620000_p_odb__dbNet","3.7536","0.0","0.0","8.758400000000002","6.00576","1.8388809397021881","30.028800000000004","4.4439999999999955","5","7.280000000000001","14.330000000000002","14.330000000000002","67.85","25.84","60.95","12.24","1","2","1","1","64.308","2.4797370828376106","19.311999999999998","6.106384855215072","6"
"i_tx_phy.bit_cnt[2]","OK","241.78797500000005","0.6909178382054358","68.3175","30.113500000000002","12.925000000000004","18.706999999999997","63.264","74.78","61.855","39.467","20.76","0","22.60999999999999","12.7025","50.81","20.0192","0","0","1","0","4","0","0","31.632","1","0","0","0","0","5","_9867812045620000_p_Net","0","0","0","1","0","0","0","0","0","0","4","_9867812045620000_p_odb__dbNet","0.0","0.0","0.0","8.758400000000002","7.194400000000001","1.6253564778226353","28.777600000000003","8.122499999999992","4","6.170000000000002","22.60999999999999","22.60999999999999","76.13","39.44","60.95","20.4","1","1","2","0","65.7225","6.0664543804433215","29.92","7.323824137702926","5"
"i_tx_phy.data_done","OK","143.45468999999977","0.3019958705986695","73.306","113.0625","6.581999999999994","21.794999999999987","56.75399999999996","76.597","70.015","123.96","102.165","0","22.950000000000017","13.456000000000003","67.28000000000002","20.0192","0","0","1","0","5","0","0","28.37699999999998","0","0","0","0","0","6","_1068812045620000_p_Net","0","0","0","1","0","0","0","1","0","0","5","_1068812045620000_p_odb__dbNet","0.0","0.0","3.7536","8.758400000000002","5.50528","1.8726246889326226","27.5264","11.540000000000006","5","14.059999999999988","22.950000000000017","22.950000000000017","76.59","123.76","68.77","102.0","1","2","1","1","72.12800000000001","2.8932500756070185","114.51199999999999","9.35932989054238","6"
"i_tx_phy.hold_reg[0]","OK","44.352682999999956","0.22814315425459764","76.36250000000001","46.2415","3.1809999999999974","13.942999999999998","34.24799999999999","77.953","74.772","53.213","39.27","0","14.520000000000003","10.900000000000002","21.800000000000004","20.0192","0","0","1","0","2","0","0","17.123999999999995","1","0","0","1","0","3","_8868812045620000_p_Net","0","0","0","1","1","0","0","0","0","0","2","_8868812045620000_p_odb__dbNet","0.0","20.0192","0.0","20.0192","15.014400000000002","5.0048","30.028800000000004","10.900000000000013","2","7.280000000000001","14.520000000000003","14.520000000000003","76.36","47.6","75.44","39.44","0","1","1","0","75.9","0.46000000000000085","43.519999999999996","4.080000000000002","3"
"i_tx_phy.hold_reg[1]","OK","51.71313600000009","0.1479460847160922","73.38900000000001","46.238","2.7660000000000053","18.695999999999998","42.92400000000001","74.772","72.006","55.586","36.89","0","19.04","12.7","25.4","20.0192","0","0","1","0","2","0","0","21.462000000000003","1","0","0","1","0","3","_0069812045620000_p_Net","0","0","0","1","1","0","0","0","0","0","2","_0069812045620000_p_odb__dbNet","0.0","20.0192","0.0","20.0192","15.014400000000002","5.0048","30.028800000000004","12.70000000000001","2","6.359999999999999","19.04","19.04","76.36","50.32","75.44","36.72","1","0","0","1","75.9","0.46000000000000085","43.519999999999996","6.800000000000001","3"
"i_tx_phy.hold_reg[2]","OK","8.164872000000052","0.27630610738110806","66.661","52.867999999999995","1.5020000000000095","5.436","13.876000000000019","67.412","65.91","55.586","50.15","0","9.579999999999998","8.68","17.36","20.0192","0","0","1","0","2","0","0","6.9380000000000095","1","0","0","1","0","3","_7869812045620000_p_Net","0","0","0","1","1","0","0","0","0","0","2","_7869812045620000_p_odb__dbNet","0.0","20.0192","0.0","20.0192","15.014400000000002","5.0048","30.028800000000004","8.679999999999993","2","7.780000000000001","9.579999999999998","9.579999999999998","69.0","53.04","68.08","50.32","1","0","0","1","68.53999999999999","0.46000000000000085","51.68","1.3599999999999994","3"
"i_tx_phy.hold_reg[3]","OK","36.84104400000001","0.6052294282741313","65.511","51.67100000000001","4.722000000000001","7.802","25.048000000000002","67.872","63.15","55.572","47.77","0","10.539999999999992","9.829999999999991","19.659999999999982","20.0192","0","0","1","0","2","0","0","12.524000000000001","1","0","0","1","0","3","_f069812045620000_p_Net","0","0","0","1","1","0","0","0","0","0","2","_f069812045620000_p_odb__dbNet","0.0","20.0192","0.0","20.0192","15.014400000000002","5.0048","30.028800000000004","7.109999999999985","2","9.11999999999999","10.539999999999992","10.539999999999992","69.46","55.76","65.32","47.6","1","0","1","0","67.38999999999999","2.0700000000000003","51.68","4.079999999999998","3"
"i_tx_phy.hold_reg[4]","OK","62.352956999999954","0.8595749676107111","65.0865","70.7285","7.320999999999998","8.516999999999996","31.675999999999988","68.747","61.426","74.987","66.47","0","7.739999999999995","6.3799999999999955","12.759999999999991","20.0192","0","0","1","0","2","0","0","15.837999999999994","1","0","0","1","0","3","_686a812045620000_p_Net","0","0","0","1","1","0","0","0","0","0","2","_686a812045620000_p_odb__dbNet","0.0","20.0192","0.0","20.0192","15.014400000000002","5.0048","30.028800000000004","3.6599999999999966","2","5.019999999999996","7.739999999999995","7.739999999999995","67.16","74.8","67.16","66.64","1","0","0","1","67.16","0.0","70.72","4.079999999999998","3"
"i_tx_phy.hold_reg[5]","OK","31.983698999999962","0.5258366456563875","76.8225","73.4325","4.100999999999999","7.798999999999992","23.799999999999983","78.873","74.772","77.332","69.533","0","9.079999999999998","7.259999999999998","14.519999999999996","20.0192","0","0","1","0","2","0","0","11.899999999999991","1","0","0","1","0","3","_e06a812045620000_p_Net","0","0","0","1","1","0","0","0","0","0","2","_e06a812045620000_p_odb__dbNet","0.0","20.0192","0.0","20.0192","15.014400000000002","5.0048","30.028800000000004","7.260000000000005","2","5.439999999999998","9.079999999999998","9.079999999999998","76.36","77.52","75.44","74.8","0","2","0","0","75.9","0.46000000000000085","76.16","1.3599999999999994","3"
"i_tx_phy.hold_reg[6]","OK","18.13993200000004","0.6138704928966388","75.0215","69.188","3.3370000000000033","5.436000000000007","17.54600000000002","76.69","73.353","71.906","66.47","0","10.039999999999992","7.779999999999994","15.559999999999988","20.0192","0","0","1","0","2","0","0","8.77300000000001","1","0","0","1","0","3","_586b812045620000_p_Net","0","0","0","1","1","0","0","0","0","0","2","_586b812045620000_p_odb__dbNet","0.0","20.0192","0.0","20.0192","15.014400000000002","5.0048","30.028800000000004","7.779999999999987","2","5.519999999999996","10.039999999999992","10.039999999999992","75.44","72.08","74.52","66.64","1","0","1","0","74.97999999999999","0.46000000000000085","69.36","2.719999999999999","3"
"i_tx_phy.hold_reg[7]","OK","52.92096600000006","0.8693924633594723","75.48150000000001","89.751","6.783000000000001","7.802000000000007","29.170000000000016","78.873","72.09","93.652","85.85","0","10.959999999999994","7.299999999999997","14.599999999999994","20.0192","0","0","1","0","2","0","0","14.585000000000008","1","0","0","1","0","3","_d06b812045620000_p_Net","0","0","0","1","1","0","0","0","0","0","2","_d06b812045620000_p_odb__dbNet","0.0","20.0192","0.0","20.0192","15.014400000000002","5.0048","30.028800000000004","3.6599999999999966","2","3.6400000000000006","10.959999999999994","10.959999999999994","76.36","93.84","69.92","85.68","1","0","1","0","73.14","3.219999999999999","89.76","4.079999999999998","3"
"i_tx_phy.hold_reg_d[0]","OK","18.238654000000015","0.6149467497952733","73.6805","36.543","3.3490000000000038","5.445999999999998","17.590000000000003","75.355","72.006","39.266","33.82","0","6.1299999999999955","6.1299999999999955","6.1299999999999955","20.0192","0","0","1","0","1","0","0","8.795000000000002","1","0","0","0","0","2","_486c812045620000_p_Net","0","0","0","1","0","0","0","0","0","0","1","_486c812045620000_p_odb__dbNet","0.0","0.0","0.0","8.758400000000002","8.758400000000002","","8.758400000000002","6.1299999999999955","1","6.1299999999999955","6.1299999999999955","6.1299999999999955","76.13","34.0","76.13","34.0","0","0","0","1","76.13","","34.0","","2"
"i_tx_phy.hold_reg_d[1]","OK","7.297211999999999","0.7011779291068887","77.742","35.28","2.2620000000000005","3.225999999999999","10.975999999999999","78.873","76.611","36.893","33.667","0","3.4099999999999966","3.4099999999999966","3.4099999999999966","20.0192","0","0","1","0","1","0","0","5.4879999999999995","1","0","0","0","0","2","_c06c812045620000_p_Net","0","0","0","1","0","0","0","0","0","0","1","_c06c812045620000_p_odb__dbNet","0.0","0.0","0.0","8.758400000000002","8.758400000000002","","8.758400000000002","3.4099999999999966","1","3.4099999999999966","3.4099999999999966","3.4099999999999966","76.13","34.0","76.13","34.0","0","0","1","0","76.13","","34.0","","2"
"i_tx_phy.hold_reg_d[2]","OK","25.965519999999977","0.2090811198663781","70.34800000000001","44.574","2.3299999999999983","11.143999999999998","26.947999999999993","71.513","69.183","50.146","39.002","0","11.800000000000004","11.800000000000004","11.800000000000004","20.0192","0","0","1","0","1","0","0","13.473999999999997","1","0","0","0","0","2","_386d812045620000_p_Net","0","0","0","1","0","0","0","0","0","0","1","_386d812045620000_p_odb__dbNet","0.0","0.0","0.0","5.0048","5.0048","","5.0048","11.800000000000004","1","11.800000000000004","11.800000000000004","11.800000000000004","69.0","39.44","69.0","39.44","0","0","1","0","69.0","","39.44","","2"
"i_tx_phy.hold_reg_d[3]","OK","1.214287999999997","0.011081390904558485","68.695","42.539","0.11599999999999966","10.468000000000004","21.168000000000006","68.753","68.637","47.773","37.305","0","14.330000000000005","14.330000000000005","14.330000000000005","20.0192","0","0","1","0","1","0","0","10.584000000000003","1","0","0","0","0","2","_b06d812045620000_p_Net","0","0","0","1","0","0","0","0","0","0","1","_b06d812045620000_p_odb__dbNet","0.0","0.0","0.0","6.256","6.256","","6.256","14.330000000000005","1","14.330000000000005","14.330000000000005","14.330000000000005","68.77","36.72","68.77","36.72","0","0","0","1","68.77","","36.72","","2"
"i_tx_phy.hold_reg_d[4]","OK","4.051606999999975","0.011622301964992584","70.70150000000001","57.1305","0.21699999999999875","18.670999999999992","37.77599999999998","70.81","70.593","66.466","47.795","0","22.720000000000006","22.720000000000006","22.720000000000006","20.0192","0","0","1","0","1","0","0","18.88799999999999","1","0","0","0","0","2","_286e812045620000_p_Net","0","0","0","1","0","0","0","0","0","0","1","_286e812045620000_p_odb__dbNet","0.0","0.0","0.0","10.0096","10.0096","","10.0096","22.720000000000006","1","22.720000000000006","22.720000000000006","22.720000000000006","70.84","47.6","70.84","47.6","0","0","0","1","70.84","","47.6","","2"
"i_tx_phy.hold_reg_d[5]","OK","6.414008000000114","0.008683494002182674","71.888","61.384","0.2360000000000042","27.177999999999997","54.828","72.006","71.77","74.973","47.795","0","31.79999999999999","31.79999999999999","31.79999999999999","20.0192","0","0","1","0","1","0","0","27.414","1","0","0","0","0","2","_a06e812045620000_p_Net","0","0","0","1","0","0","0","0","0","0","1","_a06e812045620000_p_odb__dbNet","0.0","0.0","0.0","10.0096","10.0096","","10.0096","31.79999999999999","1","31.79999999999999","31.79999999999999","31.79999999999999","70.84","47.6","70.84","47.6","0","0","1","0","70.84","","47.6","","2"
"i_tx_phy.hold_reg_d[6]","OK","22.13550399999986","0.06354479210975399","70.493","57.134","1.1859999999999928","18.663999999999994","39.699999999999974","71.086","69.9","66.466","47.802","0","22.71999999999999","22.71999999999999","22.71999999999999","20.0192","0","0","1","0","1","0","0","19.849999999999987","1","0","0","0","0","2","_186f812045620000_p_Net","0","0","0","1","0","0","0","0","0","0","1","_186f812045620000_p_odb__dbNet","0.0","0.0","0.0","10.0096","10.0096","","10.0096","22.71999999999999","1","22.71999999999999","22.71999999999999","22.71999999999999","70.84","47.6","70.84","47.6","0","0","0","1","70.84","","47.6","","2"
"i_tx_phy.hold_reg_d[7]","OK","246.67563200000006","0.10354859858827353","69.013","61.449","5.054000000000002","48.80799999999999","107.72399999999999","71.54","66.486","85.853","37.045","0","49.88000000000001","49.88000000000001","49.88000000000001","20.0192","0","0","1","0","1","0","0","53.861999999999995","1","0","0","0","0","2","_906f812045620000_p_Net","0","0","0","1","0","0","0","0","0","0","1","_906f812045620000_p_odb__dbNet","0.0","0.0","0.0","5.0048","5.0048","","5.0048","49.88000000000001","1","49.88000000000001","49.88000000000001","49.88000000000001","70.84","36.72","70.84","36.72","0","0","0","1","70.84","","36.72","","2"
"i_tx_phy.ld_data","OK","39.85739999999996","0.08402203856363527","77.94200000000001","82.78","1.8299999999999983","21.78","47.22","78.857","77.027","93.67","71.89","0","19.310000000000016","13.620000000000012","54.48000000000005","21.270400000000002","0","0","1","0","4","0","0","23.61","0","0","0","0","0","5","_0870812045620000_p_Net","0","1","0","1","0","0","0","0","0","0","4","_0870812045620000_p_odb__dbNet","5.0048","0.0","0.0","10.0096","8.7584","2.1671419704301793","35.0336","10.90000000000002","4","12.030000000000015","19.310000000000016","19.310000000000016","78.2","93.84","75.44","72.08","0","1","2","1","76.59","1.0025467570143567","78.88","8.918116393050722","5"
"i_tx_phy.ld_data_d","OK","3.730531000000002","0.1192562131022254","73.1435","91.0265","0.6670000000000016","5.592999999999989","12.519999999999982","73.477","72.81","93.823","88.23","0","7.049999999999997","7.049999999999997","7.049999999999997","5.0048","0","0","0","0","1","0","0","6.259999999999991","0","0","0","0","0","2","_8070812045620000_p_Net","0","0","0","1","1","0","0","0","0","0","1","_8070812045620000_p_odb__dbNet","0.0","21.270400000000002","0.0","21.270400000000002","21.270400000000002","","21.270400000000002","7.049999999999997","1","7.049999999999997","7.049999999999997","7.049999999999997","75.21","88.4","75.21","88.4","0","0","0","1","75.21","","88.4","","2"
"i_tx_phy.one_cnt[0]","OK","46.545824999999994","1.641502347109577","57.0225","12.4975","8.741","5.324999999999999","28.131999999999998","61.393","52.652","15.16","9.835","0","7.549999999999999","5.148333333333333","30.89","20.0192","0","0","1","0","6","0","0","14.065999999999999","1","0","0","0","0","7","_f870812045620000_p_Net","0","0","0","1","0","0","0","0","0","0","6","_f870812045620000_p_odb__dbNet","0.0","0.0","0.0","8.758400000000002","6.464533333333335","1.6812494824451911","38.787200000000006","4.011666666666672","6","4.560000000000004","7.549999999999999","7.549999999999999","58.65","14.96","51.98","9.52","1","2","3","0","54.855","2.217045706941258","13.146666666666668","2.02736829959981","7"
"i_tx_phy.one_cnt[1]","OK","16.58695999999998","1.5417682922128744","53.801500000000004","13.52","5.056999999999995","3.2799999999999994","16.67399999999999","56.33","51.273","15.16","11.88","0","8.47","7.224999999999997","28.899999999999988","20.0192","0","0","1","0","4","0","0","8.336999999999994","1","0","0","0","0","5","_7071812045620000_p_Net","0","0","0","1","0","0","0","0","0","0","4","_7071812045620000_p_odb__dbNet","0.0","0.0","0.0","8.758400000000002","6.256000000000001","1.9783209042013385","25.024000000000004","7.224999999999994","4","6.859999999999994","8.47","8.47","56.12","14.96","51.98","12.24","1","1","2","0","53.705","1.5125888403660788","13.600000000000001","1.3600000000000003","5"
"i_tx_phy.one_cnt[2]","OK","26.13117500000001","0.9856282771439844","53.3025","14.6405","5.075000000000003","5.148999999999999","20.448000000000004","55.84","50.765","17.215","12.066","0","11.459999999999996","9.299999999999997","27.89999999999999","20.0192","0","0","1","0","3","0","0","10.224000000000002","1","0","0","0","0","4","_e871812045620000_p_Net","0","0","0","1","0","0","0","0","0","0","3","_e871812045620000_p_odb__dbNet","0.0","0.0","0.0","8.758400000000002","8.341333333333335","0.5898213364137396","25.024000000000004","9.299999999999999","3","8.47","11.459999999999996","11.459999999999996","56.12","17.68","49.91","14.96","1","2","0","0","53.053333333333335","2.5358014293096556","15.866666666666667","1.2822202965516056","4"
"i_tx_phy.sd_bs_o","OK","12.109251000000004","2.1252618340489056","54.716499999999996","38.0865","5.073","2.3870000000000005","14.920000000000002","57.253","52.18","39.28","36.893","0","4.789999999999999","4.215","8.43","20.0192","0","0","1","0","2","0","0","7.460000000000001","0","0","0","0","0","3","_6072812045620000_p_Net","0","0","0","1","0","0","0","0","0","0","2","_6072812045620000_p_odb__dbNet","0.0","0.0","0.0","5.0048","4.3792","0.6256000000000002","8.7584","3.2949999999999946","2","3.6400000000000006","4.789999999999999","4.789999999999999","54.74","39.44","51.75","39.44","1","1","0","0","53.245000000000005","1.495000000000001","39.44","0.0","3"
"i_tx_phy.sd_nrzi_o","OK","294.3019200000002","0.13987355569784457","51.754000000000005","70.72","6.416000000000004","45.870000000000005","104.57200000000002","54.962","48.546","93.655","47.785","0","45.82","31.00666666666667","93.02000000000001","20.0192","0","0","1","0","3","0","0","52.28600000000001","0","0","0","0","0","4","_d872812045620000_p_Net","0","0","0","1","0","0","0","0","0","0","3","_d872812045620000_p_odb__dbNet","0.0","0.0","0.0","10.0096","8.341333333333333","1.5605205741105188","25.024","27.659999999999997","3","43.790000000000006","45.82","45.82","54.97","93.84","49.68","47.6","1","1","0","1","52.44","2.1657485234132485","77.52","21.185756221260235","4"
"i_tx_phy.sd_raw_o","OK","100.53017600000004","0.3715953307167076","55.275999999999996","23.229","6.112000000000002","16.448","45.120000000000005","58.332","52.22","31.453","15.005","0","19.769999999999996","15.23","60.92","20.0192","0","0","1","0","4","0","0","22.560000000000002","0","0","0","0","0","5","_5073812045620000_p_Net","0","0","0","1","0","0","0","0","0","0","4","_5073812045620000_p_odb__dbNet","0.0","0.0","0.0","8.758400000000002","6.256","1.5324007830851567","25.024","14.195","4","17.28","19.769999999999996","19.769999999999996","58.65","28.56","52.9","14.96","0","1","2","1","54.625","2.348366453516145","19.04","5.607423650840017","5"
"i_tx_phy.sft_done","OK","208.4868840000001","0.09894993681976934","66.341","59.844","4.542000000000002","45.902","100.888","68.612","64.07","82.795","36.893","0","53.37","50.974999999999994","101.94999999999999","20.0192","0","0","1","0","2","0","0","50.444","0","0","0","1","0","3","_c873812045620000_p_Net","0","0","0","1","1","0","0","0","0","0","2","_c873812045620000_p_odb__dbNet","0.0","20.0192","0.0","20.0192","13.1376","6.881600000000001","26.2752","50.975","2","48.57999999999999","53.37","53.37","68.31","82.96","66.24","80.24","1","1","0","0","67.275","1.0350000000000037","81.6","1.3599999999999994","3"
"i_tx_phy.sft_done_r","OK","1.138596000000023","0.20067170436580012","69.434","81.604","0.47800000000000864","2.382000000000005","5.720000000000027","69.673","69.195","82.795","80.413","0","4.790000000000006","4.790000000000006","4.790000000000006","20.0192","0","0","1","0","1","0","0","2.8600000000000136","0","0","0","0","0","2","_4074812045620000_p_Net","0","0","0","1","0","0","0","0","0","0","1","_4074812045620000_p_odb__dbNet","0.0","0.0","0.0","6.256","6.256","","6.256","4.790000000000006","1","4.790000000000006","4.790000000000006","4.790000000000006","68.31","82.96","68.31","82.96","0","1","0","0","68.31","","82.96","","2"
"i_tx_phy.state[0]","OK","258.7981499999998","0.4498644986262306","58.206999999999994","119.6125","10.79","23.984999999999985","69.54999999999997","63.602","52.812","131.605","107.62","0","25.43999999999999","13.219999999999994","39.65999999999998","20.0192","0","0","1","0","3","0","0","34.774999999999984","1","0","0","0","0","4","_b874812045620000_p_Net","0","0","0","1","0","0","0","0","0","0","3","_b874812045620000_p_odb__dbNet","0.0","0.0","0.0","12.512","9.175466666666667","3.121041148221037","27.526400000000002","7.7266666666666595","3","8.699999999999989","25.43999999999999","25.43999999999999","65.32","131.92","53.82","107.44","1","0","1","1","60.72","4.968567868779358","116.50666666666666","10.955295016059074","4"
"i_tx_phy.state[1]","OK","75.48067499999996","0.6243747157231135","67.1625","107.69749999999999","6.865000000000002","10.99499999999999","35.719999999999985","70.595","63.73","113.195","102.2","0","10.920000000000002","6.217500000000001","24.870000000000005","20.0192","0","0","1","0","4","0","0","17.859999999999992","1","0","0","0","0","5","_3075812045620000_p_Net","0","0","0","1","0","0","0","0","0","0","4","_3075812045620000_p_odb__dbNet","0.0","0.0","0.0","12.512","7.82","2.849743623556337","31.28","2.4425000000000097","4","4.829999999999998","10.920000000000002","10.920000000000002","71.53","112.88","63.94","102.0","1","1","2","0","66.2975","3.061571287754052","108.11999999999999","4.022934252507738","5"
"i_tx_phy.state[2]","OK","218.13757800000013","0.24920570539278034","75.1865","106.07300000000001","7.373000000000005","29.586","73.918","78.873","71.5","120.866","91.28","0","34.290000000000006","19.97000000000001","79.88000000000004","20.0192","0","0","1","0","4","0","0","36.959","1","0","0","0","0","5","_a875812045620000_p_Net","0","1","0","1","0","0","0","0","0","0","4","_a875812045620000_p_odb__dbNet","3.7536","0.0","0.0","6.256","4.3792","1.0835709852150897","17.5168","19.049999999999997","4","17.470000000000013","34.290000000000006","34.290000000000006","76.59","118.32","71.07","91.12","1","0","1","2","74.75","2.1819715855161843","102.68","10.245233037857163","5"
"i_tx_phy.state[3]","OK","83.67629999999984","0.13411802385562804","70.807","122.32399999999998","3.3499999999999943","24.977999999999994","56.65599999999998","72.482","69.132","134.813","109.835","0","28.389999999999986","16.819999999999986","67.27999999999994","20.0192","0","0","1","0","4","0","0","28.32799999999999","1","0","0","0","0","5","_2076812045620000_p_Net","0","0","0","1","0","0","0","0","0","0","4","_2076812045620000_p_odb__dbNet","0.0","0.0","0.0","6.256","5.0047999999999995","0.8847320046206083","20.019199999999998","16.819999999999993","4","16.169999999999973","28.389999999999986","28.389999999999986","72.91","131.92","69.0","110.16","1","1","1","1","70.84","1.499416553196608","121.03999999999999","7.930094576989606","5"
"i_tx_phy.state[4]","OK","185.03042500000004","1.4758417431922972","62.894499999999994","104.7045","16.525","11.197000000000003","55.444","71.157","54.632","110.303","99.106","0","20.539999999999992","13.919999999999995","55.67999999999998","20.0192","0","0","1","0","4","0","0","27.722","1","0","0","0","0","5","_9876812045620000_p_Net","0","0","0","1","0","0","0","0","0","0","4","_9876812045620000_p_odb__dbNet","0.0","0.0","0.0","12.512","8.1328","3.368959103343346","32.5312","8.975000000000001","4","9.999999999999993","20.539999999999992","20.539999999999992","71.53","110.16","53.82","99.28","2","1","1","0","61.985","6.912447106488409","106.76","4.459058196525358","5"
"i_tx_phy.state[5]","OK","113.21847399999992","0.3242534517647301","68.5895","116.963","6.0589999999999975","18.685999999999993","49.48999999999998","71.619","65.56","126.306","107.62","0","20.88000000000001","13.985000000000003","55.94000000000001","20.0192","0","0","1","0","4","0","0","24.74499999999999","1","0","0","0","0","5","_1077812045620000_p_Net","0","0","0","1","0","0","0","0","0","0","4","_1077812045620000_p_odb__dbNet","0.0","0.0","0.0","12.512","6.881600000000001","3.368959103343346","27.526400000000002","11.915000000000006","4","7.739999999999995","20.88000000000001","20.88000000000001","71.53","123.76","64.86","107.44","1","1","1","1","68.195","3.113506865256604","115.6","6.934666538486192","5"
"i_tx_phy.tx_ip","OK","678.8186859999998","0.2790438343887303","63.25149999999999","77.776","13.762999999999998","49.321999999999996","126.16999999999999","70.133","56.37","102.437","53.115","0","47.74000000000001","22.05666666666667","66.17","20.0192","0","0","1","0","3","0","0","63.084999999999994","0","0","0","0","0","4","_8877812045620000_p_Net","0","0","0","1","0","0","0","0","0","0","3","_8877812045620000_p_odb__dbNet","0.0","0.0","0.0","6.256","5.421866666666666","0.5898213364137388","16.2656","11.150000000000013","3","13.639999999999986","47.74000000000001","47.74000000000001","69.46","102.0","57.04","53.04","2","0","1","0","63.71","5.112005477305358","82.96","21.417301417312128","4"
"i_tx_phy.tx_ip_sync","OK","103.77822000000002","0.8913809081657666","57.964","47.72","9.618000000000002","10.79","40.816","62.773","53.155","53.115","42.325","0","10.689999999999998","7.672","38.36","20.0192","0","0","1","0","5","0","0","20.408","0","0","0","0","0","6","_0078812045620000_p_Net","0","0","0","1","0","0","0","1","0","0","5","_0078812045620000_p_odb__dbNet","0.0","0.0","3.7536","6.256","4.50432","1.0009600000000003","22.5216","4.392000000000003","5","7.780000000000001","10.689999999999998","10.689999999999998","61.87","53.04","52.21","42.16","0","2","1","2","56.58","3.575002097901481","48.688","4.0709232368100485","6"
"i_tx_phy.txoe_r1","OK","52.77038499999995","0.4938570184295387","49.7475","58.3815","5.104999999999997","10.336999999999996","30.883999999999986","52.3","47.195","63.55","53.213","0","11.570000000000007","6.45","19.35","20.0192","0","0","1","0","3","0","0","15.441999999999993","0","0","0","0","0","4","_7878812045620000_p_Net","0","0","0","1","0","0","0","1","0","0","3","_7878812045620000_p_odb__dbNet","0.0","0.0","3.7536","8.758400000000002","6.256","2.0432010441135424","18.768","5.989999999999995","3","4.829999999999998","11.570000000000007","11.570000000000007","52.21","63.92","46.69","53.04","0","1","1","1","48.836666666666666","2.4146957480302897","57.57333333333333","4.62311102565746","4"
"i_tx_phy.txoe_r2","OK","7.277087999999993","0.7601809952294165","47.870999999999995","62.57300000000001","2.3519999999999968","3.094000000000001","10.891999999999996","49.047","46.695","64.12","61.026","0","6.399999999999999","5.134999999999998","10.269999999999996","20.0192","0","0","1","0","2","0","0","5.445999999999998","0","0","0","0","0","3","_f078812045620000_p_Net","0","0","0","1","0","0","0","0","0","0","2","_f078812045620000_p_odb__dbNet","0.0","0.0","0.0","8.758400000000002","6.881600000000001","1.8768000000000007","13.763200000000001","5.134999999999998","2","3.8699999999999974","6.399999999999999","6.399999999999999","49.22","63.92","46.69","63.92","1","1","0","0","47.955","1.2650000000000006","63.92","0.0","3"
"phy_tx_mode","OK","911.7192499999999","0.7230357645529986","69.6925","114.505","25.675000000000004","35.50999999999999","122.36999999999999","82.53","56.855","132.26","96.75","1","","","","","0","0","0","0","2","1","0","61.184999999999995","0","0","0","0","0","2","_6879812045620000_p_Net","0","2","0","1","0","0","0","0","1","0","2","_6879812045620000_p_odb__dbNet","7.5072","0.0","0.0","3.7536","3.7536","0.0","7.5072","","2","","","","58.65","96.56","57.27","96.56","0","0","2","0","57.96","0.6899999999999977","96.56","0.0","3"
"rst","OK","2258.13705","0.38394836353652434","67.8075","99.35499999999999","29.445","76.69","212.26999999999998","82.53","53.085","137.7","61.01","1","","","","","0","0","0","0","24","1","0","106.13499999999999","0","0","0","0","1","24","_e079812045620000_p_Net","0","24","0","1","0","0","0","0","1","0","24","_e079812045620000_p_odb__dbNet","90.08640000000003","0.0","0.0","3.7536","3.753600000000001","8.881784197001252e-16","90.08640000000003","","24","","","","77.51","137.36","52.67","61.2","5","8","11","0","61.23749999999999","7.81076354035464","99.39333333333337","31.451786736032805","25"
"rst_cnt[0]","OK","19.344919999999973","0.28791021101769976","31.741999999999997","68.1915","2.359999999999996","8.197000000000003","21.113999999999997","32.922","30.562","72.29","64.093","0","12.989999999999998","11.226666666666665","33.67999999999999","20.0192","0","0","1","0","3","0","0","10.556999999999999","1","0","0","0","1","4","_587a812045620000_p_Net","0","0","0","1","0","0","0","0","0","0","3","_587a812045620000_p_odb__dbNet","0.0","0.0","0.0","6.256","5.0048","1.021600522056771","15.0144","11.22666666666666","3","11.379999999999995","12.989999999999998","12.989999999999998","33.35","72.08","29.67","72.08","1","2","0","0","31.586666666666662","1.5062610073364515","72.08","0.0","4"
"rst_cnt[1]","OK","29.784294000000052","1.0012834614959132","31.036500000000004","69.193","5.461000000000002","5.454000000000008","21.83000000000002","33.767","28.306","71.92","66.466","0","7.050000000000001","5.344999999999999","10.689999999999998","20.0192","0","0","1","0","2","0","0","10.91500000000001","1","0","0","0","1","3","_d07a812045620000_p_Net","0","0","0","1","0","0","0","0","0","0","2","_d07a812045620000_p_odb__dbNet","0.0","0.0","0.0","5.0048","4.3792","0.6256000000000002","8.7584","5.344999999999995","2","3.639999999999997","7.050000000000001","7.050000000000001","33.35","72.08","32.66","69.36","2","0","0","0","33.004999999999995","0.3450000000000024","70.72","1.3599999999999994","3"
"rst_cnt[2]","OK","75.02416000000007","0.18050718594297818","31.003","99.5285","3.6800000000000033","20.387","48.13400000000001","32.843","29.163","109.722","89.335","0","23.40999999999999","12.513999999999992","62.569999999999965","20.0192","0","0","1","0","5","0","0","24.067000000000004","1","0","0","0","1","6","_487b812045620000_p_Net","0","0","0","1","0","0","0","0","0","0","5","_487b812045620000_p_odb__dbNet","0.0","0.0","0.0","6.256","5.255039999999999","0.50048","26.275199999999998","11.425999999999991","5","14.099999999999994","23.40999999999999","23.40999999999999","32.66","110.16","28.98","88.4","0","2","1","2","30.865999999999996","1.3363771922627223","99.28","7.498522521137077","6"
"rst_cnt[3]","OK","48.940518000000004","0.5971501159176907","33.39","92.3935","5.406000000000002","9.052999999999997","28.918","36.093","30.687","96.92","87.867","0","6.1299999999999955","4.469999999999996","13.40999999999999","20.0192","0","0","1","0","3","0","0","14.459","1","0","0","0","1","4","_c07b812045620000_p_Net","0","0","0","1","0","0","0","0","0","0","3","_c07b812045620000_p_odb__dbNet","0.0","0.0","0.0","6.256","5.421866666666666","0.5898213364137388","16.2656","0.8433333333333479","3","4.559999999999995","6.1299999999999955","6.1299999999999955","32.66","96.56","30.82","88.4","0","2","1","0","31.816666666666663","0.7589612784735597","93.83999999999999","3.846660889654817","4"
"rst_cnt[4]","OK","16.43203500000002","0.2250438852867124","29.6115","92.48750000000001","1.9230000000000018","8.545000000000002","20.936000000000007","30.573","28.65","96.76","88.215","0","9.119999999999997","6.839999999999998","13.679999999999996","20.0192","0","0","1","0","2","0","0","10.468000000000004","1","0","0","0","1","3","_387c812045620000_p_Net","0","0","0","1","0","0","0","0","0","0","2","_387c812045620000_p_odb__dbNet","0.0","0.0","0.0","10.0096","7.507200000000001","2.5024","15.014400000000002","4.119999999999997","2","4.559999999999999","9.119999999999997","9.119999999999997","30.82","96.56","28.98","88.4","1","0","1","0","29.9","0.9199999999999999","92.48","4.079999999999998","3"
"rxd","OK","1.9530499999999007","6.95283017556106","80.6875","142.875","3.6850000000000023","0.5299999999999727","8.42999999999995","82.53","78.845","143.14","142.61","1","","","","","0","0","0","0","1","1","0","4.214999999999975","0","0","0","0","0","1","_b07c812045620000_p_Net","0","1","0","1","0","0","0","0","1","0","1","_b07c812045620000_p_odb__dbNet","3.7536","0.0","0.0","3.7536","3.7536","","3.7536","","1","","","","78.43","142.8","78.43","142.8","0","0","1","0","78.43","","142.8","","2"
"rxdn","OK","24.869149999999973","1.0315682278958112","79.9975","151.03500000000003","5.064999999999998","4.909999999999997","19.94999999999999","82.53","77.465","153.49","148.58","1","","","","","0","0","0","0","1","1","0","9.974999999999994","0","0","0","0","0","1","_287d812045620000_p_Net","0","1","0","1","0","0","0","0","1","0","1","_287d812045620000_p_odb__dbNet","3.7536","0.0","0.0","3.7536","3.7536","","3.7536","","1","","","","77.05","153.68","77.05","153.68","0","1","0","0","77.05","","153.68","","2"
"rxdp","OK","4.58715000000001","16.330188648433573","78.2025","153.755","8.655000000000001","0.5300000000000011","18.370000000000005","82.53","73.875","154.02","153.49","1","","","","","0","0","0","0","1","1","0","9.185000000000002","0","0","0","0","0","1","_a07d812045620000_p_Net","0","1","0","1","0","0","0","0","1","0","1","_a07d812045620000_p_odb__dbNet","3.7536","0.0","0.0","3.7536","3.7536","","3.7536","","1","","","","74.29","153.68","74.29","153.68","0","0","1","0","74.29","","153.68","","2"
"txdn","OK","476.62601800000033","4.401595233096135","23.3015","93.943","45.803000000000004","10.406000000000006","112.41800000000002","46.203","0.4","99.146","88.74","1","8.199999999999996","8.199999999999996","8.199999999999996","3.7536","1","0","0","0","2","1","0","56.20900000000001","0","0","0","0","0","2","_187e812045620000_p_Net","1","1","0","1","0","0","0","0","0","1","2","_187e812045620000_p_odb__dbNet","3.7536","0.0","0.0","3.7536","3.7536","","3.7536","8.199999999999996","1","8.199999999999996","8.199999999999996","8.199999999999996","43.93","93.84","43.93","93.84","0","0","0","1","43.93","","93.84","","3"
"txdp","OK","871.5775380000002","3.4710968065460617","27.9015","85.783","55.003","15.846000000000004","141.698","55.403","0.4","93.706","77.86","1","3.6799999999999997","3.6799999999999997","3.6799999999999997","3.7536","1","0","0","0","2","1","0","70.849","0","0","0","0","0","2","_907e812045620000_p_Net","1","1","0","1","0","0","0","0","0","1","2","_907e812045620000_p_odb__dbNet","3.7536","0.0","0.0","3.7536","3.7536","","3.7536","3.6799999999999997","1","3.6799999999999997","3.6799999999999997","3.6799999999999997","52.21","93.84","52.21","93.84","1","0","0","0","52.21","","93.84","","3"
"txoe","OK","738.3146219999999","2.6177801594249273","22.3815","74.90299999999999","43.963","16.793999999999997","121.514","44.363","0.4","83.3","66.506","1","24.599999999999994","24.599999999999994","24.599999999999994","3.7536","1","0","0","0","2","1","0","60.757","0","0","0","0","0","2","_087f812045620000_p_Net","1","1","0","1","0","0","0","0","0","1","2","_087f812045620000_p_odb__dbNet","3.7536","0.0","0.0","3.7536","3.7536","","3.7536","24.599999999999994","1","24.599999999999994","24.599999999999994","24.599999999999994","36.57","82.96","36.57","82.96","1","0","0","0","36.57","","82.96","","3"
"usb_rst","OK","328.98568999999975","3.038151066400334","16.2075","77.62299999999999","31.615000000000002","10.405999999999992","84.04199999999999","32.015","0.4","82.826","72.42","1","5.439999999999998","5.439999999999998","5.439999999999998","3.7536","1","0","0","0","2","1","0","42.020999999999994","0","0","0","0","1","2","_807f812045620000_p_Net","1","1","0","1","0","0","0","0","0","1","2","_807f812045620000_p_odb__dbNet","3.7536","0.0","0.0","3.7536","3.7536","","3.7536","5.439999999999998","1","5.439999999999998","5.439999999999998","5.439999999999998","32.43","77.52","32.43","77.52","0","0","0","1","32.43","","77.52","","3"
"VSS","OK","11166.180299999998","0.515915903665002","41.4","78.99849999999999","75.89999999999999","147.117","446.034","79.35","3.45","152.557","5.44","0","","","","","0","0","0","0","0","0","0","223.017","0","0","0","0","0","439","_7080812045620000_p_Net","0","0","0","0","0","439","0","0","0","0","0","_7080812045620000_p_odb__dbNet","0.0","0.0","0.0","","","","0.0","","0","","","","","","","","0","0","0","0","","","","","439"
"net235","OK","3.007619999999961","0.02588126159314611","70.4965","15.143","0.27899999999999636","10.780000000000001","22.117999999999995","70.636","70.357","20.533","9.753","0","14.329999999999988","10.70333333333332","32.109999999999964","3.7536","1","0","0","0","3","0","0","11.058999999999997","0","0","0","0","0","4","_e880812045620000_p_Net","1","0","0","1","0","0","0","0","0","0","3","_e880812045620000_p_odb__dbNet","0.0","0.0","0.0","30.0288","30.0288","0.0","90.0864","10.70333333333332","3","11.609999999999987","14.329999999999988","14.329999999999988","73.6","17.68","73.6","9.52","1","0","0","2","73.6","0.0","13.146666666666667","3.3924360306750403","4"
"net2","OK","1.5020759999999904","0.16115296424462652","63.929","40.7665","0.49199999999999733","3.0529999999999973","7.089999999999989","64.175","63.683","42.293","39.24","0","3.6400000000000006","3.6400000000000006","3.6400000000000006","3.7536","1","0","0","0","1","0","0","3.5449999999999946","0","0","0","0","0","2","_6081812045620000_p_Net","1","0","0","1","0","0","0","0","0","0","1","_6081812045620000_p_odb__dbNet","0.0","0.0","0.0","6.256","6.256","","6.256","3.6400000000000006","1","3.6400000000000006","3.6400000000000006","3.6400000000000006","63.25","39.44","63.25","39.44","0","0","1","0","63.25","","39.44","","2"
"net3","OK","6.656088000000016","1.1594323868282856","65.97399999999999","43.548","2.778000000000006","2.396000000000001","10.348000000000013","67.363","64.585","44.746","42.35","0","6.399999999999999","6.399999999999999","6.399999999999999","3.7536","1","0","0","0","1","0","0","5.174000000000007","0","0","0","0","0","2","_d881812045620000_p_Net","1","1","0","1","0","0","0","0","0","0","1","_d881812045620000_p_odb__dbNet","3.7536","0.0","0.0","3.7536","3.7536","","3.7536","6.399999999999999","1","6.399999999999999","6.399999999999999","6.399999999999999","64.17","42.16","64.17","42.16","0","0","1","0","64.17","","42.16","","2"
"net238","OK","2.3619200000000062","0.39672131131282096","65.47399999999999","125.09","0.9680000000000035","2.4399999999999977","6.8160000000000025","65.958","64.99","126.31","123.87","0","3.6400000000000006","3.6400000000000006","3.6400000000000006","5.0048","1","0","0","0","1","0","0","3.4080000000000013","0","0","0","0","0","2","_5082812045620000_p_Net","1","0","0","1","1","0","0","0","0","0","1","_5082812045620000_p_odb__dbNet","0.0","20.0192","0.0","20.0192","20.0192","","20.0192","3.6400000000000006","1","3.6400000000000006","3.6400000000000006","3.6400000000000006","67.16","126.48","67.16","126.48","1","0","0","0","67.16","","126.48","","2"
"net240","OK","97.90143999999997","0.2813186813036011","37.138999999999996","116.9675","5.2479999999999976","18.655","47.806","39.763","34.515","126.295","107.64","0","13.680000000000014","12.625000000000004","25.250000000000007","3.7536","1","0","0","0","2","0","0","23.903","0","0","0","0","0","3","_c882812045620000_p_Net","1","0","0","1","0","0","0","0","0","0","2","_c882812045620000_p_odb__dbNet","0.0","0.0","0.0","6.256","5.6304","0.6255999999999999","11.2608","4.464999999999989","2","11.569999999999993","13.680000000000014","13.680000000000014","39.56","126.48","34.73","107.44","0","1","0","1","37.144999999999996","2.4150000000000027","116.96000000000001","9.520000000000003","3"
"net222","OK","6.60323999999993","0.0363609379610889","75.858","70.791","0.4899999999999949","13.475999999999999","27.931999999999988","76.103","75.613","77.529","64.053","0","13.829999999999998","13.829999999999998","13.829999999999998","3.7536","1","0","0","0","1","0","0","13.965999999999994","0","0","0","0","0","2","_4083812045620000_p_Net","1","0","0","1","0","0","0","0","0","0","1","_4083812045620000_p_odb__dbNet","0.0","0.0","0.0","10.0096","10.0096","","10.0096","13.829999999999998","1","13.829999999999998","13.829999999999998","13.829999999999998","76.36","77.52","76.36","77.52","1","0","0","0","76.36","","77.52","","2"
"net306","OK","0.04312800000000165","0.0075125208649783615","52.634","65.30799999999999","0.018000000000000682","2.396000000000001","4.828000000000003","52.643","52.625","66.506","64.11","0","3.6400000000000006","3.6400000000000006","3.6400000000000006","3.7536","1","0","0","0","1","0","0","2.4140000000000015","0","0","0","0","0","2","_b883812045620000_p_Net","1","1","0","1","0","0","0","0","0","0","1","_b883812045620000_p_odb__dbNet","3.7536","0.0","0.0","3.7536","3.7536","","3.7536","3.6400000000000006","1","3.6400000000000006","3.6400000000000006","3.6400000000000006","52.21","63.92","52.21","63.92","0","0","1","0","52.21","","63.92","","2"
"net256","OK","20.269439999999985","0.17123161763132067","45.7315","145.72","1.8629999999999995","10.879999999999995","25.48599999999999","46.663","44.8","151.16","140.28","0","10.229999999999997","5.773333333333331","17.319999999999993","3.7536","1","0","0","0","3","0","0","12.742999999999995","0","0","0","0","0","4","_3084812045620000_p_Net","1","0","0","1","0","0","0","0","0","0","3","_3084812045620000_p_odb__dbNet","0.0","0.0","0.0","8.758400000000002","7.924266666666668","0.5898213364137396","23.772800000000004","3.960000000000001","3","4.789999999999999","10.229999999999997","10.229999999999997","45.08","150.96","44.85","140.08","0","1","2","0","45.00333333333333","0.1084230397819358","144.61333333333334","4.623111025657456","4"
"net221","OK","14.18006899999999","0.5053804039068541","69.2445","72.14150000000001","2.6769999999999925","5.297000000000011","15.948000000000008","70.583","67.906","74.79","69.493","0","9.349999999999994","9.349999999999994","9.349999999999994","3.7536","1","0","0","0","1","0","0","7.974000000000004","0","0","0","0","0","2","_a884812045620000_p_Net","1","0","0","1","0","0","0","0","0","0","1","_a884812045620000_p_odb__dbNet","0.0","0.0","0.0","10.0096","10.0096","","10.0096","9.349999999999994","1","9.349999999999994","9.349999999999994","9.349999999999994","67.16","74.8","67.16","74.8","0","1","0","0","67.16","","74.8","","2"
"net220","OK","21.01716000000001","2.5984528823493473","72.40799999999999","57.191","7.390000000000001","2.844000000000001","20.468000000000004","76.103","68.713","58.613","55.769","0","9.850000000000009","9.850000000000009","9.850000000000009","3.7536","1","0","0","0","1","0","0","10.234000000000002","0","0","0","0","0","2","_2085812045620000_p_Net","1","0","0","1","0","0","0","0","0","0","1","_2085812045620000_p_odb__dbNet","0.0","0.0","0.0","10.0096","10.0096","","10.0096","9.850000000000009","1","9.850000000000009","9.850000000000009","9.850000000000009","69.46","55.76","69.46","55.76","0","0","1","0","69.46","","55.76","","2"
"net288","OK","43.70659199999996","1.48561946875265","73.914","31.154","8.057999999999993","5.4239999999999995","26.963999999999984","77.943","69.885","33.866","28.442","0","10.270000000000014","10.270000000000014","10.270000000000014","3.7536","1","0","0","0","1","0","0","13.481999999999992","0","0","0","0","0","2","_9885812045620000_p_Net","1","0","0","1","0","0","0","0","0","0","1","_9885812045620000_p_odb__dbNet","0.0","0.0","0.0","30.0288","30.0288","","30.0288","10.270000000000014","1","10.270000000000014","10.270000000000014","10.270000000000014","73.6","28.56","73.6","28.56","0","0","1","0","73.6","","28.56","","2"
"net285","OK","101.20958000000005","0.878248719061179","48.001000000000005","110.04249999999999","9.428000000000004","10.735","40.32600000000001","52.715","43.287","115.41","104.675","0","13.68","7.99","31.96","23.772800000000004","0","0","1","0","4","0","0","20.163000000000004","0","0","0","0","0","5","_1086812045620000_p_Net","0","1","0","1","0","0","0","0","0","0","4","_1086812045620000_p_odb__dbNet","3.7536","0.0","0.0","8.758400000000002","6.256","2.502400000000001","25.024","4.560000000000002","4","6.859999999999999","13.68","13.68","53.13","115.6","43.47","104.72","2","1","1","0","47.15","3.889652940816187","110.16","3.846660889654817","5"
"net304","OK","14.997944000000013","0.2084168336427659","54.519","108.7715","1.7680000000000007","8.483000000000004","20.50200000000001","55.403","53.635","113.013","104.53","0","10.0","10.0","10.0","3.7536","1","0","0","0","1","0","0","10.251000000000005","0","0","0","0","0","2","_8886812045620000_p_Net","1","1","0","1","0","0","0","0","0","0","1","_8886812045620000_p_odb__dbNet","3.7536","0.0","0.0","3.7536","3.7536","","3.7536","10.0","1","10.0","10.0","10.0","54.05","104.72","54.05","104.72","0","0","1","0","54.05","","104.72","","2"
"net287","OK","1.1808000000000443","0.04287347560158825","65.02250000000001","36.626000000000005","0.22500000000000853","5.2479999999999976","10.946000000000012","65.135","64.91","39.25","34.002","0","11.189999999999998","11.189999999999998","11.189999999999998","30.0288","0","0","0","0","1","0","0","5.473000000000006","0","0","0","0","0","2","_0087812045620000_p_Net","0","1","0","1","0","0","0","0","0","0","1","_0087812045620000_p_odb__dbNet","3.7536","0.0","0.0","3.7536","3.7536","","3.7536","11.189999999999998","1","11.189999999999998","11.189999999999998","11.189999999999998","65.55","39.44","65.55","39.44","1","0","0","0","65.55","","39.44","","2"
"net261","OK","274.21648799999986","0.7803264696052318","32.449","133.293","14.627999999999997","18.745999999999995","66.74799999999999","39.763","25.135","142.666","123.92","0","29.010000000000023","18.47000000000001","55.41000000000003","3.7536","1","0","0","0","3","0","0","33.373999999999995","0","0","0","0","0","4","_7887812045620000_p_Net","1","0","0","1","0","0","0","0","0","0","3","_7887812045620000_p_odb__dbNet","0.0","0.0","0.0","10.0096","7.5072","2.702900920615972","22.5216","18.470000000000027","3","20.42000000000001","29.010000000000023","29.010000000000023","38.87","142.8","24.84","123.76","1","0","1","1","32.66","5.839765977046226","131.92","8.007463185470586","4"
"net262","OK","228.4810800000001","0.48143217808210065","35.899","134.8125","10.488","21.78500000000001","64.54600000000002","41.143","30.655","145.705","123.92","0","27.59000000000001","20.130000000000006","60.39000000000002","3.7536","1","0","0","0","3","0","0","32.27300000000001","0","0","0","0","0","4","_f087812045620000_p_Net","1","0","0","1","0","0","0","0","0","0","3","_f087812045620000_p_odb__dbNet","0.0","0.0","0.0","10.0096","7.507200000000001","2.702900920615972","22.521600000000003","18.3166666666667","3","21.80000000000001","27.59000000000001","27.59000000000001","38.87","145.52","30.36","123.76","0","1","1","1","34.19333333333333","3.5249996059889446","131.92","9.68055094850839","4"
"net291","OK","56.168657999999986","0.7939602900019065","73.224","16.3275","6.677999999999997","8.411000000000001","30.177999999999997","76.563","69.885","20.533","12.122","0","11.610000000000001","11.610000000000001","11.610000000000001","3.7536","1","0","0","0","1","0","0","15.088999999999999","0","0","0","0","0","2","_6888812045620000_p_Net","1","0","0","1","0","0","0","0","0","0","1","_6888812045620000_p_odb__dbNet","0.0","0.0","0.0","30.0288","30.0288","","30.0288","11.610000000000001","1","11.610000000000001","11.610000000000001","11.610000000000001","73.6","12.24","73.6","12.24","0","0","0","1","73.6","","12.24","","2"
"net292","OK","87.79996799999992","0.7395374448660476","73.914","12.114","8.057999999999993","10.896","37.90799999999999","77.943","69.885","17.562","6.666","0","15.710000000000012","15.710000000000012","15.710000000000012","3.7536","1","0","0","0","1","0","0","18.953999999999994","0","0","0","0","0","2","_e088812045620000_p_Net","1","0","0","1","0","0","0","0","0","0","1","_e088812045620000_p_odb__dbNet","0.0","0.0","0.0","30.0288","30.0288","","30.0288","15.710000000000012","1","15.710000000000012","15.710000000000012","15.710000000000012","73.6","17.68","73.6","17.68","0","1","0","0","73.6","","17.68","","2"
"net294","OK","19.840337999999992","2.247728036941188","73.224","8.1515","6.677999999999997","2.971","19.297999999999995","76.563","69.885","9.637","6.666","0","6.170000000000003","6.170000000000003","6.170000000000003","3.7536","1","0","0","0","1","0","0","9.648999999999997","0","0","0","0","0","2","_5889812045620000_p_Net","1","0","0","1","0","0","0","0","0","0","1","_5889812045620000_p_odb__dbNet","0.0","0.0","0.0","30.0288","30.0288","","30.0288","6.170000000000003","1","6.170000000000003","6.170000000000003","6.170000000000003","73.6","9.52","73.6","9.52","1","0","0","0","73.6","","9.52","","2"
"net297","OK","0.026768000000005232","8.535714133288952","54.704","137.19799999999998","0.47799999999999443","0.056000000000011596","1.068000000000012","54.943","54.465","137.226","137.17","0","1.3800000000000026","1.3800000000000026","1.3800000000000026","3.7536","1","0","0","0","1","0","0","0.534000000000006","0","0","0","0","0","2","_d089812045620000_p_Net","1","1","0","1","0","0","0","0","0","0","1","_d089812045620000_p_odb__dbNet","3.7536","0.0","0.0","3.7536","3.7536","","3.7536","1.3800000000000026","1","1.3800000000000026","1.3800000000000026","1.3800000000000026","54.05","137.36","54.05","137.36","0","1","0","0","54.05","","137.36","","2"
"net293","OK","28.842339999999982","0.41387158595904733","76.98249999999999","16.416","3.4549999999999983","8.347999999999999","23.605999999999995","78.71","75.255","20.59","12.242","0","10.230000000000006","10.230000000000006","10.230000000000006","30.0288","0","0","0","0","1","0","0","11.802999999999997","0","0","0","0","0","2","_488a812045620000_p_Net","0","1","0","1","0","0","0","0","0","0","1","_488a812045620000_p_odb__dbNet","3.7536","0.0","0.0","3.7536","3.7536","","3.7536","10.230000000000006","1","10.230000000000006","10.230000000000006","10.230000000000006","75.67","20.4","75.67","20.4","0","1","0","0","75.67","","20.4","","2"
"net295","OK","0.39258000000001503","0.04642365885611465","78.7775","19.136","0.13500000000000512","2.9080000000000013","6.086000000000013","78.845","78.71","20.59","17.682","0","7.550000000000011","7.550000000000011","7.550000000000011","30.0288","0","0","0","0","1","0","0","3.0430000000000064","0","0","0","0","0","2","_c08a812045620000_p_Net","0","1","0","1","0","0","0","0","0","0","1","_c08a812045620000_p_odb__dbNet","3.7536","0.0","0.0","3.7536","3.7536","","3.7536","7.550000000000011","1","7.550000000000011","7.550000000000011","7.550000000000011","78.43","20.4","78.43","20.4","0","1","0","0","78.43","","20.4","","2"
"net296","OK","0.18132800000003751","57.8214275388911","54.704","137.19799999999998","3.2379999999999995","0.056000000000011596","6.588000000000022","56.323","53.085","137.226","137.17","0","4.140000000000001","4.140000000000001","4.140000000000001","3.7536","1","0","0","0","1","0","0","3.294000000000011","0","0","0","0","0","2","_388b812045620000_p_Net","1","1","0","1","0","0","0","0","0","0","1","_388b812045620000_p_odb__dbNet","3.7536","0.0","0.0","3.7536","3.7536","","3.7536","4.140000000000001","1","4.140000000000001","4.140000000000001","4.140000000000001","52.67","137.36","52.67","137.36","0","1","0","0","52.67","","137.36","","2"
"net298","OK","2.0318080000000034","0.35392320519452736","57.278999999999996","136.02800000000002","0.8480000000000061","2.3959999999999866","6.487999999999985","57.703","56.855","137.226","134.83","0","3.640000000000022","3.640000000000022","3.640000000000022","3.7536","1","0","0","0","1","0","0","3.2439999999999927","0","0","0","0","0","2","_b08b812045620000_p_Net","1","1","0","1","0","0","0","0","0","0","1","_b08b812045620000_p_odb__dbNet","3.7536","0.0","0.0","3.7536","3.7536","","3.7536","3.640000000000022","1","3.640000000000022","3.640000000000022","3.640000000000022","57.27","134.64","57.27","134.64","0","0","1","0","57.27","","134.64","","2"
"net268","OK","233.58568499999996","0.16271213280470026","53.0025","52.8105","6.164999999999999","37.888999999999996","88.10799999999999","56.085","49.92","71.755","33.866","0","40.15","28.159999999999997","84.47999999999999","3.7536","1","0","0","0","3","0","0","44.053999999999995","0","0","0","0","0","4","_288c812045620000_p_Net","1","0","0","1","0","0","0","0","0","0","3","_288c812045620000_p_odb__dbNet","0.0","0.0","0.0","30.0288","12.92906666666667","12.102122001625261","38.787200000000006","26.47333333333333","3","35.82","40.15","40.15","59.8","72.08","49.22","34.0","0","2","0","1","53.28333333333333","4.654620165909232","58.48","17.345554665869486","4"
"net300","OK","0.02682400000000551","8.553571275827299","60.7555","131.75799999999998","0.4789999999999992","0.056000000000011596","1.0700000000000216","60.995","60.516","131.786","131.73","0","1.3799999999999955","1.3799999999999955","1.3799999999999955","3.7536","1","0","0","0","1","0","0","0.5350000000000108","0","0","0","0","0","2","_a08c812045620000_p_Net","1","1","0","1","0","0","0","0","0","0","1","_a08c812045620000_p_odb__dbNet","3.7536","0.0","0.0","3.7536","3.7536","","3.7536","1.3799999999999955","1","1.3799999999999955","1.3799999999999955","1.3799999999999955","61.41","131.92","61.41","131.92","1","0","0","0","61.41","","131.92","","2"
"net267","OK","69.35719499999998","0.5804592442978265","59.8825","126.32050000000001","6.344999999999999","10.930999999999997","34.55199999999999","63.055","56.71","131.786","120.855","0","12.719999999999978","9.079999999999984","27.239999999999952","3.7536","1","0","0","0","3","0","0","17.275999999999996","0","0","0","0","0","4","_188d812045620000_p_Net","1","0","0","1","1","0","0","0","0","0","3","_188d812045620000_p_odb__dbNet","0.0","20.0192","0.0","30.0288","19.60213333333333","8.68861083999559","58.8064","8.466666666666647","3","8.849999999999987","12.719999999999978","12.719999999999978","59.34","126.48","56.81","121.04","0","1","2","0","58.343333333333334","1.100373673904562","123.76","2.220870700123414","4"
"net302","OK","21.051474000000063","2.273414392943338","71.724","122.3715","6.918000000000006","3.0430000000000064","19.922000000000025","75.183","68.265","123.893","120.85","0","10.540000000000006","10.540000000000006","10.540000000000006","3.7536","1","0","0","0","1","0","0","9.961000000000013","0","0","0","0","0","2","_908d812045620000_p_Net","1","1","0","1","0","0","0","0","0","0","1","_908d812045620000_p_odb__dbNet","3.7536","0.0","0.0","3.7536","3.7536","","3.7536","10.540000000000006","1","10.540000000000006","10.540000000000006","10.540000000000006","67.85","121.04","67.85","121.04","0","0","1","0","67.85","","121.04","","2"
"net299","OK","5.054637000000009","0.17443804566701845","62.825500000000005","132.0815","0.9390000000000001","5.38300000000001","12.64400000000002","63.295","62.356","134.773","129.39","0","7.280000000000001","7.280000000000001","7.280000000000001","3.7536","1","0","0","0","1","0","0","6.32200000000001","0","0","0","0","0","2","_088e812045620000_p_Net","1","1","0","1","0","0","0","0","0","0","1","_088e812045620000_p_odb__dbNet","3.7536","0.0","0.0","3.7536","3.7536","","3.7536","7.280000000000001","1","7.280000000000001","7.280000000000001","7.280000000000001","63.71","129.2","63.71","129.2","0","0","0","1","63.71","","129.2","","2"
"net260","OK","17.465624999999942","1.8115942023151124","42.4775","149.60750000000002","5.625","3.1049999999999898","17.45999999999998","45.29","39.665","151.16","148.055","0","3.4100000000000037","2.740000000000002","5.480000000000004","3.7536","1","0","0","0","2","0","0","8.72999999999999","0","0","0","0","0","3","_808e812045620000_p_Net","1","0","0","1","0","0","0","0","0","0","2","_808e812045620000_p_odb__dbNet","0.0","0.0","0.0","27.5264","17.5168","10.009599999999999","35.0336","2.739999999999988","2","2.0700000000000003","3.4100000000000037","3.4100000000000037","45.08","150.96","43.7","148.24","1","0","0","1","44.39","0.6899999999999977","149.60000000000002","1.3599999999999994","3"
"net301","OK","0.07324800000001476","23.35714244004606","69.929","137.19799999999998","1.3079999999999927","0.056000000000011596","2.7280000000000086","70.583","69.275","137.226","137.17","0","1.3799999999999955","1.3799999999999955","1.3799999999999955","3.7536","1","0","0","0","1","0","0","1.3640000000000043","0","0","0","0","0","2","_f88e812045620000_p_Net","1","1","0","1","0","0","0","0","0","0","1","_f88e812045620000_p_odb__dbNet","3.7536","0.0","0.0","3.7536","3.7536","","3.7536","1.3799999999999955","1","1.3799999999999955","1.3799999999999955","1.3799999999999955","69.69","137.36","69.69","137.36","0","1","0","0","69.69","","137.36","","2"
"net258","OK","81.13705600000004","0.7398777692188802","50.589","120.806","7.7479999999999976","10.472000000000008","36.44000000000001","54.463","46.715","126.042","115.57","0","12.57","9.363333333333337","28.09000000000001","3.7536","1","0","0","0","3","0","0","18.220000000000006","0","0","0","0","0","4","_708f812045620000_p_Net","1","0","0","1","0","0","0","0","0","0","3","_708f812045620000_p_odb__dbNet","0.0","0.0","0.0","6.256","5.0048","1.021600522056771","15.0144","4.81666666666667","3","8.700000000000003","12.57","12.57","54.28","126.48","45.77","115.6","2","0","1","0","51.06","3.7699425282975683","121.94666666666667","4.623111025657463","4"
"net259","OK","336.59999999999997","0.45496323527739113","71.7595","61.370000000000005","12.375","27.199999999999996","79.14999999999999","77.947","65.572","74.97","47.77","0","28.240000000000002","23.396","116.98","5.0048","1","0","0","0","5","0","0","39.574999999999996","0","0","0","0","0","6","_e88f812045620000_p_Net","1","0","0","1","0","0","0","0","0","0","5","_e88f812045620000_p_odb__dbNet","0.0","0.0","0.0","10.0096","10.0096","0.0","50.048","22.308","5","25.06000000000001","28.240000000000002","28.240000000000002","76.36","74.8","67.16","47.6","0","1","2","2","71.668","3.907563947013537","56.303999999999995","9.639704559788125","6"
"net255","OK","564.7263599999999","0.5410592131568681","52.163","26.1385","17.479999999999997","32.307","99.574","60.903","43.423","42.292","9.985","0","37.28","26.734666666666666","401.02","7.5072","1","0","0","0","15","0","0","49.787","0","0","0","0","0","16","_6090812045620000_p_Net","1","0","0","1","0","0","0","0","0","0","15","_6090812045620000_p_odb__dbNet","0.0","0.0","0.0","8.758400000000002","6.839893333333334","1.3604302963727652","102.59840000000001","26.550666666666665","15","26.29","36.9","37.28","60.72","36.72","43.24","9.52","1","4","4","6","52.010666666666665","5.455004389447261","22.93866666666667","8.396340366823845","16"
"net257","OK","9.426325999999934","1.6351520193106535","47.0","146.90550000000002","3.926000000000002","2.400999999999982","12.653999999999968","48.963","45.037","148.106","145.705","0","6.399999999999999","6.399999999999999","6.399999999999999","3.7536","1","0","0","0","1","0","0","6.326999999999984","0","0","0","0","0","2","_d890812045620000_p_Net","1","0","0","1","0","0","0","0","0","0","1","_d890812045620000_p_odb__dbNet","0.0","0.0","0.0","11.2608","11.2608","","11.2608","6.399999999999999","1","6.399999999999999","6.399999999999999","6.399999999999999","45.77","145.52","45.77","145.52","0","0","1","0","45.77","","145.52","","2"
"net281","OK","8.261841000000041","1.4331528523810222","54.5845","92.4495","3.4410000000000025","2.4010000000000105","11.684000000000026","56.305","52.864","93.65","91.249","0","9.159999999999997","9.159999999999997","9.159999999999997","23.772800000000004","0","0","1","0","1","0","0","5.842000000000013","0","0","0","0","0","2","_5091812045620000_p_Net","0","1","0","1","0","0","0","0","0","0","1","_5091812045620000_p_odb__dbNet","3.7536","0.0","0.0","3.7536","3.7536","","3.7536","9.159999999999997","1","9.159999999999997","9.159999999999997","9.159999999999997","55.89","93.84","55.89","93.84","1","0","0","0","55.89","","93.84","","2"
"net254","OK","1038.6518999999998","0.6395285359642797","49.0135","62.475","25.772999999999996","40.3","132.146","61.9","36.127","82.625","42.325","0","53.300000000000004","26.899230769230773","349.69000000000005","7.5072","1","0","0","0","13","0","0","66.073","0","0","0","0","0","14","_c891812045620000_p_Net","1","1","0","1","0","0","0","0","0","0","13","_c891812045620000_p_odb__dbNet","7.5072","0.0","0.0","30.0288","7.410953846153847","6.647258574852249","96.34240000000001","24.19923076923076","13","23.18","48.089999999999996","53.300000000000004","62.33","82.96","35.19","42.16","5","2","4","2","49.6976923076923","8.404609681914174","61.61846153846154","13.656215179095248","14"
"net38","OK","27.476388000000025","0.9377424716538459","68.114","126.6265","5.076000000000008","5.412999999999997","20.97800000000001","70.652","65.576","129.333","123.92","0","11.419999999999973","11.419999999999973","11.419999999999973","3.7536","1","0","0","0","1","0","0","10.489000000000004","0","0","0","0","0","2","_d082042245620000_p_Net","1","0","0","1","0","0","0","0","0","0","1","_d082042245620000_p_odb__dbNet","0.0","0.0","0.0","3.7536","3.7536","","3.7536","11.419999999999973","1","11.419999999999973","11.419999999999973","11.419999999999973","71.07","123.76","71.07","123.76","0","0","0","1","71.07","","123.76","","2"
"net39","OK","17.764483999999992","0.6990676451697948","55.378","148.5725","3.524000000000001","5.040999999999997","17.129999999999995","57.14","53.616","151.093","146.052","0","8.659999999999997","8.659999999999997","8.659999999999997","3.7536","1","0","0","0","1","0","0","8.564999999999998","0","0","0","0","0","2","_4883042245620000_p_Net","1","0","0","1","0","0","0","0","0","0","1","_4883042245620000_p_odb__dbNet","0.0","0.0","0.0","6.256","6.256","","6.256","8.659999999999997","1","8.659999999999997","8.659999999999997","8.659999999999997","56.35","145.52","56.35","145.52","0","0","0","1","56.35","","145.52","","2"
"net40","OK","3.744692000000002","0.06050591075880158","51.485","144.1465","0.4759999999999991","7.867000000000019","16.686000000000035","51.723","51.247","148.08","140.213","0","9.54","9.54","9.54","3.7536","1","0","0","0","1","0","0","8.343000000000018","0","0","0","0","0","2","_c083042245620000_p_Net","1","0","0","1","0","0","0","0","0","0","1","_c083042245620000_p_odb__dbNet","0.0","0.0","0.0","3.7536","3.7536","","3.7536","9.54","1","9.54","9.54","9.54","50.83","148.24","50.83","148.24","0","1","0","0","50.83","","148.24","","2"
"net41","OK","4.850092999999957","0.6687708872377404","57.2625","133.4265","1.8009999999999948","2.6929999999999836","8.987999999999957","58.163","56.362","134.773","132.08","0","5.710000000000001","5.710000000000001","5.710000000000001","3.7536","1","0","0","0","1","0","0","4.4939999999999785","0","0","0","0","0","2","_3884042245620000_p_Net","1","0","0","1","0","0","0","0","0","0","1","_3884042245620000_p_odb__dbNet","0.0","0.0","0.0","5.0048","5.0048","","5.0048","5.710000000000001","1","5.710000000000001","5.710000000000001","5.710000000000001","55.66","131.92","55.66","131.92","0","0","1","0","55.66","","131.92","","2"
"net42","OK","16.195757999999987","0.5420783021328075","52.5415","112.733","2.963000000000001","5.465999999999994","16.85799999999999","54.023","51.06","115.466","110.0","0","9.119999999999997","9.119999999999997","9.119999999999997","3.7536","1","0","0","0","1","0","0","8.428999999999995","0","0","0","0","0","2","_b084042245620000_p_Net","1","0","0","1","0","0","0","1","0","0","1","_b084042245620000_p_odb__dbNet","0.0","0.0","6.256","6.256","6.256","","6.256","9.119999999999997","1","9.119999999999997","9.119999999999997","9.119999999999997","50.83","110.16","50.83","110.16","0","0","1","0","50.83","","110.16","","2"
"net43","OK","0.2273360000000146","6.939226480998306","65.355","120.8155","1.2560000000000002","0.1810000000000116","2.8740000000000236","65.983","64.727","120.906","120.725","0","1.6099999999999994","1.6099999999999994","1.6099999999999994","3.7536","1","0","0","0","1","0","0","1.4370000000000118","0","0","0","0","0","2","_2885042245620000_p_Net","1","0","0","1","0","0","0","0","0","0","1","_2885042245620000_p_odb__dbNet","0.0","0.0","0.0","5.0048","5.0048","","5.0048","1.6099999999999994","1","1.6099999999999994","1.6099999999999994","1.6099999999999994","64.86","121.04","64.86","121.04","0","1","0","0","64.86","","121.04","","2"
"net44","OK","1.1560659999999963","0.15331391108764975","55.192499999999995","54.253","0.4209999999999994","2.745999999999995","6.333999999999989","55.403","54.982","55.626","52.88","0","4.329999999999998","4.329999999999998","4.329999999999998","3.7536","1","0","0","0","1","0","0","3.1669999999999945","0","0","0","0","0","2","_a085042245620000_p_Net","1","0","0","1","0","0","0","0","0","0","1","_a085042245620000_p_odb__dbNet","0.0","0.0","0.0","5.0048","5.0048","","5.0048","4.329999999999998","1","4.329999999999998","4.329999999999998","4.329999999999998","54.28","53.04","54.28","53.04","0","0","1","0","54.28","","53.04","","2"
"net45","OK","1.7892000000000035","0.39436619699795256","52.223","54.561","0.8400000000000034","2.1299999999999955","5.939999999999998","52.643","51.803","55.626","53.496","0","3.6400000000000006","3.6400000000000006","3.6400000000000006","3.7536","1","0","0","0","1","0","0","2.969999999999999","0","0","0","0","0","2","_1886042245620000_p_Net","1","0","0","1","0","0","0","0","0","0","1","_1886042245620000_p_odb__dbNet","0.0","0.0","0.0","6.256","6.256","","6.256","3.6400000000000006","1","3.6400000000000006","3.6400000000000006","3.6400000000000006","52.21","53.04","52.21","53.04","0","0","1","0","52.21","","53.04","","2"
"net46","OK","6.589584000000023","1.5695461192925546","47.815","65.4815","3.216000000000001","2.0490000000000066","10.530000000000015","49.423","46.207","66.506","64.457","0","5.939999999999998","5.939999999999998","5.939999999999998","3.7536","1","0","0","0","1","0","0","5.265000000000008","0","0","0","0","0","2","_9086042245620000_p_Net","1","0","0","1","0","0","0","0","0","0","1","_9086042245620000_p_odb__dbNet","0.0","0.0","0.0","8.758400000000002","8.758400000000002","","8.758400000000002","5.939999999999998","1","5.939999999999998","5.939999999999998","5.939999999999998","46.69","63.92","46.69","63.92","0","0","1","0","46.69","","63.92","","2"
"net47","OK","0.12335300000000159","1.436860063355452","50.1325","63.906499999999994","0.4210000000000065","0.29299999999999926","1.4280000000000115","50.343","49.922","64.053","63.76","0","1.6099999999999994","1.6099999999999994","1.6099999999999994","3.7536","1","0","0","0","1","0","0","0.7140000000000057","0","0","0","0","0","2","_0887042245620000_p_Net","1","0","0","1","0","0","0","0","0","0","1","_0887042245620000_p_odb__dbNet","0.0","0.0","0.0","5.0048","5.0048","","5.0048","1.6099999999999994","1","1.6099999999999994","1.6099999999999994","1.6099999999999994","49.22","63.92","49.22","63.92","0","1","0","0","49.22","","63.92","","2"
"net48","OK","2.4135929999999983","0.07343450199312132","60.712500000000006","72.0665","0.4209999999999994","5.733000000000004","12.308000000000007","60.923","60.502","74.933","69.2","0","7.049999999999997","7.049999999999997","7.049999999999997","3.7536","1","0","0","0","1","0","0","6.1540000000000035","0","0","0","0","0","2","_8087042245620000_p_Net","1","0","0","1","0","0","0","0","0","0","1","_8087042245620000_p_odb__dbNet","0.0","0.0","0.0","5.0048","5.0048","","5.0048","7.049999999999997","1","7.049999999999997","7.049999999999997","7.049999999999997","59.8","69.36","59.8","69.36","0","0","1","0","59.8","","69.36","","2"
"net49","OK","0.10713300000000406","0.014197306146998243","58.6425","65.4265","0.03900000000000148","2.747","5.572000000000003","58.662","58.623","66.8","64.053","0","3.8699999999999974","3.8699999999999974","3.8699999999999974","3.7536","1","0","0","0","1","0","0","2.7860000000000014","0","0","0","0","0","2","_f887042245620000_p_Net","1","0","0","1","0","0","0","0","0","0","1","_f887042245620000_p_odb__dbNet","0.0","0.0","0.0","5.0048","5.0048","","5.0048","3.8699999999999974","1","3.8699999999999974","3.8699999999999974","3.8699999999999974","57.96","66.64","57.96","66.64","0","1","0","0","57.96","","66.64","","2"
"net50","OK","6.829423999999985","0.7399605000855956","58.419","106.054","2.2479999999999976","3.0379999999999967","10.571999999999989","59.543","57.295","107.573","104.535","0","6.170000000000002","6.170000000000002","6.170000000000002","3.7536","1","0","0","0","1","0","0","5.285999999999994","0","0","0","0","0","2","_7088042245620000_p_Net","1","0","0","1","0","0","0","0","0","0","1","_7088042245620000_p_odb__dbNet","0.0","0.0","0.0","10.0096","10.0096","","10.0096","6.170000000000002","1","6.170000000000002","6.170000000000002","6.170000000000002","56.58","104.72","56.58","104.72","0","0","1","0","56.58","","104.72","","2"
"net51","OK","7.687953000000002","0.23390894815386234","58.412499999999994","55.7465","1.341000000000001","5.732999999999997","14.147999999999996","59.083","57.742","58.613","52.88","0","7.969999999999999","7.969999999999999","7.969999999999999","3.7536","1","0","0","0","1","0","0","7.073999999999998","0","0","0","0","0","2","_e888042245620000_p_Net","1","0","0","1","0","0","0","0","0","0","1","_e888042245620000_p_odb__dbNet","0.0","0.0","0.0","5.0048","5.0048","","5.0048","7.969999999999999","1","7.969999999999999","7.969999999999999","7.969999999999999","57.04","53.04","57.04","53.04","0","0","1","0","57.04","","53.04","","2"
"net52","OK","0.029680999999996783","6.61194019982244","65.3015","113.04650000000001","0.44299999999999784","0.06699999999999307","1.0199999999999818","65.523","65.08","113.08","113.013","0","1.6099999999999994","1.6099999999999994","1.6099999999999994","3.7536","1","0","0","0","1","0","0","0.5099999999999909","0","0","0","0","0","2","_6089042245620000_p_Net","1","0","0","1","0","0","0","0","0","0","1","_6089042245620000_p_odb__dbNet","0.0","0.0","0.0","5.0048","5.0048","","5.0048","1.6099999999999994","1","1.6099999999999994","1.6099999999999994","1.6099999999999994","64.4","112.88","64.4","112.88","0","0","1","0","64.4","","112.88","","2"
"net53","OK","0.08098399999999795","2.2198952763356776","53.828","39.210499999999996","0.4239999999999995","0.1909999999999954","1.2299999999999898","54.04","53.616","39.306","39.115","0","1.6099999999999994","1.6099999999999994","1.6099999999999994","3.7536","1","0","0","0","1","0","0","0.6149999999999949","0","0","0","0","0","2","_d889042245620000_p_Net","1","0","0","1","0","0","0","0","0","0","1","_d889042245620000_p_odb__dbNet","0.0","0.0","0.0","5.0048","5.0048","","5.0048","1.6099999999999994","1","1.6099999999999994","1.6099999999999994","1.6099999999999994","54.74","39.44","54.74","39.44","1","0","0","0","54.74","","39.44","","2"
"net54","OK","10.888416000000014","0.17642566189200332","56.09","51.698","1.3860000000000028","7.8559999999999945","18.483999999999995","56.783","55.397","55.626","47.77","0","10.46","10.46","10.46","3.7536","1","0","0","0","1","0","0","9.241999999999997","0","0","0","0","0","2","_508a042245620000_p_Net","1","0","0","1","0","0","0","0","0","0","1","_508a042245620000_p_odb__dbNet","0.0","0.0","0.0","3.7536","3.7536","","3.7536","10.46","1","10.46","10.46","10.46","54.97","47.6","54.97","47.6","0","0","1","0","54.97","","47.6","","2"
"net55","OK","0.04604600000000596","68.11538199555348","47.6175","44.733000000000004","1.7710000000000008","0.026000000000003354","3.5940000000000083","48.503","46.732","44.746","44.72","0","1.8400000000000034","1.8400000000000034","1.8400000000000034","3.7536","1","0","0","0","1","0","0","1.7970000000000041","0","0","0","0","0","2","_c88a042245620000_p_Net","1","0","0","1","0","0","0","0","0","0","1","_c88a042245620000_p_odb__dbNet","0.0","0.0","0.0","3.7536","3.7536","","3.7536","1.8400000000000034","1","1.8400000000000034","1.8400000000000034","1.8400000000000034","47.15","44.88","47.15","44.88","0","1","0","0","47.15","","44.88","","2"
"net56","OK","0.05986800000000215","46.19444316126363","66.5315","88.248","1.6629999999999967","0.036000000000001364","3.397999999999996","67.363","65.7","88.266","88.23","0","2.069999999999993","2.069999999999993","2.069999999999993","3.7536","1","0","0","0","1","0","0","1.698999999999998","0","0","0","0","0","2","_408b042245620000_p_Net","1","0","0","1","0","0","0","0","0","0","1","_408b042245620000_p_odb__dbNet","0.0","0.0","0.0","7.5072","7.5072","","7.5072","2.069999999999993","1","2.069999999999993","2.069999999999993","2.069999999999993","65.78","88.4","65.78","88.4","0","1","0","0","65.78","","88.4","","2"
"net57","OK","10.082456000000022","1.7131079959962467","75.405","125.13300000000001","4.156000000000006","2.426000000000002","13.164000000000016","77.483","73.327","126.346","123.92","0","7.780000000000001","7.780000000000001","7.780000000000001","3.7536","1","0","0","0","1","0","0","6.582000000000008","0","0","0","0","0","2","_b88b042245620000_p_Net","1","0","0","1","0","0","0","0","0","0","1","_b88b042245620000_p_odb__dbNet","0.0","0.0","0.0","3.7536","3.7536","","3.7536","7.780000000000001","1","7.780000000000001","7.780000000000001","7.780000000000001","72.91","123.76","72.91","123.76","0","0","1","0","72.91","","123.76","","2"
"net58","OK","0.012852000000000462","17.629628976679708","76.785","118.4665","0.4759999999999991","0.027000000000001023","1.0060000000000002","77.023","76.547","118.48","118.453","0","1.3800000000000097","1.3800000000000097","1.3800000000000097","3.7536","1","0","0","0","1","0","0","0.5030000000000001","0","0","0","0","0","2","_308c042245620000_p_Net","1","0","0","1","0","0","0","0","0","0","1","_308c042245620000_p_odb__dbNet","0.0","0.0","0.0","3.7536","3.7536","","3.7536","1.3800000000000097","1","1.3800000000000097","1.3800000000000097","1.3800000000000097","76.13","118.32","76.13","118.32","0","0","1","0","76.13","","118.32","","2"
"net59","OK","0.029238000000000965","6.71212111042212","69.9015","131.753","0.44299999999999784","0.0660000000000025","1.0180000000000007","70.123","69.68","131.786","131.72","0","1.6099999999999994","1.6099999999999994","1.6099999999999994","3.7536","1","0","0","0","1","0","0","0.5090000000000003","0","0","0","0","0","2","_a88c042245620000_p_Net","1","0","0","1","0","0","0","0","0","0","1","_a88c042245620000_p_odb__dbNet","0.0","0.0","0.0","5.0048","5.0048","","5.0048","1.6099999999999994","1","1.6099999999999994","1.6099999999999994","1.6099999999999994","69.0","131.92","69.0","131.92","0","1","0","0","69.0","","131.92","","2"
"net60","OK","0.029238000000000965","6.71212111042212","63.9215","131.753","0.44299999999999784","0.0660000000000025","1.0180000000000007","64.143","63.7","131.786","131.72","0","1.6099999999999923","1.6099999999999923","1.6099999999999923","3.7536","1","0","0","0","1","0","0","0.5090000000000003","0","0","0","0","0","2","_208d042245620000_p_Net","1","0","0","1","0","0","0","0","0","0","1","_208d042245620000_p_odb__dbNet","0.0","0.0","0.0","5.0048","5.0048","","5.0048","1.6099999999999923","1","1.6099999999999923","1.6099999999999923","1.6099999999999923","63.02","131.92","63.02","131.92","0","1","0","0","63.02","","131.92","","2"
"net61","OK","0.20789700000000824","0.022900763351178802","77.51750000000001","111.5065","0.06900000000000261","3.0130000000000052","6.164000000000016","77.552","77.483","113.013","110.0","0","2.719999999999999","2.719999999999999","2.719999999999999","3.7536","1","0","0","0","1","0","0","3.082000000000008","0","0","0","0","0","2","_988d042245620000_p_Net","1","0","0","1","0","0","0","0","0","0","1","_988d042245620000_p_odb__dbNet","0.0","0.0","0.0","3.7536","3.7536","","3.7536","2.719999999999999","1","2.719999999999999","2.719999999999999","2.719999999999999","77.97","110.16","77.97","110.16","0","0","0","1","77.97","","110.16","","2"
"net62","OK","1.078973999999993","0.21087533147176007","62.081500000000005","130.464","0.47699999999999676","2.2620000000000005","5.477999999999994","62.32","61.843","131.595","129.333","0","3.4100000000000037","3.4100000000000037","3.4100000000000037","3.7536","1","0","0","0","1","0","0","2.738999999999997","0","0","0","0","0","2","_108e042245620000_p_Net","1","0","0","1","0","0","0","0","0","0","1","_108e042245620000_p_odb__dbNet","0.0","0.0","0.0","5.0048","5.0048","","5.0048","3.4100000000000037","1","3.4100000000000037","3.4100000000000037","3.4100000000000037","63.02","131.92","63.02","131.92","1","0","0","0","63.02","","131.92","","2"
"net63","OK","0.01237599999999819","18.30769160355293","75.934","110.013","0.4759999999999991","0.02599999999999625","1.0039999999999907","76.172","75.696","110.026","110.0","0","1.3800000000000097","1.3800000000000097","1.3800000000000097","3.7536","1","0","0","0","1","0","0","0.5019999999999953","0","0","0","0","0","2","_888e042245620000_p_Net","1","0","0","1","0","0","0","0","0","0","1","_888e042245620000_p_odb__dbNet","0.0","0.0","0.0","3.7536","3.7536","","3.7536","1.3800000000000097","1","1.3800000000000097","1.3800000000000097","1.3800000000000097","76.59","110.16","76.59","110.16","1","0","0","0","76.59","","110.16","","2"
"net64","OK","2.8420439999999516","0.09477720962476517","78.6565","112.728","0.5189999999999912","5.475999999999999","11.98999999999998","78.916","78.397","115.466","109.99","0","5.900000000000006","5.900000000000006","5.900000000000006","3.7536","1","0","0","0","1","0","0","5.99499999999999","0","0","0","0","0","2","_008f042245620000_p_Net","1","0","0","1","0","0","0","0","0","0","1","_008f042245620000_p_odb__dbNet","0.0","0.0","0.0","3.7536","3.7536","","3.7536","5.900000000000006","1","5.900000000000006","5.900000000000006","5.900000000000006","77.97","110.16","77.97","110.16","0","0","1","0","77.97","","110.16","","2"
"net65","OK","0.03673599999999583","35.87499887891011","58.049","113.029","1.1479999999999961","0.031999999999996476","2.359999999999985","58.623","57.475","113.045","113.013","0","1.8399999999999963","1.8399999999999963","1.8399999999999963","3.7536","1","0","0","0","1","0","0","1.1799999999999926","0","0","0","0","0","2","_788f042245620000_p_Net","1","0","0","1","0","0","0","1","0","0","1","_788f042245620000_p_odb__dbNet","0.0","0.0","3.7536","3.7536","3.7536","","3.7536","1.8399999999999963","1","1.8399999999999963","1.8399999999999963","1.8399999999999963","57.27","112.88","57.27","112.88","0","0","1","0","57.27","","112.88","","2"
"net66","OK","2.4566219999999688","0.08953799158275222","53.7975","94.074","0.4689999999999941","5.2379999999999995","11.413999999999987","54.032","53.563","96.693","91.455","0","6.359999999999999","6.359999999999999","6.359999999999999","3.7536","1","0","0","0","1","0","0","5.706999999999994","0","0","0","0","0","2","_f08f042245620000_p_Net","1","0","0","1","0","0","0","0","0","0","1","_f08f042245620000_p_odb__dbNet","0.0","0.0","0.0","6.256","6.256","","6.256","6.359999999999999","1","6.359999999999999","6.359999999999999","6.359999999999999","54.97","91.12","54.97","91.12","0","0","0","1","54.97","","91.12","","2"
"net67","OK","0.03021699999999643","6.73134318311488","57.9375","91.28649999999999","0.4509999999999934","0.06699999999999307","1.035999999999973","58.163","57.712","91.32","91.253","0","1.6099999999999994","1.6099999999999994","1.6099999999999994","3.7536","1","0","0","0","1","0","0","0.5179999999999865","0","0","0","0","0","2","_6890042245620000_p_Net","1","0","0","1","0","0","0","0","0","0","1","_6890042245620000_p_odb__dbNet","0.0","0.0","0.0","5.0048","5.0048","","5.0048","1.6099999999999994","1","1.6099999999999994","1.6099999999999994","1.6099999999999994","57.04","91.12","57.04","91.12","0","0","1","0","57.04","","91.12","","2"
"net270","OK","0.09781200000000337","30.105262629730987","49.945","102.16149999999999","1.715999999999994","0.05700000000000216","3.5459999999999923","50.803","49.087","102.19","102.133","0","2.0700000000000003","2.0700000000000003","2.0700000000000003","3.7536","1","0","0","0","1","0","0","1.7729999999999961","0","0","0","0","0","2","_e090042245620000_p_Net","1","0","0","1","0","0","0","0","0","0","1","_e090042245620000_p_odb__dbNet","0.0","0.0","0.0","7.5072","7.5072","","7.5072","2.0700000000000003","1","2.0700000000000003","2.0700000000000003","2.0700000000000003","49.22","102.0","49.22","102.0","0","0","1","0","49.22","","102.0","","2"
"net271","OK","0.07386000000000247","20.51666632472136","48.8795","88.24","1.2309999999999945","0.060000000000002274","2.5819999999999936","49.495","48.264","88.27","88.21","0","5.059999999999995","5.059999999999995","5.059999999999995","23.772800000000004","0","0","1","0","1","0","0","1.2909999999999968","0","0","0","0","0","2","_5891042245620000_p_Net","0","1","0","1","0","0","0","0","0","0","1","_5891042245620000_p_odb__dbNet","3.7536","0.0","0.0","3.7536","3.7536","","3.7536","5.059999999999995","1","5.059999999999995","5.059999999999995","5.059999999999995","49.91","88.4","49.91","88.4","1","0","0","0","49.91","","88.4","","2"
"net272","OK","955.39524","1.5724775852337831","58.563","111.5685","38.76","24.649","126.818","77.943","39.183","123.893","99.244","0","64.96000000000001","64.96000000000001","64.96000000000001","3.7536","1","0","0","0","1","0","0","63.409","0","0","0","0","0","2","_d091042245620000_p_Net","1","0","0","1","0","0","0","0","0","0","1","_d091042245620000_p_odb__dbNet","0.0","0.0","0.0","16.265600000000003","16.265600000000003","","16.265600000000003","64.96000000000001","1","64.96000000000001","64.96000000000001","64.96000000000001","37.95","99.28","37.95","99.28","0","0","1","0","37.95","","99.28","","2"
"net273","OK","63.04928000000004","1.0257653059916114","74.143","144.19","8.042000000000002","7.840000000000003","31.76400000000001","78.164","70.122","148.11","140.27","0","11.840000000000003","10.04","20.08","23.772800000000004","0","0","1","0","2","0","0","15.882000000000005","0","0","0","0","0","3","_4892042245620000_p_Net","0","1","0","1","0","0","0","0","0","0","2","_4892042245620000_p_odb__dbNet","3.7536","0.0","0.0","6.256","5.0048","1.2512","10.0096","6.359999999999985","2","8.239999999999995","11.840000000000003","11.840000000000003","78.43","145.52","69.23","140.08","0","1","0","1","73.83000000000001","4.600000000000001","142.8","2.719999999999999","3"
"net274","OK","988.5709339999997","1.0811892320563132","55.6165","114.214","32.69299999999999","30.238","125.86199999999998","71.963","39.27","129.333","99.095","0","64.41999999999999","64.41999999999999","64.41999999999999","3.7536","1","0","0","0","1","0","0","62.93099999999999","0","0","0","0","0","2","_c092042245620000_p_Net","1","0","0","1","0","0","0","0","0","0","1","_c092042245620000_p_odb__dbNet","0.0","0.0","0.0","16.265600000000003","16.265600000000003","","16.265600000000003","64.41999999999999","1","64.41999999999999","64.41999999999999","64.41999999999999","37.95","99.28","37.95","99.28","0","0","1","0","37.95","","99.28","","2"
"net275","OK","57.46449299999989","0.8461351776670156","74.52850000000001","149.7695","6.972999999999999","8.240999999999985","30.42799999999997","78.015","71.042","153.89","145.649","0","12.759999999999991","12.299999999999997","24.599999999999994","23.772800000000004","0","0","1","0","2","0","0","15.213999999999984","0","0","0","0","0","3","_3893042245620000_p_Net","0","1","0","1","0","0","0","0","0","0","2","_3893042245620000_p_odb__dbNet","3.7536","0.0","0.0","6.256","5.0048","1.2512","10.0096","8.61999999999999","2","11.840000000000003","12.759999999999991","12.759999999999991","78.43","153.68","70.15","153.68","1","1","0","0","74.29","4.140000000000001","153.68","0.0","3"
"net276","OK","5.745838999999995","0.9055180623638331","34.0565","76.2245","2.281000000000006","2.5189999999999912","9.599999999999994","35.197","32.916","77.484","74.965","0","5.479999999999997","4.579999999999998","9.159999999999997","3.7536","1","0","0","0","2","0","0","4.799999999999997","0","0","0","0","0","3","_b093042245620000_p_Net","1","0","0","1","0","0","0","0","0","0","2","_b093042245620000_p_odb__dbNet","0.0","0.0","0.0","16.265600000000003","11.260800000000001","5.004800000000001","22.521600000000003","4.579999999999998","2","3.6799999999999997","5.479999999999997","5.479999999999997","36.11","77.52","35.19","74.8","1","0","0","1","35.65","0.46000000000000085","76.16","1.3599999999999994","3"
"net277","OK","2.7395409999999916","0.475218658694203","32.2745","81.5695","1.1409999999999982","2.4009999999999962","7.083999999999989","32.845","31.704","82.77","80.369","0","6.859999999999999","6.859999999999999","6.859999999999999","23.772800000000004","0","0","1","0","1","0","0","3.5419999999999945","0","0","0","0","0","2","_2894042245620000_p_Net","0","1","0","1","0","0","0","0","0","0","1","_2894042245620000_p_odb__dbNet","3.7536","0.0","0.0","3.7536","3.7536","","3.7536","6.859999999999999","1","6.859999999999999","6.859999999999999","6.859999999999999","32.43","82.96","32.43","82.96","1","0","0","0","32.43","","82.96","","2"
"net278","OK","0.22075200000000128","0.02414021163222889","36.046499999999995","84.338","0.0730000000000004","3.024000000000001","6.194000000000003","36.083","36.01","85.85","82.826","0","4.3300000000000125","4.3300000000000125","4.3300000000000125","3.7536","1","0","0","0","1","0","0","3.0970000000000013","0","0","0","0","0","2","_a094042245620000_p_Net","1","0","0","1","1","0","0","0","0","0","1","_a094042245620000_p_odb__dbNet","0.0","20.0192","0.0","20.0192","20.0192","","20.0192","4.3300000000000125","1","4.3300000000000125","4.3300000000000125","4.3300000000000125","38.18","85.68","38.18","85.68","1","0","0","0","38.18","","85.68","","2"
"net279","OK","0.15588000000000585","43.29999927833169","44.503","66.48","2.597999999999999","0.060000000000002274","5.3160000000000025","45.802","43.204","66.51","66.45","0","6.439999999999998","5.75","11.5","23.772800000000004","0","0","1","0","2","0","0","2.6580000000000013","0","0","0","0","0","3","_1895042245620000_p_Net","0","1","0","1","0","0","0","0","0","0","2","_1895042245620000_p_odb__dbNet","3.7536","0.0","0.0","3.7536","3.7536","0.0","7.5072","5.75","2","5.060000000000002","6.439999999999998","6.439999999999998","46.23","66.64","44.85","66.64","2","0","0","0","45.54","0.6899999999999977","66.64","0.0","3"
"net280","OK","0.14565600000000561","55.99999890195872","50.295","93.6805","2.8560000000000016","0.05100000000000193","5.814000000000007","51.723","48.867","93.706","93.655","0","2.530000000000001","2.530000000000001","2.530000000000001","3.7536","1","0","0","0","1","0","0","2.9070000000000036","0","0","0","0","0","2","_9095042245620000_p_Net","1","0","0","1","0","0","0","0","0","0","1","_9095042245620000_p_odb__dbNet","0.0","0.0","0.0","10.0096","10.0096","","10.0096","2.530000000000001","1","2.530000000000001","2.530000000000001","2.530000000000001","49.68","93.84","49.68","93.84","0","1","0","0","49.68","","93.84","","2"
"net204","OK","0.026768000000005232","8.535714133288952","67.124","120.878","0.47799999999999443","0.056000000000011596","1.068000000000012","67.363","66.885","120.906","120.85","0","1.3799999999999955","1.3799999999999955","1.3799999999999955","3.7536","1","0","0","0","1","0","0","0.534000000000006","0","0","0","0","0","2","_0896042245620000_p_Net","1","1","0","1","0","0","0","0","0","0","1","_0896042245620000_p_odb__dbNet","3.7536","0.0","0.0","3.7536","3.7536","","3.7536","1.3799999999999955","1","1.3799999999999955","1.3799999999999955","1.3799999999999955","66.47","121.04","66.47","121.04","0","1","0","0","66.47","","121.04","","2"
"net193","OK","0.052527999999997285","16.74999970089356","50.794","66.47800000000001","0.9379999999999953","0.055999999999997385","1.9879999999999853","51.263","50.325","66.506","66.45","0","1.8400000000000034","1.8400000000000034","1.8400000000000034","3.7536","1","0","0","0","1","0","0","0.9939999999999927","0","0","0","0","0","2","_8096042245620000_p_Net","1","1","0","1","0","0","0","0","0","0","1","_8096042245620000_p_odb__dbNet","3.7536","0.0","0.0","3.7536","3.7536","","3.7536","1.8400000000000034","1","1.8400000000000034","1.8400000000000034","1.8400000000000034","49.91","66.64","49.91","66.64","0","1","0","0","49.91","","66.64","","2"
"net192","OK","0.07461299999998448","22.9649118778135","61.170500000000004","74.9615","1.3090000000000046","0.05699999999998795","2.731999999999985","61.825","60.516","74.99","74.933","0","1.3799999999999955","1.3799999999999955","1.3799999999999955","3.7536","1","0","0","0","1","0","0","1.3659999999999926","0","0","0","0","0","2","_f896042245620000_p_Net","1","1","0","1","0","0","0","0","0","0","1","_f896042245620000_p_odb__dbNet","3.7536","0.0","0.0","3.7536","3.7536","","3.7536","1.3799999999999955","1","1.3799999999999955","1.3799999999999955","1.3799999999999955","61.41","74.8","61.41","74.8","0","0","0","1","61.41","","74.8","","2"
"net191","OK","17.98699599999998","1.9411957943688598","57.4905","106.108","5.908999999999999","3.043999999999997","17.90599999999999","60.445","54.536","107.63","104.586","0","8.700000000000003","8.700000000000003","8.700000000000003","3.7536","1","0","0","0","1","0","0","8.952999999999996","0","0","0","0","0","2","_7097042245620000_p_Net","1","1","0","1","0","0","0","0","0","0","1","_7097042245620000_p_odb__dbNet","3.7536","0.0","0.0","3.7536","3.7536","","3.7536","8.700000000000003","1","8.700000000000003","8.700000000000003","8.700000000000003","60.03","107.44","60.03","107.44","1","0","0","0","60.03","","107.44","","2"
"net190","OK","0.07461300000002129","22.964911877801924","58.4105","134.8015","1.3089999999999975","0.05700000000001637","2.7320000000000277","59.065","57.756","134.83","134.773","0","1.3799999999999955","1.3799999999999955","1.3799999999999955","3.7536","1","0","0","0","1","0","0","1.3660000000000139","0","0","0","0","0","2","_e897042245620000_p_Net","1","1","0","1","0","0","0","0","0","0","1","_e897042245620000_p_odb__dbNet","3.7536","0.0","0.0","3.7536","3.7536","","3.7536","1.3799999999999955","1","1.3799999999999955","1.3799999999999955","1.3799999999999955","58.65","134.64","58.65","134.64","0","0","0","1","58.65","","134.64","","2"
"net189","OK","24.678712999999963","0.4018119177744265","53.3505","111.4915","3.148999999999994","7.837000000000003","21.971999999999994","54.925","51.776","115.41","107.573","0","11.379999999999995","11.379999999999995","11.379999999999995","3.7536","1","0","0","0","1","0","0","10.985999999999997","0","0","0","0","0","2","_6098042245620000_p_Net","1","1","0","1","0","0","0","0","0","0","1","_6098042245620000_p_odb__dbNet","3.7536","0.0","0.0","3.7536","3.7536","","3.7536","11.379999999999995","1","11.379999999999995","11.379999999999995","11.379999999999995","54.51","115.6","54.51","115.6","1","0","0","0","54.51","","115.6","","2"
"net188","OK","11.80755199999999","0.06090203963940653","53.139","144.188","0.847999999999999","13.924000000000007","29.54400000000001","53.563","52.715","151.15","137.226","0","14.519999999999989","14.519999999999989","14.519999999999989","3.7536","1","0","0","0","1","0","0","14.772000000000006","0","0","0","0","0","2","_d898042245620000_p_Net","1","1","0","1","0","0","0","0","0","0","1","_d898042245620000_p_odb__dbNet","3.7536","0.0","0.0","3.7536","3.7536","","3.7536","14.519999999999989","1","14.519999999999989","14.519999999999989","14.519999999999989","53.13","150.96","53.13","150.96","0","1","0","0","53.13","","150.96","","2"
"net202","OK","0.07461300000000269","22.96491187780765","58.8705","64.0815","1.3089999999999975","0.05700000000000216","2.7319999999999993","59.525","58.216","64.11","64.053","0","1.3800000000000026","1.3800000000000026","1.3800000000000026","3.7536","1","0","0","0","1","0","0","1.3659999999999997","0","0","0","0","0","2","_5099042245620000_p_Net","1","1","0","1","0","0","0","0","0","0","1","_5099042245620000_p_odb__dbNet","3.7536","0.0","0.0","3.7536","3.7536","","3.7536","1.3800000000000026","1","1.3800000000000026","1.3800000000000026","1.3800000000000026","59.11","63.92","59.11","63.92","0","0","0","1","59.11","","63.92","","2"
"net187","OK","1.3454480000000055","0.1452036793215489","52.403999999999996","138.748","0.44200000000000017","3.044000000000011","6.972000000000023","52.625","52.183","140.27","137.226","0","3.1799999999999997","3.1799999999999997","3.1799999999999997","3.7536","1","0","0","0","1","0","0","3.4860000000000113","0","0","0","0","0","2","_c899042245620000_p_Net","1","1","0","1","0","0","0","0","0","0","1","_c899042245620000_p_odb__dbNet","3.7536","0.0","0.0","3.7536","3.7536","","3.7536","3.1799999999999997","1","3.1799999999999997","3.1799999999999997","3.1799999999999997","52.21","140.08","52.21","140.08","0","1","0","0","52.21","","140.08","","2"
"net282","OK","1.096863999999983","0.18791390720698684","44.189","92.498","0.4539999999999935","2.415999999999997","5.739999999999981","44.416","43.962","93.706","91.29","0","3.1799999999999997","3.1799999999999997","3.1799999999999997","3.7536","1","0","0","0","1","0","0","2.8699999999999903","0","0","0","0","0","2","_409a042245620000_p_Net","1","0","0","1","0","0","0","0","0","0","1","_409a042245620000_p_odb__dbNet","0.0","0.0","0.0","3.7536","3.7536","","3.7536","3.1799999999999997","1","3.1799999999999997","3.1799999999999997","3.1799999999999997","44.39","91.12","44.39","91.12","0","0","0","1","44.39","","91.12","","2"
"net269","OK","154.14048000000008","0.26939799329977443","56.378","86.96000000000001","6.444000000000003","23.92","60.72800000000001","59.6","53.156","98.92","75.0","0","22.680000000000007","14.857500000000003","59.430000000000014","3.7536","1","0","0","0","4","0","0","30.364000000000004","0","0","0","0","0","5","_b89a042245620000_p_Net","1","0","0","1","0","0","0","0","0","0","4","_b89a042245620000_p_odb__dbNet","0.0","0.0","0.0","6.256","4.692","1.0374402344231692","18.768","13.497500000000002","4","10.079999999999998","22.680000000000007","22.680000000000007","60.03","99.28","53.59","74.8","2","0","1","1","57.3275","2.4469611255596186","87.72","9.495683229762884","5"
"net284","OK","300.7770960000001","0.5141817580205827","47.80500000000001","81.613","12.436","24.186000000000007","73.24400000000001","54.023","41.587","93.706","69.52","0","37.82","28.27666666666667","84.83000000000001","3.7536","1","0","0","0","3","0","0","36.62200000000001","0","0","0","0","0","4","_309b042245620000_p_Net","1","0","0","1","0","0","0","0","0","0","3","_309b042245620000_p_odb__dbNet","0.0","0.0","0.0","6.256","5.0048","1.021600522056771","15.0144","28.276666666666664","3","27.050000000000004","37.82","37.82","53.59","74.8","41.17","69.36","0","0","1","2","47.99333333333334","5.144099100479651","72.08","2.220870700123414","4"
"net283","OK","2.7395410000000076","0.47521865869420016","46.534499999999994","97.8895","1.1409999999999982","2.4010000000000105","7.084000000000017","47.105","45.964","99.09","96.689","0","6.859999999999999","6.859999999999999","6.859999999999999","23.772800000000004","0","0","1","0","1","0","0","3.5420000000000087","0","0","0","0","0","2","_a89b042245620000_p_Net","0","1","0","1","0","0","0","0","0","0","1","_a89b042245620000_p_odb__dbNet","3.7536","0.0","0.0","3.7536","3.7536","","3.7536","6.859999999999999","1","6.859999999999999","6.859999999999999","6.859999999999999","46.69","99.28","46.69","99.28","1","0","0","0","46.69","","99.28","","2"
"net286","OK","3.9948419999999896","0.6553260426669373","70.694","32.6315","1.617999999999995","2.469000000000001","8.173999999999992","71.503","69.885","33.866","31.397","0","4.329999999999998","4.329999999999998","4.329999999999998","3.7536","1","0","0","0","1","0","0","4.086999999999996","0","0","0","0","0","2","_209c042245620000_p_Net","1","0","0","1","0","0","0","0","0","0","1","_209c042245620000_p_odb__dbNet","0.0","0.0","0.0","30.0288","30.0288","","30.0288","4.329999999999998","1","4.329999999999998","4.329999999999998","4.329999999999998","73.6","31.28","73.6","31.28","0","0","0","1","73.6","","31.28","","2"
"net305","OK","0.10404799999999537","33.17857083609857","53.094","66.47800000000001","1.858000000000004","0.055999999999997385","3.828000000000003","54.023","52.165","66.506","66.45","0","2.759999999999998","2.759999999999998","2.759999999999998","3.7536","1","0","0","0","1","0","0","1.9140000000000015","0","0","0","0","0","2","_989c042245620000_p_Net","1","1","0","1","0","0","0","0","0","0","1","_989c042245620000_p_odb__dbNet","3.7536","0.0","0.0","3.7536","3.7536","","3.7536","2.759999999999998","1","2.759999999999998","2.759999999999998","2.759999999999998","51.75","66.64","51.75","66.64","0","1","0","0","51.75","","66.64","","2"
"net201","OK","0.22786400000004733","72.66071298818656","66.2305","88.238","4.069000000000003","0.056000000000011596","8.250000000000028","68.265","64.196","88.266","88.21","0","4.1399999999999935","4.1399999999999935","4.1399999999999935","3.7536","1","0","0","0","1","0","0","4.125000000000014","0","0","0","0","0","2","_109d042245620000_p_Net","1","1","0","1","0","0","0","0","0","0","1","_109d042245620000_p_odb__dbNet","3.7536","0.0","0.0","3.7536","3.7536","","3.7536","4.1399999999999935","1","4.1399999999999935","4.1399999999999935","4.1399999999999935","67.85","88.4","67.85","88.4","1","0","0","0","67.85","","88.4","","2"
"net200","OK","2.5843559999999934","0.27890932973754473","59.560500000000005","57.147999999999996","0.8489999999999966","3.044000000000004","7.786000000000001","59.985","59.136","58.67","55.626","0","3.6400000000000006","3.6400000000000006","3.6400000000000006","3.7536","1","0","0","0","1","0","0","3.8930000000000007","0","0","0","0","0","2","_889d042245620000_p_Net","1","1","0","1","0","0","0","0","0","0","1","_889d042245620000_p_odb__dbNet","3.7536","0.0","0.0","3.7536","3.7536","","3.7536","3.6400000000000006","1","3.6400000000000006","3.6400000000000006","3.6400000000000006","59.57","58.48","59.57","58.48","1","0","0","0","59.57","","58.48","","2"
"net199","OK","60.95472399999992","0.16257811288733245","54.289","48.9315","3.147999999999996","19.363","45.02199999999999","55.863","52.715","58.613","39.25","0","22.259999999999998","22.259999999999998","22.259999999999998","3.7536","1","0","0","0","1","0","0","22.510999999999996","0","0","0","0","0","2","_009e042245620000_p_Net","1","1","0","1","0","0","0","0","0","0","1","_009e042245620000_p_odb__dbNet","3.7536","0.0","0.0","3.7536","3.7536","","3.7536","22.259999999999998","1","22.259999999999998","22.259999999999998","22.259999999999998","53.13","39.44","53.13","39.44","0","0","1","0","53.13","","39.44","","2"
"net198","OK","0.15058399999999297","48.01785628539767","56.340500000000006","55.598","2.689","0.055999999999997385","5.489999999999995","57.685","54.996","55.626","55.57","0","2.760000000000005","2.760000000000005","2.760000000000005","3.7536","1","0","0","0","1","0","0","2.7449999999999974","0","0","0","0","0","2","_789e042245620000_p_Net","1","1","0","1","0","0","0","0","0","0","1","_789e042245620000_p_odb__dbNet","3.7536","0.0","0.0","3.7536","3.7536","","3.7536","2.760000000000005","1","2.760000000000005","2.760000000000005","2.760000000000005","57.27","55.76","57.27","55.76","1","0","0","0","57.27","","55.76","","2"
"net197","OK","19.46435399999995","0.10040939451982953","50.104","51.6515","1.3979999999999961","13.923000000000002","30.641999999999996","50.803","49.405","58.613","44.69","0","15.899999999999991","15.899999999999991","15.899999999999991","3.7536","1","0","0","0","1","0","0","15.320999999999998","0","0","0","0","0","2","_f09e042245620000_p_Net","1","1","0","1","0","0","0","0","0","0","1","_f09e042245620000_p_odb__dbNet","3.7536","0.0","0.0","3.7536","3.7536","","3.7536","15.899999999999991","1","15.899999999999991","15.899999999999991","15.899999999999991","48.99","44.88","48.99","44.88","0","0","1","0","48.99","","44.88","","2"
"net196","OK","1.3450060000000001","0.14525139660031183","53.324","57.091499999999996","0.44200000000000017","3.0429999999999993","6.969999999999999","53.545","53.103","58.613","55.57","0","3.1799999999999997","3.1799999999999997","3.1799999999999997","3.7536","1","0","0","0","1","0","0","3.4849999999999994","0","0","0","0","0","2","_689f042245620000_p_Net","1","1","0","1","0","0","0","0","0","0","1","_689f042245620000_p_odb__dbNet","3.7536","0.0","0.0","3.7536","3.7536","","3.7536","3.1799999999999997","1","3.1799999999999997","3.1799999999999997","3.1799999999999997","53.13","55.76","53.13","55.76","0","0","1","0","53.13","","55.76","","2"
"net195","OK","2.5835069999999893","0.2790009857775208","55.8805","57.091499999999996","0.8489999999999966","3.0429999999999993","7.783999999999992","56.305","55.456","58.613","55.57","0","3.6400000000000006","3.6400000000000006","3.6400000000000006","3.7536","1","0","0","0","1","0","0","3.891999999999996","0","0","0","0","0","2","_e09f042245620000_p_Net","1","1","0","1","0","0","0","0","0","0","1","_e09f042245620000_p_odb__dbNet","3.7536","0.0","0.0","3.7536","3.7536","","3.7536","3.6400000000000006","1","3.6400000000000006","3.6400000000000006","3.6400000000000006","55.89","55.76","55.89","55.76","0","0","0","1","55.89","","55.76","","2"
"net194","OK","0.02724600000000112","8.385964765158223","51.483999999999995","64.0815","0.47800000000000153","0.05700000000000216","1.0700000000000074","51.723","51.245","64.11","64.053","0","1.3800000000000026","1.3800000000000026","1.3800000000000026","3.7536","1","0","0","0","1","0","0","0.5350000000000037","0","0","0","0","0","2","_58a0042245620000_p_Net","1","1","0","1","0","0","0","0","0","0","1","_58a0042245620000_p_odb__dbNet","3.7536","0.0","0.0","3.7536","3.7536","","3.7536","1.3800000000000026","1","1.3800000000000026","1.3800000000000026","1.3800000000000026","50.83","63.92","50.83","63.92","0","0","1","0","50.83","","63.92","","2"
"net203","OK","0.1794929999999617","55.24561306587801","64.8505","113.0415","3.148999999999994","0.05699999999998795","6.4119999999999635","66.425","63.276","113.07","113.013","0","3.220000000000006","3.220000000000006","3.220000000000006","3.7536","1","0","0","0","1","0","0","3.2059999999999818","0","0","0","0","0","2","_d0a0042245620000_p_Net","1","1","0","1","0","0","0","0","0","0","1","_d0a0042245620000_p_odb__dbNet","3.7536","0.0","0.0","3.7536","3.7536","","3.7536","3.220000000000006","1","3.220000000000006","3.220000000000006","3.220000000000006","66.01","112.88","66.01","112.88","0","0","0","1","66.01","","112.88","","2"
"net219","OK","51.531090000000006","1.6532330285414245","72.868","55.8215","9.230000000000004","5.582999999999998","29.626000000000005","77.483","68.253","58.613","53.03","0","14.409999999999997","14.409999999999997","14.409999999999997","3.7536","1","0","0","0","1","0","0","14.813000000000002","0","0","0","0","0","2","_48a1042245620000_p_Net","1","0","0","1","0","0","0","0","0","0","1","_48a1042245620000_p_odb__dbNet","0.0","0.0","0.0","10.0096","10.0096","","10.0096","14.409999999999997","1","14.409999999999997","14.409999999999997","14.409999999999997","69.0","53.04","69.0","53.04","0","0","1","0","69.0","","53.04","","2"
"net218","OK","2.7356699999999705","0.0877664338012231","75.858","47.5375","0.4899999999999949","5.582999999999998","12.145999999999987","76.103","75.613","50.329","44.746","0","5.670000000000002","5.670000000000002","5.670000000000002","3.7536","1","0","0","0","1","0","0","6.072999999999993","0","0","0","0","0","2","_c0a1042245620000_p_Net","1","0","0","1","0","0","0","0","0","0","1","_c0a1042245620000_p_odb__dbNet","0.0","0.0","0.0","10.0096","10.0096","","10.0096","5.670000000000002","1","5.670000000000002","5.670000000000002","5.670000000000002","76.36","50.32","76.36","50.32","1","0","0","0","76.36","","50.32","","2"
"net217","OK","0.18547099999999125","9.069930006504373","74.9645","47.661500000000004","1.296999999999997","0.14299999999999358","2.8799999999999812","75.613","74.316","47.733","47.59","0","2.530000000000001","2.530000000000001","2.530000000000001","3.7536","1","0","0","0","1","0","0","1.4399999999999906","0","0","0","0","0","2","_38a2042245620000_p_Net","1","0","0","1","0","0","0","0","0","0","1","_38a2042245620000_p_odb__dbNet","0.0","0.0","0.0","10.0096","10.0096","","10.0096","2.530000000000001","1","2.530000000000001","2.530000000000001","2.530000000000001","76.36","47.6","76.36","47.6","0","0","0","1","76.36","","47.6","","2"
"net216","OK","0.17011600000001217","0.029632721189637858","59.1005","92.50800000000001","0.07100000000000506","2.396000000000001","4.934000000000012","59.136","59.065","93.706","91.31","0","2.719999999999999","2.719999999999999","2.719999999999999","3.7536","1","0","0","0","1","0","0","2.467000000000006","0","0","0","0","0","2","_b0a2042245620000_p_Net","1","1","0","1","0","0","0","0","0","0","1","_b0a2042245620000_p_odb__dbNet","3.7536","0.0","0.0","3.7536","3.7536","","3.7536","2.719999999999999","1","2.719999999999999","2.719999999999999","2.719999999999999","58.65","91.12","58.65","91.12","0","0","1","0","58.65","","91.12","","2"
"net211","OK","0.027245999999994327","8.385964765160313","59.763999999999996","113.0415","0.47800000000000153","0.05699999999998795","1.069999999999979","60.003","59.525","113.07","113.013","0","1.3800000000000026","1.3800000000000026","1.3800000000000026","3.7536","1","0","0","0","1","0","0","0.5349999999999895","0","0","0","0","0","2","_28a3042245620000_p_Net","1","1","0","1","0","0","0","0","0","0","1","_28a3042245620000_p_odb__dbNet","3.7536","0.0","0.0","3.7536","3.7536","","3.7536","1.3800000000000026","1","1.3800000000000026","1.3800000000000026","1.3800000000000026","59.11","112.88","59.11","112.88","0","0","1","0","59.11","","112.88","","2"
"net210","OK","0.17634400000003655","56.23214185298584","63.4705","131.75799999999998","3.149000000000001","0.056000000000011596","6.410000000000025","65.045","61.896","131.786","131.73","0","3.219999999999999","3.219999999999999","3.219999999999999","3.7536","1","0","0","0","1","0","0","3.2050000000000125","0","0","0","0","0","2","_a0a3042245620000_p_Net","1","1","0","1","0","0","0","0","0","0","1","_a0a3042245620000_p_odb__dbNet","3.7536","0.0","0.0","3.7536","3.7536","","3.7536","3.219999999999999","1","3.219999999999999","3.219999999999999","3.219999999999999","64.63","131.92","64.63","131.92","1","0","0","0","64.63","","131.92","","2"
"net209","OK","4.666104000000028","0.15447598250464453","70.60050000000001","134.478","0.8490000000000038","5.496000000000009","12.690000000000026","71.025","70.176","137.226","131.73","0","6.360000000000028","6.360000000000028","6.360000000000028","3.7536","1","0","0","0","1","0","0","6.345000000000013","0","0","0","0","0","2","_18a4042245620000_p_Net","1","1","0","1","0","0","0","0","0","0","1","_18a4042245620000_p_odb__dbNet","3.7536","0.0","0.0","3.7536","3.7536","","3.7536","6.360000000000028","1","6.360000000000028","6.360000000000028","6.360000000000028","70.61","131.92","70.61","131.92","0","0","0","1","70.61","","131.92","","2"
"net208","OK","0.15058399999999336","48.01785628539779","77.04050000000001","126.31800000000001","2.689000000000007","0.055999999999997385","5.490000000000009","78.385","75.696","126.346","126.29","0","2.760000000000005","2.760000000000005","2.760000000000005","3.7536","1","0","0","0","1","0","0","2.7450000000000045","0","0","0","0","0","2","_90a4042245620000_p_Net","1","1","0","1","0","0","0","0","0","0","1","_90a4042245620000_p_odb__dbNet","3.7536","0.0","0.0","3.7536","3.7536","","3.7536","2.760000000000005","1","2.760000000000005","2.760000000000005","2.760000000000005","77.97","126.48","77.97","126.48","1","0","0","0","77.97","","126.48","","2"
"net207","OK","2.093986999999976","0.07226453649038297","77.7305","121.20150000000001","0.3889999999999958","5.382999999999996","11.543999999999983","77.925","77.536","123.893","118.51","0","5.90000000000002","5.90000000000002","5.90000000000002","3.7536","1","0","0","0","1","0","0","5.771999999999991","0","0","0","0","0","2","_08a5042245620000_p_Net","1","1","0","1","0","0","0","0","0","0","1","_08a5042245620000_p_odb__dbNet","3.7536","0.0","0.0","3.7536","3.7536","","3.7536","5.90000000000002","1","5.90000000000002","5.90000000000002","5.90000000000002","77.51","118.32","77.51","118.32","0","0","1","0","77.51","","118.32","","2"
"net206","OK","0.153272999999968","47.17543776886207","77.04050000000001","113.0415","2.689000000000007","0.05699999999998795","5.49199999999999","78.385","75.696","113.07","113.013","0","2.760000000000005","2.760000000000005","2.760000000000005","3.7536","1","0","0","0","1","0","0","2.745999999999995","0","0","0","0","0","2","_80a5042245620000_p_Net","1","1","0","1","0","0","0","0","0","0","1","_80a5042245620000_p_odb__dbNet","3.7536","0.0","0.0","3.7536","3.7536","","3.7536","2.760000000000005","1","2.760000000000005","2.760000000000005","2.760000000000005","77.97","112.88","77.97","112.88","0","0","0","1","77.97","","112.88","","2"
"net205","OK","0.027302999999994183","8.403508624501612","64.43549999999999","129.36149999999998","0.4789999999999992","0.05699999999998795","1.0719999999999743","64.675","64.196","129.39","129.333","0","1.3800000000000026","1.3800000000000026","1.3800000000000026","3.7536","1","0","0","0","1","0","0","0.5359999999999872","0","0","0","0","0","2","_f8a5042245620000_p_Net","1","1","0","1","0","0","0","0","0","0","1","_f8a5042245620000_p_odb__dbNet","3.7536","0.0","0.0","3.7536","3.7536","","3.7536","1.3800000000000026","1","1.3800000000000026","1.3800000000000026","1.3800000000000026","65.09","129.2","65.09","129.2","0","0","0","1","65.09","","129.2","","2"
"net215","OK","7.0559919999999865","0.7614980286591663","55.624","95.22800000000001","2.317999999999998","3.043999999999997","10.72399999999999","56.783","54.465","96.75","93.706","0","5.940000000000005","5.940000000000005","5.940000000000005","3.7536","1","0","0","0","1","0","0","5.361999999999995","0","0","0","0","0","2","_70a6042245620000_p_Net","1","1","0","1","0","0","0","0","0","0","1","_70a6042245620000_p_odb__dbNet","3.7536","0.0","0.0","3.7536","3.7536","","3.7536","5.940000000000005","1","5.940000000000005","5.940000000000005","5.940000000000005","54.05","96.56","54.05","96.56","0","1","0","0","54.05","","96.56","","2"
"net214","OK","8.866502999999964","1.5431789730733552","76.16550000000001","114.2115","3.698999999999998","2.3969999999999914","12.191999999999979","78.015","74.316","115.41","113.013","0","7.320000000000007","7.320000000000007","7.320000000000007","3.7536","1","0","0","0","1","0","0","6.095999999999989","0","0","0","0","0","2","_e8a6042245620000_p_Net","1","1","0","1","0","0","0","0","0","0","1","_e8a6042245620000_p_odb__dbNet","3.7536","0.0","0.0","3.7536","3.7536","","3.7536","7.320000000000007","1","7.320000000000007","7.320000000000007","7.320000000000007","78.43","115.6","78.43","115.6","1","0","0","0","78.43","","115.6","","2"
"net213","OK","3.980243999999986","0.42983897455476533","75.449","111.4915","1.3079999999999927","3.0430000000000064","8.701999999999998","76.103","74.795","113.013","109.97","0","4.1000000000000085","4.1000000000000085","4.1000000000000085","3.7536","1","0","0","0","1","0","0","4.350999999999999","0","0","0","0","0","2","_60a7042245620000_p_Net","1","1","0","1","0","0","0","0","0","0","1","_60a7042245620000_p_odb__dbNet","3.7536","0.0","0.0","3.7536","3.7536","","3.7536","4.1000000000000085","1","4.1000000000000085","4.1000000000000085","4.1000000000000085","75.21","110.16","75.21","110.16","0","0","1","0","75.21","","110.16","","2"
"net212","OK","3.3002759999999567","0.04585101366739105","62.5505","125.148","0.3889999999999958","8.48399999999998","17.745999999999952","62.745","62.356","129.39","120.906","0","8.619999999999983","8.619999999999983","8.619999999999983","3.7536","1","0","0","0","1","0","0","8.872999999999976","0","0","0","0","0","2","_d8a7042245620000_p_Net","1","1","0","1","0","0","0","0","0","0","1","_d8a7042245620000_p_odb__dbNet","3.7536","0.0","0.0","3.7536","3.7536","","3.7536","8.619999999999983","1","8.619999999999983","8.619999999999983","8.619999999999983","62.33","129.2","62.33","129.2","0","1","0","0","62.33","","129.2","","2"
"net290","OK","72.76348799999997","0.6128854624988173","73.224","20.525","6.677999999999997","10.895999999999999","35.147999999999996","76.563","69.885","25.973","15.077","0","14.330000000000002","14.330000000000002","14.330000000000002","3.7536","1","0","0","0","1","0","0","17.573999999999998","0","0","0","0","0","2","_50a8042245620000_p_Net","1","0","0","1","0","0","0","0","0","0","1","_50a8042245620000_p_odb__dbNet","0.0","0.0","0.0","30.0288","30.0288","","30.0288","14.330000000000002","1","14.330000000000002","14.330000000000002","14.330000000000002","73.6","14.96","73.6","14.96","0","0","0","1","73.6","","14.96","","2"
"net289","OK","23.94031799999998","2.7122181074681166","73.914","24.487499999999997","8.057999999999993","2.971","22.057999999999986","77.943","69.885","25.973","23.002","0","7.550000000000011","7.550000000000011","7.550000000000011","3.7536","1","0","0","0","1","0","0","11.028999999999993","0","0","0","0","0","2","_c8a8042245620000_p_Net","1","0","0","1","0","0","0","0","0","0","1","_c8a8042245620000_p_odb__dbNet","0.0","0.0","0.0","30.0288","30.0288","","30.0288","7.550000000000011","1","7.550000000000011","7.550000000000011","7.550000000000011","73.6","23.12","73.6","23.12","0","0","1","0","73.6","","23.12","","2"
"net303","OK","16.94568400000005","0.5848040125237216","52.449","110.3215","3.1480000000000032","5.38300000000001","17.062000000000026","54.023","50.875","113.013","107.63","0","8.659999999999997","8.659999999999997","8.659999999999997","3.7536","1","0","0","0","1","0","0","8.531000000000013","0","0","0","0","0","2","_40a9042245620000_p_Net","1","1","0","1","0","0","0","0","0","0","1","_40a9042245620000_p_odb__dbNet","3.7536","0.0","0.0","3.7536","3.7536","","3.7536","8.659999999999997","1","8.659999999999997","8.659999999999997","8.659999999999997","51.29","107.44","51.29","107.44","0","0","1","0","51.29","","107.44","","2"
"net266","OK","164.39514","0.18134112723168025","65.485","108.76050000000001","5.460000000000001","30.108999999999995","71.13799999999999","68.215","62.755","123.815","93.706","0","35.9","22.249999999999996","88.99999999999999","3.7536","1","0","0","0","4","0","0","35.568999999999996","0","0","0","0","0","5","_b8a9042245620000_p_Net","1","0","0","1","0","0","0","0","0","0","4","_b8a9042245620000_p_odb__dbNet","0.0","0.0","0.0","8.758400000000002","6.881600000000001","1.398884126723869","27.526400000000002","21.79","4","14.519999999999996","35.9","35.9","68.77","123.76","61.87","102.0","1","1","2","0","64.86","2.5037272215638824","113.56","9.097779948976568","5"
"net265","OK","51.5211299999999","0.42348141428617514","68.3715","31.519999999999996","4.670999999999992","11.029999999999998","31.40199999999998","70.707","66.036","37.035","26.005","0","13.450000000000006","9.986000000000004","49.93000000000002","3.7536","1","0","0","0","5","0","0","15.70099999999999","0","0","0","0","0","6","_30aa042245620000_p_Net","1","0","0","1","0","0","0","0","0","0","5","_30aa042245620000_p_odb__dbNet","0.0","0.0","0.0","6.256","5.505280000000001","1.00096","27.526400000000002","8.898","5","10.04000000000001","13.450000000000006","13.450000000000006","70.84","36.72","68.31","25.84","3","1","0","1","69.55199999999999","0.915388442138092","33.456","3.9975672602221466","6"
"net264","OK","25.71612000000002","0.20214558026401763","69.02","31.6125","2.280000000000001","11.279000000000003","27.11800000000001","70.16","67.88","37.252","25.973","0","13.870000000000008","9.318000000000007","46.59000000000003","3.7536","1","0","0","0","5","0","0","13.559000000000005","0","0","0","0","0","6","_a8aa042245620000_p_Net","1","0","0","1","0","0","0","0","0","0","5","_a8aa042245620000_p_odb__dbNet","0.0","0.0","0.0","6.256","5.50528","1.00096","27.5264","9.318000000000016","5","10.460000000000012","13.870000000000008","13.870000000000008","70.84","36.72","68.31","25.84","2","2","0","1","69.552","0.915388442138092","33.456","3.9975672602221466","6"
"net263","OK","54.28076400000007","0.46296638340755797","72.2165","91.279","5.013000000000005","10.828000000000003","31.682000000000016","74.723","69.71","96.693","85.865","0","12.989999999999995","12.165","24.33","3.7536","1","0","0","0","2","0","0","15.841000000000008","0","0","0","0","0","3","_20ab042245620000_p_Net","1","0","0","1","0","0","0","0","0","0","2","_20ab042245620000_p_odb__dbNet","0.0","0.0","0.0","11.2608","8.1328","3.1279999999999997","16.2656","11.704999999999984","2","11.340000000000003","12.989999999999995","12.989999999999995","75.67","88.4","70.38","85.68","0","0","1","1","73.025","2.645000000000003","87.04","1.3599999999999994","3"
"net230","OK","11.702399999999967","0.16273584903741262","73.63","54.4","1.3799999999999955","8.480000000000004","19.72","74.32","72.94","58.64","50.16","0","8.620000000000005","5.230000000000004","10.460000000000008","3.7536","1","0","0","0","2","0","0","9.86","0","0","0","0","0","3","_98ab042245620000_p_Net","1","0","0","1","0","0","0","0","0","0","2","_98ab042245620000_p_odb__dbNet","0.0","0.0","0.0","3.7536","3.7536","0.0","7.5072","5.230000000000004","2","1.8400000000000034","8.620000000000005","8.620000000000005","74.75","58.48","73.37","50.32","1","0","1","0","74.06","0.6899999999999977","54.4","4.079999999999998","3"
"net232","OK","1.0100159999999885","0.11044973541320974","40.443","73.458","0.3339999999999961","3.024000000000001","6.715999999999994","40.61","40.276","74.97","71.946","0","5.710000000000001","5.710000000000001","5.710000000000001","3.7536","1","0","0","0","1","0","0","3.357999999999997","0","0","0","0","0","2","_10ac042245620000_p_Net","1","0","0","1","1","0","0","0","0","0","1","_10ac042245620000_p_odb__dbNet","0.0","20.0192","0.0","20.0192","20.0192","","20.0192","5.710000000000001","1","5.710000000000001","5.710000000000001","5.710000000000001","42.78","74.8","42.78","74.8","1","0","0","0","42.78","","74.8","","2"
"net236","OK","81.08453300000004","0.4196100999626202","33.6265","138.7365","5.832999999999998","13.90100000000001","39.46800000000002","36.543","30.71","145.687","131.786","0","20.500000000000025","14.225000000000016","56.90000000000006","3.7536","1","0","0","0","4","0","0","19.73400000000001","0","0","0","0","0","5","_88ac042245620000_p_Net","1","0","0","1","0","0","0","0","0","0","4","_88ac042245620000_p_odb__dbNet","0.0","0.0","0.0","8.758400000000002","8.758400000000002","0.0","35.03360000000001","14.225000000000016","4","13.640000000000022","20.500000000000025","20.500000000000025","34.27","145.52","30.13","134.64","1","2","0","1","33.005","1.701844587499107","142.12","4.45905819652537","5"
"net237","OK","185.75791200000012","0.49489005881620246","28.989","119.713","9.588000000000001","19.37400000000001","57.92400000000002","33.783","24.195","129.4","110.026","0","28.469999999999995","16.897500000000004","67.59000000000002","3.7536","1","0","0","0","4","0","0","28.96200000000001","0","0","0","0","0","5","_00ad042245620000_p_Net","1","0","0","1","0","0","0","0","0","0","4","_00ad042245620000_p_odb__dbNet","0.0","0.0","0.0","10.0096","9.071200000000001","1.6253564778226346","36.284800000000004","16.897500000000008","4","17.05000000000001","28.469999999999995","28.469999999999995","32.43","129.2","24.84","110.16","2","1","0","1","29.612500000000004","2.860588881681532","122.4","7.323824137702925","5"
"net241","OK","83.98819199999988","0.06653906777565466","44.678","127.889","2.363999999999997","35.52799999999999","75.78399999999998","45.86","43.496","145.653","110.125","0","36.280000000000015","34.48000000000002","68.96000000000004","3.7536","1","0","0","0","2","0","0","37.89199999999999","0","0","0","0","0","3","_78ad042245620000_p_Net","1","0","0","1","0","0","0","0","0","0","2","_78ad042245620000_p_odb__dbNet","0.0","0.0","0.0","8.758400000000002","7.507200000000001","1.2512000000000008","15.014400000000002","34.48000000000002","2","32.68000000000002","36.280000000000015","36.280000000000015","45.77","115.6","43.93","110.16","0","0","1","1","44.85","0.9200000000000017","112.88","2.719999999999999","3"
"net245","OK","25.783270000000005","0.07396893411494543","50.1125","133.295","1.3810000000000002","18.67","40.102000000000004","50.803","49.422","142.63","123.96","0","12.490000000000023","11.590000000000003","23.180000000000007","3.7536","1","0","0","0","2","0","0","20.051000000000002","0","0","0","0","0","3","_f0ad042245620000_p_Net","1","0","0","1","1","0","0","0","0","0","2","_f0ad042245620000_p_odb__dbNet","0.0","20.0192","0.0","20.0192","12.512","7.507200000000001","25.024","1.8200000000000145","2","10.689999999999984","12.490000000000023","12.490000000000023","52.9","142.8","48.76","123.76","1","0","1","0","50.83","2.0700000000000003","133.28","9.520000000000003","3"
"net242","OK","106.76731499999991","0.38351813003395113","62.335499999999996","14.942499999999999","6.398999999999994","16.685000000000002","46.16799999999999","65.535","59.136","23.285","6.6","0","15.749999999999995","11.61","34.83","3.7536","1","0","0","0","3","0","0","23.083999999999996","0","0","0","0","0","4","_68ae042245620000_p_Net","1","0","0","1","0","0","0","0","0","0","3","_68ae042245620000_p_odb__dbNet","0.0","0.0","0.0","7.5072","5.838933333333333","1.1796426728274776","17.5168","9.796666666666669","3","15.669999999999998","15.749999999999995","15.749999999999995","66.24","23.12","59.34","6.8","0","1","1","1","62.1","2.9811407212676126","14.053333333333333","6.784872061350081","4"
"net243","OK","0.18816000000000688","52.266665795553514","75.449","110.02","3.1359999999999957","0.060000000000002274","6.391999999999996","77.017","73.881","110.05","109.99","0","2.990000000000009","2.990000000000009","2.990000000000009","5.0048","1","0","0","0","1","0","0","3.195999999999998","0","0","0","0","0","2","_e0ae042245620000_p_Net","1","0","0","1","0","0","0","0","0","0","1","_e0ae042245620000_p_odb__dbNet","0.0","0.0","0.0","3.7536","3.7536","","3.7536","2.990000000000009","1","2.990000000000009","2.990000000000009","2.990000000000009","76.59","110.16","76.59","110.16","1","0","0","0","76.59","","110.16","","2"
"net244","OK","202.057245","0.5555555555264245","42.3175","35.2105","10.594999999999999","19.071","59.332","47.615","37.02","44.746","25.675","0","22.030000000000005","16.46333333333334","49.390000000000015","3.7536","1","0","0","0","3","0","0","29.666","0","0","0","0","0","4","_58af042245620000_p_Net","1","0","0","1","0","0","0","0","0","0","3","_58af042245620000_p_odb__dbNet","0.0","0.0","0.0","7.5072","6.673066666666667","1.1796426728274776","20.0192","14.469999999999999","3","14.830000000000005","22.030000000000005","22.030000000000005","47.38","36.72","37.72","25.84","0","2","0","1","41.70666666666667","4.120075511713618","33.093333333333334","5.128881186206424","4"
"net246","OK","246.47485000000003","0.9248392036186927","32.214","121.4025","15.097999999999999","16.325000000000003","62.846000000000004","39.763","24.665","129.565","113.24","0","17.929999999999993","15.204999999999991","60.819999999999965","3.7536","1","0","0","0","4","0","0","31.423000000000002","0","0","0","0","0","5","_d0af042245620000_p_Net","1","0","0","1","0","0","0","0","0","0","4","_d0af042245620000_p_odb__dbNet","0.0","0.0","0.0","10.0096","8.758400000000002","2.1671419704301793","35.03360000000001","15.204999999999991","4","14.869999999999983","17.929999999999993","17.929999999999993","38.64","129.2","24.84","112.88","0","3","0","1","31.165","4.915493362827378","123.08","6.195094833818123","5"
"net248","OK","219.49171199999998","0.1828993707007996","44.383","65.054","6.3359999999999985","34.642","81.956","47.551","41.215","82.375","47.733","0","39.49999999999999","27.023333333333326","81.06999999999998","3.7536","1","0","0","0","3","0","0","40.978","0","0","0","0","0","4","_48b0042245620000_p_Net","1","0","0","1","0","0","0","0","0","0","3","_48b0042245620000_p_odb__dbNet","0.0","0.0","0.0","6.256","5.838933333333333","0.5898213364137388","17.5168","25.643333333333324","3","29.269999999999996","39.49999999999999","39.49999999999999","47.38","82.96","41.17","55.76","1","1","1","0","43.24000000000001","2.927422074112307","71.17333333333333","11.396623281578723","4"
"net249","OK","777.5610399999999","0.16955109273228658","41.441","97.95","11.482","67.72","158.404","47.182","35.7","131.81","64.09","0","75.82","44.69999999999999","312.8999999999999","5.0048","1","0","0","0","7","0","0","79.202","0","0","0","0","0","8","_c0b0042245620000_p_Net","1","0","0","1","1","0","0","0","0","0","7","_c0b0042245620000_p_odb__dbNet","0.0","20.0192","0.0","30.0288","12.154514285714287","9.089561992814861","85.08160000000001","44.108571428571416","7","37.77999999999999","75.82","75.82","47.61","126.48","35.88","63.92","2","2","2","1","41.597142857142856","4.1987777619061415","92.67428571428572","21.655668249835625","8"
"net250","OK","20.336641000000014","0.6940698317579784","68.7615","93.9865","3.757000000000005","5.412999999999997","18.340000000000003","70.64","66.883","96.693","91.28","0","10.039999999999992","6.494999999999997","12.989999999999995","3.7536","1","0","0","0","2","0","0","9.170000000000002","0","0","0","0","0","3","_38b1042245620000_p_Net","1","0","0","1","0","0","0","0","0","0","2","_38b1042245620000_p_odb__dbNet","0.0","0.0","0.0","5.0048","4.3792","0.6256000000000002","8.7584","6.49499999999999","2","2.950000000000003","10.039999999999992","10.039999999999992","71.07","93.84","66.7","91.12","0","0","1","1","68.88499999999999","2.184999999999995","92.48","1.3599999999999994","3"
"net251","OK","65.07133600000006","0.36852799515589096","70.7485","124.951","4.897000000000006","13.287999999999997","36.370000000000005","73.197","68.3","131.595","118.307","0","12.949999999999974","6.715","26.86","3.7536","1","0","0","0","4","0","0","18.185000000000002","0","0","0","0","0","5","_b0b1042245620000_p_Net","1","0","0","1","0","0","0","0","0","0","4","_b0b1042245620000_p_odb__dbNet","0.0","0.0","0.0","8.758400000000002","6.256","1.5324007830851567","25.024","2.8449999999999847","4","5.019999999999996","12.949999999999974","12.949999999999974","73.37","131.92","68.77","118.32","0","1","2","1","70.265","1.8435902473163632","123.08","5.5660398848732635","5"
"net252","OK","64.82584999999997","0.37919694069757565","55.246","21.697499999999998","4.957999999999998","13.075","36.065999999999995","57.725","52.767","28.235","15.16","0","10.459999999999997","9.106666666666667","27.32","3.7536","1","0","0","0","3","0","0","18.032999999999998","0","0","0","0","0","4","_28b2042245620000_p_Net","1","0","0","1","0","0","0","0","0","0","3","_28b2042245620000_p_odb__dbNet","0.0","0.0","0.0","6.256","5.421866666666666","0.5898213364137388","16.2656","3.946666666666669","3","8.890000000000004","10.459999999999997","10.459999999999997","58.65","28.56","52.9","14.96","0","1","1","1","55.123333333333335","2.5218555778544407","20.4","5.87587156655646","4"
"net253","OK","1119.7766580000002","0.2609492115306616","50.583","69.6735","17.094","65.507","165.202","59.13","42.036","102.427","36.92","0","53.68","31.920625000000005","510.7300000000001","7.5072","1","0","0","0","16","0","0","82.601","0","0","0","0","0","17","_a0b2042245620000_p_Net","1","0","0","1","0","0","0","0","0","0","16","_a0b2042245620000_p_odb__dbNet","0.0","0.0","0.0","10.0096","5.395800000000001","1.808771240372867","86.33280000000002","22.400624999999998","16","29.120000000000005","50.69","53.68","59.8","102.0","44.39","36.72","2","3","4","7","51.850625","4.910761739218774","67.83","21.3083997522104","17"
"net307","OK","4.2361280000000034","0.7378964938489581","58.199","65.30799999999999","1.7680000000000007","2.396000000000001","8.328000000000003","59.083","57.315","66.506","64.11","0","4.560000000000002","4.560000000000002","4.560000000000002","3.7536","1","0","0","0","1","0","0","4.1640000000000015","0","0","0","0","0","2","_18b3042245620000_p_Net","1","1","0","1","0","0","0","0","0","0","1","_18b3042245620000_p_odb__dbNet","3.7536","0.0","0.0","3.7536","3.7536","","3.7536","4.560000000000002","1","4.560000000000002","4.560000000000002","4.560000000000002","57.73","63.92","57.73","63.92","0","0","1","0","57.73","","63.92","","2"
"net223","OK","11.68043999999998","0.17020762914410767","75.398","76.231","1.4099999999999966","8.284000000000006","19.388000000000005","76.103","74.693","80.373","72.089","0","9.310000000000002","9.310000000000002","9.310000000000002","3.7536","1","0","0","0","1","0","0","9.694000000000003","0","0","0","0","0","2","_90b3042245620000_p_Net","1","0","0","1","0","0","0","0","0","0","1","_90b3042245620000_p_odb__dbNet","0.0","0.0","0.0","10.0096","10.0096","","10.0096","9.310000000000002","1","9.310000000000002","9.310000000000002","9.310000000000002","75.44","72.08","75.44","72.08","0","0","0","1","75.44","","72.08","","2"
"net224","OK","18.72387999999999","0.2899452463551584","76.77799999999999","89.831","2.3299999999999983","8.036000000000001","20.732","77.943","75.613","93.849","85.813","0","10.230000000000004","10.230000000000004","10.230000000000004","3.7536","1","0","0","0","1","0","0","10.366","0","0","0","0","0","2","_08b4042245620000_p_Net","1","0","0","1","0","0","0","0","0","0","1","_08b4042245620000_p_odb__dbNet","0.0","0.0","0.0","10.0096","10.0096","","10.0096","10.230000000000004","1","10.230000000000004","10.230000000000004","10.230000000000004","76.36","93.84","76.36","93.84","0","1","0","0","76.36","","93.84","","2"
"net225","OK","1.6142820000000162","0.17664571611755242","77.34299999999999","138.7015","0.534000000000006","3.022999999999996","7.114000000000004","77.61","77.076","140.213","137.19","0","3.8700000000000045","3.8700000000000045","3.8700000000000045","3.7536","1","0","0","0","1","0","0","3.557000000000002","0","0","0","0","0","2","_80b4042245620000_p_Net","1","0","0","1","1","0","0","0","0","0","1","_80b4042245620000_p_odb__dbNet","0.0","20.0192","0.0","20.0192","20.0192","","20.0192","3.8700000000000045","1","3.8700000000000045","3.8700000000000045","3.8700000000000045","75.44","137.36","75.44","137.36","0","0","1","0","75.44","","137.36","","2"
"net226","OK","4.51977600000005","0.06309073723262233","77.34299999999999","146.898","0.534000000000006","8.463999999999999","17.99600000000001","77.61","77.076","151.13","142.666","0","9.310000000000002","9.310000000000002","9.310000000000002","3.7536","1","0","0","0","1","0","0","8.998000000000005","0","0","0","0","0","2","_f8b4042245620000_p_Net","1","0","0","1","1","0","0","0","0","0","1","_f8b4042245620000_p_odb__dbNet","0.0","20.0192","0.0","20.0192","20.0192","","20.0192","9.310000000000002","1","9.310000000000002","9.310000000000002","9.310000000000002","75.44","150.96","75.44","150.96","0","1","0","0","75.44","","150.96","","2"
"net227","OK","43.805908000000045","0.36762550381388615","73.1765","148.088","4.013000000000005","10.915999999999997","29.858000000000004","75.183","71.17","153.546","142.63","0","17.549999999999997","17.549999999999997","17.549999999999997","3.7536","1","0","0","0","1","0","0","14.929000000000002","0","0","0","0","0","2","_70b5042245620000_p_Net","1","0","0","1","1","0","0","0","0","0","1","_70b5042245620000_p_odb__dbNet","0.0","20.0192","0.0","20.0192","20.0192","","20.0192","17.549999999999997","1","17.549999999999997","17.549999999999997","17.549999999999997","69.0","142.8","69.0","142.8","0","0","1","0","69.0","","142.8","","2"
"net228","OK","1.6112590000000018","0.17631491889635692","45.4765","84.3015","0.5330000000000013","3.022999999999996","7.111999999999995","45.743","45.21","85.813","82.79","0","3.8700000000000188","3.8700000000000188","3.8700000000000188","3.7536","1","0","0","0","1","0","0","3.5559999999999974","0","0","0","0","0","2","_e8b5042245620000_p_Net","1","0","0","1","1","0","0","0","0","0","1","_e8b5042245620000_p_odb__dbNet","0.0","20.0192","0.0","20.0192","20.0192","","20.0192","3.8700000000000188","1","3.8700000000000188","3.8700000000000188","3.8700000000000188","47.38","82.96","47.38","82.96","0","0","0","1","47.38","","82.96","","2"
"net229","OK","12.678825000000009","0.44713615015077235","73.1505","104.77250000000001","2.3810000000000002","5.325000000000003","15.412000000000006","74.341","71.96","107.435","102.11","0","6.1299999999999955","6.1299999999999955","6.1299999999999955","5.0048","1","0","0","0","1","0","0","7.706000000000003","0","0","0","0","0","2","_60b6042245620000_p_Net","1","0","0","1","1","0","0","0","0","0","1","_60b6042245620000_p_odb__dbNet","0.0","23.772800000000004","0.0","23.772800000000004","23.772800000000004","","23.772800000000004","6.1299999999999955","1","6.1299999999999955","6.1299999999999955","6.1299999999999955","74.75","107.44","74.75","107.44","1","0","0","0","74.75","","107.44","","2"
"net231","OK","59.03500200000005","0.2983790700768963","31.6845","138.81900000000002","4.197000000000003","14.066000000000003","36.52600000000001","33.783","29.586","145.852","131.786","0","17.740000000000027","11.465000000000018","45.86000000000007","3.7536","1","0","0","0","4","0","0","18.263000000000005","0","0","0","0","0","5","_d8b6042245620000_p_Net","1","0","0","1","0","0","0","0","0","0","4","_d8b6042245620000_p_odb__dbNet","0.0","0.0","0.0","8.758400000000002","8.758400000000002","0.0","35.03360000000001","11.465000000000018","4","10.880000000000024","17.740000000000027","17.740000000000027","34.27","145.52","30.13","134.64","2","1","0","1","33.005","1.701844587499107","142.12","4.45905819652537","5"
"net233","OK","91.480995","0.1865432377427617","31.7175","98.88749999999999","4.131","22.144999999999996","52.55199999999999","33.783","29.652","109.96","87.815","0","27.049999999999994","14.9525","59.81","3.7536","1","0","0","0","4","0","0","26.275999999999996","0","0","0","0","0","5","_50b7042245620000_p_Net","1","0","0","1","0","0","0","0","0","0","4","_50b7042245620000_p_odb__dbNet","0.0","0.0","0.0","6.256","5.3176000000000005","0.5417854926075447","21.270400000000002","14.952500000000008","4","9.770000000000003","27.049999999999994","27.049999999999994","32.66","110.16","28.98","88.4","0","2","0","2","30.877499999999998","1.4938938215281556","99.96000000000001","8.244561844027853","5"
"net234","OK","7.569350000000013","1.3706382972890907","68.9475","38.155","3.2210000000000036","2.3500000000000014","11.14200000000001","70.558","67.337","39.33","36.98","0","7.320000000000007","7.320000000000007","7.320000000000007","5.0048","1","0","0","0","1","0","0","5.571000000000005","0","0","0","0","0","2","_c8b7042245620000_p_Net","1","0","0","1","0","0","0","0","0","0","1","_c8b7042245620000_p_odb__dbNet","0.0","0.0","0.0","7.5072","7.5072","","7.5072","7.320000000000007","1","7.320000000000007","7.320000000000007","7.320000000000007","66.24","36.72","66.24","36.72","0","0","1","0","66.24","","36.72","","2"
"net239","OK","11.287300000000023","0.372321104182289","44.3","129.03300000000002","2.0500000000000043","5.506","15.112000000000009","45.325","43.275","131.786","126.28","0","6.129999999999981","4.5399999999999885","9.079999999999977","3.7536","1","0","0","0","2","0","0","7.5560000000000045","0","0","0","0","0","3","_40b8042245620000_p_Net","1","0","0","1","0","0","0","0","0","0","2","_40b8042245620000_p_odb__dbNet","0.0","0.0","0.0","12.512","8.7584","3.7536","17.5168","4.309999999999988","2","2.9499999999999957","6.129999999999981","6.129999999999981","44.62","129.2","43.7","126.48","1","0","1","0","44.16","0.4599999999999973","127.84","1.3599999999999923","3"
"net247","OK","0.4651449999999958","11.068292628935241","40.055499999999995","115.38749999999999","2.2689999999999984","0.2049999999999983","4.947999999999993","41.19","38.921","115.49","115.285","0","2.530000000000001","2.530000000000001","2.530000000000001","5.0048","1","0","0","0","1","0","0","2.4739999999999966","0","0","0","0","0","2","_b8b8042245620000_p_Net","1","0","0","1","0","0","0","0","0","0","1","_b8b8042245620000_p_odb__dbNet","0.0","0.0","0.0","8.758400000000002","8.758400000000002","","8.758400000000002","2.530000000000001","1","2.530000000000001","2.530000000000001","2.530000000000001","41.17","115.6","41.17","115.6","1","0","0","0","41.17","","115.6","","2"
"net308","OK","1.145288000000004","0.19949916519219624","51.944","59.868","0.47800000000000153","2.396000000000001","5.748000000000005","52.183","51.705","61.066","58.67","0","4.1000000000000085","4.1000000000000085","4.1000000000000085","3.7536","1","0","0","0","1","0","0","2.8740000000000023","0","0","0","0","0","2","_30b9042245620000_p_Net","1","1","0","1","0","0","0","0","0","0","1","_30b9042245620000_p_odb__dbNet","3.7536","0.0","0.0","3.7536","3.7536","","3.7536","4.1000000000000085","1","4.1000000000000085","4.1000000000000085","4.1000000000000085","51.29","58.48","51.29","58.48","0","0","1","0","51.29","","58.48","","2"
"net309","OK","1.0590320000000009","0.18447412346223951","53.784000000000006","59.868","0.44200000000000017","2.396000000000001","5.676000000000002","54.005","53.563","61.066","58.67","0","3.1799999999999997","3.1799999999999997","3.1799999999999997","3.7536","1","0","0","0","1","0","0","2.838000000000001","0","0","0","0","0","2","_a8b9042245620000_p_Net","1","1","0","1","0","0","0","0","0","0","1","_a8b9042245620000_p_odb__dbNet","3.7536","0.0","0.0","3.7536","3.7536","","3.7536","3.1799999999999997","1","3.1799999999999997","3.1799999999999997","3.1799999999999997","53.59","58.48","53.59","58.48","0","0","1","0","53.59","","58.48","","2"
"net310","OK","4.660607999999996","0.15429403199521555","54.519","58.318","0.847999999999999","5.496000000000002","12.688000000000002","54.943","54.095","61.066","55.57","0","6.3600000000000065","6.3600000000000065","6.3600000000000065","3.7536","1","0","0","0","1","0","0","6.344000000000001","0","0","0","0","0","2","_20ba042245620000_p_Net","1","1","0","1","0","0","0","0","0","0","1","_20ba042245620000_p_odb__dbNet","3.7536","0.0","0.0","3.7536","3.7536","","3.7536","6.3600000000000065","1","6.3600000000000065","6.3600000000000065","6.3600000000000065","54.51","55.76","54.51","55.76","0","0","1","0","54.51","","55.76","","2"
"net311","OK","4.2361280000000034","0.7378964938489581","55.439","59.868","1.7680000000000007","2.396000000000001","8.328000000000003","56.323","54.555","61.066","58.67","0","4.560000000000009","4.560000000000009","4.560000000000009","3.7536","1","0","0","0","1","0","0","4.1640000000000015","0","0","0","0","0","2","_98ba042245620000_p_Net","1","1","0","1","0","0","0","0","0","0","1","_98ba042245620000_p_odb__dbNet","3.7536","0.0","0.0","3.7536","3.7536","","3.7536","4.560000000000009","1","4.560000000000009","4.560000000000009","4.560000000000009","54.97","58.48","54.97","58.48","0","0","1","0","54.97","","58.48","","2"
"net312","OK","2.2474480000000066","0.39148580951941414","57.234","59.868","0.9380000000000024","2.396000000000001","6.668000000000006","57.703","56.765","61.066","58.67","0","4.560000000000002","4.560000000000002","4.560000000000002","3.7536","1","0","0","0","1","0","0","3.334000000000003","0","0","0","0","0","2","_10bb042245620000_p_Net","1","1","0","1","0","0","0","0","0","0","1","_10bb042245620000_p_odb__dbNet","3.7536","0.0","0.0","3.7536","3.7536","","3.7536","4.560000000000002","1","4.560000000000002","4.560000000000002","4.560000000000002","56.35","58.48","56.35","58.48","0","0","1","0","56.35","","58.48","","2"
"net313","OK","4.660607999999996","0.15429403199521555","58.659","58.318","0.847999999999999","5.496000000000002","12.688000000000002","59.083","58.235","61.066","55.57","0","6.3600000000000065","6.3600000000000065","6.3600000000000065","3.7536","1","0","0","0","1","0","0","6.344000000000001","0","0","0","0","0","2","_88bb042245620000_p_Net","1","1","0","1","0","0","0","0","0","0","1","_88bb042245620000_p_odb__dbNet","3.7536","0.0","0.0","3.7536","3.7536","","3.7536","6.3600000000000065","1","6.3600000000000065","6.3600000000000065","6.3600000000000065","58.65","55.76","58.65","55.76","0","0","1","0","58.65","","55.76","","2"
"net314","OK","0.9296479999999958","0.16193656086730443","59.809","76.18799999999999","0.3879999999999981","2.396000000000001","5.567999999999998","60.003","59.615","77.386","74.99","0","3.1799999999999997","3.1799999999999997","3.1799999999999997","3.7536","1","0","0","0","1","0","0","2.783999999999999","0","0","0","0","0","2","_00bc042245620000_p_Net","1","1","0","1","0","0","0","0","0","0","1","_00bc042245620000_p_odb__dbNet","3.7536","0.0","0.0","3.7536","3.7536","","3.7536","3.1799999999999997","1","3.1799999999999997","3.1799999999999997","3.1799999999999997","60.03","74.8","60.03","74.8","0","0","0","1","60.03","","74.8","","2"
"net315","OK","0.02682400000000551","8.553571275827299","63.0555","88.238","0.4789999999999992","0.056000000000011596","1.0700000000000216","63.295","62.816","88.266","88.21","0","1.3800000000000026","1.3800000000000026","1.3800000000000026","3.7536","1","0","0","0","1","0","0","0.5350000000000108","0","0","0","0","0","2","_78bc042245620000_p_Net","1","1","0","1","0","0","0","0","0","0","1","_78bc042245620000_p_odb__dbNet","3.7536","0.0","0.0","3.7536","3.7536","","3.7536","1.3800000000000026","1","1.3800000000000026","1.3800000000000026","1.3800000000000026","63.71","88.4","63.71","88.4","1","0","0","0","63.71","","88.4","","2"
"net316","OK","2.031807999999998","0.3539232051945223","62.799","114.268","0.847999999999999","2.396000000000001","6.4879999999999995","63.223","62.375","115.466","113.07","0","3.6400000000000006","3.6400000000000006","3.6400000000000006","3.7536","1","0","0","0","1","0","0","3.2439999999999998","0","0","0","0","0","2","_f0bc042245620000_p_Net","1","1","0","1","0","0","0","0","0","0","1","_f0bc042245620000_p_odb__dbNet","3.7536","0.0","0.0","3.7536","3.7536","","3.7536","3.6400000000000006","1","3.6400000000000006","3.6400000000000006","3.6400000000000006","62.79","112.88","62.79","112.88","0","0","1","0","62.79","","112.88","","2"
"net317","OK","0.9296480000000128","0.1619365608673074","74.989","114.268","0.38800000000000523","2.396000000000001","5.568000000000012","75.183","74.795","115.466","113.07","0","3.180000000000007","3.180000000000007","3.180000000000007","3.7536","1","0","0","0","1","0","0","2.784000000000006","0","0","0","0","0","2","_68bd042245620000_p_Net","1","1","0","1","0","0","0","0","0","0","1","_68bd042245620000_p_odb__dbNet","3.7536","0.0","0.0","3.7536","3.7536","","3.7536","3.180000000000007","1","3.180000000000007","3.180000000000007","3.180000000000007","75.21","112.88","75.21","112.88","0","0","0","1","75.21","","112.88","","2"
"net318","OK","1.0566359999999724","0.184056761191958","76.8555","125.148","0.4409999999999883","2.396000000000001","5.673999999999978","77.076","76.635","126.346","123.95","0","3.1799999999999926","3.1799999999999926","3.1799999999999926","3.7536","1","0","0","0","1","0","0","2.836999999999989","0","0","0","0","0","2","_e0bd042245620000_p_Net","1","1","0","1","0","0","0","0","0","0","1","_e0bd042245620000_p_odb__dbNet","3.7536","0.0","0.0","3.7536","3.7536","","3.7536","3.1799999999999926","1","3.1799999999999926","3.1799999999999926","3.1799999999999926","77.05","123.76","77.05","123.76","0","0","0","1","77.05","","123.76","","2"
"net319","OK","6.779803999999966","0.7321721982477253","75.90899999999999","127.8115","2.2279999999999944","3.042999999999992","10.541999999999973","77.023","74.795","129.333","126.29","0","5.019999999999996","5.019999999999996","5.019999999999996","3.7536","1","0","0","0","1","0","0","5.270999999999987","0","0","0","0","0","2","_58be042245620000_p_Net","1","1","0","1","0","0","0","0","0","0","1","_58be042245620000_p_odb__dbNet","3.7536","0.0","0.0","3.7536","3.7536","","3.7536","5.019999999999996","1","5.019999999999996","5.019999999999996","5.019999999999996","75.21","126.48","75.21","126.48","0","0","1","0","75.21","","126.48","","2"
"net320","OK","2.2474480000000066","0.39148580951941414","61.374","114.268","0.9380000000000024","2.396000000000001","6.668000000000006","61.843","60.905","115.466","113.07","0","4.559999999999995","4.559999999999995","4.559999999999995","3.7536","1","0","0","0","1","0","0","3.334000000000003","0","0","0","0","0","2","_70d1a92045620000_p_Net","1","1","0","1","0","0","0","0","0","0","1","_70d1a92045620000_p_odb__dbNet","3.7536","0.0","0.0","3.7536","3.7536","","3.7536","4.559999999999995","1","4.559999999999995","4.559999999999995","4.559999999999995","60.49","112.88","60.49","112.88","0","0","1","0","60.49","","112.88","","2"
"net321","OK","0.10229599999999113","0.00352897473931452","61.445499999999996","118.15799999999999","0.01899999999999835","5.384","10.805999999999997","61.455","61.436","120.85","115.466","0","6.3600000000000065","6.3600000000000065","6.3600000000000065","3.7536","1","0","0","0","1","0","0","5.402999999999999","0","0","0","0","0","2","_e8d1a92045620000_p_Net","1","1","0","1","0","0","0","0","0","0","1","_e8d1a92045620000_p_odb__dbNet","3.7536","0.0","0.0","3.7536","3.7536","","3.7536","6.3600000000000065","1","6.3600000000000065","6.3600000000000065","6.3600000000000065","61.87","121.04","61.87","121.04","1","0","0","0","61.87","","121.04","","2"
"net322","OK","0.9296479999999788","0.16193656086730146","73.60900000000001","114.268","0.387999999999991","2.396000000000001","5.567999999999984","73.803","73.415","115.466","113.07","0","3.180000000000007","3.180000000000007","3.180000000000007","3.7536","1","0","0","0","1","0","0","2.783999999999992","0","0","0","0","0","2","_60d2a92045620000_p_Net","1","1","0","1","0","0","0","0","0","0","1","_60d2a92045620000_p_odb__dbNet","3.7536","0.0","0.0","3.7536","3.7536","","3.7536","3.180000000000007","1","3.180000000000007","3.180000000000007","3.180000000000007","73.83","112.88","73.83","112.88","0","0","0","1","73.83","","112.88","","2"
"net323","OK","1.0590319999999838","0.18447412346223654","76.78399999999999","114.268","0.44199999999999307","2.396000000000001","5.675999999999988","77.005","76.563","115.466","113.07","0","3.1799999999999926","3.1799999999999926","3.1799999999999926","3.7536","1","0","0","0","1","0","0","2.837999999999994","0","0","0","0","0","2","_d8d2a92045620000_p_Net","1","1","0","1","0","0","0","0","0","0","1","_d8d2a92045620000_p_odb__dbNet","3.7536","0.0","0.0","3.7536","3.7536","","3.7536","3.1799999999999926","1","3.1799999999999926","3.1799999999999926","3.1799999999999926","76.59","112.88","76.59","112.88","0","0","1","0","76.59","","112.88","","2"
"net324","OK","1.4545539999999793","0.15708182709264337","57.924","95.17150000000001","0.47799999999999443","3.042999999999992","7.041999999999973","58.163","57.685","96.693","93.65","0","4.099999999999994","4.099999999999994","4.099999999999994","3.7536","1","0","0","0","1","0","0","3.5209999999999866","0","0","0","0","0","2","_50d3a92045620000_p_Net","1","1","0","1","0","0","0","0","0","0","1","_50d3a92045620000_p_odb__dbNet","3.7536","0.0","0.0","3.7536","3.7536","","3.7536","4.099999999999994","1","4.099999999999994","4.099999999999994","4.099999999999994","57.27","93.84","57.27","93.84","0","0","1","0","57.27","","93.84","","2"
"net325","OK","1.4575969999999938","0.15741045016187644","57.9955","95.17150000000001","0.4789999999999992","3.042999999999992","7.043999999999983","58.235","57.756","96.693","93.65","0","4.099999999999994","4.099999999999994","4.099999999999994","3.7536","1","0","0","0","1","0","0","3.5219999999999914","0","0","0","0","0","2","_c8d3a92045620000_p_Net","1","1","0","1","0","0","0","0","0","0","1","_c8d3a92045620000_p_odb__dbNet","3.7536","0.0","0.0","3.7536","3.7536","","3.7536","4.099999999999994","1","4.099999999999994","4.099999999999994","4.099999999999994","58.65","93.84","58.65","93.84","0","0","0","1","58.65","","93.84","","2"
"net326","OK","24.890415999999952","0.823722030048439","75.679","45.0415","4.527999999999992","5.497","20.049999999999983","77.943","73.415","47.79","42.293","0","10.040000000000013","10.040000000000013","10.040000000000013","3.7536","1","0","0","0","1","0","0","10.024999999999991","0","0","0","0","0","2","_40d4a92045620000_p_Net","1","1","0","1","0","0","0","0","0","0","1","_40d4a92045620000_p_odb__dbNet","3.7536","0.0","0.0","3.7536","3.7536","","3.7536","10.040000000000013","1","10.040000000000013","10.040000000000013","10.040000000000013","73.83","47.6","73.83","47.6","0","1","0","0","73.83","","47.6","","2"
"net327","OK","0.05252800000000435","16.74999970089156","77.47399999999999","44.718","0.9380000000000024","0.05600000000000449","1.9880000000000138","77.943","77.005","44.746","44.69","0","1.8400000000000034","1.8400000000000034","1.8400000000000034","3.7536","1","0","0","0","1","0","0","0.9940000000000069","0","0","0","0","0","2","_b8d4a92045620000_p_Net","1","1","0","1","0","0","0","0","0","0","1","_b8d4a92045620000_p_odb__dbNet","3.7536","0.0","0.0","3.7536","3.7536","","3.7536","1.8400000000000034","1","1.8400000000000034","1.8400000000000034","1.8400000000000034","76.59","44.88","76.59","44.88","0","1","0","0","76.59","","44.88","","2"
"net328","OK","2.0342040000000097","0.35434056746480086","77.9605","59.868","0.8490000000000038","2.396000000000001","6.490000000000009","78.385","77.536","61.066","58.67","0","3.6400000000000077","3.6400000000000077","3.6400000000000077","3.7536","1","0","0","0","1","0","0","3.2450000000000045","0","0","0","0","0","2","_30d5a92045620000_p_Net","1","1","0","1","0","0","0","0","0","0","1","_30d5a92045620000_p_odb__dbNet","3.7536","0.0","0.0","3.7536","3.7536","","3.7536","3.6400000000000077","1","3.6400000000000077","3.6400000000000077","3.6400000000000077","77.97","58.48","77.97","58.48","0","0","0","1","77.97","","58.48","","2"
"net329","OK","2.2474480000000066","0.39148580951941414","77.47399999999999","59.868","0.9380000000000024","2.396000000000001","6.668000000000006","77.943","77.005","61.066","58.67","0","4.560000000000009","4.560000000000009","4.560000000000009","3.7536","1","0","0","0","1","0","0","3.334000000000003","0","0","0","0","0","2","_a8d5a92045620000_p_Net","1","1","0","1","0","0","0","0","0","0","1","_a8d5a92045620000_p_odb__dbNet","3.7536","0.0","0.0","3.7536","3.7536","","3.7536","4.560000000000009","1","4.560000000000009","4.560000000000009","4.560000000000009","76.59","58.48","76.59","58.48","0","0","1","0","76.59","","58.48","","2"
"net330","OK","35.49962599999999","1.1748226303120204","74.714","66.8015","6.457999999999998","5.497","23.909999999999997","77.943","71.485","69.55","64.053","0","12.800000000000011","12.800000000000011","12.800000000000011","3.7536","1","0","0","0","1","0","0","11.954999999999998","0","0","0","0","0","2","_20d6a92045620000_p_Net","1","1","0","1","0","0","0","0","0","0","1","_20d6a92045620000_p_odb__dbNet","3.7536","0.0","0.0","3.7536","3.7536","","3.7536","12.800000000000011","1","12.800000000000011","12.800000000000011","12.800000000000011","71.07","69.36","71.07","69.36","0","1","0","0","71.07","","69.36","","2"
"net331","OK","21.288266999999966","0.08048945458522459","76.3505","72.2415","1.3089999999999975","16.263000000000005","35.144000000000005","77.005","75.696","80.373","64.11","0","17.700000000000003","17.700000000000003","17.700000000000003","3.7536","1","0","0","0","1","0","0","17.572000000000003","0","0","0","0","0","2","_98d6a92045620000_p_Net","1","1","0","1","0","0","0","0","0","0","1","_98d6a92045620000_p_odb__dbNet","3.7536","0.0","0.0","3.7536","3.7536","","3.7536","17.700000000000003","1","17.700000000000003","17.700000000000003","17.700000000000003","76.59","63.92","76.59","63.92","0","0","0","1","76.59","","63.92","","2"
"net332","OK","0.053466000000002165","16.4561400621724","77.47399999999999","80.4015","0.9380000000000024","0.05700000000000216","1.990000000000009","77.943","77.005","80.43","80.373","0","1.8400000000000034","1.8400000000000034","1.8400000000000034","3.7536","1","0","0","0","1","0","0","0.9950000000000045","0","0","0","0","0","2","_10d7a92045620000_p_Net","1","1","0","1","0","0","0","0","0","0","1","_10d7a92045620000_p_odb__dbNet","3.7536","0.0","0.0","3.7536","3.7536","","3.7536","1.8400000000000034","1","1.8400000000000034","1.8400000000000034","1.8400000000000034","76.59","80.24","76.59","80.24","0","0","1","0","76.59","","80.24","","2"
"net333","OK","0.21612399999999457","0.023324572922691564","78.8805","84.348","0.07099999999999795","3.044000000000011","6.230000000000018","78.916","78.845","85.87","82.826","0","2.720000000000013","2.720000000000013","2.720000000000013","3.7536","1","0","0","0","1","0","0","3.115000000000009","0","0","0","0","0","2","_88d7a92045620000_p_Net","1","1","0","1","0","0","0","0","0","0","1","_88d7a92045620000_p_odb__dbNet","3.7536","0.0","0.0","3.7536","3.7536","","3.7536","2.720000000000013","1","2.720000000000013","2.720000000000013","2.720000000000013","78.43","85.68","78.43","85.68","0","1","0","0","78.43","","85.68","","2"
"net334","OK","4.236127999999978","0.7378964938489625","77.059","141.46800000000002","1.7680000000000007","2.3959999999999866","8.327999999999975","77.943","76.175","142.666","140.27","0","4.560000000000002","4.560000000000002","4.560000000000002","3.7536","1","0","0","0","1","0","0","4.163999999999987","0","0","0","0","0","2","_00d8a92045620000_p_Net","1","1","0","1","0","0","0","0","0","0","1","_00d8a92045620000_p_odb__dbNet","3.7536","0.0","0.0","3.7536","3.7536","","3.7536","4.560000000000002","1","4.560000000000002","4.560000000000002","4.560000000000002","76.59","140.08","76.59","140.08","0","0","1","0","76.59","","140.08","","2"
"net335","OK","15.29946399999998","0.1279261155698681","75.4755","148.078","1.399000000000001","10.935999999999979","24.66999999999996","76.175","74.776","153.546","142.61","0","13.179999999999993","13.179999999999993","13.179999999999993","3.7536","1","0","0","0","1","0","0","12.33499999999998","0","0","0","0","0","2","_78d8a92045620000_p_Net","1","1","0","1","0","0","0","0","0","0","1","_78d8a92045620000_p_odb__dbNet","3.7536","0.0","0.0","3.7536","3.7536","","3.7536","13.179999999999993","1","13.179999999999993","13.179999999999993","13.179999999999993","76.59","142.8","76.59","142.8","0","0","0","1","76.59","","142.8","","2"
"net336","OK","0.02676799999999244","8.535714133293538","76.324","153.518","0.47800000000000864","0.055999999999983174","1.0679999999999836","76.563","76.085","153.546","153.49","0","1.3799999999999955","1.3799999999999955","1.3799999999999955","3.7536","1","0","0","0","1","0","0","0.5339999999999918","0","0","0","0","0","2","_f0d8a92045620000_p_Net","1","1","0","1","0","0","0","0","0","0","1","_f0d8a92045620000_p_odb__dbNet","3.7536","0.0","0.0","3.7536","3.7536","","3.7536","1.3799999999999955","1","1.3799999999999955","1.3799999999999955","1.3799999999999955","75.67","153.68","75.67","153.68","0","1","0","0","75.67","","153.68","","2"
