net_name,status,bbox_area,bbox_aspect,bbox_cx,bbox_cy,bbox_dx,bbox_dy,bbox_perimeter,bbox_xmax,bbox_xmin,bbox_ymax,bbox_ymin,bterm_count,dist_drv_sink_max,dist_drv_sink_mean,dist_drv_sink_sum,driver_inst_area,driver_is_buf,driver_is_clkbuf,driver_is_ff_q,driver_is_inv,fanout,has_bterm,has_multiple_drivers,hpwl,is_bus_bit,is_clock_like,is_enable_like,is_reg2reg_candidate,is_reset_like,iterm_count,net_dbid,num_buf_drivers,num_buf_sinks,num_clkbuf_drivers,num_drivers,num_ff_sinks_d,num_inout,num_inv_drivers,num_inv_sinks,num_port_drivers,num_port_sinks,num_sinks,odb_net,sink_area_buf_sum,sink_area_ff_sum,sink_area_inv_sum,sink_area_max,sink_area_mean,sink_area_std,sink_area_sum,sink_centroid_dist_to_driver,sink_cnt,sink_dist_p50,sink_dist_p90,sink_dist_p95,sink_max_x,sink_max_y,sink_min_x,sink_min_y,sink_quadrant_q1,sink_quadrant_q2,sink_quadrant_q3,sink_quadrant_q4,sink_x_mean,sink_x_std,sink_y_mean,sink_y_std,term_count
"_000_","OK","0.0020049999999988844","2004.9979950031118","66.1225","15.0765","2.0049999999999955","0.0009999999999994458","4.01199999999999","67.125","65.12","15.077","15.076","0","7.130000000000003","7.130000000000003","7.130000000000003","8.758400000000002","0","0","0","0","1","0","0","2.005999999999995","0","0","0","0","0","2","_1814e805ed570000_p_Net","0","0","0","1","0","0","0","0","0","0","1","_1814e805ed570000_p_odb__dbNet","0.0","0.0","0.0","30.0288","30.0288","","30.0288","7.130000000000003","1","7.130000000000003","7.130000000000003","7.130000000000003","70.84","14.96","70.84","14.96","0","0","0","1","70.84","","14.96","","2"
"_001_","OK","0.002465000000003016","2464.997534999456","55.7725","20.5165","2.4650000000000034","0.0010000000000012221","4.932000000000009","57.005","54.54","20.517","20.516","0","7.589999999999996","7.589999999999996","7.589999999999996","8.758400000000002","0","0","0","0","1","0","0","2.4660000000000046","0","0","0","0","0","2","_9014e805ed570000_p_Net","0","0","0","1","0","0","0","0","0","0","1","_9014e805ed570000_p_odb__dbNet","0.0","0.0","0.0","30.0288","30.0288","","30.0288","7.589999999999996","1","7.589999999999996","7.589999999999996","7.589999999999996","60.72","20.4","60.72","20.4","0","0","0","1","60.72","","20.4","","2"
"_002_","OK","0.009434999999994765","9434.99056501466","53.7375","12.122499999999999","9.434999999999995","0.0009999999999994458","18.87199999999999","58.455","49.02","12.123","12.122","0","7.130000000000003","7.130000000000003","7.130000000000003","8.758400000000002","0","0","0","0","1","0","0","9.435999999999995","0","0","0","0","0","2","_0815e805ed570000_p_Net","0","0","0","1","0","0","0","0","0","0","1","_0815e805ed570000_p_odb__dbNet","0.0","0.0","0.0","30.0288","30.0288","","30.0288","7.130000000000003","1","7.130000000000003","7.130000000000003","7.130000000000003","54.74","12.24","54.74","12.24","1","0","0","0","54.74","","12.24","","2"
"_003_","OK","14.119394999999992","0.47693438697354623","82.9175","14.8425","2.594999999999999","5.440999999999999","16.071999999999996","84.215","81.62","17.563","12.122","0","7.970000000000001","7.970000000000001","7.970000000000001","8.758400000000002","0","0","0","0","1","0","0","8.035999999999998","0","0","0","0","0","2","_8015e805ed570000_p_Net","0","0","0","1","0","0","0","0","0","0","1","_8015e805ed570000_p_odb__dbNet","0.0","0.0","0.0","30.0288","30.0288","","30.0288","7.970000000000001","1","7.970000000000001","7.970000000000001","7.970000000000001","80.5","12.24","80.5","12.24","0","0","1","0","80.5","","12.24","","2"
"_004_","OK","0.00200500000000246","2004.9979949995645","68.8825","25.9565","2.0050000000000097","0.0010000000000012221","4.012000000000022","69.885","67.88","25.957","25.956","0","7.1299999999999955","7.1299999999999955","7.1299999999999955","8.758400000000002","0","0","0","0","1","0","0","2.006000000000011","0","0","0","0","0","2","_f815e805ed570000_p_Net","0","0","0","1","0","0","0","0","0","0","1","_f815e805ed570000_p_odb__dbNet","0.0","0.0","0.0","30.0288","30.0288","","30.0288","7.1299999999999955","1","7.1299999999999955","7.1299999999999955","7.1299999999999955","73.6","25.84","73.6","25.84","0","0","0","1","73.6","","25.84","","2"
"_005_","OK","21.168290000000038","3.425181012298795","89.1575","38.079","8.515","2.486000000000004","22.00200000000001","93.415","84.9","39.322","36.836","0","8.930000000000007","8.930000000000007","8.930000000000007","8.758400000000002","0","0","0","0","1","0","0","11.001000000000005","0","0","0","0","0","2","_7016e805ed570000_p_Net","0","0","0","1","0","0","0","0","0","0","1","_7016e805ed570000_p_odb__dbNet","0.0","0.0","0.0","30.0288","30.0288","","30.0288","8.930000000000007","1","8.930000000000007","8.930000000000007","8.930000000000007","89.7","39.44","89.7","39.44","1","0","0","0","89.7","","39.44","","2"
"_006_","OK","37.485044999999936","0.31660692948105734","95.7625","31.396500000000003","3.444999999999993","10.881000000000004","28.651999999999994","97.485","94.04","36.837","25.956","0","16.63","16.63","16.63","8.758400000000002","0","0","0","0","1","0","0","14.325999999999997","0","0","0","0","0","2","_e816e805ed570000_p_Net","0","0","0","1","0","0","0","0","0","0","1","_e816e805ed570000_p_odb__dbNet","0.0","0.0","0.0","30.0288","30.0288","","30.0288","16.63","1","16.63","16.63","16.63","101.2","36.72","101.2","36.72","1","0","0","0","101.2","","36.72","","2"
"_007_","OK","42.38658","6.260568790829911","51.620000000000005","21.701","16.29","2.6020000000000003","37.784","59.765","43.475","23.002","20.4","0","23.88","23.88","23.88","7.5072","0","0","0","0","1","0","0","18.892","0","0","0","0","0","2","_6017e805ed570000_p_Net","0","0","0","1","0","0","0","0","0","0","1","_6017e805ed570000_p_odb__dbNet","0.0","0.0","0.0","30.0288","30.0288","","30.0288","23.88","1","23.88","23.88","23.88","63.48","23.12","63.48","23.12","1","0","0","0","63.48","","23.12","","2"
"_008_","OK","12.842312000000025","1.9999999992107282","64.29599999999999","54.323","5.067999999999998","2.534000000000006","15.204000000000008","66.83","61.762","55.59","53.056","0","10.079999999999998","10.079999999999998","10.079999999999998","5.0048","0","0","0","0","1","0","0","7.602000000000004","0","0","0","0","0","2","_d817e805ed570000_p_Net","0","0","0","1","1","0","0","0","0","0","1","_d817e805ed570000_p_odb__dbNet","0.0","20.0192","0.0","20.0192","20.0192","","20.0192","10.079999999999998","1","10.079999999999998","10.079999999999998","10.079999999999998","69.0","55.76","69.0","55.76","1","0","0","0","69.0","","55.76","","2"
"_009_","OK","9.37604799999999","1.3132485025025282","62.7755","92.626","3.5090000000000003","2.671999999999997","12.361999999999995","64.53","61.021","93.962","91.29","0","8.469999999999999","8.469999999999999","8.469999999999999","11.2608","0","0","0","0","1","0","0","6.180999999999997","0","0","0","0","0","2","_5018e805ed570000_p_Net","0","0","0","1","1","0","0","0","0","0","1","_5018e805ed570000_p_odb__dbNet","0.0","20.0192","0.0","20.0192","20.0192","","20.0192","8.469999999999999","1","8.469999999999999","8.469999999999999","8.469999999999999","66.7","91.12","66.7","91.12","0","0","0","1","66.7","","91.12","","2"
"_010_","OK","0.05620199999998642","194.47057679589508","84.32300000000001","88.2385","3.3059999999999974","0.016999999999995907","6.645999999999987","85.976","82.67","88.247","88.23","0","4.829999999999998","4.829999999999998","4.829999999999998","6.256","0","0","0","0","1","0","0","3.3229999999999933","0","0","0","0","0","2","_c818e805ed570000_p_Net","0","0","0","1","1","0","0","0","0","0","1","_c818e805ed570000_p_odb__dbNet","0.0","20.0192","0.0","20.0192","20.0192","","20.0192","4.829999999999998","1","4.829999999999998","4.829999999999998","4.829999999999998","80.5","88.4","80.5","88.4","0","1","0","0","80.5","","88.4","","2"
"_011_","OK","23.373019999999993","2.2210234271821747","51.1795","100.568","7.204999999999998","3.2439999999999998","20.897999999999996","54.782","47.577","102.19","98.946","0","11.0","11.0","11.0","10.0096","0","0","0","0","1","0","0","10.448999999999998","0","0","0","0","0","2","_4019e805ed570000_p_Net","0","1","0","1","0","0","0","0","0","0","1","_4019e805ed570000_p_odb__dbNet","5.0048","0.0","0.0","5.0048","5.0048","","5.0048","11.0","1","11.0","11.0","11.0","46.92","102.0","46.92","102.0","0","1","0","0","46.92","","102.0","","2"
"_012_","OK","0.8216249999999992","52.58399957932795","101.46350000000001","61.0925","6.572999999999993","0.125","13.395999999999987","104.75","98.177","61.155","61.03","0","4.599999999999994","4.599999999999994","4.599999999999994","5.0048","0","0","0","0","1","0","0","6.697999999999993","0","0","0","0","0","2","_b819e805ed570000_p_Net","0","0","0","1","1","0","0","0","0","0","1","_b819e805ed570000_p_odb__dbNet","0.0","20.0192","0.0","20.0192","20.0192","","20.0192","4.599999999999994","1","4.599999999999994","4.599999999999994","4.599999999999994","102.58","61.2","102.58","61.2","1","0","0","0","102.58","","61.2","","2"
"_013_","OK","0.032435000000013106","191.9230621596876","97.3275","77.4815","2.4950000000000045","0.01300000000000523","5.0160000000000196","98.575","96.08","77.488","77.475","0","5.75","5.75","5.75","5.0048","0","0","0","0","1","0","0","2.5080000000000098","0","0","0","0","0","2","_301ae805ed570000_p_Net","0","0","0","1","1","0","0","0","0","0","1","_301ae805ed570000_p_odb__dbNet","0.0","26.2752","0.0","26.2752","26.2752","","26.2752","5.75","1","5.75","5.75","5.75","101.43","77.52","101.43","77.52","1","0","0","0","101.43","","77.52","","2"
"_014_","OK","11.702145999999999","1.3659036551534258","102.679","98.05449999999999","3.9979999999999905","2.9270000000000067","13.849999999999994","104.678","100.68","99.518","96.591","0","4.099999999999994","4.099999999999994","4.099999999999994","5.0048","0","0","0","0","1","0","0","6.924999999999997","0","0","0","0","0","2","_a81ae805ed570000_p_Net","0","0","0","1","1","0","0","0","0","0","1","_a81ae805ed570000_p_odb__dbNet","0.0","25.024","0.0","25.024","25.024","","25.024","4.099999999999994","1","4.099999999999994","4.099999999999994","4.099999999999994","101.66","99.28","101.66","99.28","0","1","0","0","101.66","","99.28","","2"
"_015_","OK","6.316466000000018","0.7372736587846678","99.72","87.1745","2.1580000000000013","2.9270000000000067","10.170000000000016","100.799","98.641","88.638","85.711","0","3.1799999999999926","3.1799999999999926","3.1799999999999926","5.0048","0","0","0","0","1","0","0","5.085000000000008","0","0","0","0","0","2","_201be805ed570000_p_Net","0","0","0","1","1","0","0","0","0","0","1","_201be805ed570000_p_odb__dbNet","0.0","25.024","0.0","25.024","25.024","","25.024","3.1799999999999926","1","3.1799999999999926","3.1799999999999926","3.1799999999999926","101.66","88.4","101.66","88.4","1","0","0","0","101.66","","88.4","","2"
"_016_","OK","0.8937119999999843","0.13240954575349678","86.509","100.46199999999999","0.3439999999999941","2.597999999999999","5.883999999999986","86.681","86.337","101.761","99.163","0","6.170000000000002","6.170000000000002","6.170000000000002","3.7536","0","0","0","0","1","0","0","2.941999999999993","0","0","0","0","0","2","_981be805ed570000_p_Net","0","0","0","1","1","0","0","0","0","0","1","_981be805ed570000_p_odb__dbNet","0.0","25.024","0.0","25.024","25.024","","25.024","6.170000000000002","1","6.170000000000002","6.170000000000002","6.170000000000002","89.7","102.0","89.7","102.0","1","0","0","0","89.7","","102.0","","2"
"_017_","OK","1340.37376","1.2225175162713664","77.717","28.562","40.48","33.112","147.184","97.957","57.477","45.118","12.006","0","63.690000000000005","38.032500000000006","304.26000000000005","11.2608","0","0","0","0","8","0","0","73.592","0","0","0","0","0","9","_101ce805ed570000_p_Net","0","0","0","1","0","0","0","0","0","0","8","_101ce805ed570000_p_odb__dbNet","0.0","0.0","0.0","30.0288","30.028799999999997","3.552713678800501e-15","240.23039999999997","33.20249999999999","8","37.93000000000001","63.690000000000005","63.690000000000005","101.2","39.44","54.74","12.24","2","0","5","1","74.34750000000001","14.559086295162896","23.120000000000005","9.80709946926205","9"
"_018_","OK","97.807577","0.819163539780436","44.3065","80.45349999999999","8.950999999999993","10.927000000000007","39.756","48.782","39.831","85.917","74.99","0","12.070000000000007","11.456666666666676","34.370000000000026","16.265600000000003","0","0","0","0","3","0","0","19.878","0","0","0","0","0","4","_881ce805ed570000_p_Net","0","1","0","1","0","0","0","0","0","0","3","_881ce805ed570000_p_odb__dbNet","5.0048","0.0","0.0","30.0288","21.687466666666666","11.796426728274778","65.0624","11.45666666666667","3","12.030000000000008","12.070000000000007","12.070000000000007","45.54","80.24","41.86","74.8","0","0","1","2","44.00666666666666","1.563699317501787","77.52","2.220870700123414","4"
"_019_","OK","2.1179819999999743","0.0703480954856293","35.415","83.1735","0.3859999999999957","5.486999999999995","11.745999999999981","35.608","35.222","85.917","80.43","0","6.590000000000018","6.590000000000018","6.590000000000018","16.265600000000003","0","0","0","0","1","0","0","5.8729999999999905","0","0","0","0","0","2","_001de805ed570000_p_Net","0","1","0","1","0","0","0","0","0","0","1","_001de805ed570000_p_odb__dbNet","5.0048","0.0","0.0","5.0048","5.0048","","5.0048","6.590000000000018","1","6.590000000000018","6.590000000000018","6.590000000000018","35.88","80.24","35.88","80.24","0","0","0","1","35.88","","80.24","","2"
"_020_","OK","0.20227200000000778","87.79166483767037","27.144","82.746","4.214000000000002","0.04800000000000182","8.524000000000008","29.251","25.037","82.77","82.722","0","5.75","5.75","5.75","16.265600000000003","0","0","0","0","1","0","0","4.262000000000004","0","0","0","0","0","2","_781de805ed570000_p_Net","0","1","0","1","0","0","0","0","0","0","1","_781de805ed570000_p_odb__dbNet","5.0048","0.0","0.0","5.0048","5.0048","","5.0048","5.75","1","5.75","5.75","5.75","24.38","82.96","24.38","82.96","0","1","0","0","24.38","","82.96","","2"
"_021_","OK","3.1281180000000046","0.3158563710467562","27.374","84.3435","0.9939999999999998","3.1470000000000056","8.28200000000001","27.871","26.877","85.917","82.77","0","5.250000000000014","5.250000000000014","5.250000000000014","16.265600000000003","0","0","0","0","1","0","0","4.141000000000005","0","0","0","0","0","2","_f01de805ed570000_p_Net","0","1","0","1","0","0","0","0","0","0","1","_f01de805ed570000_p_odb__dbNet","5.0048","0.0","0.0","5.0048","5.0048","","5.0048","5.250000000000014","1","5.250000000000014","5.250000000000014","5.250000000000014","26.22","82.96","26.22","82.96","0","0","1","0","26.22","","82.96","","2"
"_022_","OK","0.30287700000000173","56.83561565978579","15.2255","33.798500000000004","4.149000000000001","0.0730000000000004","8.444000000000003","17.3","13.151","33.835","33.762","0","4.369999999999999","4.369999999999999","4.369999999999999","16.265600000000003","0","0","0","0","1","0","0","4.222000000000001","0","0","0","0","0","2","_681ee805ed570000_p_Net","0","1","0","1","0","0","0","0","0","0","1","_681ee805ed570000_p_odb__dbNet","7.5072","0.0","0.0","7.5072","7.5072","","7.5072","4.369999999999999","1","4.369999999999999","4.369999999999999","4.369999999999999","18.4","34.0","18.4","34.0","1","0","0","0","18.4","","34.0","","2"
"_023_","OK","0.1599000000000023","0.015634771727444007","20.494999999999997","35.434","0.05000000000000071","3.1980000000000004","6.496000000000002","20.52","20.47","37.033","33.835","0","3.41","3.41","3.41","11.2608","0","0","0","0","1","0","0","3.248000000000001","0","0","0","0","0","2","_e01ee805ed570000_p_Net","0","1","0","1","0","0","0","0","0","0","1","_e01ee805ed570000_p_odb__dbNet","7.5072","0.0","0.0","7.5072","7.5072","","7.5072","3.41","1","3.41","3.41","3.41","21.62","34.0","21.62","34.0","0","0","0","1","21.62","","34.0","","2"
"_024_","OK","45.97615","0.5739664803827972","11.0335","27.405","5.1370000000000005","8.95","28.174","13.602","8.465","31.88","22.93","0","10.040000000000001","8.800000000000002","26.400000000000006","12.512","0","0","0","0","3","0","0","14.087","0","0","0","0","0","4","_581fe805ed570000_p_Net","0","2","0","1","0","0","0","0","0","0","3","_581fe805ed570000_p_odb__dbNet","8.7584","0.0","0.0","8.758400000000002","5.838933333333334","2.1266310718024313","17.516800000000003","6.960000000000001","3","9.77","10.040000000000001","10.040000000000001","14.26","25.84","8.05","23.12","0","0","2","1","10.273333333333333","2.8252472851455357","24.933333333333334","1.2822202965516056","4"
"_025_","OK","2296.7223559999998","2.4945456941471","60.111","32.6615","75.692","30.343","212.07","97.957","22.265","47.833","17.49","0","79.54","48.241666666666674","289.45000000000005","7.5072","0","0","0","0","6","0","0","106.035","0","0","0","0","0","7","_d01fe805ed570000_p_Net","0","1","0","1","0","0","0","0","0","0","6","_d01fe805ed570000_p_odb__dbNet","3.7536","0.0","0.0","30.0288","25.649600000000003","9.79218888706708","153.8976","39.238333333333344","6","45.84000000000001","79.54","79.54","101.2","47.6","21.85","17.68","2","1","2","1","59.991666666666674","28.4061380788652","33.093333333333334","12.331999927920137","7"
"_026_","OK","124.29930799999994","0.46248627543842374","58.791","80.043","7.582000000000001","16.39399999999999","47.951999999999984","62.582","55.0","88.24","71.846","0","12.949999999999989","12.184999999999999","24.369999999999997","6.256","0","0","0","0","2","0","0","23.975999999999992","0","0","0","0","0","3","_4820e805ed570000_p_Net","0","0","0","1","0","0","0","0","0","0","2","_4820e805ed570000_p_odb__dbNet","0.0","0.0","0.0","30.0288","16.8912","13.1376","33.7824","6.744999999999976","2","11.420000000000009","12.949999999999989","12.949999999999989","59.34","88.4","55.43","72.08","0","1","0","1","57.385000000000005","1.9550000000000018","80.24000000000001","8.160000000000004","3"
"_027_","OK","6.229944000000007","1.1119560620566273","53.446","76.2165","2.631999999999998","2.3670000000000044","9.998000000000005","54.762","52.13","77.4","75.033","0","2.950000000000003","2.950000000000003","2.950000000000003","6.256","0","0","0","0","1","0","0","4.999000000000002","0","0","0","0","0","2","_c020e805ed570000_p_Net","0","0","0","1","0","0","0","0","0","0","1","_c020e805ed570000_p_odb__dbNet","0.0","0.0","0.0","30.0288","30.0288","","30.0288","2.950000000000003","1","2.950000000000003","2.950000000000003","2.950000000000003","51.52","74.8","51.52","74.8","0","0","1","0","51.52","","74.8","","2"
"_028_","OK","0.2923309999999992","22.89380510713459","62.1635","69.5365","2.5870000000000033","0.11299999999999955","5.400000000000006","63.457","60.87","69.593","69.48","0","6.670000000000002","6.670000000000002","6.670000000000002","6.256","0","0","0","0","1","0","0","2.700000000000003","0","0","0","0","0","2","_3821e805ed570000_p_Net","0","0","0","1","0","0","0","0","0","0","1","_3821e805ed570000_p_odb__dbNet","0.0","0.0","0.0","30.0288","30.0288","","30.0288","6.670000000000002","1","6.670000000000002","6.670000000000002","6.670000000000002","66.7","69.36","66.7","69.36","0","0","0","1","66.7","","69.36","","2"
"_029_","OK","16.60548900000001","0.2724478032185931","54.573499999999996","62.6165","2.1270000000000024","7.806999999999995","19.867999999999995","55.637","53.51","66.52","58.713","0","14.370000000000005","14.370000000000005","14.370000000000005","6.256","0","0","0","0","1","0","0","9.933999999999997","0","0","0","0","0","2","_b021e805ed570000_p_Net","0","0","0","1","0","0","0","0","0","0","1","_b021e805ed570000_p_odb__dbNet","0.0","0.0","0.0","30.0288","30.0288","","30.0288","14.370000000000005","1","14.370000000000005","14.370000000000005","14.370000000000005","58.88","58.48","58.88","58.48","0","0","0","1","58.88","","58.48","","2"
"_030_","OK","50.38588799999993","1.6334173565658239","55.745999999999995","63.742999999999995","9.071999999999996","5.553999999999995","29.25199999999998","60.282","51.21","66.52","60.966","0","12.11","12.11","12.11","6.256","0","0","0","0","1","0","0","14.62599999999999","0","0","0","0","0","2","_2822e805ed570000_p_Net","0","0","0","1","0","0","0","0","0","0","1","_2822e805ed570000_p_odb__dbNet","0.0","0.0","0.0","30.0288","30.0288","","30.0288","12.11","1","12.11","12.11","12.11","57.04","61.2","57.04","61.2","0","0","0","1","57.04","","61.2","","2"
"_031_","OK","1.497678000000006","0.26754015204246095","61.4735","65.22300000000001","0.6330000000000027","2.3659999999999997","5.998000000000005","61.79","61.157","66.406","64.04","0","6.170000000000002","6.170000000000002","6.170000000000002","6.256","0","0","0","0","1","0","0","2.9990000000000023","0","0","0","0","0","2","_a022e805ed570000_p_Net","0","0","0","1","0","0","0","0","0","0","1","_a022e805ed570000_p_odb__dbNet","0.0","0.0","0.0","30.0288","30.0288","","30.0288","6.170000000000002","1","6.170000000000002","6.170000000000002","6.170000000000002","64.4","66.64","64.4","66.64","1","0","0","0","64.4","","66.64","","2"
"_032_","OK","0.39334399999999947","0.04165310769877881","54.193","78.9365","0.1280000000000001","3.0729999999999933","6.401999999999987","54.257","54.129","80.473","77.4","0","5.25","5.25","5.25","6.256","0","0","0","0","1","0","0","3.2009999999999934","0","0","0","0","0","2","_1823e805ed570000_p_Net","0","0","0","1","0","0","0","0","0","0","1","_1823e805ed570000_p_odb__dbNet","0.0","0.0","0.0","30.0288","30.0288","","30.0288","5.25","1","5.25","5.25","5.25","57.5","80.24","57.5","80.24","1","0","0","0","57.5","","80.24","","2"
"_033_","OK","22.231167999999982","2.3526350024877583","67.706","84.263","7.231999999999999","3.073999999999998","20.611999999999995","71.322","64.09","85.8","82.726","0","7.550000000000011","7.550000000000011","7.550000000000011","6.256","0","0","0","0","1","0","0","10.305999999999997","0","0","0","0","0","2","_9023e805ed570000_p_Net","0","0","0","1","0","0","0","0","0","0","1","_9023e805ed570000_p_odb__dbNet","0.0","0.0","0.0","30.0288","30.0288","","30.0288","7.550000000000011","1","7.550000000000011","7.550000000000011","7.550000000000011","68.08","82.96","68.08","82.96","0","0","0","1","68.08","","82.96","","2"
"_034_","OK","5.532933999999956","0.19323490932662252","74.247","47.4745","1.0339999999999918","5.350999999999999","12.769999999999982","74.764","73.73","50.15","44.799","0","5.8999999999999915","5.8999999999999915","5.8999999999999915","10.0096","0","0","0","0","1","0","0","6.384999999999991","0","0","0","0","0","2","_0824e805ed570000_p_Net","0","0","0","1","1","0","0","0","0","0","1","_0824e805ed570000_p_odb__dbNet","0.0","20.0192","0.0","20.0192","20.0192","","20.0192","5.8999999999999915","1","5.8999999999999915","5.8999999999999915","5.8999999999999915","75.9","50.32","75.9","50.32","1","0","0","0","75.9","","50.32","","2"
"_035_","OK","0.33605000000000174","0.03600654663305844","8.005","100.6425","0.11000000000000032","3.055000000000007","6.330000000000014","8.06","7.95","102.17","99.115","0","3.639999999999999","3.639999999999999","3.639999999999999","7.5072","0","0","0","0","1","0","0","3.165000000000007","0","0","0","0","0","2","_8024e805ed570000_p_Net","0","0","0","1","1","0","0","0","0","0","1","_8024e805ed570000_p_odb__dbNet","0.0","20.0192","0.0","20.0192","20.0192","","20.0192","3.639999999999999","1","3.639999999999999","3.639999999999999","3.639999999999999","10.12","102.0","10.12","102.0","1","0","0","0","10.12","","102.0","","2"
"_036_","OK","3.87706500000001","23.637036978673912","11.427499999999998","85.6435","9.572999999999999","0.40500000000000114","19.956","16.214","6.641","85.846","85.441","0","6.9","6.9","6.9","8.758400000000002","0","0","0","0","1","0","0","9.978","0","0","0","0","0","2","_f824e805ed570000_p_Net","0","0","0","1","1","0","0","0","0","0","1","_f824e805ed570000_p_odb__dbNet","0.0","28.777600000000003","0.0","28.777600000000003","28.777600000000003","","28.777600000000003","6.9","1","6.9","6.9","6.9","10.35","85.68","10.35","85.68","0","1","0","0","10.35","","85.68","","2"
"_037_","OK","18.435150000000043","1.8059467912970388","23.326","103.35849999999999","5.77","3.1950000000000074","17.930000000000014","26.211","20.441","104.956","101.761","0","6.399999999999999","6.399999999999999","6.399999999999999","8.758400000000002","0","0","0","0","1","0","0","8.965000000000007","0","0","0","0","0","2","_7025e805ed570000_p_Net","0","0","0","1","1","0","0","0","0","0","1","_7025e805ed570000_p_odb__dbNet","0.0","26.2752","0.0","26.2752","26.2752","","26.2752","6.399999999999999","1","6.399999999999999","6.399999999999999","6.399999999999999","23.69","102.0","23.69","102.0","0","0","0","1","23.69","","102.0","","2"
"_038_","OK","0.004064000000019398","1015.9994919954011","40.125","88.637","2.0319999999999965","0.0020000000000095497","4.068000000000012","41.141","39.109","88.638","88.636","0","6.439999999999998","6.439999999999998","6.439999999999998","8.758400000000002","0","0","0","0","1","0","0","2.034000000000006","0","0","0","0","0","2","_e825e805ed570000_p_Net","0","0","0","1","1","0","0","0","0","0","1","_e825e805ed570000_p_odb__dbNet","0.0","26.2752","0.0","26.2752","26.2752","","26.2752","6.439999999999998","1","6.439999999999998","6.439999999999998","6.439999999999998","44.39","88.4","44.39","88.4","0","0","0","1","44.39","","88.4","","2"
"_039_","OK","0.7985000000000007","0.07827175952464872","34.826","97.92099999999999","0.25","3.1940000000000026","6.888000000000005","34.951","34.701","99.518","96.324","0","4.560000000000002","4.560000000000002","4.560000000000002","8.758400000000002","0","0","0","0","1","0","0","3.4440000000000026","0","0","0","0","0","2","_6026e805ed570000_p_Net","0","0","0","1","1","0","0","0","0","0","1","_6026e805ed570000_p_odb__dbNet","0.0","26.2752","0.0","26.2752","26.2752","","26.2752","4.560000000000002","1","4.560000000000002","4.560000000000002","4.560000000000002","37.95","99.28","37.95","99.28","1","0","0","0","37.95","","99.28","","2"
"_040_","OK","8.234115000000006","1.3507492906639327","42.822500000000005","38.1245","3.335000000000001","2.469000000000001","11.608000000000004","44.49","41.155","39.359","36.89","0","5.479999999999997","5.479999999999997","5.479999999999997","10.0096","0","0","0","0","1","0","0","5.804000000000002","0","0","0","0","0","2","_d826e805ed570000_p_Net","0","0","0","1","1","0","0","0","0","0","1","_d826e805ed570000_p_odb__dbNet","0.0","20.0192","0.0","20.0192","20.0192","","20.0192","5.479999999999997","1","5.479999999999997","5.479999999999997","5.479999999999997","42.32","36.72","42.32","36.72","0","0","1","0","42.32","","36.72","","2"
"_041_","OK","9.671265000000004","0.9474178400790556","103.1645","10.8785","3.027000000000001","3.1950000000000003","12.444000000000003","104.678","101.651","12.476","9.281","0","4.560000000000004","4.560000000000004","4.560000000000004","8.758400000000002","0","0","0","0","1","0","0","6.222000000000001","0","0","0","0","0","2","_5027e805ed570000_p_Net","0","0","0","1","1","0","0","0","0","0","1","_5027e805ed570000_p_odb__dbNet","0.0","28.777600000000003","0.0","28.777600000000003","28.777600000000003","","28.777600000000003","4.560000000000004","1","4.560000000000004","4.560000000000004","4.560000000000004","100.97","9.52","100.97","9.52","0","0","1","0","100.97","","9.52","","2"
"_042_","OK","0.00406399999999774","1015.9994920008154","95.785","17.917","2.0319999999999965","0.0019999999999988916","4.067999999999991","96.801","94.769","17.918","17.916","0","6.900000000000006","6.900000000000006","6.900000000000006","8.758400000000002","0","0","0","0","1","0","0","2.0339999999999954","0","0","0","0","0","2","_c827e805ed570000_p_Net","0","0","0","1","1","0","0","0","0","0","1","_c827e805ed570000_p_odb__dbNet","0.0","28.777600000000003","0.0","28.777600000000003","28.777600000000003","","28.777600000000003","6.900000000000006","1","6.900000000000006","6.900000000000006","6.900000000000006","100.51","17.68","100.51","17.68","0","0","0","1","100.51","","17.68","","2"
"_043_","OK","0.24290399999999882","0.03116045844156141","7.5175","38.282","0.08699999999999974","2.7919999999999945","5.7579999999999885","7.561","7.474","39.678","36.886","0","5.02","5.02","5.02","8.758400000000002","0","0","0","0","1","0","0","2.8789999999999942","0","0","0","0","0","2","_4028e805ed570000_p_Net","0","0","0","1","1","0","0","0","0","0","1","_4028e805ed570000_p_odb__dbNet","0.0","26.2752","0.0","26.2752","26.2752","","26.2752","5.02","1","5.02","5.02","5.02","10.81","39.44","10.81","39.44","1","0","0","0","10.81","","39.44","","2"
"_044_","OK","1.5573789999999983","0.1598846523037857","6.890499999999999","27.237499999999997","0.49899999999999967","3.1209999999999987","7.239999999999997","7.14","6.641","28.798","25.677","0","4.1","4.1","4.1","8.758400000000002","0","0","0","0","1","0","0","3.6199999999999983","0","0","0","0","0","2","_b828e805ed570000_p_Net","0","0","0","1","1","0","0","0","0","0","1","_b828e805ed570000_p_odb__dbNet","0.0","26.2752","0.0","26.2752","26.2752","","26.2752","4.1","1","4.1","4.1","4.1","9.89","28.56","9.89","28.56","1","0","0","0","9.89","","28.56","","2"
"_045_","OK","0.008749999999992042","349.9999300003323","87.115","74.9675","1.75","0.0049999999999954525","3.509999999999991","87.99","86.24","74.97","74.965","0","5.060000000000002","5.060000000000002","5.060000000000002","7.5072","0","0","0","0","1","0","0","1.7549999999999955","0","0","0","0","0","2","_3029e805ed570000_p_Net","0","0","0","1","1","0","0","0","0","0","1","_3029e805ed570000_p_odb__dbNet","0.0","20.0192","0.0","20.0192","20.0192","","20.0192","5.060000000000002","1","5.060000000000002","5.060000000000002","5.060000000000002","90.16","74.8","90.16","74.8","0","0","0","1","90.16","","74.8","","2"
"_046_","OK","11.411070000000027","1.7983326709812062","81.785","97.8505","4.530000000000001","2.5190000000000055","14.098000000000013","84.05","79.52","99.11","96.591","0","5.47999999999999","5.47999999999999","5.47999999999999","5.0048","0","0","0","0","1","0","0","7.049000000000007","0","0","0","0","0","2","_a829e805ed570000_p_Net","0","0","0","1","1","0","0","0","0","0","1","_a829e805ed570000_p_odb__dbNet","0.0","20.0192","0.0","20.0192","20.0192","","20.0192","5.47999999999999","1","5.47999999999999","5.47999999999999","5.47999999999999","81.88","99.28","81.88","99.28","1","0","0","0","81.88","","99.28","","2"
"_047_","OK","6.700276000000017","1.005811700501429","71.252","100.87950000000001","2.5960000000000036","2.581000000000003","10.354000000000013","72.55","69.954","102.17","99.589","0","3.6400000000000006","3.6400000000000006","3.6400000000000006","7.5072","0","0","0","0","1","0","0","5.177000000000007","0","0","0","0","0","2","_202ae805ed570000_p_Net","0","0","0","1","1","0","0","0","0","0","1","_202ae805ed570000_p_odb__dbNet","0.0","20.0192","0.0","20.0192","20.0192","","20.0192","3.6400000000000006","1","3.6400000000000006","3.6400000000000006","3.6400000000000006","70.38","102.0","70.38","102.0","0","1","0","0","70.38","","102.0","","2"
"_048_","OK","5.950629000000034","0.7041623664588353","52.673500000000004","89.8365","2.047000000000004","2.9070000000000107","9.90800000000003","53.697","51.65","91.29","88.383","0","2.719999999999999","2.719999999999999","2.719999999999999","5.0048","0","0","0","0","1","0","0","4.954000000000015","0","0","0","0","0","2","_982ae805ed570000_p_Net","0","0","0","1","1","0","0","0","0","0","1","_982ae805ed570000_p_odb__dbNet","0.0","20.0192","0.0","20.0192","20.0192","","20.0192","2.719999999999999","1","2.719999999999999","2.719999999999999","2.719999999999999","53.82","91.12","53.82","91.12","1","0","0","0","53.82","","91.12","","2"
"_049_","OK","5.325623999999996","0.6302029581595459","51.646","100.7165","1.8320000000000007","2.9069999999999965","9.477999999999994","52.562","50.73","102.17","99.263","0","3.1799999999999997","3.1799999999999997","3.1799999999999997","5.0048","0","0","0","0","1","0","0","4.738999999999997","0","0","0","0","0","2","_102be805ed570000_p_Net","0","0","0","1","1","0","0","0","0","0","1","_102be805ed570000_p_odb__dbNet","0.0","20.0192","0.0","20.0192","20.0192","","20.0192","3.1799999999999997","1","3.1799999999999997","3.1799999999999997","3.1799999999999997","52.9","102.0","52.9","102.0","1","0","0","0","52.9","","102.0","","2"
"_050_","OK","2.0996100000000033","0.2594024603657629","71.799","62.667500000000004","0.7379999999999995","2.845000000000006","7.166000000000011","72.168","71.43","64.09","61.245","0","4.099999999999994","4.099999999999994","4.099999999999994","7.5072","0","0","0","0","1","0","0","3.5830000000000055","0","0","0","0","0","2","_882be805ed570000_p_Net","0","0","0","1","1","0","0","0","0","0","1","_882be805ed570000_p_odb__dbNet","0.0","20.0192","0.0","20.0192","20.0192","","20.0192","4.099999999999994","1","4.099999999999994","4.099999999999994","4.099999999999994","73.6","63.92","73.6","63.92","1","0","0","0","73.6","","63.92","","2"
"_051_","OK","2.6699959999999834","0.5118213658004289","90.16550000000001","65.328","1.168999999999997","2.283999999999992","6.9059999999999775","90.75","89.581","66.47","64.186","0","6.859999999999999","6.859999999999999","6.859999999999999","7.5072","0","0","0","0","1","0","0","3.4529999999999887","0","0","0","0","0","2","_002ce805ed570000_p_Net","0","0","0","1","1","0","0","0","0","0","1","_002ce805ed570000_p_odb__dbNet","0.0","20.0192","0.0","20.0192","20.0192","","20.0192","6.859999999999999","1","6.859999999999999","6.859999999999999","6.859999999999999","92.92","66.64","92.92","66.64","1","0","0","0","92.92","","66.64","","2"
"_052_","OK","7.934849999999987","1.2504962281657483","102.715","70.6505","3.1500000000000057","2.5189999999999912","11.337999999999994","104.29","101.14","71.91","69.391","0","4.1000000000000085","4.1000000000000085","4.1000000000000085","5.0048","0","0","0","0","1","0","0","5.668999999999997","0","0","0","0","0","2","_782ce805ed570000_p_Net","0","0","0","1","1","0","0","0","0","0","1","_782ce805ed570000_p_odb__dbNet","0.0","20.0192","0.0","20.0192","20.0192","","20.0192","4.1000000000000085","1","4.1000000000000085","4.1000000000000085","4.1000000000000085","102.12","72.08","102.12","72.08","0","1","0","0","102.12","","72.08","","2"
"_053_","OK","4.021458000000007","0.6262825569746335","94.7635","48.882999999999996","1.5870000000000033","2.533999999999999","8.242000000000004","95.557","93.97","50.15","47.616","0","3.1799999999999926","3.1799999999999926","3.1799999999999926","5.0048","0","0","0","0","1","0","0","4.121000000000002","0","0","0","0","0","2","_f02ce805ed570000_p_Net","0","0","0","1","1","0","0","0","0","0","1","_f02ce805ed570000_p_odb__dbNet","0.0","20.0192","0.0","20.0192","20.0192","","20.0192","3.1799999999999926","1","3.1799999999999926","3.1799999999999926","3.1799999999999926","96.14","50.32","96.14","50.32","1","0","0","0","96.14","","50.32","","2"
"_054_","OK","2.4517080000000133","0.29192546573777683","101.753","51.599000000000004","0.8460000000000036","2.8980000000000032","7.488000000000014","102.176","101.33","53.048","50.15","0","3.8700000000000045","3.8700000000000045","3.8700000000000045","3.7536","0","0","0","0","1","0","0","3.744000000000007","0","0","0","0","0","2","_682de805ed570000_p_Net","0","0","0","1","1","0","0","0","0","0","1","_682de805ed570000_p_odb__dbNet","0.0","20.0192","0.0","20.0192","20.0192","","20.0192","3.8700000000000045","1","3.8700000000000045","3.8700000000000045","3.8700000000000045","103.5","50.32","103.5","50.32","0","0","0","1","103.5","","50.32","","2"
"_055_","OK","14.785560000000027","2.0585820887841044","71.9585","76.185","5.516999999999996","2.680000000000007","16.394000000000005","74.717","69.2","77.525","74.845","0","5.25","5.25","5.25","5.0048","0","0","0","0","1","0","0","8.197000000000003","0","0","0","0","0","2","_e02de805ed570000_p_Net","0","0","0","1","1","0","0","0","0","0","1","_e02de805ed570000_p_odb__dbNet","0.0","23.772800000000004","0.0","23.772800000000004","23.772800000000004","","23.772800000000004","5.25","1","5.25","5.25","5.25","71.99","77.52","71.99","77.52","1","0","0","0","71.99","","77.52","","2"
"_056_","OK","0.26810000000000356","0.03729951509239165","44.34","43.3695","0.10000000000000142","2.6809999999999974","5.561999999999998","44.39","44.29","44.71","42.029","0","6.63000000000001","6.63000000000001","6.63000000000001","16.265600000000003","0","0","0","0","1","0","0","2.780999999999999","0","0","0","0","0","2","_582ee805ed570000_p_Net","0","0","0","1","1","0","0","0","0","0","1","_582ee805ed570000_p_odb__dbNet","0.0","20.0192","0.0","20.0192","20.0192","","20.0192","6.63000000000001","1","6.63000000000001","6.63000000000001","6.63000000000001","46.46","44.88","46.46","44.88","1","0","0","0","46.46","","44.88","","2"
"_057_","OK","1193.9046899999996","1.1223670090105056","58.535","58.652499999999996","36.605999999999995","32.614999999999995","138.44199999999998","76.838","40.232","74.96","42.345","0","64.42","33.5025","134.01","3.7536","0","0","0","1","4","0","0","69.22099999999999","0","0","0","0","0","5","_d02ee805ed570000_p_Net","0","0","0","1","0","0","1","0","0","0","4","_d02ee805ed570000_p_odb__dbNet","0.0","0.0","0.0","16.265600000000003","7.82","5.111194114881571","31.28","32.1425","4","13.639999999999986","64.42","64.42","74.29","74.8","42.55","42.16","2","0","2","0","60.5475","13.521550160761896","56.44","12.666996486934066","5"
"_058_","OK","0.7218840000000278","43.37984462496083","87.84","72.0275","5.596000000000004","0.1290000000000049","11.450000000000017","90.638","85.042","72.092","71.963","0","5.97999999999999","5.97999999999999","5.97999999999999","3.7536","0","0","0","1","1","0","0","5.7250000000000085","0","0","0","0","0","2","_482fe805ed570000_p_Net","0","0","0","1","0","0","1","0","0","0","1","_482fe805ed570000_p_odb__dbNet","0.0","0.0","0.0","6.256","6.256","","6.256","5.97999999999999","1","5.97999999999999","5.97999999999999","5.97999999999999","84.87","72.08","84.87","72.08","0","1","0","0","84.87","","72.08","","2"
"_059_","OK","118.0644519999997","3.8691165814864106","34.411500000000004","88.55799999999999","21.372999999999998","5.523999999999987","53.79399999999997","45.098","23.725","91.32","85.796","0","27.98","18.666666666666668","56.00000000000001","3.7536","0","0","0","1","3","0","0","26.896999999999984","0","0","0","0","0","4","_c02fe805ed570000_p_Net","0","1","0","1","0","0","1","0","0","0","3","_c02fe805ed570000_p_odb__dbNet","3.7536","0.0","0.0","16.265600000000003","9.592533333333334","5.1419432003431895","28.777600000000003","18.666666666666686","3","17.44","27.98","27.98","34.73","91.12","22.77","85.68","0","1","1","1","29.36333333333333","4.95909489949751","88.40000000000002","2.220870700123414","4"
"_060_","OK","128.549121","0.6729614354480169","33.5475","89.8345","9.301000000000002","13.820999999999998","46.244","38.198","28.897","96.745","82.924","0","21.880000000000006","12.926666666666668","38.78","3.7536","0","0","0","1","3","0","0","23.122","0","0","0","0","0","4","_3830e805ed570000_p_Net","0","1","0","1","0","0","1","0","0","0","3","_3830e805ed570000_p_odb__dbNet","3.7536","0.0","0.0","16.265600000000003","9.592533333333334","5.1419432003431895","28.777600000000003","12.926666666666662","3","14.599999999999994","21.880000000000006","21.880000000000006","36.11","96.56","30.13","82.96","1","0","2","0","32.736666666666665","2.5007909859793473","89.30666666666667","5.589068696025208","4"
"_061_","OK","9.346973999999985","1.024164183706001","82.488","73.40549999999999","3.093999999999994","3.021000000000001","12.22999999999999","84.035","80.941","74.916","71.895","0","6.859999999999999","6.859999999999999","6.859999999999999","3.7536","0","0","0","1","1","0","0","6.114999999999995","0","0","0","0","0","2","_b030e805ed570000_p_Net","0","0","0","1","0","0","1","0","0","0","1","_b030e805ed570000_p_odb__dbNet","0.0","0.0","0.0","6.256","6.256","","6.256","6.859999999999999","1","6.859999999999999","6.859999999999999","6.859999999999999","84.87","72.08","84.87","72.08","0","0","0","1","84.87","","72.08","","2"
"_062_","OK","37.74835900000002","0.6136682391159416","10.3035","29.9615","4.813000000000001","7.8430000000000035","25.31200000000001","12.71","7.897","33.883","26.04","0","8.620000000000001","5.696666666666665","17.089999999999996","3.7536","0","0","0","1","3","0","0","12.656000000000004","0","0","0","0","0","4","_2831e805ed570000_p_Net","0","0","0","1","0","0","1","0","0","0","3","_2831e805ed570000_p_odb__dbNet","0.0","0.0","0.0","16.265600000000003","12.512","3.064801566170313","37.536","5.389999999999999","3","5.059999999999999","8.620000000000001","8.620000000000001","14.03","34.0","8.51","25.84","1","1","1","0","10.733333333333334","2.3779029042881925","30.373333333333335","3.3924360306750403","4"
"_063_","OK","5.768039999999955","0.7151408448186122","96.52250000000001","78.936","2.0309999999999917","2.839999999999989","9.741999999999962","97.538","95.507","80.356","77.516","0","4.789999999999992","4.789999999999992","4.789999999999992","3.7536","0","0","0","1","1","0","0","4.870999999999981","0","0","0","0","0","2","_a031e805ed570000_p_Net","0","0","0","1","0","0","1","0","0","0","1","_a031e805ed570000_p_odb__dbNet","0.0","0.0","0.0","5.0048","5.0048","","5.0048","4.789999999999992","1","4.789999999999992","4.789999999999992","4.789999999999992","95.68","77.52","95.68","77.52","0","0","1","0","95.68","","77.52","","2"
"_064_","OK","9.362358000000034","0.3036196649912458","102.215","88.4595","1.686000000000007","5.552999999999997","14.478000000000009","103.058","101.372","91.236","85.683","0","7.509999999999991","7.509999999999991","7.509999999999991","3.7536","0","0","0","1","1","0","0","7.239000000000004","0","0","0","0","0","2","_1832e805ed570000_p_Net","0","0","0","1","0","0","1","0","0","0","1","_1832e805ed570000_p_odb__dbNet","0.0","0.0","0.0","5.0048","5.0048","","5.0048","7.509999999999991","1","7.509999999999991","7.509999999999991","7.509999999999991","101.2","85.68","101.2","85.68","0","0","1","0","101.2","","85.68","","2"
"_065_","OK","0.16643000000002084","0.018175809643698266","83.0895","62.522999999999996","0.05500000000000682","3.0260000000000034","6.16200000000002","83.117","83.062","64.036","61.01","0","3.4099999999999966","3.4099999999999966","3.4099999999999966","3.7536","0","0","0","0","1","0","0","3.08100000000001","0","0","0","0","0","2","_9032e805ed570000_p_Net","0","1","0","1","0","0","0","0","0","0","1","_9032e805ed570000_p_odb__dbNet","5.0048","0.0","0.0","5.0048","5.0048","","5.0048","3.4099999999999966","1","3.4099999999999966","3.4099999999999966","3.4099999999999966","83.72","61.2","83.72","61.2","0","0","0","1","83.72","","61.2","","2"
"_066_","OK","148.82000000000033","0.12148571428224356","89.676","38.07","4.2520000000000095","35.0","78.50400000000002","91.802","87.55","55.57","20.57","0","32.72000000000001","22.28000000000001","44.56000000000002","6.256","0","0","0","0","2","0","0","39.25200000000001","0","0","0","0","0","3","_0833e805ed570000_p_Net","0","1","0","1","0","0","0","0","0","0","2","_0833e805ed570000_p_odb__dbNet","3.7536","0.0","0.0","3.7536","3.7536","0.0","7.5072","14.120000000000012","2","11.840000000000003","32.72000000000001","32.72000000000001","92.23","55.76","90.39","20.4","1","0","0","1","91.31","0.9200000000000017","38.08","17.68","3"
"_067_","OK","2428.39823","1.6232742126887825","71.5975","31.219","62.785","38.678","202.926","102.99","40.205","50.558","11.88","0","81.36","37.74999999999999","415.24999999999994","11.2608","0","0","0","0","11","0","0","101.463","0","0","0","0","0","12","_8033e805ed570000_p_Net","0","1","0","1","0","0","0","0","0","0","11","_8033e805ed570000_p_odb__dbNet","3.7536","0.0","0.0","11.2608","6.597236363636366","2.6724130843159597","72.56960000000002","28.80090909090909","11","34.910000000000004","63.15","81.36","102.81","44.88","39.56","12.24","5","2","2","2","76.73636363636363","21.96804260437804","31.032727272727275","12.88668170202307","12"
"_068_","OK","6.566144000000015","0.5928485575141683","26.755499999999998","89.646","1.9730000000000025","3.328000000000003","10.602000000000011","27.742","25.769","91.31","87.982","0","4.559999999999999","3.889999999999999","7.779999999999998","8.758400000000002","0","0","0","0","2","0","0","5.3010000000000055","0","0","0","0","0","3","_f833e805ed570000_p_Net","0","1","0","1","0","0","0","0","0","0","2","_f833e805ed570000_p_odb__dbNet","3.7536","0.0","0.0","8.758400000000002","6.256000000000001","2.502400000000001","12.512000000000002","3.8900000000000006","2","3.219999999999999","4.559999999999999","4.559999999999999","27.83","91.12","26.45","88.4","0","1","0","1","27.14","0.6899999999999995","89.76","1.3599999999999994","3"
"_069_","OK","0.518755999999996","0.07255048613591965","29.067999999999998","94.987","0.19399999999999906","2.6739999999999924","5.735999999999983","29.165","28.971","96.324","93.65","0","4.099999999999998","4.099999999999998","4.099999999999998","8.758400000000002","0","0","0","0","1","0","0","2.8679999999999914","0","0","0","0","0","2","_7034e805ed570000_p_Net","0","1","0","1","0","0","0","0","0","0","1","_7034e805ed570000_p_odb__dbNet","3.7536","0.0","0.0","3.7536","3.7536","","3.7536","4.099999999999998","1","4.099999999999998","4.099999999999998","4.099999999999998","28.75","93.84","28.75","93.84","0","0","1","0","28.75","","93.84","","2"
"_070_","OK","39.469365","4.324726910187112","14.3095","95.16550000000001","13.064999999999998","3.021000000000001","32.172","20.842","7.777","96.676","93.655","0","15.139999999999999","15.139999999999999","15.139999999999999","3.7536","0","0","0","0","1","0","0","16.086","0","0","0","0","0","2","_e834e805ed570000_p_Net","0","0","0","1","0","0","0","0","0","0","1","_e834e805ed570000_p_odb__dbNet","0.0","0.0","0.0","11.2608","11.2608","","11.2608","15.139999999999999","1","15.139999999999999","15.139999999999999","15.139999999999999","8.51","93.84","8.51","93.84","0","0","1","0","8.51","","93.84","","2"
"_071_","OK","60.45929999999998","0.831906158260187","38.906","38.082499999999996","7.091999999999999","8.524999999999999","31.233999999999995","42.452","35.36","42.345","33.82","0","14.639999999999993","8.469999999999997","25.40999999999999","16.265600000000003","0","0","0","0","3","0","0","15.616999999999997","0","0","0","0","0","4","_6035e805ed570000_p_Net","0","0","0","1","0","0","0","0","0","0","3","_6035e805ed570000_p_odb__dbNet","0.0","0.0","0.0","16.265600000000003","11.677866666666668","4.128749354896173","35.03360000000001","6.656666666666659","3","6.6299999999999955","14.639999999999993","14.639999999999993","42.55","42.16","37.26","34.0","1","0","2","0","39.099999999999994","2.4413247769738993","37.626666666666665","3.392436030675039","4"
"_072_","OK","13.860162000000004","0.4603608528411952","29.372","36.5065","2.526","5.487000000000002","16.026000000000003","30.635","28.109","39.25","33.763","0","9.119999999999997","6.379999999999997","12.759999999999994","16.265600000000003","0","0","0","0","2","0","0","8.013000000000002","0","0","0","0","0","3","_d835e805ed570000_p_Net","0","1","0","1","0","0","0","0","0","0","2","_d835e805ed570000_p_odb__dbNet","3.7536","0.0","0.0","8.758400000000002","6.256000000000001","2.502400000000001","12.512000000000002","6.379999999999999","2","3.639999999999997","9.119999999999997","9.119999999999997","31.05","39.44","28.29","36.72","1","1","0","0","29.67","1.3800000000000008","38.08","1.3599999999999994","3"
"_073_","OK","364.09195200000005","1.8934160235167357","31.238999999999997","95.0135","26.255999999999997","13.867000000000004","80.24600000000001","44.367","18.111","101.947","88.08","0","32.959999999999994","30.163333333333327","90.48999999999998","6.256","0","0","0","0","3","0","0","40.123000000000005","0","0","0","0","0","4","_5036e805ed570000_p_Net","0","0","0","1","0","0","0","0","0","0","3","_5036e805ed570000_p_odb__dbNet","0.0","0.0","0.0","8.758400000000002","7.507200000000001","1.7694640092412173","22.521600000000003","30.163333333333348","3","30.619999999999997","32.959999999999994","32.959999999999994","27.83","102.0","17.94","88.4","0","1","2","0","22.846666666666664","4.037939518560865","93.83999999999999","5.875871566556458","4"
"_074_","OK","30.892499999999984","0.9763555553819807","30.176","85.5875","5.491999999999997","5.625","22.233999999999995","32.922","27.43","88.4","82.775","0","7.740000000000013","5.710000000000004","17.130000000000013","8.758400000000002","0","0","0","0","3","0","0","11.116999999999997","0","0","0","0","0","4","_c836e805ed570000_p_Net","0","1","0","1","0","0","0","0","0","0","3","_c836e805ed570000_p_odb__dbNet","5.0048","0.0","0.0","16.265600000000003","12.512","5.308392027723651","37.536","5.709999999999997","3","5.75","7.740000000000013","7.740000000000013","33.58","88.4","28.75","82.96","1","1","1","0","30.819999999999997","2.031304999255404","85.68","2.22087070012342","4"
"_075_","OK","53.459407","1.8754448395063794","28.3885","94.0805","10.013000000000002","5.338999999999999","30.704","33.395","23.382","96.75","91.411","0","16.48","16.48","16.48","8.758400000000002","0","0","0","0","1","0","0","15.352","0","0","0","0","0","2","_4037e805ed570000_p_Net","0","1","0","1","0","0","0","0","0","0","1","_4037e805ed570000_p_odb__dbNet","3.7536","0.0","0.0","3.7536","3.7536","","3.7536","16.48","1","16.48","16.48","16.48","33.81","96.56","33.81","96.56","1","0","0","0","33.81","","96.56","","2"
"_076_","OK","3.0077599999999944","0.10426363803681528","19.917","39.590500000000006","0.5599999999999987","5.371000000000002","11.862000000000002","20.197","19.637","42.276","36.905","0","6.819999999999997","6.819999999999997","6.819999999999997","3.7536","0","0","0","0","1","0","0","5.931000000000001","0","0","0","0","0","2","_b837e805ed570000_p_Net","0","0","0","1","0","0","0","0","0","0","1","_b837e805ed570000_p_odb__dbNet","0.0","0.0","0.0","11.2608","11.2608","","11.2608","6.819999999999997","1","6.819999999999997","6.819999999999997","6.819999999999997","20.93","36.72","20.93","36.72","0","0","0","1","20.93","","36.72","","2"
"_077_","OK","2.9463420000000102","0.5210260721105879","92.1155","87.02099999999999","1.2390000000000043","2.378","7.234000000000009","92.735","91.496","88.21","85.832","0","5.02000000000001","5.02000000000001","5.02000000000001","6.256","0","0","0","0","1","0","0","3.6170000000000044","0","0","0","0","0","2","_3038e805ed570000_p_Net","0","1","0","1","0","0","0","0","0","0","1","_3038e805ed570000_p_odb__dbNet","3.7536","0.0","0.0","3.7536","3.7536","","3.7536","5.02000000000001","1","5.02000000000001","5.02000000000001","5.02000000000001","93.15","88.4","93.15","88.4","1","0","0","0","93.15","","88.4","","2"
"_078_","OK","25.651424999999914","0.14296379244919946","87.6245","92.4225","1.914999999999992","13.39500000000001","30.620000000000005","88.582","86.667","99.12","85.725","0","16.129999999999995","16.129999999999995","16.129999999999995","5.0048","0","0","0","0","1","0","0","15.310000000000002","0","0","0","0","0","2","_a838e805ed570000_p_Net","0","0","0","1","0","0","0","0","0","0","1","_a838e805ed570000_p_odb__dbNet","0.0","0.0","0.0","3.7536","3.7536","","3.7536","16.129999999999995","1","16.129999999999995","16.129999999999995","16.129999999999995","86.25","99.28","86.25","99.28","0","1","0","0","86.25","","99.28","","2"
"_079_","OK","0.4164839999999873","9.719806716329737","90.749","99.0235","2.0120000000000005","0.20699999999999363","4.437999999999988","91.755","89.743","99.127","98.92","0","2.069999999999993","2.069999999999993","2.069999999999993","6.256","0","0","0","0","1","0","0","2.218999999999994","0","0","0","0","0","2","_2039e805ed570000_p_Net","0","0","0","1","0","0","0","0","0","0","1","_2039e805ed570000_p_odb__dbNet","0.0","0.0","0.0","5.0048","5.0048","","5.0048","2.069999999999993","1","2.069999999999993","2.069999999999993","2.069999999999993","92.46","99.28","92.46","99.28","1","0","0","0","92.46","","99.28","","2"
"_080_","OK","0.07486800000000289","519.916623340262","88.9415","99.116","6.239000000000004","0.012000000000000455","12.50200000000001","92.061","85.822","99.122","99.11","0","6.209999999999994","6.209999999999994","6.209999999999994","5.0048","0","0","0","0","1","0","0","6.251000000000005","0","0","0","0","0","2","_9839e805ed570000_p_Net","0","0","0","1","0","0","0","0","0","0","1","_9839e805ed570000_p_odb__dbNet","0.0","0.0","0.0","3.7536","3.7536","","3.7536","6.209999999999994","1","6.209999999999994","6.209999999999994","6.209999999999994","86.25","99.28","86.25","99.28","0","1","0","0","86.25","","99.28","","2"
"_081_","OK","0.7952249999998791","0.00707346977203765","96.4195","82.98150000000001","0.07499999999998863","10.602999999999994","21.355999999999966","96.457","96.382","88.283","77.68","0","11.570000000000007","11.570000000000007","11.570000000000007","3.7536","0","0","0","0","1","0","0","10.677999999999983","0","0","0","0","0","2","_103ae805ed570000_p_Net","0","0","0","1","0","0","0","0","0","0","1","_103ae805ed570000_p_odb__dbNet","0.0","0.0","0.0","5.0048","5.0048","","5.0048","11.570000000000007","1","11.570000000000007","11.570000000000007","11.570000000000007","95.68","77.52","95.68","77.52","0","0","1","0","95.68","","77.52","","2"
"_082_","OK","0.22632000000000668","2.9710144819889406","100.087","85.658","0.8199999999999932","0.27600000000001046","2.1920000000000073","100.497","99.677","85.796","85.52","0","1.6099999999999994","1.6099999999999994","1.6099999999999994","3.7536","0","0","0","0","1","0","0","1.0960000000000036","0","0","0","0","0","2","_883ae805ed570000_p_Net","0","0","0","1","0","0","0","0","0","0","1","_883ae805ed570000_p_odb__dbNet","0.0","0.0","0.0","5.0048","5.0048","","5.0048","1.6099999999999994","1","1.6099999999999994","1.6099999999999994","1.6099999999999994","101.2","85.68","101.2","85.68","1","0","0","0","101.2","","85.68","","2"
"_083_","OK","0.6140999999999901","8.061594173689965","99.8695","96.53800000000001","2.2249999999999943","0.27599999999999625","5.001999999999981","100.982","98.757","96.676","96.4","0","1.6099999999999994","1.6099999999999994","1.6099999999999994","3.7536","0","0","0","0","1","0","0","2.5009999999999906","0","0","0","0","0","2","_003be805ed570000_p_Net","0","0","0","1","0","0","0","0","0","0","1","_003be805ed570000_p_odb__dbNet","0.0","0.0","0.0","5.0048","5.0048","","5.0048","1.6099999999999994","1","1.6099999999999994","1.6099999999999994","1.6099999999999994","100.28","96.56","100.28","96.56","1","0","0","0","100.28","","96.56","","2"
"_084_","OK","6.456629999999978","0.20625558530719232","100.684","99.3605","1.1539999999999964","5.594999999999999","13.49799999999999","101.261","100.107","102.158","96.563","0","6.819999999999993","6.819999999999993","6.819999999999993","5.0048","0","0","0","0","1","0","0","6.748999999999995","0","0","0","0","0","2","_783be805ed570000_p_Net","0","0","0","1","0","0","0","0","0","0","1","_783be805ed570000_p_odb__dbNet","0.0","0.0","0.0","5.0048","5.0048","","5.0048","6.819999999999993","1","6.819999999999993","6.819999999999993","6.819999999999993","100.28","96.56","100.28","96.56","0","0","1","0","100.28","","96.56","","2"
"_085_","OK","8.392692000000014","1.472978633651875","99.03800000000001","59.6815","3.5160000000000053","2.3870000000000005","11.806000000000012","100.796","97.28","60.875","58.488","0","5.710000000000001","5.710000000000001","5.710000000000001","3.7536","0","0","0","0","1","0","0","5.903000000000006","0","0","0","0","0","2","_f03be805ed570000_p_Net","0","0","0","1","0","0","0","0","0","0","1","_f03be805ed570000_p_odb__dbNet","0.0","0.0","0.0","5.0048","5.0048","","5.0048","5.710000000000001","1","5.710000000000001","5.710000000000001","5.710000000000001","97.98","61.2","97.98","61.2","0","1","0","0","97.98","","61.2","","2"
"_086_","OK","1002.5958799999997","0.932715183281501","79.58000000000001","31.52","30.58","32.785999999999994","126.73199999999999","94.87","64.29","47.913","15.127","0","47.36000000000001","31.688000000000006","158.44000000000003","11.2608","0","0","0","0","5","0","0","63.36599999999999","0","0","0","0","0","6","_683ce805ed570000_p_Net","0","1","0","1","0","0","0","0","0","0","5","_683ce805ed570000_p_odb__dbNet","5.0048","0.0","0.0","10.0096","8.257920000000002","1.6972102549772672","41.28960000000001","23.040000000000003","5","34.519999999999996","47.36000000000001","47.36000000000001","95.45","44.88","63.71","14.96","0","1","2","2","77.694","10.968275343006301","25.296000000000003","10.520459305562662","6"
"_087_","OK","7.355007999999983","1.3116554048514952","75.77","10.856","3.1059999999999945","2.3679999999999986","10.947999999999986","77.323","74.217","12.04","9.672","0","7.319999999999995","7.319999999999995","7.319999999999995","6.256","0","0","0","0","1","0","0","5.473999999999993","0","0","0","0","0","2","_e03ce805ed570000_p_Net","0","0","0","1","0","0","0","0","0","0","1","_e03ce805ed570000_p_odb__dbNet","0.0","0.0","0.0","8.758400000000002","8.758400000000002","","8.758400000000002","7.319999999999995","1","7.319999999999995","7.319999999999995","7.319999999999995","73.37","12.24","73.37","12.24","0","1","0","0","73.37","","12.24","","2"
"_088_","OK","25.530260000000013","3.056747403786593","67.583","13.847","8.834000000000003","2.8900000000000006","23.448000000000008","72.0","63.166","15.292","12.402","0","12.380000000000004","12.380000000000004","12.380000000000004","8.758400000000002","0","0","0","0","1","0","0","11.724000000000004","0","0","0","0","0","2","_583de805ed570000_p_Net","0","0","0","1","0","0","0","0","0","0","1","_583de805ed570000_p_odb__dbNet","0.0","0.0","0.0","8.758400000000002","8.758400000000002","","8.758400000000002","12.380000000000004","1","12.380000000000004","12.380000000000004","12.380000000000004","63.71","14.96","63.71","14.96","0","1","0","0","63.71","","14.96","","2"
"_089_","OK","0.7746900000000049","13.676470530771066","57.5275","9.591000000000001","3.2550000000000026","0.23800000000000132","6.986000000000008","59.155","55.9","9.71","9.472","0","2.530000000000001","2.530000000000001","2.530000000000001","10.0096","0","0","0","0","1","0","0","3.493000000000004","0","0","0","0","0","2","_d03de805ed570000_p_Net","0","1","0","1","0","0","0","0","0","0","1","_d03de805ed570000_p_odb__dbNet","3.7536","0.0","0.0","3.7536","3.7536","","3.7536","2.530000000000001","1","2.530000000000001","2.530000000000001","2.530000000000001","59.57","9.52","59.57","9.52","0","0","0","1","59.57","","9.52","","2"
"_090_","OK","2.6066129999999963","0.27783219057204284","62.0045","13.6135","0.8509999999999991","3.062999999999999","7.827999999999996","62.43","61.579","15.145","12.082","0","5.250000000000002","5.250000000000002","5.250000000000002","5.0048","0","0","0","0","1","0","0","3.913999999999998","0","0","0","0","0","2","_483ee805ed570000_p_Net","0","0","0","1","0","0","0","0","0","0","1","_483ee805ed570000_p_odb__dbNet","0.0","0.0","0.0","8.758400000000002","8.758400000000002","","8.758400000000002","5.250000000000002","1","5.250000000000002","5.250000000000002","5.250000000000002","63.71","14.96","63.71","14.96","1","0","0","0","63.71","","14.96","","2"
"_091_","OK","2.0305920000000035","0.21516927076329176","54.5665","24.456000000000003","0.6610000000000014","3.071999999999999","7.466000000000001","54.897","54.236","25.992","22.92","0","3.1799999999999926","3.1799999999999926","3.1799999999999926","6.256","0","0","0","0","1","0","0","3.7330000000000005","0","0","0","0","0","2","_c03ee805ed570000_p_Net","0","0","0","1","0","0","0","0","0","0","1","_c03ee805ed570000_p_odb__dbNet","0.0","0.0","0.0","8.758400000000002","8.758400000000002","","8.758400000000002","3.1799999999999926","1","3.1799999999999926","3.1799999999999926","3.1799999999999926","54.05","23.12","54.05","23.12","0","0","1","0","54.05","","23.12","","2"
"_092_","OK","0.2397000000000031","0.03686274508358369","52.632999999999996","22.006999999999998","0.0940000000000012","2.5500000000000007","5.288000000000004","52.68","52.586","23.282","20.732","0","3.639999999999997","3.639999999999997","3.639999999999997","8.758400000000002","0","0","0","0","1","0","0","2.644000000000002","0","0","0","0","0","2","_383fe805ed570000_p_Net","0","0","0","1","0","0","0","0","0","0","1","_383fe805ed570000_p_odb__dbNet","0.0","0.0","0.0","8.758400000000002","8.758400000000002","","8.758400000000002","3.639999999999997","1","3.639999999999997","3.639999999999997","3.639999999999997","53.13","20.4","53.13","20.4","0","0","0","1","53.13","","20.4","","2"
"_093_","OK","18.911089000000004","2.869887026540753","35.6635","21.8835","7.367000000000001","2.567","19.868000000000002","39.347","31.98","23.167","20.6","0","9.620000000000008","9.620000000000008","9.620000000000008","10.0096","0","0","0","0","1","0","0","9.934000000000001","0","0","0","0","0","2","_b03fe805ed570000_p_Net","0","0","0","1","0","0","0","0","0","0","1","_b03fe805ed570000_p_odb__dbNet","0.0","0.0","0.0","5.0048","5.0048","","5.0048","9.620000000000008","1","9.620000000000008","9.620000000000008","9.620000000000008","40.02","20.4","40.02","20.4","0","0","0","1","40.02","","20.4","","2"
"_094_","OK","0.3086370000000118","423.370354689971","46.1345","20.5715","11.431000000000004","0.027000000000001023","22.91600000000001","51.85","40.419","20.585","20.558","0","13.11","13.11","13.11","5.0048","0","0","0","0","1","0","0","11.458000000000006","0","0","0","0","0","2","_2840e805ed570000_p_Net","0","0","0","1","0","0","0","0","0","0","1","_2840e805ed570000_p_odb__dbNet","0.0","0.0","0.0","8.758400000000002","8.758400000000002","","8.758400000000002","13.11","1","13.11","13.11","13.11","53.13","20.4","53.13","20.4","0","0","0","1","53.13","","20.4","","2"
"_095_","OK","1.3965280000000018","0.04803412462017178","49.5065","12.416","0.25900000000000034","5.3919999999999995","11.302","49.636","49.377","15.112","9.72","0","5.900000000000002","5.900000000000002","5.900000000000002","6.256","0","0","0","0","1","0","0","5.651","0","0","0","0","0","2","_a040e805ed570000_p_Net","0","0","0","1","0","0","0","0","0","0","1","_a040e805ed570000_p_odb__dbNet","0.0","0.0","0.0","8.758400000000002","8.758400000000002","","8.758400000000002","5.900000000000002","1","5.900000000000002","5.900000000000002","5.900000000000002","48.53","9.52","48.53","9.52","0","0","1","0","48.53","","9.52","","2"
"_096_","OK","0.23969999999998498","0.03686274508358091","47.113","10.632","0.09399999999999409","2.5500000000000007","5.28799999999999","47.16","47.066","11.907","9.357","0","3.6400000000000023","3.6400000000000023","3.6400000000000023","8.758400000000002","0","0","0","0","1","0","0","2.643999999999995","0","0","0","0","0","2","_1841e805ed570000_p_Net","0","0","0","1","0","0","0","0","0","0","1","_1841e805ed570000_p_odb__dbNet","0.0","0.0","0.0","8.758400000000002","8.758400000000002","","8.758400000000002","3.6400000000000023","1","3.6400000000000023","3.6400000000000023","3.6400000000000023","47.61","12.24","47.61","12.24","1","0","0","0","47.61","","12.24","","2"
"_097_","OK","18.918455999999992","2.868769469287862","33.3635","10.756","7.366999999999997","2.5679999999999996","19.869999999999994","37.047","29.68","12.04","9.472","0","9.62","9.62","9.62","10.0096","0","0","0","0","1","0","0","9.934999999999997","0","0","0","0","0","2","_9041e805ed570000_p_Net","0","0","0","1","0","0","0","0","0","0","1","_9041e805ed570000_p_odb__dbNet","0.0","0.0","0.0","5.0048","5.0048","","5.0048","9.62","1","9.62","9.62","9.62","37.72","12.24","37.72","12.24","1","0","0","0","37.72","","12.24","","2"
"_098_","OK","0.22169700000000836","304.1110998477255","42.2245","12.0685","8.210999999999999","0.027000000000001023","16.476","46.33","38.119","12.082","12.055","0","9.89","9.89","9.89","5.0048","0","0","0","0","1","0","0","8.238","0","0","0","0","0","2","_0842e805ed570000_p_Net","0","0","0","1","0","0","0","0","0","0","1","_0842e805ed570000_p_odb__dbNet","0.0","0.0","0.0","8.758400000000002","8.758400000000002","","8.758400000000002","9.89","1","9.89","9.89","9.89","47.61","12.24","47.61","12.24","1","0","0","0","47.61","","12.24","","2"
"_099_","OK","16.34528700000001","1.730881873826593","97.57650000000001","13.6235","5.319000000000003","3.0730000000000004","16.784000000000006","100.236","94.917","15.16","12.087","0","8.24000000000001","8.24000000000001","8.24000000000001","6.256","0","0","0","0","1","0","0","8.392000000000003","0","0","0","0","0","2","_8042e805ed570000_p_Net","0","0","0","1","0","0","0","0","0","0","1","_8042e805ed570000_p_odb__dbNet","0.0","0.0","0.0","8.758400000000002","8.758400000000002","","8.758400000000002","8.24000000000001","1","8.24000000000001","8.24000000000001","8.24000000000001","94.07","14.96","94.07","14.96","0","1","0","0","94.07","","14.96","","2"
"_100_","OK","23.27385000000003","3.5792156848708983","88.1365","16.072000000000003","9.12700000000001","2.5500000000000007","23.35400000000002","92.7","83.573","17.347","14.797","0","13.759999999999991","13.759999999999991","13.759999999999991","8.758400000000002","0","0","0","0","1","0","0","11.67700000000001","0","0","0","0","0","2","_f842e805ed570000_p_Net","0","0","0","1","0","0","0","0","0","0","1","_f842e805ed570000_p_odb__dbNet","0.0","0.0","0.0","8.758400000000002","8.758400000000002","","8.758400000000002","13.759999999999991","1","13.759999999999991","13.759999999999991","13.759999999999991","83.03","17.68","83.03","17.68","0","1","0","0","83.03","","17.68","","2"
"_101_","OK","2.379609000000017","0.36112193207591925","86.2635","21.8835","0.9270000000000067","2.567","6.988000000000014","86.727","85.8","23.167","20.6","0","3.1800000000000104","3.1800000000000104","3.1800000000000104","10.0096","0","0","0","0","1","0","0","3.494000000000007","0","0","0","0","0","2","_7043e805ed570000_p_Net","0","0","0","1","0","0","0","0","0","0","1","_7043e805ed570000_p_odb__dbNet","0.0","0.0","0.0","5.0048","5.0048","","5.0048","3.1800000000000104","1","3.1800000000000104","3.1800000000000104","3.1800000000000104","87.4","20.4","87.4","20.4","0","0","0","1","87.4","","20.4","","2"
"_102_","OK","10.686807000000009","1.1390793336144063","86.0545","19.0265","3.4890000000000043","3.062999999999999","13.104000000000006","87.799","84.31","20.558","17.495","0","7.090000000000003","7.090000000000003","7.090000000000003","5.0048","0","0","0","0","1","0","0","6.552000000000003","0","0","0","0","0","2","_e843e805ed570000_p_Net","0","0","0","1","0","0","0","0","0","0","1","_e843e805ed570000_p_odb__dbNet","0.0","0.0","0.0","8.758400000000002","8.758400000000002","","8.758400000000002","7.090000000000003","1","7.090000000000003","7.090000000000003","7.090000000000003","83.03","17.68","83.03","17.68","0","0","1","0","83.03","","17.68","","2"
"_103_","OK","3.536298000000001","0.6311787069576765","59.469","32.6635","1.4939999999999998","2.367000000000001","7.722000000000001","60.216","58.722","33.847","31.48","0","2.719999999999999","2.719999999999999","2.719999999999999","6.256","0","0","0","0","1","0","0","3.8610000000000007","0","0","0","0","0","2","_6044e805ed570000_p_Net","0","0","0","1","0","0","0","0","0","0","1","_6044e805ed570000_p_odb__dbNet","0.0","0.0","0.0","8.758400000000002","8.758400000000002","","8.758400000000002","2.719999999999999","1","2.719999999999999","2.719999999999999","2.719999999999999","59.57","31.28","59.57","31.28","0","0","0","1","59.57","","31.28","","2"
"_104_","OK","24.65577000000002","1.008291203031691","63.433","28.6445","4.986000000000004","4.945","19.86200000000001","65.926","60.94","31.117","26.172","0","12.34","12.34","12.34","8.758400000000002","0","0","0","0","1","0","0","9.931000000000004","0","0","0","0","0","2","_d844e805ed570000_p_Net","0","0","0","1","0","0","0","0","0","0","1","_d844e805ed570000_p_odb__dbNet","0.0","0.0","0.0","8.758400000000002","8.758400000000002","","8.758400000000002","12.34","1","12.34","12.34","12.34","66.47","25.84","66.47","25.84","0","0","0","1","66.47","","25.84","","2"
"_105_","OK","1.1628509999999894","0.17647058816654665","63.4935","38.203500000000005","0.45299999999999585","2.567","6.039999999999992","63.72","63.267","39.487","36.92","0","3.6400000000000006","3.6400000000000006","3.6400000000000006","10.0096","0","0","0","0","1","0","0","3.019999999999996","0","0","0","0","0","2","_5045e805ed570000_p_Net","0","0","0","1","0","0","0","0","0","0","1","_5045e805ed570000_p_odb__dbNet","0.0","0.0","0.0","5.0048","5.0048","","5.0048","3.6400000000000006","1","3.6400000000000006","3.6400000000000006","3.6400000000000006","63.94","36.72","63.94","36.72","0","0","0","1","63.94","","36.72","","2"
"_106_","OK","9.235902999999992","0.07841149911744102","64.7645","31.4515","0.8509999999999991","10.853000000000002","23.408","65.19","64.339","36.878","26.025","0","13.41","13.41","13.41","5.0048","0","0","0","0","1","0","0","11.704","0","0","0","0","0","2","_c845e805ed570000_p_Net","0","0","0","1","0","0","0","0","0","0","1","_c845e805ed570000_p_odb__dbNet","0.0","0.0","0.0","8.758400000000002","8.758400000000002","","8.758400000000002","13.41","1","13.41","13.41","13.41","66.47","25.84","66.47","25.84","0","0","0","1","66.47","","25.84","","2"
"_107_","OK","0.35032199999996966","0.03709729904422154","79.019","35.3835","0.11399999999999011","3.0730000000000004","6.373999999999981","79.076","78.962","36.92","33.847","0","4.099999999999994","4.099999999999994","4.099999999999994","6.256","0","0","0","0","1","0","0","3.1869999999999905","0","0","0","0","0","2","_4046e805ed570000_p_Net","0","0","0","1","0","0","0","0","0","0","1","_4046e805ed570000_p_odb__dbNet","0.0","0.0","0.0","8.758400000000002","8.758400000000002","","8.758400000000002","4.099999999999994","1","4.099999999999994","4.099999999999994","4.099999999999994","79.81","36.72","79.81","36.72","1","0","0","0","79.81","","36.72","","2"
"_108_","OK","0.8741699999999911","3.56767676046934","82.063","36.804500000000004","1.7659999999999911","0.49499999999999744","4.521999999999977","82.946","81.18","37.052","36.557","0","3.6799999999999926","3.6799999999999926","3.6799999999999926","8.758400000000002","0","0","0","0","1","0","0","2.2609999999999886","0","0","0","0","0","2","_b846e805ed570000_p_Net","0","0","0","1","0","0","0","0","0","0","1","_b846e805ed570000_p_odb__dbNet","0.0","0.0","0.0","8.758400000000002","8.758400000000002","","8.758400000000002","3.6799999999999926","1","3.6799999999999926","3.6799999999999926","3.6799999999999926","83.49","36.72","83.49","36.72","0","0","0","1","83.49","","36.72","","2"
"_109_","OK","22.479143999999994","2.72527855058312","78.2135","40.676","7.826999999999998","2.872","21.397999999999996","82.127","74.3","42.112","39.24","0","10.079999999999998","10.079999999999998","10.079999999999998","10.0096","0","0","0","0","1","0","0","10.698999999999998","0","0","0","0","0","2","_3047e805ed570000_p_Net","0","0","0","1","0","0","0","0","0","0","1","_3047e805ed570000_p_odb__dbNet","0.0","0.0","0.0","5.0048","5.0048","","5.0048","10.079999999999998","1","10.079999999999998","10.079999999999998","10.079999999999998","82.8","39.44","82.8","39.44","0","0","0","1","82.8","","39.44","","2"
"_110_","OK","2.3508530000000056","0.4160706771493208","82.7045","38.0935","0.9890000000000043","2.3769999999999953","6.731999999999999","83.199","82.21","39.282","36.905","0","3.4099999999999966","3.4099999999999966","3.4099999999999966","5.0048","0","0","0","0","1","0","0","3.3659999999999997","0","0","0","0","0","2","_a847e805ed570000_p_Net","0","0","0","1","0","0","0","0","0","0","1","_a847e805ed570000_p_odb__dbNet","0.0","0.0","0.0","8.758400000000002","8.758400000000002","","8.758400000000002","3.4099999999999966","1","3.4099999999999966","3.4099999999999966","3.4099999999999966","83.49","36.72","83.49","36.72","0","0","0","1","83.49","","36.72","","2"
"_111_","OK","0.12283199999999544","53.312498889324814","102.1765","26.016","2.5589999999999975","0.047999999999998266","5.2139999999999915","103.456","100.897","26.04","25.992","0","2.760000000000005","2.760000000000005","2.760000000000005","6.256","0","0","0","0","1","0","0","2.6069999999999958","0","0","0","0","0","2","_2048e805ed570000_p_Net","0","0","0","1","0","0","0","0","0","0","1","_2048e805ed570000_p_odb__dbNet","0.0","0.0","0.0","8.758400000000002","8.758400000000002","","8.758400000000002","2.760000000000005","1","2.760000000000005","2.760000000000005","2.760000000000005","100.05","25.84","100.05","25.84","0","0","1","0","100.05","","25.84","","2"
"_112_","OK","1.3300650000000085","5.428282817316613","97.3365","25.924500000000002","2.687000000000012","0.495000000000001","6.364000000000026","98.68","95.993","26.172","25.677","0","4.599999999999994","4.599999999999994","4.599999999999994","8.758400000000002","0","0","0","0","1","0","0","3.182000000000013","0","0","0","0","0","2","_9848e805ed570000_p_Net","0","0","0","1","0","0","0","0","0","0","1","_9848e805ed570000_p_odb__dbNet","0.0","0.0","0.0","8.758400000000002","8.758400000000002","","8.758400000000002","4.599999999999994","1","4.599999999999994","4.599999999999994","4.599999999999994","95.45","25.84","95.45","25.84","0","0","1","0","95.45","","25.84","","2"
"_113_","OK","0.020111000000014378","0.002436477548753401","101.4435","30.0435","0.007000000000005002","2.873000000000001","5.760000000000012","101.447","101.44","31.48","28.607","0","3.179999999999996","3.179999999999996","3.179999999999996","10.0096","0","0","0","0","1","0","0","2.880000000000006","0","0","0","0","0","2","_1049e805ed570000_p_Net","0","0","0","1","0","0","0","0","0","0","1","_1049e805ed570000_p_odb__dbNet","0.0","0.0","0.0","5.0048","5.0048","","5.0048","3.179999999999996","1","3.179999999999996","3.179999999999996","3.179999999999996","102.12","31.28","102.12","31.28","1","0","0","0","102.12","","31.28","","2"
"_114_","OK","31.335857000000008","1.069462405122952","99.62450000000001","28.731499999999997","5.7890000000000015","5.413","22.404000000000003","102.519","96.73","31.438","26.025","0","12.110000000000003","12.110000000000003","12.110000000000003","5.0048","0","0","0","0","1","0","0","11.202000000000002","0","0","0","0","0","2","_8849e805ed570000_p_Net","0","0","0","1","0","0","0","0","0","0","1","_8849e805ed570000_p_odb__dbNet","0.0","0.0","0.0","8.758400000000002","8.758400000000002","","8.758400000000002","12.110000000000003","1","12.110000000000003","12.110000000000003","12.110000000000003","95.45","25.84","95.45","25.84","0","0","1","0","95.45","","25.84","","2"
"_115_","OK","13.016288000000007","0.44770029665287486","32.329","23.296","2.4140000000000015","5.3919999999999995","15.612000000000002","33.536","31.122","25.992","20.6","0","6.360000000000003","6.360000000000003","6.360000000000003","6.256","0","0","0","0","1","0","0","7.806000000000001","0","0","0","0","0","2","_004ae805ed570000_p_Net","0","0","0","1","0","0","0","0","0","0","1","_004ae805ed570000_p_odb__dbNet","0.0","0.0","0.0","8.758400000000002","8.758400000000002","","8.758400000000002","6.360000000000003","1","6.360000000000003","6.360000000000003","6.360000000000003","31.97","20.4","31.97","20.4","0","0","1","0","31.97","","20.4","","2"
"_116_","OK","4.934170000000028","14.174576247161653","37.5215","20.532","8.363","0.5900000000000034","17.906000000000006","41.703","33.34","20.827","20.237","0","10.350000000000001","10.350000000000001","10.350000000000001","8.758400000000002","0","0","0","0","1","0","0","8.953000000000003","0","0","0","0","0","2","_784ae805ed570000_p_Net","0","0","0","1","0","0","0","0","0","0","1","_784ae805ed570000_p_odb__dbNet","0.0","0.0","0.0","7.5072","7.5072","","7.5072","10.350000000000001","1","10.350000000000001","10.350000000000001","10.350000000000001","42.32","20.4","42.32","20.4","0","0","0","1","42.32","","20.4","","2"
"_117_","OK","31.912536000000003","4.839174452944248","33.5935","16.196","12.427000000000003","2.5679999999999996","29.990000000000006","39.807","27.38","17.48","14.912","0","14.679999999999996","14.679999999999996","14.679999999999996","10.0096","0","0","0","0","1","0","0","14.995000000000003","0","0","0","0","0","2","_f04ae805ed570000_p_Net","0","0","0","1","0","0","0","0","0","0","1","_f04ae805ed570000_p_odb__dbNet","0.0","0.0","0.0","5.0048","5.0048","","5.0048","14.679999999999996","1","14.679999999999996","14.679999999999996","14.679999999999996","40.48","17.68","40.48","17.68","1","0","0","0","40.48","","17.68","","2"
"_118_","OK","0.9418680000000147","0.09941520464606529","41.032","19.061","0.3060000000000045","3.078000000000003","6.768000000000015","41.185","40.879","20.6","17.522","0","4.560000000000002","4.560000000000002","4.560000000000002","5.0048","0","0","0","0","1","0","0","3.3840000000000074","0","0","0","0","0","2","_684be805ed570000_p_Net","0","0","0","1","0","0","0","0","0","0","1","_684be805ed570000_p_odb__dbNet","0.0","0.0","0.0","7.5072","7.5072","","7.5072","4.560000000000002","1","4.560000000000002","4.560000000000002","4.560000000000002","42.32","20.4","42.32","20.4","1","0","0","0","42.32","","20.4","","2"
"_119_","OK","1.0247039999999987","0.03597526699719417","10.259","101.8985","0.19200000000000017","5.336999999999989","11.057999999999979","10.355","10.163","104.567","99.23","0","7.049999999999999","7.049999999999999","7.049999999999999","6.256","0","0","0","0","1","0","0","5.528999999999989","0","0","0","0","0","2","_e04be805ed570000_p_Net","0","0","0","1","0","0","0","0","0","0","1","_e04be805ed570000_p_odb__dbNet","0.0","0.0","0.0","7.5072","7.5072","","7.5072","7.049999999999999","1","7.049999999999999","7.049999999999999","7.049999999999999","9.2","99.28","9.2","99.28","0","0","1","0","9.2","","99.28","","2"
"_120_","OK","18.401000999999976","2.0135626854073583","21.6455","100.6885","6.087","3.022999999999996","18.21999999999999","24.689","18.602","102.2","99.177","0","13.529999999999998","13.529999999999998","13.529999999999998","23.772800000000004","0","0","0","0","1","0","0","9.109999999999996","0","0","0","0","0","2","_584ce805ed570000_p_Net","0","0","0","1","0","0","0","0","0","0","1","_584ce805ed570000_p_odb__dbNet","0.0","0.0","0.0","5.0048","5.0048","","5.0048","13.529999999999998","1","13.529999999999998","13.529999999999998","13.529999999999998","17.94","102.0","17.94","102.0","0","1","0","0","17.94","","102.0","","2"
"_121_","OK","22.631596999999996","3.03884206557756","13.915500000000002","100.6515","8.293000000000001","2.728999999999999","22.044","18.062","9.769","102.016","99.287","0","11.46","11.46","11.46","5.0048","0","0","0","0","1","0","0","11.022","0","0","0","0","0","2","_d04ce805ed570000_p_Net","0","0","0","1","0","0","0","0","0","0","1","_d04ce805ed570000_p_odb__dbNet","0.0","0.0","0.0","7.5072","7.5072","","7.5072","11.46","1","11.46","11.46","11.46","9.2","99.28","9.2","99.28","0","0","1","0","9.2","","99.28","","2"
"_122_","OK","197.54867000000002","0.7353874313157177","21.5235","96.47800000000001","12.053","16.39","56.886","27.55","15.497","104.673","88.283","0","28.279999999999994","28.279999999999994","28.279999999999994","3.7536","0","0","0","0","1","0","0","28.443","0","0","0","0","0","2","_484de805ed570000_p_Net","0","0","0","1","0","0","0","0","0","0","1","_484de805ed570000_p_odb__dbNet","0.0","0.0","0.0","8.758400000000002","8.758400000000002","","8.758400000000002","28.279999999999994","1","28.279999999999994","28.279999999999994","28.279999999999994","27.37","104.72","27.37","104.72","1","0","0","0","27.37","","104.72","","2"
"_123_","OK","53.99680000000008","0.7585634703379683","99.58","48.9815","6.400000000000006","8.437000000000005","29.67400000000002","102.78","96.38","53.2","44.763","0","8.929999999999993","8.774999999999991","17.549999999999983","3.7536","0","0","0","0","2","0","0","14.83700000000001","0","0","0","0","0","3","_c04de805ed570000_p_Net","0","0","0","1","0","0","0","0","0","0","2","_c04de805ed570000_p_odb__dbNet","0.0","0.0","0.0","5.0048","4.3792","0.6256000000000002","8.7584","8.314999999999998","2","8.61999999999999","8.929999999999993","8.929999999999993","102.35","53.04","95.68","47.6","1","0","1","0","99.015","3.3349999999999937","50.32","2.719999999999999","3"
"_124_","OK","0.6905370000000111","0.13295304952481388","38.588499999999996","37.932500000000005","0.3030000000000044","2.2790000000000035","5.164000000000016","38.74","38.437","39.072","36.793","0","4.789999999999999","4.789999999999999","4.789999999999999","6.256","0","0","0","0","1","0","0","2.582000000000008","0","0","0","0","0","2","_384ee805ed570000_p_Net","0","0","0","1","0","0","0","0","0","0","1","_384ee805ed570000_p_odb__dbNet","0.0","0.0","0.0","10.0096","10.0096","","10.0096","4.789999999999999","1","4.789999999999999","4.789999999999999","4.789999999999999","39.56","39.44","39.56","39.44","1","0","0","0","39.56","","39.44","","2"
"_125_","OK","24.915249000000014","2.940226725200883","33.728500000000004","37.9395","8.559000000000001","2.9110000000000014","22.940000000000005","38.008","29.449","39.395","36.484","0","13.990000000000002","13.990000000000002","13.990000000000002","8.758400000000002","0","0","0","0","1","0","0","11.470000000000002","0","0","0","0","0","2","_b04ee805ed570000_p_Net","0","0","0","1","0","0","0","0","0","0","1","_b04ee805ed570000_p_odb__dbNet","0.0","0.0","0.0","10.0096","10.0096","","10.0096","13.990000000000002","1","13.990000000000002","13.990000000000002","13.990000000000002","39.56","39.44","39.56","39.44","1","0","0","0","39.56","","39.44","","2"
"_126_","OK","3.205896000000025","0.3857093304246618","92.87299999999999","19.0745","1.112000000000009","2.882999999999999","7.990000000000016","93.429","92.317","20.516","17.633","0","4.099999999999994","4.099999999999994","4.099999999999994","3.7536","0","0","0","0","1","0","0","3.995000000000008","0","0","0","0","0","2","_284fe805ed570000_p_Net","0","0","0","1","0","0","0","0","0","0","1","_284fe805ed570000_p_odb__dbNet","0.0","0.0","0.0","8.758400000000002","8.758400000000002","","8.758400000000002","4.099999999999994","1","4.099999999999994","4.099999999999994","4.099999999999994","93.61","17.68","93.61","17.68","0","0","0","1","93.61","","17.68","","2"
"_127_","OK","0.07435800000000274","7.1470587534599295","83.5805","74.901","0.7289999999999992","0.10200000000000387","1.6620000000000061","83.945","83.216","74.952","74.85","0","2.530000000000001","2.530000000000001","2.530000000000001","6.256","0","0","0","0","1","0","0","0.8310000000000031","0","0","0","0","0","2","_a068e805ed570000_p_Net","0","0","0","1","0","0","0","0","0","0","1","_a068e805ed570000_p_odb__dbNet","0.0","0.0","0.0","7.5072","7.5072","","7.5072","2.530000000000001","1","2.530000000000001","2.530000000000001","2.530000000000001","85.1","74.8","85.1","74.8","0","0","0","1","85.1","","74.8","","2"
"_128_","OK","1.6972389999999846","0.2700438770362773","84.8685","73.5385","0.6769999999999925","2.507000000000005","6.367999999999995","85.207","84.53","74.792","72.285","0","2.9499999999999886","2.9499999999999886","2.9499999999999886","6.256","0","0","0","0","1","0","0","3.1839999999999975","0","0","0","0","0","2","_1869e805ed570000_p_Net","0","0","0","1","0","0","0","0","0","0","1","_1869e805ed570000_p_odb__dbNet","0.0","0.0","0.0","7.5072","7.5072","","7.5072","2.9499999999999886","1","2.9499999999999886","2.9499999999999886","2.9499999999999886","85.1","74.8","85.1","74.8","1","0","0","0","85.1","","74.8","","2"
"_129_","OK","248.84149499999975","2.0317159119877375","65.7625","93.73349999999999","22.484999999999992","11.066999999999993","67.10399999999997","77.005","54.52","99.267","88.2","0","25.599999999999994","17.084999999999997","102.50999999999999","6.256","0","0","0","0","6","0","0","33.551999999999985","0","0","0","0","0","7","_9069e805ed570000_p_Net","0","0","0","1","0","0","0","0","0","0","6","_9069e805ed570000_p_odb__dbNet","0.0","0.0","0.0","8.758400000000002","6.047466666666668","1.3352648409793304","36.284800000000004","10.644999999999982","6","15.019999999999996","25.599999999999994","25.599999999999994","77.05","99.28","53.82","88.4","3","2","1","0","64.36166666666666","9.157174630977735","97.01333333333332","3.9779838556177607","7"
"_130_","OK","1.414000000000001","0.2217821781299889","78.17","97.89750000000001","0.5600000000000023","2.5249999999999915","6.1699999999999875","78.45","77.89","99.16","96.635","0","4.790000000000006","4.790000000000006","4.790000000000006","6.256","0","0","0","0","1","0","0","3.0849999999999937","0","0","0","0","0","2","_086ae805ed570000_p_Net","0","0","0","1","0","0","0","0","0","0","1","_086ae805ed570000_p_odb__dbNet","0.0","0.0","0.0","5.0048","5.0048","","5.0048","4.790000000000006","1","4.790000000000006","4.790000000000006","4.790000000000006","79.12","96.56","79.12","96.56","0","0","0","1","79.12","","96.56","","2"
"_131_","OK","30.37329000000002","0.2599685447071916","72.902","93.6755","2.8100000000000023","10.808999999999997","27.238","74.307","71.497","99.08","88.271","0","12.489999999999995","8.863333333333335","26.590000000000003","8.758400000000002","0","0","0","0","3","0","0","13.619","0","0","0","0","0","4","_806ae805ed570000_p_Net","0","0","0","1","0","0","0","0","0","0","3","_806ae805ed570000_p_odb__dbNet","0.0","0.0","0.0","5.0048","4.1706666666666665","0.5898213364137389","12.512","7.7900000000000205","3","10.460000000000008","12.489999999999995","12.489999999999995","74.98","99.28","71.07","91.12","1","1","1","0","72.83333333333333","1.6191012596156245","95.65333333333335","3.392436030675039","4"
"_132_","OK","9.130511999999985","1.3942946458013703","77.16300000000001","97.8425","3.567999999999998","2.5589999999999975","12.25399999999999","78.947","75.379","99.122","96.563","0","6.859999999999999","6.859999999999999","6.859999999999999","5.0048","0","0","0","0","1","0","0","6.126999999999995","0","0","0","0","0","2","_f86ae805ed570000_p_Net","0","0","0","1","0","0","0","0","0","0","1","_f86ae805ed570000_p_odb__dbNet","0.0","0.0","0.0","5.0048","5.0048","","5.0048","6.859999999999999","1","6.859999999999999","6.859999999999999","6.859999999999999","79.12","96.56","79.12","96.56","0","0","0","1","79.12","","96.56","","2"
"_133_","OK","2.089080000000078","131.58730054295287","60.03","99.143","16.57999999999999","0.12600000000000477","33.41199999999999","68.32","51.74","99.206","99.08","0","11.269999999999996","8.509999999999998","17.019999999999996","6.256","0","0","0","0","2","0","0","16.705999999999996","0","0","0","0","0","3","_706be805ed570000_p_Net","0","0","0","1","0","0","0","0","0","0","2","_706be805ed570000_p_odb__dbNet","0.0","0.0","0.0","7.5072","6.256","1.2511999999999999","12.512","2.759999999999998","2","5.75","11.269999999999996","11.269999999999996","69.46","99.28","52.44","99.28","1","1","0","0","60.949999999999996","8.509999999999998","99.28","0.0","3"
"_134_","OK","5.871437000000001","0.7953625319119028","69.9015","98.03450000000001","2.1610000000000014","2.7169999999999987","9.756","70.982","68.821","99.393","96.676","0","4.329999999999998","4.329999999999998","4.329999999999998","3.7536","0","0","0","0","1","0","0","4.878","0","0","0","0","0","2","_e86be805ed570000_p_Net","0","0","0","1","0","0","0","0","0","0","1","_e86be805ed570000_p_odb__dbNet","0.0","0.0","0.0","7.5072","7.5072","","7.5072","4.329999999999998","1","4.329999999999998","4.329999999999998","4.329999999999998","69.46","99.28","69.46","99.28","0","1","0","0","69.46","","99.28","","2"
"_135_","OK","0.41516200000000464","14.886227455770976","68.42699999999999","99.3185","2.486000000000004","0.1670000000000016","5.306000000000012","69.67","67.184","99.402","99.235","0","2.989999999999995","2.989999999999995","2.989999999999995","8.758400000000002","0","0","0","0","1","0","0","2.653000000000006","0","0","0","0","0","2","_606ce805ed570000_p_Net","0","0","0","1","0","0","0","0","0","0","1","_606ce805ed570000_p_odb__dbNet","0.0","0.0","0.0","7.5072","7.5072","","7.5072","2.989999999999995","1","2.989999999999995","2.989999999999995","2.989999999999995","69.46","99.28","69.46","99.28","0","0","0","1","69.46","","99.28","","2"
"_136_","OK","216.79488","1.831433823361083","62.574","93.892","19.92600000000001","10.879999999999995","61.61200000000001","72.537","52.611","99.332","88.452","0","28.17","24.76","49.52","3.7536","0","0","0","0","2","0","0","30.806000000000004","0","0","0","0","0","3","_d86ce805ed570000_p_Net","0","0","0","1","0","0","0","0","0","0","2","_d86ce805ed570000_p_odb__dbNet","0.0","0.0","0.0","5.0048","5.0048","0.0","10.0096","22.040000000000006","2","21.35","28.17","28.17","53.82","99.28","52.44","88.4","0","1","1","0","53.129999999999995","0.6900000000000013","93.84","5.439999999999998","3"
"_137_","OK","0.40090900000000596","10.989528738274595","54.2065","88.2955","2.0990000000000038","0.1910000000000025","4.5800000000000125","55.256","53.157","88.391","88.2","0","1.6099999999999994","1.6099999999999994","1.6099999999999994","3.7536","0","0","0","0","1","0","0","2.2900000000000063","0","0","0","0","0","2","_506de805ed570000_p_Net","0","0","0","1","0","0","0","0","0","0","1","_506de805ed570000_p_odb__dbNet","0.0","0.0","0.0","5.0048","5.0048","","5.0048","1.6099999999999994","1","1.6099999999999994","1.6099999999999994","1.6099999999999994","53.82","88.4","53.82","88.4","0","1","0","0","53.82","","88.4","","2"
"_138_","OK","5.099558000000003","0.9140558844563738","54.1815","97.899","2.159000000000006","2.3619999999999948","9.042000000000002","55.261","53.102","99.08","96.718","0","5.939999999999998","5.939999999999998","5.939999999999998","5.0048","0","0","0","0","1","0","0","4.521000000000001","0","0","0","0","0","2","_c86de805ed570000_p_Net","0","0","0","1","0","0","0","0","0","0","1","_c86de805ed570000_p_odb__dbNet","0.0","0.0","0.0","5.0048","5.0048","","5.0048","5.939999999999998","1","5.939999999999998","5.939999999999998","5.939999999999998","52.44","99.28","52.44","99.28","0","1","0","0","52.44","","99.28","","2"
"_139_","OK","0.12655500000000133","6.188811145532796","73.7595","61.0115","0.8850000000000051","0.14300000000000068","2.0560000000000116","74.202","73.317","61.083","60.94","0","2.0700000000000074","2.0700000000000074","2.0700000000000074","3.7536","0","0","0","0","1","0","0","1.0280000000000058","0","0","0","0","0","2","_406ee805ed570000_p_Net","0","0","0","1","0","0","0","0","0","0","1","_406ee805ed570000_p_odb__dbNet","0.0","0.0","0.0","7.5072","7.5072","","7.5072","2.0700000000000074","1","2.0700000000000074","2.0700000000000074","2.0700000000000074","72.22","61.2","72.22","61.2","0","1","0","0","72.22","","61.2","","2"
"_140_","OK","0.7685040000000035","2.38204224932736","87.5555","63.794","1.3529999999999944","0.568000000000005","3.8419999999999987","88.232","86.879","64.078","63.51","0","2.299999999999997","2.299999999999997","2.299999999999997","5.0048","0","0","0","0","1","0","0","1.9209999999999994","0","0","0","0","0","2","_b86ee805ed570000_p_Net","0","0","0","1","0","0","0","0","0","0","1","_b86ee805ed570000_p_odb__dbNet","0.0","0.0","0.0","7.5072","7.5072","","7.5072","2.299999999999997","1","2.299999999999997","2.299999999999997","2.299999999999997","88.78","63.92","88.78","63.92","1","0","0","0","88.78","","63.92","","2"
"_141_","OK","38.84460099999991","0.34919882427712096","89.9585","58.4735","3.6829999999999927","10.546999999999997","28.45999999999998","91.8","88.117","63.747","53.2","0","9.770000000000003","8.775000000000002","17.550000000000004","6.256","0","0","0","0","2","0","0","14.22999999999999","0","0","0","0","0","3","_306fe805ed570000_p_Net","0","0","0","1","0","0","0","0","0","0","2","_306fe805ed570000_p_odb__dbNet","0.0","0.0","0.0","7.5072","5.6304","1.8768","11.2608","6.055","2","7.780000000000001","9.770000000000003","9.770000000000003","92.23","63.92","88.78","53.04","0","1","0","1","90.505","1.7250000000000014","58.480000000000004","5.440000000000001","3"
"_142_","OK","141.357426","0.39601968981125174","99.249","56.9935","7.481999999999999","18.893","52.75","102.99","95.508","66.44","47.547","0","21.42000000000001","14.245000000000008","56.98000000000003","8.758400000000002","0","0","0","0","4","0","0","26.375","0","0","0","0","0","5","_a86fe805ed570000_p_Net","0","0","0","1","0","0","0","0","0","0","4","_a86fe805ed570000_p_odb__dbNet","0.0","0.0","0.0","8.758400000000002","6.881600000000001","1.8768000000000007","27.526400000000002","10.16500000000002","4","12.11","21.42000000000001","21.42000000000001","102.81","66.64","95.68","47.6","2","0","1","1","100.39500000000001","2.7719532824346063","56.44","8.892153844822973","5"
"_143_","OK","3.517023000000011","0.40331865885427787","100.6655","67.9585","1.1910000000000025","2.953000000000003","8.288000000000011","101.261","100.07","69.435","66.482","0","3.6400000000000006","3.6400000000000006","3.6400000000000006","5.0048","0","0","0","0","1","0","0","4.1440000000000055","0","0","0","0","0","2","_2070e805ed570000_p_Net","0","0","0","1","0","0","0","0","0","0","1","_2070e805ed570000_p_odb__dbNet","0.0","0.0","0.0","5.0048","5.0048","","5.0048","3.6400000000000006","1","3.6400000000000006","3.6400000000000006","3.6400000000000006","100.74","69.36","100.74","69.36","1","0","0","0","100.74","","69.36","","2"
"_144_","OK","2.7251629999999762","0.0958184886375731","100.3115","66.6965","0.5109999999999957","5.332999999999998","11.687999999999988","100.567","100.056","69.363","64.03","0","6.13000000000001","6.13000000000001","6.13000000000001","8.758400000000002","0","0","0","0","1","0","0","5.843999999999994","0","0","0","0","0","2","_9870e805ed570000_p_Net","0","0","0","1","0","0","0","0","0","0","1","_9870e805ed570000_p_odb__dbNet","0.0","0.0","0.0","5.0048","5.0048","","5.0048","6.13000000000001","1","6.13000000000001","6.13000000000001","6.13000000000001","100.74","69.36","100.74","69.36","1","0","0","0","100.74","","69.36","","2"
"_145_","OK","15.539328000000006","0.564214938916879","93.53649999999999","50.424","2.9609999999999985","5.248000000000005","16.418000000000006","95.017","92.056","53.048","47.8","0","8.89","8.89","8.89","3.7536","0","0","0","0","1","0","0","8.209000000000003","0","0","0","0","0","2","_1071e805ed570000_p_Net","0","0","0","1","0","0","0","0","0","0","1","_1071e805ed570000_p_odb__dbNet","0.0","0.0","0.0","5.0048","5.0048","","5.0048","8.89","1","8.89","8.89","8.89","95.68","47.6","95.68","47.6","0","0","0","1","95.68","","47.6","","2"
"_146_","OK","1.5698840000000334","0.04609321452260315","101.7855","50.282","0.26900000000000546","5.836000000000006","12.210000000000022","101.92","101.651","53.2","47.364","0","5.900000000000006","5.900000000000006","5.900000000000006","8.758400000000002","0","0","0","0","1","0","0","6.105000000000011","0","0","0","0","0","2","_8871e805ed570000_p_Net","0","0","0","1","0","0","0","0","0","0","1","_8871e805ed570000_p_odb__dbNet","0.0","0.0","0.0","3.7536","3.7536","","3.7536","5.900000000000006","1","5.900000000000006","5.900000000000006","5.900000000000006","102.35","53.04","102.35","53.04","1","0","0","0","102.35","","53.04","","2"
"_147_","OK","0.006320000000003283","252.79994943988277","76.015","58.4855","1.26400000000001","0.005000000000002558","2.538000000000025","76.647","75.383","58.488","58.483","0","1.6099999999999994","1.6099999999999994","1.6099999999999994","3.7536","0","0","0","0","1","0","0","1.2690000000000126","0","0","0","0","0","2","_0072e805ed570000_p_Net","0","0","0","1","0","0","0","0","0","0","1","_0072e805ed570000_p_odb__dbNet","0.0","0.0","0.0","5.0048","5.0048","","5.0048","1.6099999999999994","1","1.6099999999999994","1.6099999999999994","1.6099999999999994","76.82","58.48","76.82","58.48","0","0","0","1","76.82","","58.48","","2"
"_148_","OK","42.63907199999994","0.1546615273334942","75.936","66.813","2.567999999999998","16.603999999999992","38.34399999999998","77.22","74.652","75.115","58.511","0","18.619999999999997","18.619999999999997","18.619999999999997","5.0048","0","0","0","0","1","0","0","19.17199999999999","0","0","0","0","0","2","_7872e805ed570000_p_Net","0","0","0","1","0","0","0","0","0","0","1","_7872e805ed570000_p_odb__dbNet","0.0","0.0","0.0","5.0048","5.0048","","5.0048","18.619999999999997","1","18.619999999999997","18.619999999999997","18.619999999999997","74.52","74.8","74.52","74.8","0","1","0","0","74.52","","74.8","","2"
"_149_","OK","0.20858200000000118","4.7751195943772995","73.321","75.0205","0.9979999999999905","0.20900000000000318","2.4139999999999873","73.82","72.822","75.125","74.916","0","1.6099999999999994","1.6099999999999994","1.6099999999999994","3.7536","0","0","0","0","1","0","0","1.2069999999999936","0","0","0","0","0","2","_f072e805ed570000_p_Net","0","0","0","1","0","0","0","0","0","0","1","_f072e805ed570000_p_odb__dbNet","0.0","0.0","0.0","5.0048","5.0048","","5.0048","1.6099999999999994","1","1.6099999999999994","1.6099999999999994","1.6099999999999994","74.52","74.8","74.52","74.8","0","0","0","1","74.52","","74.8","","2"
"_150_","OK","0.38391000000000125","0.04677137869222648","52.558","46.1225","0.13400000000000034","2.865000000000002","5.998000000000005","52.625","52.491","47.555","44.69","0","2.9499999999999957","2.9499999999999957","2.9499999999999957","7.5072","0","0","0","0","1","0","0","2.9990000000000023","0","0","0","0","0","2","_6873e805ed570000_p_Net","0","1","0","1","0","0","0","0","0","0","1","_6873e805ed570000_p_odb__dbNet","3.7536","0.0","0.0","3.7536","3.7536","","3.7536","2.9499999999999957","1","2.9499999999999957","2.9499999999999957","2.9499999999999957","52.21","44.88","52.21","44.88","0","0","1","0","52.21","","44.88","","2"
"change","OK","76.70974500000007","0.39334049406420857","90.84649999999999","78.89750000000001","5.493000000000009","13.96499999999999","38.916","93.593","88.1","85.88","71.915","0","12.260000000000005","9.080000000000004","27.24000000000001","20.0192","0","0","1","0","3","0","0","19.458","0","0","0","0","0","4","_e073e805ed570000_p_Net","0","0","0","1","0","0","0","1","0","0","3","_e073e805ed570000_p_odb__dbNet","0.0","0.0","3.7536","6.256","5.0048","1.021600522056771","15.0144","6.346666666666678","3","11.570000000000007","12.260000000000005","12.260000000000005","90.85","85.68","88.78","72.08","1","1","0","1","90.16000000000001","0.9758073580374323","81.14666666666666","6.411101482758035","4"
"clk","OK","10065.315400000001","1.1077947964634094","53.197500000000005","54.4","105.595","95.32000000000001","401.83000000000004","105.995","0.4","102.06","6.74","1","","","","","0","0","0","0","118","1","0","200.91500000000002","0","1","0","0","0","118","_5874e805ed570000_p_Net","0","0","0","1","0","0","0","0","1","0","118","_5874e805ed570000_p_odb__dbNet","0.0","0.0","0.0","30.0288","27.53700338983053","4.028074143611217","3249.3664000000026","","118","","","","103.5","102.0","9.43","6.8","27","33","28","30","52.58228813559321","29.20984528739561","53.938983050847476","28.102575652203996","119"
"cts_i","OK","9.136350000000002","1.3832684819520356","2.1775","57.385000000000005","3.555","2.5700000000000003","12.25","3.955","0.4","58.67","56.1","1","","","","","0","0","0","0","1","1","0","6.125","0","0","0","0","0","1","_d074e805ed570000_p_Net","0","1","0","1","0","0","0","0","1","0","1","_d074e805ed570000_p_odb__dbNet","3.7536","0.0","0.0","3.7536","3.7536","","3.7536","","1","","","","4.37","58.48","4.37","58.48","1","0","0","0","4.37","","58.48","","2"
"din_i[0]","OK","906.9340499999997","4.542462844689139","32.4925","19.115000000000002","64.18499999999999","14.129999999999999","156.62999999999997","64.585","0.4","26.18","12.05","1","","","","","0","0","0","0","4","1","0","78.31499999999998","1","0","0","0","0","4","_4875e805ed570000_p_Net","0","4","0","1","0","0","0","0","1","0","4","_4875e805ed570000_p_odb__dbNet","15.0144","0.0","0.0","3.7536","3.7536","0.0","15.0144","","4","","","","64.17","12.24","4.37","12.24","0","0","2","2","37.144999999999996","26.73026515020006","12.24","0.0","5"
"din_i[1]","OK","961.0092500000002","1.5363854457602406","19.6125","40.875","38.425000000000004","25.01","126.87","38.825","0.4","53.38","28.37","1","","","","","0","0","0","0","4","1","0","63.435","1","0","0","0","0","4","_c075e805ed570000_p_Net","0","4","0","1","0","0","0","0","1","0","4","_c075e805ed570000_p_odb__dbNet","15.0144","0.0","0.0","3.7536","3.7536","0.0","15.0144","","4","","","","38.41","28.56","19.09","28.56","0","0","1","3","28.75","8.996499319179655","28.56","0.0","5"
"din_i[2]","OK","745.71195","1.500897263279457","17.127499999999998","23.195","33.455","22.290000000000003","111.49000000000001","33.855","0.4","34.34","12.05","1","","","","","0","0","0","0","4","1","0","55.745000000000005","1","0","0","0","0","4","_3876e805ed570000_p_Net","0","4","0","1","0","0","0","0","1","0","4","_3876e805ed570000_p_odb__dbNet","15.0144","0.0","0.0","3.7536","3.7536","0.0","15.0144","","4","","","","34.27","12.24","8.51","12.24","0","0","2","2","22.884999999999998","11.017816253686572","12.24","0.0","5"
"din_i[3]","OK","4530.1047499999995","1.522364802905181","41.9225","36.985","83.04499999999999","54.550000000000004","275.19","83.445","0.4","64.26","9.71","1","","","","","0","0","0","0","4","1","0","137.595","1","0","0","0","0","4","_b076e805ed570000_p_Net","0","4","0","1","0","0","0","0","1","0","4","_b076e805ed570000_p_odb__dbNet","15.0144","0.0","0.0","3.7536","3.7536","0.0","15.0144","","4","","","","83.03","23.12","71.99","9.52","0","0","0","4","78.08500000000001","5.011414470985214","17.0","5.223179108550654","5"
"din_i[4]","OK","427.12809999999996","5.856557376363401","25.4075","43.519999999999996","50.015","8.54","117.11","50.415","0.4","47.79","39.25","1","","","","","0","0","0","0","4","1","0","58.555","1","0","0","0","0","4","_2877e805ed570000_p_Net","0","4","0","1","0","0","0","0","1","0","4","_2877e805ed570000_p_odb__dbNet","15.0144","0.0","0.0","3.7536","3.7536","0.0","15.0144","","4","","","","50.83","47.6","48.53","39.44","2","0","0","2","49.794999999999995","0.8212642692824265","42.84","3.5333836474405116","5"
"din_i[5]","OK","716.6050499999998","5.504382120464123","31.8025","44.955","62.805","11.409999999999997","148.43","63.205","0.4","50.66","39.25","1","","","","","0","0","0","0","4","1","0","74.215","1","0","0","0","0","4","_a077e805ed570000_p_Net","0","4","0","1","0","0","0","0","1","0","4","_a077e805ed570000_p_odb__dbNet","15.0144","0.0","0.0","3.7536","3.7536","0.0","15.0144","","4","","","","62.79","50.32","60.95","39.44","1","0","0","3","62.214999999999996","0.7541054302947284","43.519999999999996","4.510609714883345","5"
"din_i[6]","OK","3195.1072499999996","2.480495959808289","44.9125","51.755","89.02499999999999","35.89","249.82999999999998","89.425","0.4","69.7","33.81","1","","","","","0","0","0","0","4","1","0","124.91499999999999","1","0","0","0","0","4","_1878e805ed570000_p_Net","0","4","0","1","0","0","0","0","1","0","4","_1878e805ed570000_p_odb__dbNet","15.0144","0.0","0.0","3.7536","3.7536","0.0","15.0144","","4","","","","89.01","44.88","87.63","34.0","0","0","0","4","88.665","0.5975575286112669","37.4","4.459058196525361","5"
"din_i[7]","OK","149.46524999999997","0.5510018214601698","4.9375","23.385","9.075","16.47","51.089999999999996","9.475","0.4","31.62","15.15","1","","","","","0","0","0","0","4","1","0","25.544999999999998","1","0","0","0","0","4","_9078e805ed570000_p_Net","0","4","0","1","0","0","0","0","1","0","4","_9078e805ed570000_p_odb__dbNet","15.0144","0.0","0.0","3.7536","3.7536","0.0","15.0144","","4","","","","9.89","23.12","4.83","14.96","0","0","1","3","8.165","1.988535893565917","19.04","4.08","5"
"dout_o[0]","OK","1270.6705759999998","1.2128336628394456","20.028499999999998","36.924","39.257","32.367999999999995","143.25","39.657","0.4","53.108","20.74","1","","","","25.024","0","0","0","0","1","1","0","71.625","1","0","0","0","0","1","_0879e805ed570000_p_Net","0","0","0","1","0","0","0","0","0","1","1","_0879e805ed570000_p_odb__dbNet","0.0","0.0","0.0","","","","0.0","","0","","","","","","","","0","0","0","0","","","","","2"
"dout_o[1]","OK","371.62353600000006","1.4429835492620273","11.978499999999999","55.964","23.157","16.048000000000002","78.41","23.557","0.4","63.988","47.94","1","","","","25.024","0","0","0","0","1","1","0","39.205","1","0","0","0","0","1","_8079e805ed570000_p_Net","0","0","0","1","0","0","0","0","0","1","1","_8079e805ed570000_p_odb__dbNet","0.0","0.0","0.0","","","","0.0","","0","","","","","","","","0","0","0","0","","","","","2"
"dout_o[2]","OK","10.035633000000148","59.992664889992604","12.6685","77.65549999999999","24.537000000000003","0.409000000000006","49.89200000000002","24.937","0.4","77.86","77.451","1","","","","25.024","0","0","0","0","1","1","0","24.94600000000001","1","0","0","0","0","1","_f879e805ed570000_p_Net","0","0","0","1","0","0","0","0","0","1","1","_f879e805ed570000_p_odb__dbNet","0.0","0.0","0.0","","","","0.0","","0","","","","","","","","0","0","0","0","","","","","2"
"dout_o[3]","OK","179.48990699999996","2.9876145009692157","11.978499999999999","62.695499999999996","23.157","7.750999999999998","61.815999999999995","23.557","0.4","66.571","58.82","1","","","","25.024","0","0","0","0","1","1","0","30.907999999999998","1","0","0","0","0","1","_707ae805ed570000_p_Net","0","0","0","1","0","0","0","0","0","1","1","_707ae805ed570000_p_odb__dbNet","0.0","0.0","0.0","","","","0.0","","0","","","","","","","","0","0","0","0","","","","","2"
"dout_o[4]","OK","165.22806699999995","2.750225776964234","11.058499999999999","46.3755","21.317","7.750999999999998","58.135999999999996","21.717","0.4","50.251","42.5","1","","","","25.024","0","0","0","0","1","1","0","29.067999999999998","1","0","0","0","0","1","_e87ae805ed570000_p_Net","0","0","0","1","0","0","0","0","0","1","1","_e87ae805ed570000_p_odb__dbNet","0.0","0.0","0.0","","","","0.0","","0","","","","","","","","0","0","0","0","","","","","2"
"dout_o[5]","OK","983.7404959999999","1.6786599470555743","20.7185","35.564","40.637","24.208","129.69","41.037","0.4","47.668","23.46","1","","","","25.024","0","0","0","0","1","1","0","64.845","1","0","0","0","0","1","_607be805ed570000_p_Net","0","0","0","1","0","0","0","0","0","1","1","_607be805ed570000_p_odb__dbNet","0.0","0.0","0.0","","","","0.0","","0","","","","","","","","0","0","0","0","","","","","2"
"dout_o[6]","OK","64.57089599999983","10.774918296252107","13.5885","73.644","26.377000000000002","2.4479999999999933","57.64999999999999","26.777","0.4","74.868","72.42","1","","","","25.024","0","0","0","0","1","1","0","28.824999999999996","1","0","0","0","0","1","_d87be805ed570000_p_Net","0","0","0","1","0","0","0","0","0","1","1","_d87be805ed570000_p_odb__dbNet","0.0","0.0","0.0","","","","0.0","","0","","","","","","","","0","0","0","0","","","","","2"
"dout_o[7]","OK","70.66206399999977","7.89338235030304","12.208499999999999","81.804","23.617","2.9919999999999902","53.21799999999998","24.017","0.4","83.3","80.308","1","","","","25.024","0","0","0","0","1","1","0","26.60899999999999","1","0","0","0","0","1","_507ce805ed570000_p_Net","0","0","0","1","0","0","0","0","0","1","1","_507ce805ed570000_p_odb__dbNet","0.0","0.0","0.0","","","","0.0","","0","","","","","","","","0","0","0","0","","","","","2"
"dpll_state[0]","OK","141.718656","1.8775322281448505","97.636","81.661","16.311999999999998","8.688000000000002","50.0","105.792","89.48","86.005","77.317","0","20.810000000000016","12.403333333333345","37.210000000000036","26.2752","0","0","1","0","3","0","0","25.0","1","0","0","0","0","4","_c87ce805ed570000_p_Net","0","0","0","1","0","0","0","1","0","0","3","_c87ce805ed570000_p_odb__dbNet","0.0","0.0","3.7536","5.0048","4.1706666666666665","0.5898213364137389","12.512","12.40333333333335","3","10.000000000000014","20.810000000000016","20.810000000000016","99.59","85.68","88.78","80.24","1","1","0","1","95.37333333333333","4.722318168959912","83.86666666666667","2.564440593103218","4"
"dpll_state[1]","OK","148.79656","0.746317280400402","95.686","95.3","10.537999999999997","14.120000000000005","49.316","100.955","90.417","102.36","88.24","0","18.739999999999995","12.543333333333328","37.62999999999998","25.024","0","0","1","0","3","0","0","24.658","1","0","0","0","0","4","_407de805ed570000_p_Net","0","0","0","1","0","0","0","0","0","0","3","_407de805ed570000_p_odb__dbNet","0.0","0.0","0.0","5.0048","4.587733333333333","0.5898213364137389","13.763200000000001","10.730000000000004","3","16.169999999999987","18.739999999999995","18.739999999999995","101.66","102.0","91.08","88.4","1","0","1","1","96.37","4.31926691310767","93.83999999999999","5.875871566556458","4"
"dpll_state[2]","OK","199.52313999999993","1.0205979115276353","98.91499999999999","95.209","14.269999999999996","13.982","56.50399999999999","106.05","91.78","102.2","88.218","0","20.08","12.827499999999997","51.30999999999999","25.024","0","0","1","0","4","0","0","28.251999999999995","1","0","0","0","0","5","_b87de805ed570000_p_Net","0","0","0","1","0","0","0","1","0","0","4","_b87de805ed570000_p_odb__dbNet","0.0","0.0","3.7536","5.0048","4.692","0.5417854926075449","18.768","12.022499999999994","4","13.299999999999997","20.08","20.08","103.27","102.0","91.08","91.12","1","1","1","1","97.11749999999999","5.399798028630331","95.88","4.8561713314091355","5"
"dpll_state[3]","OK","81.51007600000007","0.6598884289490833","94.575","96.624","7.334000000000003","11.114000000000004","36.896000000000015","98.242","90.908","102.181","91.067","0","14.409999999999997","10.026666666666662","30.079999999999984","25.024","0","0","1","0","3","0","0","18.448000000000008","1","0","0","0","0","4","_307ee805ed570000_p_Net","0","0","0","1","0","0","0","0","0","0","3","_307ee805ed570000_p_odb__dbNet","0.0","0.0","0.0","6.256","5.0048","1.021600522056771","15.0144","10.026666666666642","3","12.259999999999991","14.409999999999997","14.409999999999997","98.67","99.28","90.39","91.12","0","1","1","1","93.38","3.7511864789690215","95.65333333333335","3.392436030675039","4"
"empty_o","OK","244.69289999999998","0.23916713561435735","4.2250000000000005","77.533","7.65","31.985999999999997","79.27199999999999","8.05","0.4","93.526","61.54","1","","","","11.2608","0","0","0","0","1","1","0","39.635999999999996","0","0","0","0","0","1","_a87ee805ed570000_p_Net","0","0","0","1","0","0","0","0","0","1","1","_a87ee805ed570000_p_odb__dbNet","0.0","0.0","0.0","","","","0.0","","0","","","","","","","","0","0","0","0","","","","","2"
"full_o","OK","164.466","8.121777775972939","18.674","31.15","36.548","4.5","82.096","36.948","0.4","33.4","28.9","1","","","","12.512","0","0","0","0","1","1","0","41.048","0","0","0","0","0","1","_207fe805ed570000_p_Net","0","0","0","1","0","0","0","0","0","1","1","_207fe805ed570000_p_odb__dbNet","0.0","0.0","0.0","","","","0.0","","0","","","","","","","","0","0","0","0","","","","","2"
"hold_reg[0]","OK","44.689319999999896","0.22670940169325382","77.7415","51.535","3.1829999999999927","14.04","34.445999999999984","79.333","76.15","58.555","44.515","0","9.079999999999984","7.489999999999988","14.979999999999976","20.0192","0","0","1","0","2","0","0","17.222999999999992","1","0","0","0","0","3","_987fe805ed570000_p_Net","0","0","0","1","0","0","0","0","0","0","2","_987fe805ed570000_p_odb__dbNet","0.0","0.0","0.0","10.0096","7.507200000000001","2.5024","15.014400000000002","2.049999999999997","2","5.8999999999999915","9.079999999999984","9.079999999999984","76.82","58.48","76.36","44.88","0","1","1","0","76.59","0.22999999999999687","51.68","6.799999999999997","3"
"hold_reg[1]","OK","58.59075799999996","0.065633576542418","76.9305","29.896","1.9609999999999985","29.878","63.678","77.911","75.95","44.835","14.957","0","35.44","35.44","35.44","30.0288","0","0","0","0","1","0","0","31.839","1","0","0","0","0","2","_1080e805ed570000_p_Net","0","0","0","1","0","0","0","0","0","0","1","_1080e805ed570000_p_odb__dbNet","0.0","0.0","0.0","10.0096","10.0096","","10.0096","35.44","1","35.44","35.44","35.44","76.36","44.88","76.36","44.88","0","1","0","0","76.36","","44.88","","2"
"hold_reg[2]","OK","10.771549999999994","0.4133202741599764","64.775","17.8445","2.1099999999999994","5.104999999999999","14.429999999999996","65.83","63.72","20.397","15.292","0","8.43","8.43","8.43","30.0288","0","0","0","0","1","0","0","7.214999999999998","1","0","0","0","0","2","_8880e805ed570000_p_Net","0","0","0","1","0","0","0","0","0","0","1","_8880e805ed570000_p_odb__dbNet","0.0","0.0","0.0","8.758400000000002","8.758400000000002","","8.758400000000002","8.43","1","8.43","8.43","8.43","63.71","14.96","63.71","14.96","0","0","1","0","63.71","","14.96","","2"
"hold_reg[3]","OK","29.799899999999976","0.41342756178875983","51.385000000000005","16.487000000000002","3.509999999999998","8.489999999999998","23.999999999999993","53.14","49.63","20.732","12.242","0","9.769999999999998","9.769999999999998","9.769999999999998","30.0288","0","0","0","0","1","0","0","11.999999999999996","1","0","0","0","0","2","_0081e805ed570000_p_Net","0","0","0","1","0","0","0","0","0","0","1","_0081e805ed570000_p_odb__dbNet","0.0","0.0","0.0","8.758400000000002","8.758400000000002","","8.758400000000002","9.769999999999998","1","9.769999999999998","9.769999999999998","9.769999999999998","53.13","20.4","53.13","20.4","1","0","0","0","53.13","","20.4","","2"
"hold_reg[4]","OK","9.302950000000024","82.89552214061017","61.504999999999995","12.0745","27.770000000000003","0.33500000000000085","56.21000000000001","75.39","47.62","12.242","11.907","0","32.89","32.89","32.89","30.0288","0","0","0","0","1","0","0","28.105000000000004","1","0","0","0","0","2","_7881e805ed570000_p_Net","0","0","0","1","0","0","0","0","0","0","1","_7881e805ed570000_p_odb__dbNet","0.0","0.0","0.0","8.758400000000002","8.758400000000002","","8.758400000000002","32.89","1","32.89","32.89","32.89","47.61","12.24","47.61","12.24","0","1","0","0","47.61","","12.24","","2"
"hold_reg[5]","OK","36.59190000000001","0.5076560659001587","80.865","21.592","4.310000000000002","8.489999999999998","25.6","83.02","78.71","25.837","17.347","0","17.590000000000007","17.590000000000007","17.590000000000007","30.0288","0","0","0","0","1","0","0","12.8","1","0","0","0","0","2","_f081e805ed570000_p_Net","0","0","0","1","0","0","0","0","0","0","1","_f081e805ed570000_p_odb__dbNet","0.0","0.0","0.0","8.758400000000002","8.758400000000002","","8.758400000000002","17.590000000000007","1","17.590000000000007","17.590000000000007","17.590000000000007","83.03","17.68","83.03","17.68","0","0","0","1","83.03","","17.68","","2"
"hold_reg[6]","OK","240.31969999999998","1.3647324791737203","75.535","32.807","18.11","13.27","62.76","84.59","66.48","39.442","26.172","0","36.83","36.83","36.83","30.0288","0","0","0","0","1","0","0","31.38","1","0","0","0","0","2","_6882e805ed570000_p_Net","0","0","0","1","0","0","0","0","0","0","1","_6882e805ed570000_p_odb__dbNet","0.0","0.0","0.0","8.758400000000002","8.758400000000002","","8.758400000000002","36.83","1","36.83","36.83","36.83","66.47","25.84","66.47","25.84","0","0","1","0","66.47","","25.84","","2"
"hold_reg[7]","OK","7.6413500000000205","68.08955203555341","94.905","36.8845","22.810000000000002","0.33500000000000085","46.290000000000006","106.31","83.5","37.052","36.717","0","17.710000000000008","17.710000000000008","17.710000000000008","30.0288","0","0","0","0","1","0","0","23.145000000000003","1","0","0","0","0","2","_e082e805ed570000_p_Net","0","0","0","1","0","0","0","0","0","0","1","_e082e805ed570000_p_odb__dbNet","0.0","0.0","0.0","8.758400000000002","8.758400000000002","","8.758400000000002","17.710000000000008","1","17.710000000000008","17.710000000000008","17.710000000000008","83.49","36.72","83.49","36.72","0","0","1","0","83.49","","36.72","","2"
"hold_reg[8]","OK","81.8925","8.803278685638265","82.015","24.647","26.849999999999994","3.0500000000000007","59.79999999999999","95.44","68.59","26.172","23.122","0","34.690000000000005","34.690000000000005","34.690000000000005","30.0288","0","0","0","0","1","0","0","29.899999999999995","1","0","0","0","0","2","_5883e805ed570000_p_Net","0","0","0","1","0","0","0","0","0","0","1","_5883e805ed570000_p_odb__dbNet","0.0","0.0","0.0","8.758400000000002","8.758400000000002","","8.758400000000002","34.690000000000005","1","34.690000000000005","34.690000000000005","34.690000000000005","95.45","25.84","95.45","25.84","1","0","0","0","95.45","","25.84","","2"
"load","OK","72.25286199999991","1.1872836814270864","77.064","51.6855","9.261999999999986","7.801000000000002","34.125999999999976","81.695","72.433","55.586","47.785","0","18.549999999999997","18.07","36.14","20.0192","0","0","1","0","2","0","0","17.062999999999988","0","0","0","0","0","3","_d083e805ed570000_p_Net","0","1","0","1","0","0","0","0","0","0","2","_d083e805ed570000_p_odb__dbNet","3.7536","0.0","0.0","11.2608","7.5072","3.7535999999999996","15.0144","18.070000000000007","2","17.590000000000003","18.549999999999997","18.549999999999997","82.11","50.32","78.43","47.6","0","0","0","2","80.27000000000001","1.8399999999999963","48.96","1.3599999999999994","3"
"re_i","OK","54.51635000000007","0.936435124385787","3.9725","89.83500000000001","7.145","7.63000000000001","29.55000000000002","7.545","0.4","93.65","86.02","1","","","","","0","0","0","0","3","1","0","14.77500000000001","0","0","0","0","0","3","_4884e805ed570000_p_Net","0","3","0","1","0","0","0","0","1","0","3","_4884e805ed570000_p_odb__dbNet","11.2608","0.0","0.0","3.7536","3.7536","0.0","11.2608","","3","","","","7.13","93.84","4.37","91.12","3","0","0","0","5.75","1.1267652816802618","92.93333333333334","1.2822202965516056","4"
"rst","OK","9519.416899999998","1.1915976728441307","53.6525","59.84","106.505","89.38","391.77","106.905","0.4","104.53","15.15","1","","","","","0","0","0","0","25","1","0","195.885","0","0","0","0","1","25","_c084e805ed570000_p_Net","0","25","0","1","0","0","0","0","1","0","25","_c084e805ed570000_p_odb__dbNet","93.84000000000003","0.0","0.0","3.7536","3.7536000000000014","1.3322676295501878e-15","93.84000000000003","","25","","","","106.49","104.72","6.67","14.96","11","5","4","5","65.03479999999999","34.14881375626392","72.40639999999999","29.489818023175385","26"
"rts_o","OK","90.45203499999995","0.3485629151189669","3.2075","88.6345","5.614999999999999","16.108999999999995","43.447999999999986","6.015","0.4","96.689","80.58","1","","","","23.772800000000004","0","0","1","0","1","1","0","21.723999999999993","0","0","0","0","0","1","_3885e805ed570000_p_Net","0","0","0","1","0","0","0","0","0","1","1","_3885e805ed570000_p_odb__dbNet","0.0","0.0","0.0","","","","0.0","","0","","","","","","","","0","0","0","0","","","","","2"
"rx_bit_cnt[0]","OK","63.68983999999996","0.5065548915984525","58.7","93.4735","5.68","11.212999999999994","33.78599999999999","61.54","55.86","99.08","87.867","0","11.229999999999997","8.737499999999999","34.949999999999996","20.0192","0","0","1","0","4","0","0","16.892999999999994","1","0","0","0","0","5","_b085e805ed570000_p_Net","0","0","0","1","0","0","0","0","0","0","4","_b085e805ed570000_p_odb__dbNet","0.0","0.0","0.0","11.2608","7.82","2.983921822032206","31.28","6.017500000000005","4","9.54","11.229999999999997","11.229999999999997","62.33","99.28","55.2","88.4","1","1","1","1","58.47749999999999","3.200948101734859","92.48000000000002","4.5106097148833415","5"
"rx_bit_cnt[1]","OK","9.578087999999942","22.810185149984417","71.0555","99.166","14.780999999999999","0.6479999999999961","30.85799999999999","78.446","63.665","99.49","98.842","0","18.629999999999995","11.442499999999995","45.76999999999998","20.0192","0","0","1","0","4","0","0","15.428999999999995","1","0","0","0","0","5","_2886e805ed570000_p_Net","0","1","0","1","0","0","0","0","0","0","4","_2886e805ed570000_p_odb__dbNet","3.7536","0.0","0.0","8.758400000000002","5.9432","1.8505497561535607","23.7728","11.442499999999995","4","6.8999999999999915","18.629999999999995","18.629999999999995","77.05","99.28","63.25","99.28","2","2","0","0","70.4375","5.739352642066874","99.28","0.0","5"
"rx_bit_cnt[2]","OK","105.0033599999999","1.4455004104839257","59.8","97.9115","12.319999999999993","8.522999999999996","41.68599999999998","65.96","53.64","102.173","93.65","0","16.29","10.745999999999999","53.73","20.0192","0","0","1","0","5","0","0","20.84299999999999","1","0","0","0","0","6","_a086e805ed570000_p_Net","0","0","0","1","0","0","0","0","0","0","5","_a086e805ed570000_p_odb__dbNet","0.0","0.0","0.0","11.2608","8.257920000000002","2.320630292312845","41.28960000000001","10.746000000000002","5","8.199999999999996","16.29","16.29","66.47","99.28","55.2","93.84","1","2","1","1","59.294","4.133350215019289","97.648","2.1759999999999993","6"
"rx_bit_cnt[3]","OK","123.16187099999995","1.6411173956318696","63.5435","97.8415","14.216999999999999","8.662999999999997","45.75999999999999","70.652","56.435","102.173","93.51","0","17.89999999999999","12.062499999999993","48.24999999999997","20.0192","0","0","1","0","4","0","0","22.879999999999995","1","0","0","0","0","5","_1887e805ed570000_p_Net","0","0","0","1","0","0","0","0","0","0","4","_1887e805ed570000_p_odb__dbNet","0.0","0.0","0.0","11.2608","8.4456","2.8497436235563365","33.7824","11.717499999999987","4","6.6299999999999955","17.89999999999999","17.89999999999999","71.07","99.28","55.2","93.84","1","1","1","1","63.4225","5.947568305618688","97.24000000000001","2.2553048574416708","5"
"rx_fifo.din[0]","OK","866.7269999999997","1.161237188830116","38.3675","58.422","31.724999999999998","27.319999999999993","118.08999999999997","54.23","22.505","72.082","44.762","0","58.94","43.209999999999994","172.83999999999997","30.0288","0","0","0","0","4","0","0","59.04499999999999","1","0","0","0","0","5","_9087e805ed570000_p_Net","0","0","0","1","0","0","0","0","0","0","4","_9087e805ed570000_p_odb__dbNet","0.0","0.0","0.0","30.0288","30.0288","0.0","120.1152","43.21","4","32.54","58.94","58.94","46.46","63.92","26.22","44.88","0","1","2","1","33.81","8.023671229555708","54.4","6.8","5"
"rx_fifo.din[1]","OK","910.2779999999997","3.468518518304413","34.96","66.697","56.19","16.199999999999996","144.77999999999997","63.055","6.865","74.797","58.597","0","57.260000000000005","34.608000000000004","173.04000000000002","30.0288","0","0","0","0","5","0","0","72.38999999999999","1","0","0","0","0","6","_0888e805ed570000_p_Net","0","0","0","1","0","0","0","0","0","0","5","_0888e805ed570000_p_odb__dbNet","0.0","0.0","0.0","30.0288","30.0288","0.0","150.144","31.480000000000004","5","34.76","57.260000000000005","57.260000000000005","59.34","72.08","10.58","58.48","1","0","3","1","31.464","19.198264088192975","63.376","4.679664945271188","6"
"rx_fifo.din[2]","OK","522.4825250000001","8.072715971650377","39.3375","73.37950000000001","64.94500000000001","8.045000000000002","145.98000000000002","71.81","6.865","77.402","69.357","0","64.28","42.508","212.54000000000002","30.0288","0","0","0","0","5","0","0","72.99000000000001","1","0","0","0","0","6","_8088e805ed570000_p_Net","0","0","0","1","0","0","0","0","0","0","5","_8088e805ed570000_p_odb__dbNet","0.0","0.0","0.0","30.0288","30.0288","0.0","150.144","42.507999999999996","5","35.84","64.28","64.28","51.52","77.52","10.58","72.08","2","2","1","0","30.176","16.992875683650485","75.344","2.0354616184050234","6"
"rx_fifo.din[3]","OK","932.2800000000004","3.5003063723345385","35.4275","61.317","57.125","16.320000000000007","146.89000000000001","63.99","6.865","69.477","53.157","0","53.74","33.70000000000001","168.50000000000006","30.0288","0","0","0","0","5","0","0","73.44500000000001","1","0","0","0","0","6","_f888e805ed570000_p_Net","0","0","0","1","0","0","0","0","0","0","5","_f888e805ed570000_p_odb__dbNet","0.0","0.0","0.0","30.0288","30.0288","0.0","150.144","27.308","5","30.360000000000003","53.74","53.74","66.7","69.36","10.58","53.04","1","0","3","1","32.660000000000004","21.396676377418995","59.568","5.600822796696929","6"
"rx_fifo.din[4]","OK","794.0519999999998","2.9379562042008547","31.015","52.982","48.3","16.439999999999998","129.48","55.165","6.865","61.202","44.762","0","62.78","35.74400000000001","178.72000000000003","30.0288","0","0","0","0","5","0","0","64.74","1","0","0","0","0","6","_7089e805ed570000_p_Net","0","0","0","1","0","0","0","0","0","0","5","_7089e805ed570000_p_odb__dbNet","0.0","0.0","0.0","30.0288","30.0288","0.0","150.144","35.008","5","33.5","62.78","62.78","58.88","58.48","10.58","44.88","2","1","2","0","31.28","19.064211496938448","51.952","5.044848461549661","6"
"rx_fifo.din[5]","OK","863.4531249999999","2.410832232369309","46.697500000000005","57.1795","45.625","18.924999999999997","129.1","69.51","23.885","66.642","47.717","0","55.84","36.172000000000004","180.86","30.0288","0","0","0","0","5","0","0","64.55","1","0","0","0","0","6","_e889e805ed570000_p_Net","0","0","0","1","0","0","0","0","0","0","5","_e889e805ed570000_p_odb__dbNet","0.0","0.0","0.0","30.0288","30.0288","0.0","150.144","36.17200000000001","5","34.260000000000005","55.84","55.84","57.04","66.64","27.6","47.6","1","1","3","0","39.652","11.125535312963597","55.215999999999994","7.379175021640291","6"
"rx_fifo.din[6]","OK","714.0714749999994","3.7962085305288977","36.5775","73.37950000000001","52.065","13.71499999999999","131.55999999999997","62.61","10.545","80.237","66.522","0","51.4","34.455999999999996","172.27999999999997","30.0288","0","0","0","0","5","0","0","65.77999999999999","1","0","0","0","0","6","_608ae805ed570000_p_Net","0","0","0","1","0","0","0","0","0","0","5","_608ae805ed570000_p_odb__dbNet","0.0","0.0","0.0","30.0288","30.0288","0.0","150.144","31.696000000000005","5","29.36","51.4","51.4","64.4","74.8","14.26","66.64","0","1","2","2","35.052","18.380209356805487","70.99199999999999","2.773866615394474","6"
"rx_fifo.din[7]","OK","311.9438000000001","10.090827336314595","34.9175","80.182","56.105","5.560000000000002","123.33","62.97","6.865","82.962","77.402","0","60.22","39.336","196.67999999999998","30.0288","0","0","0","0","5","0","0","61.665","1","0","0","0","0","6","_d88ae805ed570000_p_Net","0","0","0","1","0","0","0","0","0","0","5","_d88ae805ed570000_p_odb__dbNet","0.0","0.0","0.0","30.0288","30.0288","0.0","150.144","39.336","5","40.4","60.22","60.22","57.5","82.96","10.58","77.52","2","2","1","0","31.464","18.71380410285413","80.24","1.7202790471315976","6"
"rx_fifo.full","OK","0.46191599999993327","75.9230759497151","15.181000000000001","96.594","5.921999999999999","0.07799999999998875","11.999999999999975","18.142","12.22","96.633","96.555","0","9.66","9.66","9.66","6.256","0","0","0","0","1","0","0","5.999999999999988","0","0","0","0","0","2","_508be805ed570000_p_Net","0","0","0","1","1","0","0","0","0","0","1","_508be805ed570000_p_odb__dbNet","0.0","23.772800000000004","0.0","23.772800000000004","23.772800000000004","","23.772800000000004","9.66","1","9.66","9.66","9.66","9.43","96.56","9.43","96.56","0","0","1","0","9.43","","96.56","","2"
"rx_fifo.gb","OK","256.6758320000002","0.9391483183559667","19.509999999999998","96.119","15.526","16.53200000000001","64.11600000000001","27.273","11.747","104.385","87.853","0","31.309999999999995","17.014999999999997","68.05999999999999","20.0192","0","0","1","0","4","0","0","32.05800000000001","0","0","0","0","0","5","_c88be805ed570000_p_Net","0","1","0","1","0","0","0","0","0","0","4","_c88be805ed570000_p_odb__dbNet","3.7536","0.0","0.0","8.758400000000002","6.881600000000001","2.074880468846339","27.526400000000002","15.655000000000014","4","9.809999999999999","31.309999999999995","31.309999999999995","27.83","104.72","10.81","88.4","0","2","0","2","18.975","6.700662280700318","95.19999999999999","6.23230294513994","5"
"rx_fifo.mem[0][0]","OK","6.692640000000001","1.2264554789270325","39.917500000000004","54.594","2.865000000000002","2.3359999999999985","10.402000000000001","41.35","38.485","55.762","53.426","0","12.839999999999996","12.839999999999996","12.839999999999996","30.0288","0","0","0","0","1","0","0","5.2010000000000005","1","0","0","0","0","2","_408ce805ed570000_p_Net","0","0","0","1","0","0","0","0","0","0","1","_408ce805ed570000_p_odb__dbNet","0.0","0.0","0.0","25.024","25.024","","25.024","12.839999999999996","1","12.839999999999996","12.839999999999996","12.839999999999996","36.34","53.04","36.34","53.04","0","0","1","0","36.34","","53.04","","2"
"rx_fifo.mem[0][1]","OK","7.198444999999921","47.57069396511441","31.637500000000003","64.1115","18.505","0.3889999999999958","37.78799999999999","40.89","22.385","64.306","63.917","0","25.76","25.76","25.76","30.0288","0","0","0","0","1","0","0","18.893999999999995","1","0","0","0","0","2","_b88ce805ed570000_p_Net","0","0","0","1","0","0","0","0","0","0","1","_b88ce805ed570000_p_odb__dbNet","0.0","0.0","0.0","25.024","25.024","","25.024","25.76","1","25.76","25.76","25.76","20.24","63.92","20.24","63.92","0","0","1","0","20.24","","63.92","","2"
"rx_fifo.mem[0][2]","OK","6.124805000000157","40.475578302118286","31.6375","77.3275","15.744999999999997","0.38900000000001","32.268000000000015","39.51","23.765","77.522","77.133","0","22.999999999999996","22.999999999999996","22.999999999999996","30.0288","0","0","0","0","1","0","0","16.134000000000007","1","0","0","0","0","2","_308de805ed570000_p_Net","0","0","0","1","0","0","0","0","0","0","1","_308de805ed570000_p_odb__dbNet","0.0","0.0","0.0","25.024","25.024","","25.024","22.999999999999996","1","22.999999999999996","22.999999999999996","22.999999999999996","21.62","77.52","21.62","77.52","0","1","0","0","21.62","","77.52","","2"
"rx_fifo.mem[0][3]","OK","93.46875500000003","3.6636309634401822","31.637500000000003","63.7275","18.505","5.051000000000002","47.112","40.89","22.385","66.253","61.202","0","31.2","31.2","31.2","30.0288","0","0","0","0","1","0","0","23.556","1","0","0","0","0","2","_a88de805ed570000_p_Net","0","0","0","1","0","0","0","0","0","0","1","_a88de805ed570000_p_odb__dbNet","0.0","0.0","0.0","25.024","25.024","","25.024","31.2","1","31.2","31.2","31.2","20.24","66.64","20.24","66.64","0","1","0","0","20.24","","66.64","","2"
"rx_fifo.mem[0][4]","OK","64.57871999999998","6.702641750417965","30.9475","51.485","20.805","3.103999999999999","47.818","41.35","20.545","53.037","49.933","0","30.78","30.78","30.78","30.0288","0","0","0","0","1","0","0","23.909","1","0","0","0","0","2","_208ee805ed570000_p_Net","0","0","0","1","0","0","0","0","0","0","1","_208ee805ed570000_p_odb__dbNet","0.0","0.0","0.0","25.024","25.024","","25.024","30.78","1","30.78","30.78","30.78","18.4","50.32","18.4","50.32","0","0","1","0","18.4","","50.32","","2"
"rx_fifo.mem[0][5]","OK","3.468960000000007","0.635702054522386","40.6075","49.153999999999996","1.4849999999999994","2.3360000000000056","7.64200000000001","41.35","39.865","50.322","47.986","0","11.46","11.46","11.46","30.0288","0","0","0","0","1","0","0","3.821000000000005","1","0","0","0","0","2","_988ee805ed570000_p_Net","0","0","0","1","0","0","0","0","0","0","1","_988ee805ed570000_p_odb__dbNet","0.0","0.0","0.0","25.024","25.024","","25.024","11.46","1","11.46","11.46","11.46","37.72","47.6","37.72","47.6","0","0","1","0","37.72","","47.6","","2"
"rx_fifo.mem[0][6]","OK","44.588960000000185","4.627899483045115","32.7875","73.634","14.364999999999998","3.1040000000000134","34.938000000000024","39.97","25.605","75.186","72.082","0","24.339999999999996","24.339999999999996","24.339999999999996","30.0288","0","0","0","0","1","0","0","17.469000000000012","1","0","0","0","0","2","_108fe805ed570000_p_Net","0","0","0","1","0","0","0","0","0","0","1","_108fe805ed570000_p_odb__dbNet","0.0","0.0","0.0","25.024","25.024","","25.024","24.339999999999996","1","24.339999999999996","24.339999999999996","24.339999999999996","23.46","74.8","23.46","74.8","0","1","0","0","23.46","","74.8","","2"
"rx_fifo.mem[0][7]","OK","6.8405650000001765","45.20565541078121","31.6375","80.4315","17.585","0.38900000000001","35.94800000000002","40.43","22.845","80.626","80.237","0","24.84","24.84","24.84","30.0288","0","0","0","0","1","0","0","17.97400000000001","1","0","0","0","0","2","_888fe805ed570000_p_Net","0","0","0","1","0","0","0","0","0","0","1","_888fe805ed570000_p_odb__dbNet","0.0","0.0","0.0","25.024","25.024","","25.024","24.84","1","24.84","24.84","24.84","20.7","80.24","20.7","80.24","0","0","1","0","20.7","","80.24","","2"
"rx_fifo.mem[1][0]","OK","35.89194000000004","0.3211312901701543","38.3725","58.631","3.395000000000003","10.572000000000003","27.93400000000001","40.07","36.675","63.917","53.345","0","12.260000000000005","12.260000000000005","12.260000000000005","30.0288","0","0","0","0","1","0","0","13.967000000000006","1","0","0","0","0","2","_0090e805ed570000_p_Net","0","0","0","1","0","0","0","0","0","0","1","_0090e805ed570000_p_odb__dbNet","0.0","0.0","0.0","25.024","25.024","","25.024","12.260000000000005","1","12.260000000000005","12.260000000000005","12.260000000000005","36.34","53.04","36.34","53.04","0","0","1","0","36.34","","53.04","","2"
"rx_fifo.mem[1][1]","OK","14.132524999999983","1.5464770090815514","22.9125","62.713499999999996","4.675000000000001","3.022999999999996","15.395999999999994","25.25","20.575","64.225","61.202","0","12.84","12.84","12.84","30.0288","0","0","0","0","1","0","0","7.697999999999997","1","0","0","0","0","2","_7890e805ed570000_p_Net","0","0","0","1","0","0","0","0","0","0","1","_7890e805ed570000_p_odb__dbNet","0.0","0.0","0.0","25.024","25.024","","25.024","12.84","1","12.84","12.84","12.84","20.24","63.92","20.24","63.92","0","1","0","0","20.24","","63.92","","2"
"rx_fifo.mem[1][2]","OK","33.44149500000007","1.2692382619775473","25.2125","74.6485","6.515000000000001","5.13300000000001","23.29600000000002","28.47","21.955","77.215","72.082","0","17.399999999999995","17.399999999999995","17.399999999999995","30.0288","0","0","0","0","1","0","0","11.64800000000001","1","0","0","0","0","2","_f090e805ed570000_p_Net","0","0","0","1","0","0","0","0","0","0","1","_f090e805ed570000_p_odb__dbNet","0.0","0.0","0.0","25.024","25.024","","25.024","17.399999999999995","1","17.399999999999995","17.399999999999995","17.399999999999995","21.62","77.52","21.62","77.52","0","1","0","0","21.62","","77.52","","2"
"rx_fifo.mem[1][3]","OK","22.27743","0.36077882408236484","21.9925","62.40599999999999","2.835000000000001","7.857999999999997","21.385999999999996","23.41","20.575","66.335","58.477","0","16.440000000000005","16.440000000000005","16.440000000000005","30.0288","0","0","0","0","1","0","0","10.692999999999998","1","0","0","0","0","2","_6891e805ed570000_p_Net","0","0","0","1","0","0","0","0","0","0","1","_6891e805ed570000_p_odb__dbNet","0.0","0.0","0.0","25.024","25.024","","25.024","16.440000000000005","1","16.440000000000005","16.440000000000005","16.440000000000005","20.24","66.64","20.24","66.64","0","1","0","0","20.24","","66.64","","2"
"rx_fifo.mem[1][4]","OK","29.510845000000007","0.8935096570569848","21.302500000000002","52.8885","5.135000000000002","5.747","21.764000000000003","23.87","18.735","55.762","50.015","0","16.02","16.02","16.02","30.0288","0","0","0","0","1","0","0","10.882000000000001","1","0","0","0","0","2","_e091e805ed570000_p_Net","0","0","0","1","0","0","0","0","0","0","1","_e091e805ed570000_p_odb__dbNet","0.0","0.0","0.0","25.024","25.024","","25.024","16.02","1","16.02","16.02","16.02","18.4","50.32","18.4","50.32","0","0","1","0","18.4","","50.32","","2"
"rx_fifo.mem[1][5]","OK","106.70721499999998","0.3039440678708469","40.9025","57.2735","5.695","18.736999999999995","48.86399999999999","43.75","38.055","66.642","47.905","0","19.96","19.96","19.96","30.0288","0","0","0","0","1","0","0","24.431999999999995","1","0","0","0","0","2","_5892e805ed570000_p_Net","0","0","0","1","0","0","0","0","0","0","1","_5892e805ed570000_p_odb__dbNet","0.0","0.0","0.0","25.024","25.024","","25.024","19.96","1","19.96","19.96","19.96","37.72","47.6","37.72","47.6","0","0","1","0","37.72","","47.6","","2"
"rx_fifo.mem[1][6]","OK","1.4399000000000315","15.17857137929","26.1325","74.951","4.674999999999997","0.30800000000000693","9.966000000000008","28.47","23.795","75.105","74.797","0","10.119999999999997","10.119999999999997","10.119999999999997","30.0288","0","0","0","0","1","0","0","4.983000000000004","1","0","0","0","0","2","_d092e805ed570000_p_Net","0","0","0","1","0","0","0","0","0","0","1","_d092e805ed570000_p_odb__dbNet","0.0","0.0","0.0","25.024","25.024","","25.024","10.119999999999997","1","10.119999999999997","10.119999999999997","10.119999999999997","23.46","74.8","23.46","74.8","0","0","1","0","23.46","","74.8","","2"
"rx_fifo.mem[1][7]","OK","21.085424999999976","2.307310617827555","24.5225","79.0335","6.975000000000001","3.022999999999996","19.995999999999995","28.01","21.035","80.545","77.522","0","15.139999999999997","15.139999999999997","15.139999999999997","30.0288","0","0","0","0","1","0","0","9.997999999999998","1","0","0","0","0","2","_4893e805ed570000_p_Net","0","0","0","1","0","0","0","0","0","0","1","_4893e805ed570000_p_odb__dbNet","0.0","0.0","0.0","25.024","25.024","","25.024","15.139999999999997","1","15.139999999999997","15.139999999999997","15.139999999999997","20.7","80.24","20.7","80.24","0","1","0","0","20.7","","80.24","","2"
"rx_fifo.mem[2][0]","OK","0.9095680000000075","2.4605263117425427","32.078","53.341","1.4960000000000022","0.6080000000000041","4.208000000000013","32.826","31.33","53.645","53.037","0","10.120000000000005","10.120000000000005","10.120000000000005","30.0288","0","0","0","0","1","0","0","2.1040000000000063","1","0","0","0","0","2","_c093e805ed570000_p_Net","0","0","0","1","0","0","0","0","0","0","1","_c093e805ed570000_p_odb__dbNet","0.0","0.0","0.0","25.024","25.024","","25.024","10.120000000000005","1","10.120000000000005","10.120000000000005","10.120000000000005","36.34","53.04","36.34","53.04","0","0","0","1","36.34","","53.04","","2"
"rx_fifo.mem[2][1]","OK","6.265728000000006","0.17129629626797319","16.208","61.501000000000005","1.0359999999999996","6.048000000000009","14.168000000000017","16.726","15.69","64.525","58.477","0","15.100000000000003","15.100000000000003","15.100000000000003","30.0288","0","0","0","0","1","0","0","7.0840000000000085","1","0","0","0","0","2","_3894e805ed570000_p_Net","0","0","0","1","0","0","0","0","0","0","1","_3894e805ed570000_p_odb__dbNet","0.0","0.0","0.0","25.024","25.024","","25.024","15.100000000000003","1","15.100000000000003","15.100000000000003","15.100000000000003","20.24","63.92","20.24","63.92","1","0","0","0","20.24","","63.92","","2"
"rx_fifo.mem[2][2]","OK","5.1170880000000265","1.1406987718882402","16.898","75.856","2.416000000000002","2.118000000000009","9.068000000000023","18.106","15.69","76.915","74.797","0","13.76","13.76","13.76","30.0288","0","0","0","0","1","0","0","4.534000000000011","1","0","0","0","0","2","_b094e805ed570000_p_Net","0","0","0","1","0","0","0","0","0","0","1","_b094e805ed570000_p_odb__dbNet","0.0","0.0","0.0","25.024","25.024","","25.024","13.76","1","13.76","13.76","13.76","21.62","77.52","21.62","77.52","1","0","0","0","21.62","","77.52","","2"
"rx_fifo.mem[2][3]","OK","13.465927999999993","0.07970456992770389","16.208","59.536","1.0359999999999996","12.997999999999998","28.067999999999994","16.726","15.69","66.035","53.037","0","23.259999999999998","23.259999999999998","23.259999999999998","30.0288","0","0","0","0","1","0","0","14.033999999999997","1","0","0","0","0","2","_2895e805ed570000_p_Net","0","0","0","1","0","0","0","0","0","0","1","_2895e805ed570000_p_odb__dbNet","0.0","0.0","0.0","25.024","25.024","","25.024","23.259999999999998","1","23.259999999999998","23.259999999999998","23.259999999999998","20.24","66.64","20.24","66.64","1","0","0","0","20.24","","66.64","","2"
"rx_fifo.mem[2][4]","OK","3.8857320000000057","0.16635630040009167","15.288","47.298500000000004","0.8040000000000003","4.8330000000000055","11.274000000000012","15.69","14.886","49.715","44.882","0","13.259999999999996","13.259999999999996","13.259999999999996","30.0288","0","0","0","0","1","0","0","5.637000000000006","1","0","0","0","0","2","_a095e805ed570000_p_Net","0","0","0","1","0","0","0","0","0","0","1","_a095e805ed570000_p_odb__dbNet","0.0","0.0","0.0","25.024","25.024","","25.024","13.259999999999996","1","13.259999999999996","13.259999999999996","13.259999999999996","18.4","50.32","18.4","50.32","1","0","0","0","18.4","","50.32","","2"
"rx_fifo.mem[2][5]","OK","0.9095679999999968","2.4605263117425715","33.458","47.900999999999996","1.4960000000000022","0.607999999999997","4.207999999999998","34.206","32.71","48.205","47.597","0","10.119999999999997","10.119999999999997","10.119999999999997","30.0288","0","0","0","0","1","0","0","2.103999999999999","1","0","0","0","0","2","_1896e805ed570000_p_Net","0","0","0","1","0","0","0","0","0","0","1","_1896e805ed570000_p_odb__dbNet","0.0","0.0","0.0","25.024","25.024","","25.024","10.119999999999997","1","10.119999999999997","10.119999999999997","10.119999999999997","37.72","47.6","37.72","47.6","0","0","0","1","37.72","","47.6","","2"
"rx_fifo.mem[2][6]","OK","1.914048000000006","0.17333734571972972","19.658","73.7435","0.5760000000000005","3.3230000000000075","7.798000000000016","19.946","19.37","75.405","72.082","0","11.92","11.92","11.92","30.0288","0","0","0","0","1","0","0","3.899000000000008","1","0","0","0","0","2","_9096e805ed570000_p_Net","0","0","0","1","0","0","0","0","0","0","1","_9096e805ed570000_p_odb__dbNet","0.0","0.0","0.0","25.024","25.024","","25.024","11.92","1","11.92","11.92","11.92","23.46","74.8","23.46","74.8","1","0","0","0","23.46","","74.8","","2"
"rx_fifo.mem[2][7]","OK","0.9095680000000064","2.4605263117425396","16.438","80.541","1.4960000000000004","0.6080000000000041","4.208000000000009","17.186","15.69","80.845","80.237","0","10.12","10.12","10.12","30.0288","0","0","0","0","1","0","0","2.1040000000000045","1","0","0","0","0","2","_0897e805ed570000_p_Net","0","0","0","1","0","0","0","0","0","0","1","_0897e805ed570000_p_odb__dbNet","0.0","0.0","0.0","25.024","25.024","","25.024","10.12","1","10.12","10.12","10.12","20.7","80.24","20.7","80.24","0","0","0","1","20.7","","80.24","","2"
"rx_fifo.mem[3][0]","OK","12.794005000000029","0.1770379955091123","33.462500000000006","49.1325","1.5050000000000026","8.501000000000005","20.012000000000015","34.215","32.71","53.383","44.882","0","16.9","16.9","16.9","30.0288","0","0","0","0","1","0","0","10.006000000000007","1","0","0","0","0","2","_8097e805ed570000_p_Net","0","0","0","1","0","0","0","0","0","0","1","_8097e805ed570000_p_odb__dbNet","0.0","0.0","0.0","25.024","25.024","","25.024","16.9","1","16.9","16.9","16.9","36.34","53.04","36.34","53.04","1","0","0","0","36.34","","53.04","","2"
"rx_fifo.mem[3][1]","OK","6.014865000000014","0.6419470759091958","17.1325","62.7325","1.9649999999999999","3.061000000000007","10.052000000000014","18.115","16.15","64.263","61.202","0","11.919999999999998","11.919999999999998","11.919999999999998","30.0288","0","0","0","0","1","0","0","5.026000000000007","1","0","0","0","0","2","_f897e805ed570000_p_Net","0","0","0","1","0","0","0","0","0","0","1","_f897e805ed570000_p_odb__dbNet","0.0","0.0","0.0","25.024","25.024","","25.024","11.919999999999998","1","11.919999999999998","11.919999999999998","11.919999999999998","20.24","63.92","20.24","63.92","1","0","0","0","20.24","","63.92","","2"
"rx_fifo.mem[3][2]","OK","1.3165300000000144","10.99710979480593","17.5925","77.349","3.8050000000000015","0.34600000000000364","8.30200000000001","19.495","15.69","77.522","77.176","0","11.040000000000001","11.040000000000001","11.040000000000001","30.0288","0","0","0","0","1","0","0","4.151000000000005","1","0","0","0","0","2","_7098e805ed570000_p_Net","0","0","0","1","0","0","0","0","0","0","1","_7098e805ed570000_p_odb__dbNet","0.0","0.0","0.0","25.024","25.024","","25.024","11.040000000000001","1","11.040000000000001","11.040000000000001","11.040000000000001","21.62","77.52","21.62","77.52","1","0","0","0","21.62","","77.52","","2"
"rx_fifo.mem[3][3]","OK","15.85367","0.14287070437223537","17.362499999999997","61.029","1.504999999999999","10.534000000000006","24.07800000000001","18.115","16.61","66.296","55.762","0","19.62","19.62","19.62","30.0288","0","0","0","0","1","0","0","12.039000000000005","1","0","0","0","0","2","_e898e805ed570000_p_Net","0","0","0","1","0","0","0","0","0","0","1","_e898e805ed570000_p_odb__dbNet","0.0","0.0","0.0","25.024","25.024","","25.024","19.62","1","19.62","19.62","19.62","20.24","66.64","20.24","66.64","1","0","0","0","20.24","","66.64","","2"
"rx_fifo.mem[3][4]","OK","0.7969650000000013","0.14081546862513059","16.4425","48.786500000000004","0.33500000000000085","2.378999999999998","5.427999999999997","16.61","16.275","49.976","47.597","0","9.619999999999997","9.619999999999997","9.619999999999997","30.0288","0","0","0","0","1","0","0","2.7139999999999986","1","0","0","0","0","2","_6099e805ed570000_p_Net","0","0","0","1","0","0","0","0","0","0","1","_6099e805ed570000_p_odb__dbNet","0.0","0.0","0.0","25.024","25.024","","25.024","9.619999999999997","1","9.619999999999997","9.619999999999997","9.619999999999997","18.4","50.32","18.4","50.32","1","0","0","0","18.4","","50.32","","2"
"rx_fifo.mem[3][5]","OK","4.674735000000001","0.825977301039939","34.6125","49.1325","1.9649999999999963","2.379000000000005","8.688000000000002","35.595","33.63","50.322","47.943","0","11.919999999999998","11.919999999999998","11.919999999999998","30.0288","0","0","0","0","1","0","0","4.344000000000001","1","0","0","0","0","2","_d899e805ed570000_p_Net","0","0","0","1","0","0","0","0","0","0","1","_d899e805ed570000_p_odb__dbNet","0.0","0.0","0.0","25.024","25.024","","25.024","11.919999999999998","1","11.919999999999998","11.919999999999998","11.919999999999998","37.72","47.6","37.72","47.6","0","0","0","1","37.72","","47.6","","2"
"rx_fifo.mem[3][6]","OK","9.922990000000002","0.2964051157455227","22.192500000000003","72.25","1.7149999999999999","5.786000000000001","15.002000000000002","23.05","21.335","75.143","69.357","0","10.959999999999997","10.959999999999997","10.959999999999997","30.0288","0","0","0","0","1","0","0","7.501000000000001","1","0","0","0","0","2","_509ae805ed570000_p_Net","0","0","0","1","0","0","0","0","0","0","1","_509ae805ed570000_p_odb__dbNet","0.0","0.0","0.0","25.024","25.024","","25.024","10.959999999999997","1","10.959999999999997","10.959999999999997","10.959999999999997","23.46","74.8","23.46","74.8","1","0","0","0","23.46","","74.8","","2"
"rx_fifo.mem[3][7]","OK","6.863415000000014","1.2126944089059686","17.1325","81.77250000000001","2.885","2.379000000000005","10.52800000000001","18.575","15.69","82.962","80.583","0","12.839999999999998","12.839999999999998","12.839999999999998","30.0288","0","0","0","0","1","0","0","5.264000000000005","1","0","0","0","0","2","_c89ae805ed570000_p_Net","0","0","0","1","0","0","0","0","0","0","1","_c89ae805ed570000_p_odb__dbNet","0.0","0.0","0.0","25.024","25.024","","25.024","12.839999999999998","1","12.839999999999998","12.839999999999998","12.839999999999998","20.7","80.24","20.7","80.24","0","0","0","1","20.7","","80.24","","2"
"rx_fifo.rp[0]","OK","194.56690499999988","0.5015993906828333","19.4895","81.7375","9.878999999999998","19.694999999999993","59.14799999999998","24.429","14.55","91.585","71.89","0","23.99000000000001","16.585000000000004","132.68000000000004","28.777600000000003","0","0","1","0","8","0","0","29.57399999999999","1","0","0","0","0","9","_409be805ed570000_p_Net","0","1","0","1","0","0","0","0","0","0","8","_409be805ed570000_p_odb__dbNet","5.0048","0.0","0.0","25.024","13.763200000000001","8.891446604462065","110.10560000000001","13.865000000000025","8","16.979999999999997","23.99000000000001","23.99000000000001","24.61","91.12","15.41","72.08","2","2","0","4","20.815000000000005","2.9115674472695976","82.27999999999999","6.6278201544701","9"
"rx_fifo.rp[1]","OK","29.75753700000001","0.47332576611510574","28.4335","100.5705","3.753","7.929000000000002","23.364000000000004","30.31","26.557","104.535","96.606","0","11.879999999999995","7.952499999999998","31.80999999999999","26.2752","0","0","1","0","4","0","0","11.682000000000002","1","0","0","0","0","5","_b89be805ed570000_p_Net","0","1","0","1","0","0","0","0","0","0","4","_b89be805ed570000_p_odb__dbNet","5.0048","0.0","0.0","23.772800000000004","11.5736","7.207987169799903","46.2944","6.592499999999983","4","6.399999999999999","11.879999999999995","11.879999999999995","30.13","104.72","27.37","96.56","1","1","0","2","28.9225","1.0205237625846832","100.64000000000001","3.0410524493997126","5"
"rx_fifo.wp[0]","OK","322.1842500000001","1.8282485874328993","36.412","92.4825","24.269999999999996","13.275000000000006","75.09","48.547","24.277","99.12","85.845","0","26.519999999999996","13.293333333333331","79.75999999999999","26.2752","0","0","1","0","6","0","0","37.545","1","0","0","0","0","7","_309ce805ed570000_p_Net","0","1","0","1","0","0","0","1","0","0","6","_309ce805ed570000_p_odb__dbNet","3.7536","0.0","3.7536","23.772800000000004","10.843733333333335","7.139031384033989","65.06240000000001","11.17333333333331","6","6.439999999999998","26.519999999999996","26.519999999999996","45.31","99.28","24.61","85.68","0","1","2","3","34.576666666666675","7.271622163512685","89.75999999999999","4.645284347235016","7"
"rx_fifo.wp[1]","OK","158.12745500000008","0.8575741953856999","36.2845","92.5055","11.645","13.579000000000008","50.448000000000015","42.107","30.462","99.295","85.716","0","16.359999999999992","10.491999999999999","52.459999999999994","26.2752","0","0","1","0","5","0","0","25.224000000000007","1","0","0","0","0","6","_a89ce805ed570000_p_Net","0","1","0","1","0","0","0","1","0","0","5","_a89ce805ed570000_p_odb__dbNet","3.7536","0.0","3.7536","23.772800000000004","11.2608","7.753402820439553","56.304","9.203999999999994","5","10.540000000000003","16.359999999999992","16.359999999999992","40.71","99.28","28.75","85.68","1","2","1","1","34.730000000000004","4.627517693105019","93.296","5.274275684868964","6"
"rx_go","OK","253.7356360000001","1.3014395186348597","64.101","84.3115","18.171999999999997","13.963000000000008","64.27000000000001","73.187","55.015","91.293","77.33","0","25.330000000000013","13.840000000000009","83.04000000000005","20.0192","0","0","1","0","6","0","0","32.135000000000005","0","0","0","0","0","7","_209de805ed570000_p_Net","0","1","0","1","0","0","0","0","0","0","6","_209de805ed570000_p_odb__dbNet","3.7536","0.0","0.0","8.758400000000002","6.256","1.44476131362012","37.536","11.616666666666681","6","9.39","25.330000000000013","25.330000000000013","73.37","88.4","54.97","77.52","1","2","3","0","62.79","5.436310023045659","83.41333333333333","4.555943614908141","7"
"rx_sio_ce","OK","112.13676499999998","2.601827874698885","68.5255","86.0525","17.081000000000003","6.564999999999998","47.292","77.066","59.985","89.335","82.77","0","26.37000000000001","22.26000000000001","89.04000000000003","20.0192","0","0","1","0","4","0","0","23.646","0","0","1","0","0","5","_989de805ed570000_p_Net","0","1","0","1","0","0","0","0","0","0","4","_989de805ed570000_p_odb__dbNet","3.7536","0.0","0.0","6.256","5.6304","1.0835709852150897","22.5216","22.260000000000026","4","19.97","26.37000000000001","26.37000000000001","63.25","88.4","59.57","82.96","0","1","3","0","61.63999999999999","1.3606983501129115","84.99999999999999","2.2553048574416774","5"
"rx_sio_ce_d","OK","38.94196199999996","1.3936814223621465","87.2735","88.493","7.36699999999999","5.286000000000001","25.305999999999983","90.957","83.59","91.136","85.85","0","15.099999999999994","15.099999999999994","15.099999999999994","5.0048","0","0","0","0","1","0","0","12.652999999999992","0","0","1","0","0","2","_109ee805ed570000_p_Net","0","0","0","1","1","0","0","0","0","0","1","_109ee805ed570000_p_odb__dbNet","0.0","20.0192","0.0","20.0192","20.0192","","20.0192","15.099999999999994","1","15.099999999999994","15.099999999999994","15.099999999999994","81.42","85.68","81.42","85.68","0","0","1","0","81.42","","85.68","","2"
"rx_sio_ce_r1","OK","34.82942200000003","1.178223284683052","81.189","88.5715","6.405999999999992","5.437000000000012","23.686000000000007","84.392","77.986","91.29","85.853","0","7.739999999999995","7.184999999999995","14.36999999999999","20.0192","0","0","1","0","2","0","0","11.843000000000004","0","0","1","1","0","3","_889ee805ed570000_p_Net","0","0","0","1","1","0","0","0","0","0","2","_889ee805ed570000_p_odb__dbNet","0.0","20.0192","0.0","20.0192","13.1376","6.881600000000001","26.2752","7.185000000000002","2","6.6299999999999955","7.739999999999995","7.739999999999995","85.33","91.12","83.72","88.4","1","0","0","1","84.525","0.8049999999999997","89.76","1.3599999999999994","3"
"rx_sio_ce_r2","OK","5.599198000000022","0.5987573575543628","86.23750000000001","89.76400000000001","1.831000000000003","3.058000000000007","9.77800000000002","87.153","85.322","91.293","88.235","0","4.329999999999998","4.329999999999998","4.329999999999998","20.0192","0","0","1","0","1","0","0","4.88900000000001","0","0","1","0","0","2","_009fe805ed570000_p_Net","0","0","0","1","0","0","0","0","0","0","1","_009fe805ed570000_p_odb__dbNet","0.0","0.0","0.0","6.256","6.256","","6.256","4.329999999999998","1","4.329999999999998","4.329999999999998","4.329999999999998","85.33","88.4","85.33","88.4","0","0","1","0","85.33","","88.4","","2"
"rx_valid","OK","14.685369999999995","0.49714811398396486","43.801","99.4475","2.701999999999998","5.435000000000002","16.274","45.152","42.45","102.165","96.73","0","4.560000000000002","4.445","8.89","20.0192","0","0","1","0","2","0","0","8.137","0","0","0","1","0","3","_789fe805ed570000_p_Net","0","0","0","1","1","0","0","0","0","0","2","_789fe805ed570000_p_odb__dbNet","0.0","20.0192","0.0","20.0192","13.1376","6.881600000000001","26.2752","1.7250000000000014","2","4.329999999999998","4.560000000000002","4.560000000000002","44.85","102.0","44.62","96.56","1","0","0","1","44.735","0.11500000000000199","99.28","2.719999999999999","3"
"rx_valid_r","OK","12.591375999999993","0.4267304859302773","46.894","99.44900000000001","2.317999999999998","5.432000000000002","15.5","48.053","45.735","102.165","96.733","0","5.670000000000002","5.670000000000002","5.670000000000002","20.0192","0","0","1","0","1","0","0","7.75","0","0","0","0","0","2","_f09fe805ed570000_p_Net","0","0","0","1","0","0","0","0","0","0","1","_f09fe805ed570000_p_odb__dbNet","0.0","0.0","0.0","6.256","6.256","","6.256","5.670000000000002","1","5.670000000000002","5.670000000000002","5.670000000000002","44.85","102.0","44.85","102.0","0","1","0","0","44.85","","102.0","","2"
"rxd_i","OK","9.136350000000002","1.3832684819520356","2.1775","41.065","3.555","2.5700000000000003","12.25","3.955","0.4","42.35","39.78","1","","","","","0","0","0","0","1","1","0","6.125","0","0","0","0","0","1","_68a0e805ed570000_p_Net","0","1","0","1","0","0","0","0","1","0","1","_68a0e805ed570000_p_odb__dbNet","3.7536","0.0","0.0","3.7536","3.7536","","3.7536","","1","","","","4.37","42.16","4.37","42.16","1","0","0","0","4.37","","42.16","","2"
"rxd_r","OK","156.50398400000017","0.610656505677391","79.61","80.2355","9.77600000000001","16.009","51.57000000000002","84.498","74.722","88.24","72.231","0","24.87000000000002","15.890000000000006","47.670000000000016","20.0192","0","0","1","0","3","0","0","25.78500000000001","0","0","0","0","0","4","_e0a0e805ed570000_p_Net","0","0","0","1","0","0","0","0","0","0","3","_e0a0e805ed570000_p_odb__dbNet","0.0","0.0","0.0","8.758400000000002","7.090133333333334","1.1796426728274783","21.270400000000002","13.923333333333332","3","19.85000000000001","24.87000000000002","24.87000000000002","84.87","88.4","73.37","72.08","0","1","0","2","80.27","4.968567868779358","78.42666666666668","7.139100472437379","4"
"rxd_s","OK","590.1488160000001","0.5182847320851625","73.8175","72.458","17.489000000000004","33.744","102.46600000000001","82.562","65.073","89.33","55.586","0","44.37000000000001","39.598","197.98999999999998","20.0192","0","0","1","0","5","0","0","51.233000000000004","0","0","0","1","0","6","_58a1e805ed570000_p_Net","0","0","0","1","1","0","0","1","0","0","5","_58a1e805ed570000_p_odb__dbNet","0.0","20.0192","3.7536","30.0288","13.763200000000001","9.851958651963578","68.816","39.598000000000006","5","39.96999999999999","44.37000000000001","44.37000000000001","82.57","88.4","68.08","74.8","2","3","0","0","75.67","5.298992357042987","81.328","5.6008227966969315","6"
"shift_en","OK","90.16480000000003","3.035596329718237","90.874","61.395","16.543999999999997","5.450000000000003","43.988","99.146","82.602","64.12","58.67","0","22.269999999999996","16.817500000000003","67.27000000000001","20.0192","0","0","1","0","4","0","0","21.994","0","0","1","0","0","5","_d0a1e805ed570000_p_Net","0","1","0","1","0","0","0","0","0","0","4","_d0a1e805ed570000_p_odb__dbNet","3.7536","0.0","0.0","8.758400000000002","5.3176000000000005","2.0511667704016663","21.270400000000002","15.457499999999996","4","18.59000000000001","22.269999999999996","22.269999999999996","94.99","63.92","83.03","58.48","0","2","1","1","87.80250000000001","4.398280203670518","61.88000000000001","2.255304857441674","5"
"shift_en_r","OK","12.62914800000002","0.42472033735105097","75.875","61.3665","2.3160000000000025","5.453000000000003","15.538000000000011","77.033","74.717","64.093","58.64","0","7.050000000000004","5.2300000000000075","10.460000000000015","20.0192","0","0","1","0","2","0","0","7.7690000000000055","0","0","0","0","0","3","_48a2e805ed570000_p_Net","0","0","0","1","0","0","0","0","0","0","2","_48a2e805ed570000_p_odb__dbNet","0.0","0.0","0.0","3.7536","3.7536","0.0","7.5072","5.230000000000004","2","3.410000000000011","7.050000000000004","7.050000000000004","75.21","61.2","74.29","58.48","0","0","2","0","74.75","0.45999999999999375","59.84","1.360000000000003","3"
"sio_ce","OK","3066.4660499999995","2.4318501829785455","43.5775","70.985","86.35499999999999","35.51","243.72999999999996","86.755","0.4","88.74","53.23","1","","","","","0","0","0","0","8","1","0","121.86499999999998","0","0","1","0","0","8","_c0a2e805ed570000_p_Net","0","8","0","1","0","0","0","0","1","0","8","_c0a2e805ed570000_p_odb__dbNet","30.028799999999997","0.0","0.0","3.7536","3.7535999999999996","4.440892098500626e-16","30.028799999999997","","8","","","","87.17","72.08","72.91","53.04","1","0","0","7","82.57","4.424138334184412","61.54","6.148268048808543","9"
"sio_ce_x4","OK","2299.5592500000002","4.008977035323215","48.407500000000006","87.11500000000001","96.015","23.950000000000003","239.93","96.415","0.4","99.09","75.14","1","","","","","0","0","0","0","8","1","0","119.965","0","0","1","0","0","8","_38a3e805ed570000_p_Net","0","8","0","1","0","0","0","0","1","0","8","_38a3e805ed570000_p_odb__dbNet","30.028799999999997","0.0","0.0","3.7536","3.7535999999999996","4.440892098500626e-16","30.028799999999997","","8","","","","96.83","99.28","80.73","77.52","5","0","0","3","89.5275","4.665302107045156","88.4","8.04586850501548","9"
"tx_bit_cnt[0]","OK","107.35397699999987","1.1244499026584334","92.6185","61.5805","10.986999999999995","9.770999999999994","41.51599999999998","98.112","87.125","66.466","56.695","0","16.630000000000003","10.949999999999998","43.79999999999999","20.0192","0","0","1","0","4","0","0","20.75799999999999","1","0","0","0","0","5","_b0a3e805ed570000_p_Net","0","0","0","1","0","0","0","0","0","0","4","_b0a3e805ed570000_p_odb__dbNet","0.0","0.0","0.0","8.758400000000002","6.256","1.5324007830851567","25.024","7.385000000000005","4","9.159999999999997","16.630000000000003","16.630000000000003","97.98","63.92","86.48","55.76","0","1","1","2","91.655","4.9503459475071026","60.519999999999996","2.9640512816076594","5"
"tx_bit_cnt[1]","OK","83.02368000000011","0.7479119209616645","96.6","55.414","7.88000000000001","10.536000000000001","36.83200000000002","100.54","92.66","60.682","50.146","0","12.989999999999995","10.549999999999999","31.65","20.0192","0","0","1","0","3","0","0","18.41600000000001","1","0","0","0","0","4","_28a4e805ed570000_p_Net","0","0","0","1","0","0","0","0","0","0","3","_28a4e805ed570000_p_odb__dbNet","0.0","0.0","0.0","8.758400000000002","5.421866666666667","2.359285345654956","16.265600000000003","7.329999999999998","3","12.030000000000008","12.989999999999995","12.989999999999995","100.97","61.2","92.23","53.04","1","1","1","0","96.06333333333333","3.647915691033563","57.57333333333333","3.392436030675041","4"
"tx_bit_cnt[2]","OK","101.90126100000003","0.3004289514958773","104.16650000000001","56.9935","5.533000000000001","18.417","47.900000000000006","106.933","101.4","66.202","47.785","0","18.160000000000004","11.982499999999998","47.92999999999999","20.0192","0","0","1","0","4","0","0","23.950000000000003","1","0","0","0","0","5","_100ce905ed570000_p_Net","0","0","0","1","0","0","0","0","0","0","4","_100ce905ed570000_p_odb__dbNet","0.0","0.0","0.0","8.758400000000002","6.5688","2.2338388124482043","26.2752","10.622500000000002","4","10.689999999999998","18.160000000000004","18.160000000000004","102.81","66.64","100.97","47.6","0","3","1","0","101.7175","0.6779150020467174","59.160000000000004","7.292187600439253","5"
"tx_bit_cnt[3]","OK","29.631602","0.24912891983778362","100.01849999999999","66.453","2.7169999999999987","10.906000000000006","27.24600000000001","101.377","98.66","71.906","61.0","0","15.019999999999996","9.923333333333332","29.769999999999996","20.0192","0","0","1","0","3","0","0","13.623000000000005","1","0","0","0","0","4","_880ce905ed570000_p_Net","0","0","0","1","0","0","0","0","0","0","3","_880ce905ed570000_p_odb__dbNet","0.0","0.0","0.0","8.758400000000002","6.256","1.7694640092412173","18.768","9.92333333333334","3","8.849999999999994","15.019999999999996","15.019999999999996","101.66","66.64","97.98","61.2","1","0","1","1","100.35666666666667","1.6831782106743434","63.919999999999995","2.220870700123414","4"
"tx_fifo.gb","OK","21.261349999999993","0.292551319613777","40.133","38.082499999999996","2.4939999999999998","8.524999999999999","22.037999999999997","41.38","38.886","42.345","33.82","0","7.780000000000001","6.309999999999998","18.929999999999993","20.0192","0","0","1","0","3","0","0","11.018999999999998","0","0","0","0","0","4","_000de905ed570000_p_Net","0","0","0","1","0","0","0","0","0","0","3","_000de905ed570000_p_odb__dbNet","0.0","0.0","0.0","16.265600000000003","12.92906666666667","2.5709716001715957","38.787200000000006","4.343333333333334","3","5.669999999999995","7.780000000000001","7.780000000000001","42.55","42.16","37.26","34.0","1","1","1","0","39.79","2.165748523413248","38.53333333333333","3.392436030675039","4"
"tx_fifo.mem[0][0]","OK","4.814580999999996","0.5165411069385708","78.1185","8.3285","1.5769999999999982","3.053000000000001","9.259999999999998","78.907","77.33","9.855","6.802","0","8.469999999999999","8.469999999999999","8.469999999999999","30.0288","0","0","0","0","1","0","0","4.629999999999999","1","0","0","0","0","2","_780de905ed570000_p_Net","0","0","0","1","0","0","0","0","0","0","1","_780de905ed570000_p_odb__dbNet","0.0","0.0","0.0","6.256","6.256","","6.256","8.469999999999999","1","8.469999999999999","8.469999999999999","8.469999999999999","77.97","9.52","77.97","9.52","0","1","0","0","77.97","","9.52","","2"
"tx_fifo.mem[0][1]","OK","0.21023600000000056","1.8402366809460395","52.341","26.006","0.6219999999999999","0.33800000000000097","1.9200000000000017","52.652","52.03","26.175","25.837","0","6.670000000000002","6.670000000000002","6.670000000000002","30.0288","0","0","0","0","1","0","0","0.9600000000000009","1","0","0","0","0","2","_f00de905ed570000_p_Net","0","0","0","1","0","0","0","0","0","0","1","_f00de905ed570000_p_odb__dbNet","0.0","0.0","0.0","6.256","6.256","","6.256","6.670000000000002","1","6.670000000000002","6.670000000000002","6.670000000000002","53.59","25.84","53.59","25.84","0","0","0","1","53.59","","25.84","","2"
"tx_fifo.mem[0][2]","OK","20.90976599999997","0.2898857882621112","46.821","11.0485","2.461999999999996","8.493","21.909999999999993","48.052","45.59","15.295","6.802","0","16.670000000000005","16.670000000000005","16.670000000000005","30.0288","0","0","0","0","1","0","0","10.954999999999997","1","0","0","0","0","2","_680ee905ed570000_p_Net","0","0","0","1","0","0","0","0","0","0","1","_680ee905ed570000_p_odb__dbNet","0.0","0.0","0.0","6.256","6.256","","6.256","16.670000000000005","1","16.670000000000005","16.670000000000005","16.670000000000005","48.99","14.96","48.99","14.96","1","0","0","0","48.99","","14.96","","2"
"tx_fifo.mem[0][3]","OK","7.868826000000007","0.30217519100486506","97.881","9.3535","1.5420000000000016","5.103","13.290000000000003","98.652","97.11","11.905","6.802","0","13.030000000000005","13.030000000000005","13.030000000000005","30.0288","0","0","0","0","1","0","0","6.645000000000001","1","0","0","0","0","2","_e00ee905ed570000_p_Net","0","0","0","1","0","0","0","0","0","0","1","_e00ee905ed570000_p_odb__dbNet","0.0","0.0","0.0","6.256","6.256","","6.256","13.030000000000005","1","13.030000000000005","13.030000000000005","13.030000000000005","99.59","12.24","99.59","12.24","1","0","0","0","99.59","","12.24","","2"
"tx_fifo.mem[0][4]","OK","0.20961400000000202","1.8456973238999894","58.321","33.8335","0.6219999999999999","0.3370000000000033","1.9180000000000064","58.632","58.01","34.002","33.665","0","6.670000000000002","6.670000000000002","6.670000000000002","30.0288","0","0","0","0","1","0","0","0.9590000000000032","1","0","0","0","0","2","_580fe905ed570000_p_Net","0","0","0","1","0","0","0","0","0","0","1","_580fe905ed570000_p_odb__dbNet","0.0","0.0","0.0","6.256","6.256","","6.256","6.670000000000002","1","6.670000000000002","6.670000000000002","6.670000000000002","59.57","34.0","59.57","34.0","1","0","0","0","59.57","","34.0","","2"
"tx_fifo.mem[0][5]","OK","0.20961400000000202","1.8456973238999894","77.18100000000001","33.8335","0.6219999999999999","0.3370000000000033","1.9180000000000064","77.492","76.87","34.002","33.665","0","6.670000000000002","6.670000000000002","6.670000000000002","30.0288","0","0","0","0","1","0","0","0.9590000000000032","1","0","0","0","0","2","_d00fe905ed570000_p_Net","0","0","0","1","0","0","0","0","0","0","1","_d00fe905ed570000_p_odb__dbNet","0.0","0.0","0.0","6.256","6.256","","6.256","6.670000000000002","1","6.670000000000002","6.670000000000002","6.670000000000002","78.43","34.0","78.43","34.0","1","0","0","0","78.43","","34.0","","2"
"tx_fifo.mem[0][6]","OK","8.072834000000013","1.4168412226992724","100.181","27.3685","3.382000000000005","2.3870000000000005","11.538000000000011","101.872","98.49","28.562","26.175","0","12.150000000000006","12.150000000000006","12.150000000000006","30.0288","0","0","0","0","1","0","0","5.7690000000000055","1","0","0","0","0","2","_4810e905ed570000_p_Net","0","0","0","1","0","0","0","0","0","0","1","_4810e905ed570000_p_odb__dbNet","0.0","0.0","0.0","6.256","6.256","","6.256","12.150000000000006","1","12.150000000000006","12.150000000000006","12.150000000000006","102.81","25.84","102.81","25.84","0","0","0","1","102.81","","25.84","","2"
"tx_fifo.mem[0][7]","OK","22.199076000000023","0.664935963886304","30.031","23.286","3.8420000000000023","5.778000000000002","19.24000000000001","31.952","28.11","26.175","20.397","0","15.330000000000002","15.330000000000002","15.330000000000002","30.0288","0","0","0","0","1","0","0","9.620000000000005","1","0","0","0","0","2","_c010e905ed570000_p_Net","0","0","0","1","0","0","0","0","0","0","1","_c010e905ed570000_p_odb__dbNet","0.0","0.0","0.0","6.256","6.256","","6.256","15.330000000000002","1","15.330000000000002","15.330000000000002","15.330000000000002","32.89","25.84","32.89","25.84","1","0","0","0","32.89","","25.84","","2"
"tx_fifo.mem[1][0]","OK","2.9897550000000055","0.469678953440477","73.5175","10.7785","1.1850000000000023","2.5229999999999997","7.416000000000004","74.11","72.925","12.04","9.517","0","7.090000000000005","7.090000000000005","7.090000000000005","30.0288","0","0","0","0","1","0","0","3.708000000000002","1","0","0","0","0","2","_3811e905ed570000_p_Net","0","0","0","1","0","0","0","0","0","0","1","_3811e905ed570000_p_odb__dbNet","0.0","0.0","0.0","8.758400000000002","8.758400000000002","","8.758400000000002","7.090000000000005","1","7.090000000000005","7.090000000000005","7.090000000000005","73.37","12.24","73.37","12.24","0","1","0","0","73.37","","12.24","","2"
"tx_fifo.mem[1][1]","OK","0.31814999999999627","7.797029664371189","52.817499999999995","23.021","1.5749999999999957","0.20199999999999818","3.553999999999988","53.605","52.03","23.122","22.92","0","7.1299999999999955","7.1299999999999955","7.1299999999999955","30.0288","0","0","0","0","1","0","0","1.776999999999994","1","0","0","0","0","2","_b011e905ed570000_p_Net","0","0","0","1","0","0","0","0","0","0","1","_b011e905ed570000_p_odb__dbNet","0.0","0.0","0.0","8.758400000000002","8.758400000000002","","8.758400000000002","7.1299999999999955","1","7.1299999999999955","7.1299999999999955","7.1299999999999955","54.05","23.12","54.05","23.12","1","0","0","0","54.05","","23.12","","2"
"tx_fifo.mem[1][2]","OK","0.3197250000000024","7.7586206514353355","47.2975","9.618500000000001","1.5750000000000028","0.20300000000000118","3.556000000000008","48.085","46.51","9.72","9.517","0","7.130000000000003","7.130000000000003","7.130000000000003","30.0288","0","0","0","0","1","0","0","1.778000000000004","1","0","0","0","0","2","_2812e905ed570000_p_Net","0","0","0","1","0","0","0","0","0","0","1","_2812e905ed570000_p_odb__dbNet","0.0","0.0","0.0","8.758400000000002","8.758400000000002","","8.758400000000002","7.130000000000003","1","7.130000000000003","7.130000000000003","7.130000000000003","48.53","9.52","48.53","9.52","0","0","0","1","48.53","","9.52","","2"
"tx_fifo.mem[1][3]","OK","9.28273499999998","0.29151160724942127","94.44749999999999","12.3385","1.644999999999996","5.643000000000001","14.575999999999993","95.27","93.625","15.16","9.517","0","9.349999999999998","9.349999999999998","9.349999999999998","30.0288","0","0","0","0","1","0","0","7.287999999999997","1","0","0","0","0","2","_a012e905ed570000_p_Net","0","0","0","1","0","0","0","0","0","0","1","_a012e905ed570000_p_odb__dbNet","0.0","0.0","0.0","8.758400000000002","8.758400000000002","","8.758400000000002","9.349999999999998","1","9.349999999999998","9.349999999999998","9.349999999999998","94.07","14.96","94.07","14.96","0","1","0","0","94.07","","14.96","","2"
"tx_fifo.mem[1][4]","OK","8.091165000000005","0.2950162306100794","59.2425","34.0985","1.5450000000000017","5.236999999999998","13.564","60.015","58.47","36.717","31.48","0","11.649999999999999","11.649999999999999","11.649999999999999","30.0288","0","0","0","0","1","0","0","6.782","1","0","0","0","0","2","_1813e905ed570000_p_Net","0","0","0","1","0","0","0","0","0","0","1","_1813e905ed570000_p_odb__dbNet","0.0","0.0","0.0","8.758400000000002","8.758400000000002","","8.758400000000002","11.649999999999999","1","11.649999999999999","11.649999999999999","11.649999999999999","59.57","31.28","59.57","31.28","0","0","0","1","59.57","","31.28","","2"
"tx_fifo.mem[1][5]","OK","0.5003950000000051","12.142857083039884","79.02250000000001","36.8185","2.464999999999989","0.20300000000000296","5.335999999999984","80.255","77.79","36.92","36.717","0","7.1299999999999955","7.1299999999999955","7.1299999999999955","30.0288","0","0","0","0","1","0","0","2.667999999999992","1","0","0","0","0","2","_9013e905ed570000_p_Net","0","0","0","1","0","0","0","0","0","0","1","_9013e905ed570000_p_odb__dbNet","0.0","0.0","0.0","8.758400000000002","8.758400000000002","","8.758400000000002","7.1299999999999955","1","7.1299999999999955","7.1299999999999955","7.1299999999999955","79.81","36.72","79.81","36.72","0","0","0","1","79.81","","36.72","","2"
"tx_fifo.mem[1][6]","OK","20.293375000000008","0.7399274392323986","97.6675","28.6585","3.875","5.237000000000002","18.224000000000004","99.605","95.73","31.277","26.04","0","14.869999999999994","14.869999999999994","14.869999999999994","30.0288","0","0","0","0","1","0","0","9.112000000000002","1","0","0","0","0","2","_0814e905ed570000_p_Net","0","0","0","1","0","0","0","0","0","0","1","_0814e905ed570000_p_odb__dbNet","0.0","0.0","0.0","8.758400000000002","8.758400000000002","","8.758400000000002","14.869999999999994","1","14.869999999999994","14.869999999999994","14.869999999999994","100.05","25.84","100.05","25.84","0","0","0","1","100.05","","25.84","","2"
"tx_fifo.mem[1][7]","OK","3.115035000000045","75.59113263255489","24.7425","20.4985","15.344999999999999","0.20300000000000296","31.096000000000004","32.415","17.07","20.6","20.397","0","20.009999999999998","20.009999999999998","20.009999999999998","30.0288","0","0","0","0","1","0","0","15.548000000000002","1","0","0","0","0","2","_8014e905ed570000_p_Net","0","0","0","1","0","0","0","0","0","0","1","_8014e905ed570000_p_odb__dbNet","0.0","0.0","0.0","8.758400000000002","8.758400000000002","","8.758400000000002","20.009999999999998","1","20.009999999999998","20.009999999999998","20.009999999999998","31.97","20.4","31.97","20.4","0","0","0","1","31.97","","20.4","","2"
"tx_fifo.mem[2][0]","OK","7.554780000000051","209.27368310908446","35.571","9.612","39.762","0.19000000000000128","79.904","55.452","15.69","9.707","9.517","0","46.46","46.46","46.46","30.0288","0","0","0","0","1","0","0","39.952","1","0","0","0","0","2","_f814e905ed570000_p_Net","0","0","0","1","0","0","0","0","0","0","1","_f814e905ed570000_p_odb__dbNet","0.0","0.0","0.0","10.0096","10.0096","","10.0096","46.46","1","46.46","46.46","46.46","57.04","9.52","57.04","9.52","0","0","0","1","57.04","","9.52","","2"
"tx_fifo.mem[2][1]","OK","0.38798000000000293","10.747368364487471","30.511","23.027","2.0420000000000016","0.19000000000000128","4.464000000000006","31.532","29.49","23.122","22.932","0","8.739999999999998","8.739999999999998","8.739999999999998","30.0288","0","0","0","0","1","0","0","2.232000000000003","1","0","0","0","0","2","_7015e905ed570000_p_Net","0","0","0","1","0","0","0","0","0","0","1","_7015e905ed570000_p_odb__dbNet","0.0","0.0","0.0","10.0096","10.0096","","10.0096","8.739999999999998","1","8.739999999999998","8.739999999999998","8.739999999999998","33.12","23.12","33.12","23.12","1","0","0","0","33.12","","23.12","","2"
"tx_fifo.mem[2][2]","OK","39.33951000000002","4.661617898567427","22.461","8.2545","13.542","2.905000000000001","32.894000000000005","29.232","15.69","9.707","6.802","0","22.96","22.96","22.96","30.0288","0","0","0","0","1","0","0","16.447000000000003","1","0","0","0","0","2","_e815e905ed570000_p_Net","0","0","0","1","0","0","0","0","0","0","1","_e815e905ed570000_p_odb__dbNet","0.0","0.0","0.0","10.0096","10.0096","","10.0096","22.96","1","22.96","22.96","22.96","30.82","9.52","30.82","9.52","1","0","0","0","30.82","","9.52","","2"
"tx_fifo.mem[2][3]","OK","0.38798000000000293","10.747368364487471","84.331","23.027","2.0420000000000016","0.19000000000000128","4.464000000000006","85.352","83.31","23.122","22.932","0","8.739999999999995","8.739999999999995","8.739999999999995","30.0288","0","0","0","0","1","0","0","2.232000000000003","1","0","0","0","0","2","_6016e905ed570000_p_Net","0","0","0","1","0","0","0","0","0","0","1","_6016e905ed570000_p_odb__dbNet","0.0","0.0","0.0","10.0096","10.0096","","10.0096","8.739999999999995","1","8.739999999999995","8.739999999999995","8.739999999999995","86.94","23.12","86.94","23.12","1","0","0","0","86.94","","23.12","","2"
"tx_fifo.mem[2][4]","OK","3.259409999999993","0.38623063670009344","62.711","40.704499999999996","1.1219999999999999","2.904999999999994","8.053999999999988","63.272","62.15","42.157","39.252","0","10.54","10.54","10.54","30.0288","0","0","0","0","1","0","0","4.026999999999994","1","0","0","0","0","2","_d816e905ed570000_p_Net","0","0","0","1","0","0","0","0","0","0","1","_d816e905ed570000_p_odb__dbNet","0.0","0.0","0.0","10.0096","10.0096","","10.0096","10.54","1","10.54","10.54","10.54","64.86","39.44","64.86","39.44","0","0","0","1","64.86","","39.44","","2"
"tx_fifo.mem[2][5]","OK","0.6540299999999879","0.10177514788884448","73.981","43.6145","0.25799999999999557","2.5349999999999966","5.585999999999984","74.11","73.852","44.882","42.347","0","9.160000000000004","9.160000000000004","9.160000000000004","30.0288","0","0","0","0","1","0","0","2.792999999999992","1","0","0","0","0","2","_5017e905ed570000_p_Net","0","0","0","1","0","0","0","0","0","0","1","_5017e905ed570000_p_odb__dbNet","0.0","0.0","0.0","10.0096","10.0096","","10.0096","9.160000000000004","1","9.160000000000004","9.160000000000004","9.160000000000004","75.44","42.16","75.44","42.16","0","0","0","1","75.44","","42.16","","2"
"tx_fifo.mem[2][6]","OK","15.466769999999995","0.0813928182748355","100.43100000000001","35.2645","1.1219999999999999","13.784999999999997","29.813999999999993","100.992","99.87","42.157","28.372","0","21.41999999999999","21.41999999999999","21.41999999999999","30.0288","0","0","0","0","1","0","0","14.906999999999996","1","0","0","0","0","2","_c817e905ed570000_p_Net","0","0","0","1","0","0","0","0","0","0","1","_c817e905ed570000_p_odb__dbNet","0.0","0.0","0.0","10.0096","10.0096","","10.0096","21.41999999999999","1","21.41999999999999","21.41999999999999","21.41999999999999","102.58","28.56","102.58","28.56","0","0","0","1","102.58","","28.56","","2"
"tx_fifo.mem[2][7]","OK","28.49846999999998","4.434714002195381","21.311","16.4145","11.241999999999999","2.5349999999999984","27.553999999999995","26.932","15.69","17.682","15.147","0","20.659999999999997","20.659999999999997","20.659999999999997","30.0288","0","0","0","0","1","0","0","13.776999999999997","1","0","0","0","0","2","_4018e905ed570000_p_Net","0","0","0","1","0","0","0","0","0","0","1","_4018e905ed570000_p_odb__dbNet","0.0","0.0","0.0","10.0096","10.0096","","10.0096","20.659999999999997","1","20.659999999999997","20.659999999999997","20.659999999999997","28.52","14.96","28.52","14.96","0","0","0","1","28.52","","14.96","","2"
"tx_fifo.mem[3][0]","OK","68.19891600000003","9.137262075718422","43.811499999999995","10.876000000000001","24.963","2.732000000000001","55.39","56.293","31.33","12.242","9.51","0","33.54","33.54","33.54","30.0288","0","0","0","0","1","0","0","27.695","1","0","0","0","0","2","_b818e905ed570000_p_Net","0","0","0","1","0","0","0","0","0","0","1","_b818e905ed570000_p_odb__dbNet","0.0","0.0","0.0","10.0096","10.0096","","10.0096","33.54","1","33.54","33.54","33.54","57.04","9.52","57.04","9.52","0","0","0","1","57.04","","9.52","","2"
"tx_fifo.mem[3][1]","OK","2.824443999999996","0.3851550958695882","31.851499999999998","24.483","1.0429999999999993","2.7079999999999984","7.501999999999995","32.373","31.33","25.837","23.129","0","9.619999999999997","9.619999999999997","9.619999999999997","30.0288","0","0","0","0","1","0","0","3.7509999999999977","1","0","0","0","0","2","_3019e905ed570000_p_Net","0","0","0","1","0","0","0","0","0","0","1","_3019e905ed570000_p_odb__dbNet","0.0","0.0","0.0","10.0096","10.0096","","10.0096","9.619999999999997","1","9.619999999999997","9.619999999999997","9.619999999999997","33.12","23.12","33.12","23.12","0","0","0","1","33.12","","23.12","","2"
"tx_fifo.mem[3][2]","OK","0.01696099999999922","346.14280769390103","28.8615","9.5135","2.423000000000002","0.006999999999999673","4.860000000000003","30.073","27.65","9.517","9.51","0","8.280000000000001","8.280000000000001","8.280000000000001","30.0288","0","0","0","0","1","0","0","2.4300000000000015","1","0","0","0","0","2","_a819e905ed570000_p_Net","0","0","0","1","0","0","0","0","0","0","1","_a819e905ed570000_p_odb__dbNet","0.0","0.0","0.0","10.0096","10.0096","","10.0096","8.280000000000001","1","8.280000000000001","8.280000000000001","8.280000000000001","30.82","9.52","30.82","9.52","1","0","0","0","30.82","","9.52","","2"
"tx_fifo.mem[3][3]","OK","0.3360360000000131","0.04502196191617224","86.13149999999999","21.762999999999998","0.12300000000000466","2.732000000000003","5.710000000000015","86.193","86.07","23.129","20.397","0","8.700000000000006","8.700000000000006","8.700000000000006","30.0288","0","0","0","0","1","0","0","2.8550000000000075","1","0","0","0","0","2","_201ae905ed570000_p_Net","0","0","0","1","0","0","0","0","0","0","1","_201ae905ed570000_p_odb__dbNet","0.0","0.0","0.0","10.0096","10.0096","","10.0096","8.700000000000006","1","8.700000000000006","8.700000000000006","8.700000000000006","86.94","23.12","86.94","23.12","1","0","0","0","86.94","","23.12","","2"
"tx_fifo.mem[3][4]","OK","2.745876000000028","0.041359842901158975","64.2815","43.522999999999996","0.3370000000000033","8.148000000000003","16.970000000000013","64.45","64.113","47.597","39.449","0","13.68","13.68","13.68","30.0288","0","0","0","0","1","0","0","8.485000000000007","1","0","0","0","0","2","_981ae905ed570000_p_Net","0","0","0","1","0","0","0","0","0","0","1","_981ae905ed570000_p_odb__dbNet","0.0","0.0","0.0","10.0096","10.0096","","10.0096","13.68","1","13.68","13.68","13.68","64.86","39.44","64.86","39.44","0","0","0","1","64.86","","39.44","","2"
"tx_fifo.mem[3][5]","OK","4.341258999999986","0.14631907469316643","75.0915","44.8735","0.796999999999997","5.447000000000003","12.488","75.49","74.693","47.597","42.15","0","10.500000000000007","10.500000000000007","10.500000000000007","30.0288","0","0","0","0","1","0","0","6.244","1","0","0","0","0","2","_101be905ed570000_p_Net","0","0","0","1","0","0","0","0","0","0","1","_101be905ed570000_p_odb__dbNet","0.0","0.0","0.0","10.0096","10.0096","","10.0096","10.500000000000007","1","10.500000000000007","10.500000000000007","10.500000000000007","75.44","42.16","75.44","42.16","0","0","0","1","75.44","","42.16","","2"
"tx_fifo.mem[3][6]","OK","48.67842100000005","0.41175388573422694","104.0715","34.0055","4.477000000000004","10.873000000000001","30.70000000000001","106.31","101.833","39.442","28.569","0","12.259999999999994","12.259999999999994","12.259999999999994","30.0288","0","0","0","0","1","0","0","15.350000000000005","1","0","0","0","0","2","_881be905ed570000_p_Net","0","0","0","1","0","0","0","0","0","0","1","_881be905ed570000_p_odb__dbNet","0.0","0.0","0.0","10.0096","10.0096","","10.0096","12.259999999999994","1","12.259999999999994","12.259999999999994","12.259999999999994","102.58","28.56","102.58","28.56","0","0","1","0","102.58","","28.56","","2"
"tx_fifo.mem[3][7]","OK","0.0169610000000035","346.1428076938127","26.561500000000002","14.9535","2.4229999999999983","0.0070000000000014495","4.859999999999999","27.773","25.35","14.957","14.95","0","8.280000000000001","8.280000000000001","8.280000000000001","30.0288","0","0","0","0","1","0","0","2.4299999999999997","1","0","0","0","0","2","_001ce905ed570000_p_Net","0","0","0","1","0","0","0","0","0","0","1","_001ce905ed570000_p_odb__dbNet","0.0","0.0","0.0","10.0096","10.0096","","10.0096","8.280000000000001","1","8.280000000000001","8.280000000000001","8.280000000000001","28.52","14.96","28.52","14.96","1","0","0","0","28.52","","14.96","","2"
"tx_fifo.rp[0]","OK","574.3143450000001","1.6341281270798462","88.8495","19.0215","30.635000000000005","18.747","98.76400000000001","104.167","73.532","28.395","9.648","0","42.04","19.969090909090905","219.65999999999997","28.777600000000003","0","0","1","0","11","0","0","49.382000000000005","1","0","0","0","0","12","_781ce905ed570000_p_Net","0","1","0","1","0","0","0","0","0","0","11","_781ce905ed570000_p_odb__dbNet","11.2608","0.0","0.0","11.2608","8.075927272727274","2.0911847381941655","88.83520000000001","19.007272727272735","11","19.619999999999994","30.319999999999993","42.04","102.81","28.56","73.37","9.52","4","2","2","3","91.85363636363635","10.610987678069003","19.41090909090909","6.985181008320991","12"
"tx_fifo.rp[1]","OK","1428.8976","1.9313602940466408","78.4435","25.402","52.532999999999994","27.200000000000003","159.466","104.71","52.177","39.002","11.802","0","62.59","33.60923076923077","436.92","28.777600000000003","0","0","1","0","13","0","0","79.733","1","0","0","0","0","14","_f01ce905ed570000_p_Net","0","1","0","1","0","0","0","0","0","0","13","_f01ce905ed570000_p_odb__dbNet","5.0048","0.0","0.0","8.758400000000002","7.025969230769234","1.8712390988879812","91.33760000000004","31.269230769230777","13","39.470000000000006","55.61000000000001","62.59","102.12","39.44","51.52","12.24","4","3","3","3","77.19153846153846","17.080271501244148","25.63076923076923","9.206153846153846","14"
"tx_fifo.wp[0]","OK","219.915","1.8646408838062025","19.13","36.89","20.25","10.86","62.22","29.255","9.005","42.32","31.46","0","20.199999999999996","12.828571428571426","89.79999999999998","26.2752","0","0","1","0","7","0","0","31.11","1","0","0","0","0","8","_681de905ed570000_p_Net","0","1","0","1","0","0","0","0","0","0","7","_681de905ed570000_p_odb__dbNet","3.7536","0.0","0.0","16.265600000000003","8.7584","4.176620512191303","61.308800000000005","11.065714285714291","7","11.459999999999999","20.199999999999996","20.199999999999996","29.67","42.16","8.51","31.28","2","0","3","2","19.155714285714286","8.028580833751482","36.71999999999999","3.2510218173895495","8"
"tx_fifo.wp[1]","OK","198.22531999999995","1.6776448940498951","17.79","31.474999999999998","18.236","10.869999999999997","58.211999999999996","26.908","8.672","36.91","26.04","0","22.92","11.198","55.99","26.2752","0","0","1","0","5","0","0","29.105999999999998","1","0","0","0","0","6","_e01de905ed570000_p_Net","0","1","0","1","0","0","0","0","0","0","5","_e01de905ed570000_p_odb__dbNet","3.7536","0.0","0.0","16.265600000000003","11.511040000000003","4.77427491525153","57.55520000000001","9.466000000000005","5","9.58","22.92","22.92","27.37","36.72","8.51","25.84","2","1","2","0","15.548000000000002","6.828482701156972","32.368","3.6895875108201452","6"
"txd_o","OK","1091.3401819999997","5.5096632083622525","39.1715","84.423","77.54299999999999","14.073999999999998","183.23399999999998","77.943","0.4","91.46","77.386","1","7.780000000000001","7.780000000000001","7.780000000000001","3.7536","1","0","0","0","2","1","0","91.61699999999999","0","0","0","0","0","2","_581ee905ed570000_p_Net","1","1","0","1","0","0","0","0","0","1","2","_581ee905ed570000_p_odb__dbNet","3.7536","0.0","0.0","3.7536","3.7536","","3.7536","7.780000000000001","1","7.780000000000001","7.780000000000001","7.780000000000001","73.37","80.24","73.37","80.24","0","0","0","1","73.37","","80.24","","3"
"txf_empty_r","OK","94.27509799999996","1.2944691819434648","55.4165","48.973","11.046999999999997","8.533999999999999","39.16199999999999","60.94","49.893","53.24","44.706","0","23.339999999999996","16.019999999999996","32.03999999999999","20.0192","0","0","1","0","2","0","0","19.580999999999996","0","0","0","0","0","3","_d01ee905ed570000_p_Net","0","0","0","1","0","0","0","0","0","0","2","_d01ee905ed570000_p_odb__dbNet","0.0","0.0","0.0","7.5072","6.256","1.2511999999999999","12.512","16.019999999999996","2","8.699999999999996","23.339999999999996","23.339999999999996","61.64","53.04","52.44","47.6","1","0","1","0","57.04","4.600000000000001","50.32","2.719999999999999","3"
"we_i","OK","52.24050000000008","9.5405982865211","11.5625","38.08","22.325000000000003","2.3400000000000034","49.33000000000001","22.725","0.4","39.25","36.91","1","","","","","0","0","0","0","5","1","0","24.665000000000006","0","0","0","0","0","5","_481fe905ed570000_p_Net","0","5","0","1","0","0","0","0","1","0","5","_481fe905ed570000_p_odb__dbNet","18.768","0.0","0.0","3.7536","3.7536","0.0","18.768","","5","","","","22.31","39.44","5.29","36.72","3","1","1","0","14.581999999999999","7.33927080846592","38.896","1.0879999999999996","6"
"VSS","OK","10200.76312","1.059497360418056","55.43","54.501","103.96","98.122","404.164","107.41","3.45","103.562","5.44","0","","","","","0","0","0","0","0","0","0","202.082","0","0","0","0","0","355","_3820e905ed570000_p_Net","0","0","0","0","0","355","0","0","0","0","0","_3820e905ed570000_p_odb__dbNet","0.0","0.0","0.0","","","","0.0","","0","","","","","","","","0","0","0","0","","","","","355"
"net270","OK","126.72652000000005","0.20564776022374953","34.2695","67.938","5.105000000000004","24.82399999999999","59.85799999999999","36.822","31.717","80.35","55.526","0","31.38","17.792500000000004","142.34000000000003","5.0048","1","0","0","0","8","0","0","29.928999999999995","0","0","0","0","0","9","_b020e905ed570000_p_Net","1","0","0","1","0","0","0","0","0","0","8","_b020e905ed570000_p_odb__dbNet","0.0","0.0","0.0","30.0288","30.028799999999997","3.552713678800501e-15","240.23039999999997","17.102500000000006","8","16.359999999999992","31.38","31.38","38.64","77.52","28.52","55.76","0","3","3","2","32.717499999999994","3.140468715016916","66.3","7.378861700831639","9"
"net271","OK","187.69426399999998","0.30458427327164905","45.921499999999995","62.498","7.561","24.823999999999998","64.77","49.702","42.141","74.91","50.086","0","29.08","19.63","117.77999999999999","5.0048","1","0","0","0","6","0","0","32.385","0","0","0","0","0","7","_2821e905ed570000_p_Net","1","0","0","1","0","0","0","0","0","0","6","_2821e905ed570000_p_odb__dbNet","0.0","0.0","0.0","30.0288","30.0288","0.0","180.1728","19.629999999999995","6","17.739999999999995","29.08","29.08","46.46","72.08","45.08","50.32","1","1","0","4","46.07666666666666","0.4909061915365193","59.38666666666666","7.309780358457353","7"
"net272","OK","1032.75067","1.6771307676132525","63.260999999999996","24.4795","41.617999999999995","24.815","132.86599999999999","84.07","42.452","36.887","12.072","0","33.190000000000005","23.272","116.36","5.0048","1","0","0","0","5","0","0","66.43299999999999","0","0","0","0","0","6","_a021e905ed570000_p_Net","1","0","0","1","0","0","0","0","0","0","5","_a021e905ed570000_p_odb__dbNet","0.0","0.0","0.0","8.758400000000002","8.508160000000002","0.5004800000000008","42.54080000000001","11.316000000000006","5","27.16999999999999","33.190000000000005","33.190000000000005","83.49","36.72","42.32","12.24","2","0","3","0","58.604","14.813428502544573","23.119999999999997","8.06882395396008","6"
"net273","OK","2139.552","2.891911764599562","48.047","23.353","78.66","27.200000000000003","211.72","87.377","8.717","36.953","9.753","0","93.02","49.97888888888889","449.81","7.5072","1","0","0","0","9","0","0","105.86","0","0","0","0","0","10","_1822e905ed570000_p_Net","1","0","0","1","0","0","0","0","0","0","9","_1822e905ed570000_p_odb__dbNet","0.0","0.0","0.0","30.0288","27.66542222222222","6.68464181268904","248.98879999999997","43.70999999999999","9","44.26","93.02","93.02","90.62","36.72","8.51","9.52","3","1","3","2","53.84555555555555","28.41809951856235","22.515555555555558","10.556168403261891","10"
"net274","OK","0.17347800000000654","22.9195399664412","35.293","96.64949999999999","1.9939999999999998","0.0870000000000033","4.162000000000006","36.29","34.296","96.693","96.606","0","2.299999999999997","2.299999999999997","2.299999999999997","3.7536","1","0","0","0","1","0","0","2.081000000000003","0","0","0","0","0","2","_9022e905ed570000_p_Net","1","0","0","1","0","0","0","0","0","0","1","_9022e905ed570000_p_odb__dbNet","0.0","0.0","0.0","8.758400000000002","8.758400000000002","","8.758400000000002","2.299999999999997","1","2.299999999999997","2.299999999999997","2.299999999999997","36.11","96.56","36.11","96.56","0","0","0","1","36.11","","96.56","","2"
"net201","OK","5.161683000000039","0.17082044748575345","99.16550000000001","88.5615","0.9390000000000072","5.497","12.872000000000014","99.635","98.696","91.31","85.813","0","7.280000000000001","7.280000000000001","7.280000000000001","3.7536","1","0","0","0","1","0","0","6.436000000000007","0","0","0","0","0","2","_0823e905ed570000_p_Net","1","1","0","1","0","0","0","0","0","0","1","_0823e905ed570000_p_odb__dbNet","3.7536","0.0","0.0","3.7536","3.7536","","3.7536","7.280000000000001","1","7.280000000000001","7.280000000000001","7.280000000000001","100.05","91.12","100.05","91.12","1","0","0","0","100.05","","91.12","","2"
"net295","OK","202.24728000000002","0.553463067558409","54.766999999999996","73.268","10.580000000000005","19.115999999999993","59.391999999999996","60.057","49.477","82.826","63.71","0","25.519999999999996","17.829999999999995","106.97999999999996","3.7536","1","0","0","0","6","0","0","29.695999999999998","0","0","0","0","0","7","_8023e905ed570000_p_Net","1","0","0","1","0","0","0","0","0","0","6","_8023e905ed570000_p_odb__dbNet","0.0","0.0","0.0","6.256","6.256","0.0","37.536","17.21666666666667","6","14.059999999999995","25.519999999999996","25.519999999999996","60.95","77.52","50.37","63.92","1","1","2","2","55.04666666666666","4.109361940198937","70.26666666666667","5.363912336676983","7"
"net284","OK","103.075775","1.418299120068235","37.581500000000005","38.082499999999996","12.091000000000001","8.524999999999999","41.232","43.627","31.536","42.345","33.82","0","14.219999999999995","12.934999999999995","25.86999999999999","3.7536","1","0","0","0","2","0","0","20.616","0","0","0","0","0","3","_f823e905ed570000_p_Net","1","0","0","1","0","0","0","0","0","0","2","_f823e905ed570000_p_odb__dbNet","0.0","0.0","0.0","16.265600000000003","14.388800000000002","1.8768000000000011","28.777600000000003","10.215","2","11.649999999999995","14.219999999999995","14.219999999999995","42.55","42.16","37.26","34.0","1","0","1","0","39.905","2.6449999999999996","38.08","4.079999999999998","3"
"net294","OK","143.86785","0.780699815780427","55.624","70.71950000000001","10.597999999999999","13.575000000000003","48.346000000000004","60.923","50.325","77.507","63.932","0","21.919999999999995","15.051999999999992","75.25999999999996","3.7536","1","0","0","0","5","0","0","24.173000000000002","0","0","0","0","0","6","_7024e905ed570000_p_Net","1","0","0","1","0","0","0","0","0","0","5","_7024e905ed570000_p_odb__dbNet","0.0","0.0","0.0","6.256","6.256","0.0","31.28","15.051999999999992","5","14.059999999999988","21.919999999999995","21.919999999999995","60.95","77.52","50.37","63.92","0","1","2","2","55.062","4.501423774762826","68.816","4.6796649452711865","6"
"net285","OK","84.56362199999991","1.0241003630434589","23.61","92.6015","9.306000000000001","9.086999999999989","36.78599999999998","28.263","18.957","97.145","88.058","0","12.379999999999999","9.495","37.98","3.7536","1","0","0","0","4","0","0","18.39299999999999","0","0","0","0","0","5","_e824e905ed570000_p_Net","1","0","0","1","0","0","0","0","0","0","4","_e824e905ed570000_p_odb__dbNet","0.0","0.0","0.0","8.758400000000002","6.881600000000001","2.074880468846339","27.526400000000002","6.775000000000009","4","8.7","12.379999999999999","12.379999999999999","27.83","96.56","19.09","88.4","0","2","1","1","22.654999999999998","3.2587842825200926","93.16","3.533383647440508","5"
"net287","OK","24.508800000000047","0.31081081077581013","39.805","16.32","2.760000000000005","8.88","23.280000000000012","41.185","38.425","20.76","11.88","0","5.669999999999995","4.62333333333333","13.869999999999992","3.7536","1","0","0","0","3","0","0","11.640000000000006","0","0","0","0","0","4","_6025e905ed570000_p_Net","1","0","0","1","0","0","0","0","0","0","3","_6025e905ed570000_p_odb__dbNet","0.0","0.0","0.0","5.0048","5.0048","0.0","15.014400000000002","2.6566666666666663","3","5.250000000000002","5.669999999999995","5.669999999999995","40.48","20.4","37.72","12.24","2","0","1","0","39.406666666666666","1.2073478740151447","16.773333333333333","3.3924360306750394","4"
"net290","OK","10.113300000000049","1.555294117037133","29.5","86.991","3.966000000000001","2.5500000000000114","13.032000000000025","31.483","27.517","88.266","85.716","0","5.939999999999998","5.939999999999998","5.939999999999998","3.7536","1","0","0","0","1","0","0","6.5160000000000124","0","0","0","0","0","2","_d825e905ed570000_p_Net","1","0","0","1","0","0","0","0","0","0","1","_d825e905ed570000_p_odb__dbNet","0.0","0.0","0.0","16.265600000000003","16.265600000000003","","16.265600000000003","5.939999999999998","1","5.939999999999998","5.939999999999998","5.939999999999998","28.75","85.68","28.75","85.68","0","0","1","0","28.75","","85.68","","2"
"net297","OK","6.133120000000027","4.889285709920263","21.394","36.345","5.476000000000003","1.1200000000000045","13.192000000000014","24.132","18.656","36.905","35.785","0","6.209999999999997","4.484999999999998","8.969999999999995","3.7536","1","0","0","0","2","0","0","6.596000000000007","0","0","0","0","0","3","_5026e905ed570000_p_Net","1","0","0","1","0","0","0","0","0","0","2","_5026e905ed570000_p_odb__dbNet","0.0","0.0","0.0","11.2608","9.384","1.8767999999999998","18.768","4.484999999999999","2","2.759999999999998","6.209999999999997","6.209999999999997","24.38","36.72","20.93","36.72","1","1","0","0","22.655","1.7249999999999996","36.72","0.0","3"
"net298","OK","6.589583999999996","1.1326699829466544","31.522","38.099999999999994","2.7319999999999993","2.411999999999999","10.287999999999997","32.888","30.156","39.306","36.894","0","6.399999999999999","6.399999999999999","6.399999999999999","3.7536","1","0","0","0","1","0","0","5.143999999999998","0","0","0","0","0","2","_c826e905ed570000_p_Net","1","0","0","1","0","0","0","0","0","0","1","_c826e905ed570000_p_odb__dbNet","0.0","0.0","0.0","16.265600000000003","16.265600000000003","","16.265600000000003","6.399999999999999","1","6.399999999999999","6.399999999999999","6.399999999999999","33.35","36.72","33.35","36.72","0","0","0","1","33.35","","36.72","","2"
"net199","OK","1.1476839999999984","0.19991652746247182","88.3555","97.94800000000001","0.4789999999999992","2.396000000000001","5.75","88.595","88.116","99.146","96.75","0","4.1000000000000085","4.1000000000000085","4.1000000000000085","3.7536","1","0","0","0","1","0","0","2.875","0","0","0","0","0","2","_4027e905ed570000_p_Net","1","1","0","1","0","0","0","0","0","0","1","_4027e905ed570000_p_odb__dbNet","3.7536","0.0","0.0","3.7536","3.7536","","3.7536","4.1000000000000085","1","4.1000000000000085","4.1000000000000085","4.1000000000000085","89.01","96.56","89.01","96.56","0","0","0","1","89.01","","96.56","","2"
"net306","OK","35.29798999999998","2.98807099127493","14.745","95.3735","10.27","3.4369999999999976","27.413999999999994","19.88","9.61","97.092","93.655","0","8.7","6.6499999999999995","13.299999999999999","3.7536","1","0","0","0","2","0","0","13.706999999999997","0","0","0","0","0","3","_b827e905ed570000_p_Net","1","0","0","1","0","0","0","0","0","0","2","_b827e905ed570000_p_odb__dbNet","0.0","0.0","0.0","11.2608","8.7584","2.5023999999999997","17.5168","2.049999999999999","2","4.6","8.7","8.7","19.09","96.56","8.51","93.84","1","0","1","0","13.8","5.29","95.2","1.3599999999999994","3"
"net17","OK","0.5276929999999951","6.146757658202166","78.4225","58.466499999999996","1.8009999999999877","0.29299999999999926","4.187999999999974","79.323","77.522","58.613","58.32","0","2.990000000000009","2.990000000000009","2.990000000000009","3.7536","1","0","0","0","1","0","0","2.093999999999987","0","0","0","0","0","2","_3028e905ed570000_p_Net","1","0","0","1","0","0","0","0","0","0","1","_3028e905ed570000_p_odb__dbNet","0.0","0.0","0.0","5.0048","5.0048","","5.0048","2.990000000000009","1","2.990000000000009","2.990000000000009","2.990000000000009","76.82","58.48","76.82","58.48","0","1","0","0","76.82","","58.48","","2"
"net18","OK","0.026208000000003267","38.7692292781014","88.019","50.173","1.0079999999999956","0.026000000000003354","2.067999999999998","88.523","87.515","50.186","50.16","0","2.760000000000005","2.760000000000005","2.760000000000005","3.7536","1","0","0","0","1","0","0","1.033999999999999","0","0","0","0","0","2","_a828e905ed570000_p_Net","1","0","0","1","0","0","0","0","0","0","1","_a828e905ed570000_p_odb__dbNet","0.0","0.0","0.0","11.2608","11.2608","","11.2608","2.760000000000005","1","2.760000000000005","2.760000000000005","2.760000000000005","86.25","50.32","86.25","50.32","0","1","0","0","86.25","","50.32","","2"
"net19","OK","0.012852000000000462","17.629628976679708","83.685","64.06649999999999","0.4759999999999991","0.027000000000001023","1.0060000000000002","83.923","83.447","64.08","64.053","0","1.3799999999999955","1.3799999999999955","1.3799999999999955","3.7536","1","0","0","0","1","0","0","0.5030000000000001","0","0","0","0","0","2","_2029e905ed570000_p_Net","1","0","0","1","0","0","0","0","0","0","1","_2029e905ed570000_p_odb__dbNet","0.0","0.0","0.0","3.7536","3.7536","","3.7536","1.3799999999999955","1","1.3799999999999955","1.3799999999999955","1.3799999999999955","83.03","63.92","83.03","63.92","0","0","1","0","83.03","","63.92","","2"
"net20","OK","0.3470659999999895","9.221649437001956","92.6905","61.163","1.7889999999999873","0.1939999999999955","3.9659999999999656","93.585","91.796","61.26","61.066","0","3.6799999999999926","3.6799999999999926","3.6799999999999926","3.7536","1","0","0","0","1","0","0","1.9829999999999828","0","0","0","0","0","2","_9829e905ed570000_p_Net","1","0","0","1","0","0","0","0","0","0","1","_9829e905ed570000_p_odb__dbNet","0.0","0.0","0.0","8.758400000000002","8.758400000000002","","8.758400000000002","3.6799999999999926","1","3.6799999999999926","3.6799999999999926","3.6799999999999926","94.99","61.2","94.99","61.2","1","0","0","0","94.99","","61.2","","2"
"net21","OK","5.815196999999981","0.5369188694813366","87.1795","62.7115","1.766999999999996","3.290999999999997","10.115999999999985","88.063","86.296","64.357","61.066","0","4.789999999999992","4.789999999999992","4.789999999999992","3.7536","1","0","0","0","1","0","0","5.057999999999993","0","0","0","0","0","2","_102ae905ed570000_p_Net","1","0","0","1","0","0","0","0","0","0","1","_102ae905ed570000_p_odb__dbNet","0.0","0.0","0.0","5.0048","5.0048","","5.0048","4.789999999999992","1","4.789999999999992","4.789999999999992","4.789999999999992","86.48","63.92","86.48","63.92","0","1","0","0","86.48","","63.92","","2"
"net22","OK","0.8550570000000022","5.370927304834757","87.4515","55.4265","2.1430000000000007","0.3990000000000009","5.084000000000003","88.523","86.38","55.626","55.227","0","1.8400000000000034","1.8400000000000034","1.8400000000000034","3.7536","1","0","0","0","1","0","0","2.5420000000000016","0","0","0","0","0","2","_882ae905ed570000_p_Net","1","0","0","1","0","0","0","0","0","0","1","_882ae905ed570000_p_odb__dbNet","0.0","0.0","0.0","6.256","6.256","","6.256","1.8400000000000034","1","1.8400000000000034","1.8400000000000034","1.8400000000000034","87.17","55.76","87.17","55.76","0","1","0","0","87.17","","55.76","","2"
"net23","OK","5.147435999999982","0.6584406292351765","84.8965","48.788","1.840999999999994","2.7959999999999994","9.273999999999987","85.817","83.976","50.186","47.39","0","5.939999999999998","5.939999999999998","5.939999999999998","3.7536","1","0","0","0","1","0","0","4.636999999999993","0","0","0","0","0","2","_002be905ed570000_p_Net","1","0","0","1","0","0","0","0","0","0","1","_002be905ed570000_p_odb__dbNet","0.0","0.0","0.0","6.256","6.256","","6.256","5.939999999999998","1","5.939999999999998","5.939999999999998","5.939999999999998","86.71","47.6","86.71","47.6","0","0","0","1","86.71","","47.6","","2"
"net24","OK","0.03406899999999056","35.45161175963458","76.7055","71.9305","1.0989999999999895","0.0309999999999917","2.2599999999999625","77.255","76.156","71.946","71.915","0","1.3799999999999955","1.3799999999999955","1.3799999999999955","3.7536","1","0","0","0","1","0","0","1.1299999999999812","0","0","0","0","0","2","_782be905ed570000_p_Net","1","0","0","1","0","0","0","1","0","0","1","_782be905ed570000_p_odb__dbNet","0.0","0.0","3.7536","3.7536","3.7536","","3.7536","1.3799999999999955","1","1.3799999999999955","1.3799999999999955","1.3799999999999955","77.05","72.08","77.05","72.08","1","0","0","0","77.05","","72.08","","2"
"net25","OK","10.110541999999995","0.3370458279464954","18.198999999999998","39.591499999999996","1.846","5.476999999999997","14.645999999999994","19.122","17.276","42.33","36.853","0","8.2","8.2","8.2","3.7536","1","0","0","0","1","0","0","7.322999999999997","0","0","0","0","0","2","_f02be905ed570000_p_Net","1","0","0","1","0","0","0","0","0","0","1","_f02be905ed570000_p_odb__dbNet","0.0","0.0","0.0","3.7536","3.7536","","3.7536","8.2","1","8.2","8.2","8.2","19.55","42.16","19.55","42.16","1","0","0","0","19.55","","42.16","","2"
"net26","OK","0.16909900000001052","0.014198782957346927","24.200499999999998","35.591499999999996","0.04900000000000304","3.4510000000000005","7.000000000000007","24.225","24.176","37.317","33.866","0","3.4099999999999966","3.4099999999999966","3.4099999999999966","3.7536","1","0","0","0","1","0","0","3.5000000000000036","0","0","0","0","0","2","_682ce905ed570000_p_Net","1","0","0","1","0","0","0","0","0","0","1","_682ce905ed570000_p_odb__dbNet","0.0","0.0","0.0","7.5072","7.5072","","7.5072","3.4099999999999966","1","3.4099999999999966","3.4099999999999966","3.4099999999999966","24.38","36.72","24.38","36.72","1","0","0","0","24.38","","36.72","","2"
"net27","OK","0.06413899999999756","66.74193333090797","7.7305","33.8505","2.069000000000001","0.030999999999998806","4.199999999999999","8.765","6.696","33.866","33.835","0","2.7600000000000007","2.7600000000000007","2.7600000000000007","3.7536","1","0","0","0","1","0","0","2.0999999999999996","0","0","0","0","0","2","_e02ce905ed570000_p_Net","1","0","0","1","0","0","0","1","0","0","1","_e02ce905ed570000_p_odb__dbNet","0.0","0.0","3.7536","3.7536","3.7536","","3.7536","2.7600000000000007","1","2.7600000000000007","2.7600000000000007","2.7600000000000007","8.97","34.0","8.97","34.0","1","0","0","0","8.97","","34.0","","2"
"net28","OK","16.275895999999968","3.8578383622892813","32.738","38.278999999999996","7.924000000000003","2.053999999999995","19.955999999999996","36.7","28.776","39.306","37.252","0","11.920000000000002","11.920000000000002","11.920000000000002","3.7536","1","0","0","0","1","0","0","9.977999999999998","0","0","0","0","0","2","_582de905ed570000_p_Net","1","0","0","1","0","0","0","0","0","0","1","_582de905ed570000_p_odb__dbNet","0.0","0.0","0.0","6.256","6.256","","6.256","11.920000000000002","1","11.920000000000002","11.920000000000002","11.920000000000002","37.49","36.72","37.49","36.72","0","0","0","1","37.49","","36.72","","2"
"net29","OK","0.3087630000000117","40.79310297938808","7.0905000000000005","36.8095","3.5490000000000004","0.0870000000000033","7.272000000000007","8.865","5.316","36.853","36.766","0","3.6799999999999997","3.6799999999999997","3.6799999999999997","3.7536","1","0","0","0","1","0","0","3.6360000000000037","0","0","0","0","0","2","_d02de905ed570000_p_Net","1","0","0","1","0","0","0","0","0","0","1","_d02de905ed570000_p_odb__dbNet","0.0","0.0","0.0","8.758400000000002","8.758400000000002","","8.758400000000002","3.6799999999999997","1","3.6799999999999997","3.6799999999999997","3.6799999999999997","8.51","36.72","8.51","36.72","0","0","0","1","8.51","","36.72","","2"
"net307","OK","2.4529620000000443","0.08402739217397369","73.11","77.67150000000001","0.45400000000000773","5.403000000000006","11.714000000000027","73.337","72.883","80.373","74.97","0","5.900000000000006","5.900000000000006","5.900000000000006","3.7536","1","0","0","0","1","0","0","5.8570000000000135","0","0","0","0","0","2","_482ee905ed570000_p_Net","1","0","0","1","0","0","0","0","0","0","1","_482ee905ed570000_p_odb__dbNet","0.0","0.0","0.0","3.7536","3.7536","","3.7536","5.900000000000006","1","5.900000000000006","5.900000000000006","5.900000000000006","72.91","74.8","72.91","74.8","0","0","1","0","72.91","","74.8","","2"
"net31","OK","0.6471920000000072","19.53846143110711","90.42500000000001","85.904","3.5559999999999974","0.18200000000000216","7.475999999999999","92.203","88.647","85.995","85.813","0","3.9099999999999966","3.9099999999999966","3.9099999999999966","3.7536","1","0","0","0","1","0","0","3.7379999999999995","0","0","0","0","0","2","_c02ee905ed570000_p_Net","1","0","0","1","0","0","0","0","0","0","1","_c02ee905ed570000_p_odb__dbNet","0.0","0.0","0.0","5.0048","5.0048","","5.0048","3.9099999999999966","1","3.9099999999999966","3.9099999999999966","3.9099999999999966","88.78","85.68","88.78","85.68","0","0","1","0","88.78","","85.68","","2"
"net32","OK","3.3484959999999777","0.5306528660307933","95.6765","76.189","1.3329999999999984","2.5119999999999862","7.689999999999969","96.343","95.01","77.445","74.933","0","3.8699999999999903","3.8699999999999903","3.8699999999999903","3.7536","1","0","0","0","1","0","0","3.8449999999999847","0","0","0","0","0","2","_382fe905ed570000_p_Net","1","0","0","1","0","0","0","0","0","0","1","_382fe905ed570000_p_odb__dbNet","0.0","0.0","0.0","5.0048","5.0048","","5.0048","3.8699999999999903","1","3.8699999999999903","3.8699999999999903","3.8699999999999903","95.68","77.52","95.68","77.52","1","0","0","0","95.68","","77.52","","2"
"net33","OK","2.1822220000000225","0.3720066059570623","89.9465","97.904","0.9010000000000105","2.421999999999997","6.646000000000015","90.397","89.496","99.115","96.693","0","4.099999999999994","4.099999999999994","4.099999999999994","3.7536","1","0","0","0","1","0","0","3.3230000000000075","0","0","0","0","0","2","_b02fe905ed570000_p_Net","1","0","0","1","0","0","0","0","0","0","1","_b02fe905ed570000_p_odb__dbNet","0.0","0.0","0.0","6.256","6.256","","6.256","4.099999999999994","1","4.099999999999994","4.099999999999994","4.099999999999994","90.39","99.28","90.39","99.28","1","0","0","0","90.39","","99.28","","2"
"net34","OK","5.399359999999986","0.16364902504114706","102.313","99.565","0.9399999999999977","5.744","13.367999999999995","102.783","101.843","102.437","96.693","0","7.049999999999997","7.049999999999997","7.049999999999997","3.7536","1","0","0","0","1","0","0","6.6839999999999975","0","0","0","0","0","2","_2830e905ed570000_p_Net","1","0","0","1","0","0","0","0","0","0","1","_2830e905ed570000_p_odb__dbNet","0.0","0.0","0.0","5.0048","5.0048","","5.0048","7.049999999999997","1","7.049999999999997","7.049999999999997","7.049999999999997","101.66","102.0","101.66","102.0","0","1","0","0","101.66","","102.0","","2"
"net35","OK","0.06253200000000243","85.77777460082001","100.245","96.7065","2.3160000000000025","0.027000000000001023","4.686000000000007","101.403","99.087","96.72","96.693","0","3.219999999999999","3.219999999999999","3.219999999999999","3.7536","1","0","0","0","1","0","0","2.3430000000000035","0","0","0","0","0","2","_a030e905ed570000_p_Net","1","0","0","1","0","0","0","0","0","0","1","_a030e905ed570000_p_odb__dbNet","0.0","0.0","0.0","3.7536","3.7536","","3.7536","3.219999999999999","1","3.219999999999999","3.219999999999999","3.219999999999999","98.67","96.56","98.67","96.56","0","0","1","0","98.67","","96.56","","2"
"net36","OK","7.334332000000024","0.24263368493222415","101.203","88.50399999999999","1.3340000000000032","5.498000000000005","13.664000000000016","101.87","100.536","91.253","85.755","0","6.590000000000003","6.590000000000003","6.590000000000003","3.7536","1","0","0","0","1","0","0","6.832000000000008","0","0","0","0","0","2","_1831e905ed570000_p_Net","1","0","0","1","0","0","0","0","0","0","1","_1831e905ed570000_p_odb__dbNet","0.0","0.0","0.0","5.0048","5.0048","","5.0048","6.590000000000003","1","6.590000000000003","6.590000000000003","6.590000000000003","101.2","85.68","101.2","85.68","0","0","1","0","101.2","","85.68","","2"
"net37","OK","1.0152009999999874","0.20035539751205556","90.1375","87.1405","0.4509999999999934","2.2510000000000048","5.403999999999996","90.363","89.912","88.266","86.015","0","2.719999999999999","2.719999999999999","2.719999999999999","3.7536","1","0","0","0","1","0","0","2.701999999999998","0","0","0","0","0","2","_9031e905ed570000_p_Net","1","0","0","1","0","0","0","0","0","0","1","_9031e905ed570000_p_odb__dbNet","0.0","0.0","0.0","6.256","6.256","","6.256","2.719999999999999","1","2.719999999999999","2.719999999999999","2.719999999999999","90.85","85.68","90.85","85.68","0","0","0","1","90.85","","85.68","","2"
"net38","OK","4.634252000000048","0.16257726162903768","86.249","74.7165","0.8680000000000092","5.338999999999999","12.414000000000016","86.683","85.815","77.386","72.047","0","7.739999999999995","7.739999999999995","7.739999999999995","3.7536","1","0","0","0","1","0","0","6.207000000000008","0","0","0","0","0","2","_0832e905ed570000_p_Net","1","0","0","1","0","0","0","0","0","0","1","_0832e905ed570000_p_odb__dbNet","0.0","0.0","0.0","6.256","6.256","","6.256","7.739999999999995","1","7.739999999999995","7.739999999999995","7.739999999999995","84.87","72.08","84.87","72.08","0","0","1","0","84.87","","72.08","","2"
"net39","OK","0.08301600000000312","64.05555377623217","13.829","88.248","2.305999999999999","0.036000000000001364","4.684000000000001","14.982","12.676","88.266","88.23","0","3.2200000000000006","3.2200000000000006","3.2200000000000006","3.7536","1","0","0","0","1","0","0","2.3420000000000005","0","0","0","0","0","2","_8032e905ed570000_p_Net","1","0","0","1","0","0","0","0","0","0","1","_8032e905ed570000_p_odb__dbNet","0.0","0.0","0.0","3.7536","3.7536","","3.7536","3.2200000000000006","1","3.2200000000000006","3.2200000000000006","3.2200000000000006","15.41","88.4","15.41","88.4","1","0","0","0","15.41","","88.4","","2"
"net40","OK","16.024860000000043","2.4838582667386326","14.4505","86.99600000000001","6.309000000000001","2.5400000000000063","17.698000000000015","17.605","11.296","88.266","85.726","0","9.159999999999998","9.159999999999998","9.159999999999998","3.7536","1","0","0","0","1","0","0","8.849000000000007","0","0","0","0","0","2","_f832e905ed570000_p_Net","1","0","0","1","0","0","0","0","0","0","1","_f832e905ed570000_p_odb__dbNet","0.0","0.0","0.0","8.758400000000002","8.758400000000002","","8.758400000000002","9.159999999999998","1","9.159999999999998","9.159999999999998","9.159999999999998","17.25","85.68","17.25","85.68","0","0","0","1","17.25","","85.68","","2"
"net41","OK","0.3688660000000077","0.003133929394125427","10.8","99.13050000000001","0.034000000000000696","10.849000000000004","21.76600000000001","10.817","10.783","104.555","93.706","0","11.339999999999995","11.339999999999995","11.339999999999995","3.7536","1","0","0","0","1","0","0","10.883000000000004","0","0","0","0","0","2","_7033e905ed570000_p_Net","1","0","0","1","0","0","0","0","0","0","1","_7033e905ed570000_p_odb__dbNet","0.0","0.0","0.0","6.256","6.256","","6.256","11.339999999999995","1","11.339999999999995","11.339999999999995","11.339999999999995","10.81","104.72","10.81","104.72","1","0","0","0","10.81","","104.72","","2"
"net42","OK","1.8399360000000013","0.0613586559420456","9.288","101.848","0.3360000000000003","5.475999999999999","11.623999999999999","9.456","9.12","104.586","99.11","0","5.669999999999996","5.669999999999996","5.669999999999996","3.7536","1","0","0","0","1","0","0","5.811999999999999","0","0","0","0","0","2","_e833e905ed570000_p_Net","1","0","0","1","0","0","0","0","0","0","1","_e833e905ed570000_p_odb__dbNet","0.0","0.0","0.0","7.5072","7.5072","","7.5072","5.669999999999996","1","5.669999999999996","5.669999999999996","5.669999999999996","9.2","99.28","9.2","99.28","0","0","1","0","9.2","","99.28","","2"
"net43","OK","2.6865990000000104","0.5806601577960635","10.5405","87.1905","1.2489999999999988","2.1510000000000105","6.8000000000000185","11.165","9.916","88.266","86.115","0","3.639999999999999","3.639999999999999","3.639999999999999","3.7536","1","0","0","0","1","0","0","3.4000000000000092","0","0","0","0","0","2","_6034e905ed570000_p_Net","1","0","0","1","0","0","0","0","0","0","1","_6034e905ed570000_p_odb__dbNet","0.0","0.0","0.0","28.777600000000003","28.777600000000003","","28.777600000000003","3.639999999999999","1","3.639999999999999","3.639999999999999","3.639999999999999","10.35","85.68","10.35","85.68","0","0","1","0","10.35","","85.68","","2"
"net44","OK","0.16777799999999077","0.036262203609360194","39.263999999999996","97.76849999999999","0.07799999999999585","2.1509999999999962","4.457999999999984","39.303","39.225","98.844","96.693","0","4.559999999999995","4.559999999999995","4.559999999999995","3.7536","1","0","0","0","1","0","0","2.228999999999992","0","0","0","0","0","2","_d834e905ed570000_p_Net","1","0","0","1","0","0","0","0","0","0","1","_d834e905ed570000_p_odb__dbNet","0.0","0.0","0.0","26.2752","26.2752","","26.2752","4.559999999999995","1","4.559999999999995","4.559999999999995","4.559999999999995","37.95","99.28","37.95","99.28","0","1","0","0","37.95","","99.28","","2"
"net45","OK","1.7694820000000133","0.16357555483016967","45.934","89.60849999999999","0.5380000000000038","3.2890000000000015","7.654000000000011","46.203","45.665","91.253","87.964","0","5.019999999999996","5.019999999999996","5.019999999999996","3.7536","1","0","0","0","1","0","0","3.8270000000000053","0","0","0","0","0","2","_5035e905ed570000_p_Net","1","0","0","1","0","0","0","0","0","0","1","_5035e905ed570000_p_odb__dbNet","0.0","0.0","0.0","26.2752","26.2752","","26.2752","5.019999999999996","1","5.019999999999996","5.019999999999996","5.019999999999996","44.39","88.4","44.39","88.4","0","0","1","0","44.39","","88.4","","2"
"net46","OK","2.5950210000000062","0.23989054416543343","24.5705","100.79050000000001","0.7890000000000015","3.2890000000000015","8.156000000000006","24.965","24.176","102.435","99.146","0","2.719999999999999","2.719999999999999","2.719999999999999","3.7536","1","0","0","0","1","0","0","4.078000000000003","0","0","0","0","0","2","_c835e905ed570000_p_Net","1","0","0","1","0","0","0","0","0","0","1","_c835e905ed570000_p_odb__dbNet","0.0","0.0","0.0","26.2752","26.2752","","26.2752","2.719999999999999","1","2.719999999999999","2.719999999999999","2.719999999999999","23.69","102.0","23.69","102.0","0","1","0","0","23.69","","102.0","","2"
"net47","OK","6.042930999999992","1.6409588318702695","35.8705","34.8255","3.149000000000001","1.918999999999997","10.135999999999996","37.445","34.296","35.785","33.866","0","6.399999999999999","6.399999999999999","6.399999999999999","3.7536","1","0","0","0","1","0","0","5.067999999999998","0","0","0","0","0","2","_4036e905ed570000_p_Net","1","0","0","1","0","0","0","0","0","0","1","_4036e905ed570000_p_odb__dbNet","0.0","0.0","0.0","6.256","6.256","","6.256","6.399999999999999","1","6.399999999999999","6.399999999999999","6.399999999999999","37.49","36.72","37.49","36.72","1","0","0","0","37.49","","36.72","","2"
"net48","OK","1.6971390000000002","0.3668061365100868","11.6905","37.9285","0.7890000000000015","2.1509999999999962","5.8799999999999955","12.085","11.296","39.004","36.853","0","2.719999999999999","2.719999999999999","2.719999999999999","3.7536","1","0","0","0","1","0","0","2.9399999999999977","0","0","0","0","0","2","_b836e905ed570000_p_Net","1","0","0","1","0","0","0","0","0","0","1","_b836e905ed570000_p_odb__dbNet","0.0","0.0","0.0","26.2752","26.2752","","26.2752","2.719999999999999","1","2.719999999999999","2.719999999999999","2.719999999999999","10.81","39.44","10.81","39.44","0","1","0","0","10.81","","39.44","","2"
"net49","OK","0.28178100000000045","0.06090190606187742","11.2305","27.048499999999997","0.13100000000000023","2.151","4.564","11.296","11.165","28.124","25.973","0","3.639999999999999","3.639999999999999","3.639999999999999","3.7536","1","0","0","0","1","0","0","2.282","0","0","0","0","0","2","_3037e905ed570000_p_Net","1","0","0","1","0","0","0","0","0","0","1","_3037e905ed570000_p_odb__dbNet","0.0","0.0","0.0","26.2752","26.2752","","26.2752","3.639999999999999","1","3.639999999999999","3.639999999999999","3.639999999999999","9.89","28.56","9.89","28.56","0","1","0","0","9.89","","28.56","","2"
"net50","OK","12.126552000000023","0.4469187943085204","40.899","36.4705","2.328000000000003","5.209000000000003","15.074000000000012","42.063","39.735","39.075","33.866","0","8.429999999999993","8.429999999999993","8.429999999999993","3.7536","1","0","0","0","1","0","0","7.537000000000006","0","0","0","0","0","2","_a837e905ed570000_p_Net","1","0","0","1","0","0","0","0","0","0","1","_a837e905ed570000_p_odb__dbNet","0.0","0.0","0.0","10.0096","10.0096","","10.0096","8.429999999999993","1","8.429999999999993","8.429999999999993","8.429999999999993","39.56","39.44","39.56","39.44","0","1","0","0","39.56","","39.44","","2"
"net51","OK","5.973175999999985","0.8596358115100023","54.269999999999996","46.064","2.2659999999999982","2.6359999999999957","9.803999999999988","55.403","53.137","47.382","44.746","0","6.170000000000002","6.170000000000002","6.170000000000002","3.7536","1","0","0","0","1","0","0","4.901999999999994","0","0","0","0","0","2","_2038e905ed570000_p_Net","1","0","0","1","0","0","0","0","0","0","1","_2038e905ed570000_p_odb__dbNet","0.0","0.0","0.0","7.5072","7.5072","","7.5072","6.170000000000002","1","6.170000000000002","6.170000000000002","6.170000000000002","52.44","47.6","52.44","47.6","0","1","0","0","52.44","","47.6","","2"
"net52","OK","2.6551790000000492","0.09377936476343361","69.96549999999999","101.9255","0.49900000000000944","5.320999999999998","11.640000000000015","70.215","69.716","104.586","99.265","0","5.6699999999999875","5.6699999999999875","5.6699999999999875","3.7536","1","0","0","0","1","0","0","5.820000000000007","0","0","0","0","0","2","_9838e905ed570000_p_Net","1","0","0","1","0","0","0","0","0","0","1","_9838e905ed570000_p_odb__dbNet","0.0","0.0","0.0","7.5072","7.5072","","7.5072","5.6699999999999875","1","5.6699999999999875","5.6699999999999875","5.6699999999999875","69.46","99.28","69.46","99.28","0","0","1","0","69.46","","99.28","","2"
"net53","OK","0.1412359999999847","0.03178368119934047","102.2895","75.987","0.06699999999999307","2.10799999999999","4.349999999999966","102.323","102.256","77.041","74.933","0","4.099999999999994","4.099999999999994","4.099999999999994","3.7536","1","0","0","0","1","0","0","2.174999999999983","0","0","0","0","0","2","_1039e905ed570000_p_Net","1","0","0","1","0","0","0","0","0","0","1","_1039e905ed570000_p_odb__dbNet","0.0","0.0","0.0","26.2752","26.2752","","26.2752","4.099999999999994","1","4.099999999999994","4.099999999999994","4.099999999999994","101.43","77.52","101.43","77.52","0","1","0","0","101.43","","77.52","","2"
"net54","OK","0.281781","0.06090190606187752","103.2305","86.8885","0.13100000000000023","2.1509999999999962","4.563999999999993","103.296","103.165","87.964","85.813","0","3.8700000000000045","3.8700000000000045","3.8700000000000045","3.7536","1","0","0","0","1","0","0","2.2819999999999965","0","0","0","0","0","2","_8839e905ed570000_p_Net","1","0","0","1","0","0","0","0","0","0","1","_8839e905ed570000_p_odb__dbNet","0.0","0.0","0.0","25.024","25.024","","25.024","3.8700000000000045","1","3.8700000000000045","3.8700000000000045","3.8700000000000045","101.66","88.4","101.66","88.4","0","1","0","0","101.66","","88.4","","2"
"net55","OK","8.623358999999986","1.8637842855119586","102.1585","97.76849999999999","4.009","2.1509999999999962","12.319999999999993","104.163","100.154","98.844","96.693","0","5.710000000000008","5.710000000000008","5.710000000000008","3.7536","1","0","0","0","1","0","0","6.159999999999997","0","0","0","0","0","2","_003ae905ed570000_p_Net","1","0","0","1","0","0","0","0","0","0","1","_003ae905ed570000_p_odb__dbNet","0.0","0.0","0.0","25.024","25.024","","25.024","5.710000000000008","1","5.710000000000008","5.710000000000008","5.710000000000008","101.66","99.28","101.66","99.28","0","1","0","0","101.66","","99.28","","2"
"net56","OK","2.686598999999985","0.5806601577960656","90.5805","103.51050000000001","1.2489999999999952","2.1509999999999962","6.799999999999983","91.205","89.956","104.586","102.435","0","2.950000000000003","2.950000000000003","2.950000000000003","3.7536","1","0","0","0","1","0","0","3.3999999999999915","0","0","0","0","0","2","_783ae905ed570000_p_Net","1","0","0","1","0","0","0","0","0","0","1","_783ae905ed570000_p_odb__dbNet","0.0","0.0","0.0","25.024","25.024","","25.024","2.950000000000003","1","2.950000000000003","2.950000000000003","2.950000000000003","89.7","102.0","89.7","102.0","0","0","1","0","89.7","","102.0","","2"
"net57","OK","0.12335299999999444","1.4368600633554383","80.0325","96.54650000000001","0.42099999999999227","0.29299999999999216","1.4279999999999688","80.243","79.822","96.693","96.4","0","1.6099999999999994","1.6099999999999994","1.6099999999999994","3.7536","1","0","0","0","1","0","0","0.7139999999999844","0","0","0","0","0","2","_f03ae905ed570000_p_Net","1","0","0","1","0","0","0","0","0","0","1","_f03ae905ed570000_p_odb__dbNet","0.0","0.0","0.0","5.0048","5.0048","","5.0048","1.6099999999999994","1","1.6099999999999994","1.6099999999999994","1.6099999999999994","79.12","96.56","79.12","96.56","0","1","0","0","79.12","","96.56","","2"
"net58","OK","0.012852000000000462","17.629628976679708","73.105","91.26650000000001","0.4759999999999991","0.027000000000001023","1.0060000000000002","73.343","72.867","91.28","91.253","0","1.3799999999999955","1.3799999999999955","1.3799999999999955","3.7536","1","0","0","0","1","0","0","0.5030000000000001","0","0","0","0","0","2","_683be905ed570000_p_Net","1","0","0","1","0","0","0","0","0","0","1","_683be905ed570000_p_odb__dbNet","0.0","0.0","0.0","3.7536","3.7536","","3.7536","1.3799999999999955","1","1.3799999999999955","1.3799999999999955","1.3799999999999955","72.45","91.12","72.45","91.12","0","0","1","0","72.45","","91.12","","2"
"net59","OK","3.1540319999999773","0.344907407293348","85.70150000000001","73.458","1.0429999999999922","3.024000000000001","8.133999999999986","86.223","85.18","74.97","71.946","0","4.329999999999998","4.329999999999998","4.329999999999998","3.7536","1","0","0","0","1","0","0","4.066999999999993","0","0","0","0","0","2","_e03be905ed570000_p_Net","1","0","0","1","0","0","0","0","0","0","1","_e03be905ed570000_p_odb__dbNet","0.0","0.0","0.0","7.5072","7.5072","","7.5072","4.329999999999998","1","4.329999999999998","4.329999999999998","4.329999999999998","85.1","74.8","85.1","74.8","0","1","0","0","85.1","","74.8","","2"
"net60","OK","0.09533599999997712","0.012125534945744029","71.539","60.015","0.033999999999991815","2.804000000000002","5.675999999999988","71.556","71.522","61.417","58.613","0","3.8700000000000117","3.8700000000000117","3.8700000000000117","3.7536","1","0","0","0","1","0","0","2.837999999999994","0","0","0","0","0","2","_583ce905ed570000_p_Net","1","0","0","1","0","0","0","0","0","0","1","_583ce905ed570000_p_odb__dbNet","0.0","0.0","0.0","7.5072","7.5072","","7.5072","3.8700000000000117","1","3.8700000000000117","3.8700000000000117","3.8700000000000117","72.22","61.2","72.22","61.2","1","0","0","0","72.22","","61.2","","2"
"net61","OK","9.612819000000018","2.0776383067979407","102.3885","11.0305","4.469000000000008","2.151","13.240000000000016","104.623","100.154","12.106","9.955","0","6.860000000000001","6.860000000000001","6.860000000000001","3.7536","1","0","0","0","1","0","0","6.620000000000008","0","0","0","0","0","2","_d03ce905ed570000_p_Net","1","0","0","1","0","0","0","0","0","0","1","_d03ce905ed570000_p_odb__dbNet","0.0","0.0","0.0","28.777600000000003","28.777600000000003","","28.777600000000003","6.860000000000001","1","6.860000000000001","6.860000000000001","6.860000000000001","100.97","9.52","100.97","9.52","0","0","1","0","100.97","","9.52","","2"
"net62","OK","3.28242199999997","0.3034356946477818","101.824","18.8885","0.9979999999999905","3.2890000000000015","8.573999999999984","102.323","101.325","20.533","17.244","0","5.019999999999996","5.019999999999996","5.019999999999996","3.7536","1","0","0","0","1","0","0","4.286999999999992","0","0","0","0","0","2","_483de905ed570000_p_Net","1","0","0","1","0","0","0","0","0","0","1","_483de905ed570000_p_odb__dbNet","0.0","0.0","0.0","28.777600000000003","28.777600000000003","","28.777600000000003","5.019999999999996","1","5.019999999999996","5.019999999999996","5.019999999999996","100.51","17.68","100.51","17.68","0","0","1","0","100.51","","17.68","","2"
"net63","OK","0.08413600000001097","124.4615336745405","103.92500000000001","44.733000000000004","3.236000000000004","0.026000000000003354","6.524000000000015","105.543","102.307","44.746","44.72","0","4.140000000000001","4.140000000000001","4.140000000000001","3.7536","1","0","0","0","1","0","0","3.2620000000000076","0","0","0","0","0","2","_c03de905ed570000_p_Net","1","0","0","1","0","0","0","0","0","0","1","_c03de905ed570000_p_odb__dbNet","0.0","0.0","0.0","3.7536","3.7536","","3.7536","4.140000000000001","1","4.140000000000001","4.140000000000001","4.140000000000001","101.89","44.88","101.89","44.88","0","1","0","0","101.89","","44.88","","2"
"net64","OK","0.1233529999999986","1.4368600633554869","101.6525","69.34649999999999","0.4210000000000065","0.29299999999999216","1.4279999999999973","101.863","101.442","69.493","69.2","0","1.6099999999999994","1.6099999999999994","1.6099999999999994","3.7536","1","0","0","0","1","0","0","0.7139999999999986","0","0","0","0","0","2","_383ee905ed570000_p_Net","1","0","0","1","0","0","0","0","0","0","1","_383ee905ed570000_p_odb__dbNet","0.0","0.0","0.0","5.0048","5.0048","","5.0048","1.6099999999999994","1","1.6099999999999994","1.6099999999999994","1.6099999999999994","100.74","69.36","100.74","69.36","0","1","0","0","100.74","","69.36","","2"
"net65","OK","0.030887000000003256","6.8805969122291275","90.1325","64.0865","0.4609999999999985","0.06700000000000728","1.0560000000000116","90.363","89.902","64.12","64.053","0","2.069999999999993","2.069999999999993","2.069999999999993","3.7536","1","0","0","0","1","0","0","0.5280000000000058","0","0","0","0","0","2","_b03ee905ed570000_p_Net","1","0","0","1","0","0","0","0","0","0","1","_b03ee905ed570000_p_odb__dbNet","0.0","0.0","0.0","7.5072","7.5072","","7.5072","2.069999999999993","1","2.069999999999993","2.069999999999993","2.069999999999993","88.78","63.92","88.78","63.92","0","0","1","0","88.78","","63.92","","2"
"net66","OK","0.12214099999998691","27.20895481777951","76.1115","74.9665","1.8229999999999933","0.06699999999999307","3.7799999999999727","77.023","75.2","75.0","74.933","0","2.990000000000009","2.990000000000009","2.990000000000009","3.7536","1","0","0","0","1","0","0","1.8899999999999864","0","0","0","0","0","2","_283fe905ed570000_p_Net","1","0","0","1","0","0","0","0","0","0","1","_283fe905ed570000_p_odb__dbNet","0.0","0.0","0.0","5.0048","5.0048","","5.0048","2.990000000000009","1","2.990000000000009","2.990000000000009","2.990000000000009","74.52","74.8","74.52","74.8","0","0","1","0","74.52","","74.8","","2"
"net67","OK","0.032144000000000034","125.56249215234415","21.5005","12.114","2.0090000000000003","0.016000000000000014","4.050000000000001","22.505","20.496","12.122","12.106","0","6.209999999999997","6.209999999999997","6.209999999999997","3.7536","1","0","0","0","1","0","0","2.0250000000000004","0","0","0","0","0","2","_a03fe905ed570000_p_Net","1","0","0","1","0","0","0","0","0","0","1","_a03fe905ed570000_p_odb__dbNet","0.0","0.0","0.0","30.0288","30.0288","","30.0288","6.209999999999997","1","6.209999999999997","6.209999999999997","6.209999999999997","26.22","12.24","26.22","12.24","1","0","0","0","26.22","","12.24","","2"
"net68","OK","0.032144000000000034","125.56249215234415","67.50049999999999","6.674","2.0090000000000003","0.016000000000000014","4.050000000000001","68.505","66.496","6.682","6.666","0","6.209999999999994","6.209999999999994","6.209999999999994","3.7536","1","0","0","0","1","0","0","2.0250000000000004","0","0","0","0","0","2","_1840e905ed570000_p_Net","1","0","0","1","0","0","0","0","0","0","1","_1840e905ed570000_p_odb__dbNet","0.0","0.0","0.0","30.0288","30.0288","","30.0288","6.209999999999994","1","6.209999999999994","6.209999999999994","6.209999999999994","72.22","6.8","72.22","6.8","1","0","0","0","72.22","","6.8","","2"
"net69","OK","4.602078999999999","0.5213732748160976","64.5105","8.1515","1.5489999999999995","2.971","9.04","65.285","63.736","9.637","6.666","0","8.469999999999999","8.469999999999999","8.469999999999999","3.7536","1","0","0","0","1","0","0","4.52","0","0","0","0","0","2","_9040e905ed570000_p_Net","1","0","0","1","0","0","0","0","0","0","1","_9040e905ed570000_p_odb__dbNet","0.0","0.0","0.0","30.0288","30.0288","","30.0288","8.469999999999999","1","8.469999999999999","8.469999999999999","8.469999999999999","69.0","9.52","69.0","9.52","1","0","0","0","69.0","","9.52","","2"
"net70","OK","6.266321999999999","1.0279465366431972","8.134","10.871500000000001","2.5380000000000003","2.4689999999999994","10.014","9.403","6.865","12.106","9.637","0","3.41","3.41","3.41","3.7536","1","0","0","0","1","0","0","5.007","0","0","0","0","0","2","_0841e905ed570000_p_Net","1","0","0","1","0","0","0","0","0","0","1","_0841e905ed570000_p_odb__dbNet","0.0","0.0","0.0","30.0288","30.0288","","30.0288","3.41","1","3.41","3.41","3.41","10.58","9.52","10.58","9.52","0","0","0","1","10.58","","9.52","","2"
"net71","OK","0.03214399999999647","125.56249215235809","21.5005","25.965","2.0090000000000003","0.015999999999998238","4.049999999999997","22.505","20.496","25.973","25.957","0","6.209999999999997","6.209999999999997","6.209999999999997","3.7536","1","0","0","0","1","0","0","2.0249999999999986","0","0","0","0","0","2","_8041e905ed570000_p_Net","1","0","0","1","0","0","0","0","0","0","1","_8041e905ed570000_p_odb__dbNet","0.0","0.0","0.0","30.0288","30.0288","","30.0288","6.209999999999997","1","6.209999999999997","6.209999999999997","6.209999999999997","26.22","25.84","26.22","25.84","0","0","0","1","26.22","","25.84","","2"
"net72","OK","0.03214399999999647","125.56249215235809","42.2005","25.965","2.0090000000000003","0.015999999999998238","4.049999999999997","43.205","41.196","25.973","25.957","0","6.210000000000001","6.210000000000001","6.210000000000001","3.7536","1","0","0","0","1","0","0","2.0249999999999986","0","0","0","0","0","2","_f841e905ed570000_p_Net","1","0","0","1","0","0","0","0","0","0","1","_f841e905ed570000_p_odb__dbNet","0.0","0.0","0.0","30.0288","30.0288","","30.0288","6.210000000000001","1","6.210000000000001","6.210000000000001","6.210000000000001","46.92","25.84","46.92","25.84","0","0","0","1","46.92","","25.84","","2"
"net73","OK","10.068718999999987","1.1406933688520033","41.5105","24.487499999999997","3.388999999999996","2.971","12.719999999999992","43.205","39.816","25.973","23.002","0","10.310000000000002","10.310000000000002","10.310000000000002","3.7536","1","0","0","0","1","0","0","6.359999999999996","0","0","0","0","0","2","_7042e905ed570000_p_Net","1","0","0","1","0","0","0","0","0","0","1","_7042e905ed570000_p_odb__dbNet","0.0","0.0","0.0","30.0288","30.0288","","30.0288","10.310000000000002","1","10.310000000000002","10.310000000000002","10.310000000000002","46.92","23.12","46.92","23.12","0","0","0","1","46.92","","23.12","","2"
"net74","OK","8.702058999999997","0.9858633453430276","19.200499999999998","24.487499999999997","2.9289999999999985","2.971","11.799999999999997","20.665","17.736","25.973","23.002","0","9.849999999999998","9.849999999999998","9.849999999999998","3.7536","1","0","0","0","1","0","0","5.899999999999999","0","0","0","0","0","2","_e842e905ed570000_p_Net","1","0","0","1","0","0","0","0","0","0","1","_e842e905ed570000_p_odb__dbNet","0.0","0.0","0.0","30.0288","30.0288","","30.0288","9.849999999999998","1","9.849999999999998","9.849999999999998","9.849999999999998","24.38","23.12","24.38","23.12","0","0","0","1","24.38","","23.12","","2"
"net75","OK","9.503180999999994","1.5589307405593635","16.9005","10.871500000000001","3.8489999999999984","2.4689999999999994","12.635999999999996","18.825","14.976","12.106","9.637","0","10.77","10.77","10.77","3.7536","1","0","0","0","1","0","0","6.317999999999998","0","0","0","0","0","2","_6043e905ed570000_p_Net","1","0","0","1","0","0","0","0","0","0","1","_6043e905ed570000_p_odb__dbNet","0.0","0.0","0.0","30.0288","30.0288","","30.0288","10.77","1","10.77","10.77","10.77","22.54","9.52","22.54","9.52","0","0","0","1","22.54","","9.52","","2"
"net76","OK","7.335399000000003","0.8310333218340518","35.5305","8.1675","2.469000000000001","2.971","10.880000000000003","36.765","34.296","9.653","6.682","0","9.389999999999993","9.389999999999993","9.389999999999993","3.7536","1","0","0","0","1","0","0","5.440000000000001","0","0","0","0","0","2","_d843e905ed570000_p_Net","1","0","0","1","0","0","0","0","0","0","1","_d843e905ed570000_p_odb__dbNet","0.0","0.0","0.0","30.0288","30.0288","","30.0288","9.389999999999993","1","9.389999999999993","9.389999999999993","9.389999999999993","40.48","6.8","40.48","6.8","0","0","0","1","40.48","","6.8","","2"
"net77","OK","0.032144000000000034","125.56249215234415","36.6805","9.645","2.0090000000000003","0.016000000000000014","4.050000000000001","37.685","35.676","9.653","9.637","0","6.210000000000001","6.210000000000001","6.210000000000001","3.7536","1","0","0","0","1","0","0","2.0250000000000004","0","0","0","0","0","2","_5044e905ed570000_p_Net","1","0","0","1","0","0","0","0","0","0","1","_5044e905ed570000_p_odb__dbNet","0.0","0.0","0.0","30.0288","30.0288","","30.0288","6.210000000000001","1","6.210000000000001","6.210000000000001","6.210000000000001","41.4","9.52","41.4","9.52","0","0","0","1","41.4","","9.52","","2"
"net78","OK","3.4116960000000023","0.1159660766747851","6.5504999999999995","9.394","0.6290000000000004","5.4239999999999995","12.106","6.865","6.236","12.106","6.682","0","10.27","10.27","10.27","3.7536","1","0","0","0","1","0","0","6.053","0","0","0","0","0","2","_c844e905ed570000_p_Net","1","0","0","1","0","0","0","0","0","0","1","_c844e905ed570000_p_odb__dbNet","0.0","0.0","0.0","30.0288","30.0288","","30.0288","10.27","1","10.27","10.27","10.27","10.58","6.8","10.58","6.8","0","0","0","1","10.58","","6.8","","2"
"net79","OK","12.25104100000005","0.19585282586978808","76.4705","24.4715","1.5490000000000066","7.908999999999999","18.91600000000001","77.245","75.696","28.426","20.517","0","13.91","13.91","13.91","3.7536","1","0","0","0","1","0","0","9.458000000000006","0","0","0","0","0","2","_4045e905ed570000_p_Net","1","0","0","1","0","0","0","0","0","0","1","_4045e905ed570000_p_odb__dbNet","0.0","0.0","0.0","30.0288","30.0288","","30.0288","13.91","1","13.91","13.91","13.91","80.96","20.4","80.96","20.4","0","0","0","1","80.96","","20.4","","2"
"net80","OK","1.8687589999999723","0.21171322779814117","86.1305","8.1515","0.6289999999999907","2.971","7.1999999999999815","86.445","85.816","9.637","6.666","0","7.549999999999998","7.549999999999998","7.549999999999998","3.7536","1","0","0","0","1","0","0","3.5999999999999908","0","0","0","0","0","2","_b845e905ed570000_p_Net","1","0","0","1","0","0","0","0","0","0","1","_b845e905ed570000_p_odb__dbNet","0.0","0.0","0.0","30.0288","30.0288","","30.0288","7.549999999999998","1","7.549999999999998","7.549999999999998","7.549999999999998","90.16","9.52","90.16","9.52","1","0","0","0","90.16","","9.52","","2"
"net81","OK","5.906735999999992","0.2007743362461697","87.7405","9.394","1.0889999999999986","5.4239999999999995","13.025999999999996","88.285","87.196","12.106","6.682","0","10.730000000000008","10.730000000000008","10.730000000000008","3.7536","1","0","0","0","1","0","0","6.512999999999998","0","0","0","0","0","2","_3046e905ed570000_p_Net","1","0","0","1","0","0","0","0","0","0","1","_3046e905ed570000_p_odb__dbNet","0.0","0.0","0.0","30.0288","30.0288","","30.0288","10.730000000000008","1","10.730000000000008","10.730000000000008","10.730000000000008","92.0","6.8","92.0","6.8","0","0","0","1","92.0","","6.8","","2"
"net82","OK","5.906735999999992","0.2007743362461697","73.9405","25.714","1.0889999999999986","5.4239999999999995","13.025999999999996","74.485","73.396","28.426","23.002","0","10.730000000000004","10.730000000000004","10.730000000000004","3.7536","1","0","0","0","1","0","0","6.512999999999998","0","0","0","0","0","2","_a846e905ed570000_p_Net","1","0","0","1","0","0","0","0","0","0","1","_a846e905ed570000_p_odb__dbNet","0.0","0.0","0.0","30.0288","30.0288","","30.0288","10.730000000000004","1","10.730000000000004","10.730000000000004","10.730000000000004","78.2","23.12","78.2","23.12","0","0","0","1","78.2","","23.12","","2"
"net83","OK","4.602078999999993","0.5213732748160983","54.8505","46.2315","1.5489999999999995","2.9709999999999965","9.039999999999992","55.625","54.076","47.717","44.746","0","8.469999999999999","8.469999999999999","8.469999999999999","3.7536","1","0","0","0","1","0","0","4.519999999999996","0","0","0","0","0","2","_2047e905ed570000_p_Net","1","0","0","1","0","0","0","0","0","0","1","_2047e905ed570000_p_odb__dbNet","0.0","0.0","0.0","30.0288","30.0288","","30.0288","8.469999999999999","1","8.469999999999999","8.469999999999999","8.469999999999999","59.34","47.6","59.34","47.6","1","0","0","0","59.34","","47.6","","2"
"net84","OK","8.776031999999972","0.29830383475326167","49.994","36.593999999999994","1.617999999999995","5.4239999999999995","14.083999999999989","50.803","49.185","39.306","33.882","0","7.049999999999997","7.049999999999997","7.049999999999997","3.7536","1","0","0","0","1","0","0","7.0419999999999945","0","0","0","0","0","2","_9847e905ed570000_p_Net","1","0","0","1","0","0","0","0","0","0","1","_9847e905ed570000_p_odb__dbNet","0.0","0.0","0.0","30.0288","30.0288","","30.0288","7.049999999999997","1","7.049999999999997","7.049999999999997","7.049999999999997","52.9","34.0","52.9","34.0","0","0","0","1","52.9","","34.0","","2"
"net85","OK","0.03214399999999647","125.56249215235809","48.6405","36.845","2.0090000000000003","0.015999999999998238","4.049999999999997","49.645","47.636","36.853","36.837","0","6.210000000000001","6.210000000000001","6.210000000000001","3.7536","1","0","0","0","1","0","0","2.0249999999999986","0","0","0","0","0","2","_c0386f07ed570000_p_Net","1","0","0","1","0","0","0","0","0","0","1","_c0386f07ed570000_p_odb__dbNet","0.0","0.0","0.0","30.0288","30.0288","","30.0288","6.210000000000001","1","6.210000000000001","6.210000000000001","6.210000000000001","53.36","36.72","53.36","36.72","0","0","0","1","53.36","","36.72","","2"
"net86","OK","0.054223999999994076","211.8124867617431","51.6305","42.285","3.389000000000003","0.015999999999998238","6.810000000000002","53.325","49.936","42.293","42.277","0","7.589999999999996","7.589999999999996","7.589999999999996","3.7536","1","0","0","0","1","0","0","3.405000000000001","0","0","0","0","0","2","_38396f07ed570000_p_Net","1","0","0","1","0","0","0","0","0","0","1","_38396f07ed570000_p_odb__dbNet","0.0","0.0","0.0","30.0288","30.0288","","30.0288","7.589999999999996","1","7.589999999999996","7.589999999999996","7.589999999999996","57.04","42.16","57.04","42.16","0","0","0","1","57.04","","42.16","","2"
"net87","OK","1.5530010000000127","0.2547590116424648","66.35050000000001","48.951499999999996","0.6290000000000049","2.469000000000001","6.196000000000012","66.665","66.036","50.186","47.717","0","7.549999999999997","7.549999999999997","7.549999999999997","3.7536","1","0","0","0","1","0","0","3.098000000000006","0","0","0","0","0","2","_b0396f07ed570000_p_Net","1","0","0","1","0","0","0","0","0","0","1","_b0396f07ed570000_p_odb__dbNet","0.0","0.0","0.0","30.0288","30.0288","","30.0288","7.549999999999997","1","7.549999999999997","7.549999999999997","7.549999999999997","70.38","47.6","70.38","47.6","0","0","0","1","70.38","","47.6","","2"
"net88","OK","0.03214399999999647","125.56249215235809","67.04050000000001","33.873999999999995","2.0090000000000003","0.015999999999998238","4.049999999999997","68.045","66.036","33.882","33.866","0","6.210000000000008","6.210000000000008","6.210000000000008","3.7536","1","0","0","0","1","0","0","2.0249999999999986","0","0","0","0","0","2","_283a6f07ed570000_p_Net","1","0","0","1","0","0","0","0","0","0","1","_283a6f07ed570000_p_odb__dbNet","0.0","0.0","0.0","30.0288","30.0288","","30.0288","6.210000000000008","1","6.210000000000008","6.210000000000008","6.210000000000008","71.76","34.0","71.76","34.0","1","0","0","0","71.76","","34.0","","2"
"net89","OK","2.68874099999999","0.4410692586305921","68.4205","38.0715","1.0889999999999986","2.468999999999994","7.1159999999999854","68.965","67.876","39.306","36.837","0","8.010000000000005","8.010000000000005","8.010000000000005","3.7536","1","0","0","0","1","0","0","3.5579999999999927","0","0","0","0","0","2","_a03a6f07ed570000_p_Net","1","0","0","1","0","0","0","0","0","0","1","_a03a6f07ed570000_p_odb__dbNet","0.0","0.0","0.0","30.0288","30.0288","","30.0288","8.010000000000005","1","8.010000000000005","8.010000000000005","8.010000000000005","72.68","36.72","72.68","36.72","0","0","0","1","72.68","","36.72","","2"
"net90","OK","3.411695999999949","0.1159660766747833","64.9705","47.474000000000004","0.6289999999999907","5.4239999999999995","12.10599999999998","65.285","64.656","50.186","44.762","0","10.269999999999996","10.269999999999996","10.269999999999996","3.7536","1","0","0","0","1","0","0","6.05299999999999","0","0","0","0","0","2","_183b6f07ed570000_p_Net","1","0","0","1","0","0","0","0","0","0","1","_183b6f07ed570000_p_odb__dbNet","0.0","0.0","0.0","30.0288","30.0288","","30.0288","10.269999999999996","1","10.269999999999996","10.269999999999996","10.269999999999996","69.0","44.88","69.0","44.88","0","0","0","1","69.0","","44.88","","2"
"net91","OK","6.095960999999988","0.9999999995949748","96.2505","38.087500000000006","2.468999999999994","2.469000000000001","9.87599999999999","97.485","95.016","39.322","36.853","0","9.39","9.39","9.39","3.7536","1","0","0","0","1","0","0","4.937999999999995","0","0","0","0","0","2","_903b6f07ed570000_p_Net","1","0","0","1","0","0","0","0","0","0","1","_903b6f07ed570000_p_odb__dbNet","0.0","0.0","0.0","30.0288","30.0288","","30.0288","9.39","1","9.39","9.39","9.39","101.2","39.44","101.2","39.44","1","0","0","0","101.2","","39.44","","2"
"net92","OK","0.8645609999999906","0.09794681921980813","87.0505","29.911499999999997","0.2909999999999968","2.971","6.523999999999994","87.196","86.905","31.397","28.426","0","6.630000000000013","6.630000000000013","6.630000000000013","3.7536","1","0","0","0","1","0","0","3.261999999999997","0","0","0","0","0","2","_083c6f07ed570000_p_Net","1","0","0","1","0","0","0","0","0","0","1","_083c6f07ed570000_p_odb__dbNet","0.0","0.0","0.0","30.0288","30.0288","","30.0288","6.630000000000013","1","6.630000000000013","6.630000000000013","6.630000000000013","90.62","31.28","90.62","31.28","1","0","0","0","90.62","","31.28","","2"
"net93","OK","8.776031999999972","0.29830383475326167","90.474","31.154","1.617999999999995","5.4239999999999995","14.083999999999989","91.283","89.665","33.866","28.442","0","7.050000000000001","7.050000000000001","7.050000000000001","3.7536","1","0","0","0","1","0","0","7.0419999999999945","0","0","0","0","0","2","_803c6f07ed570000_p_Net","1","0","0","1","0","0","0","0","0","0","1","_803c6f07ed570000_p_odb__dbNet","0.0","0.0","0.0","30.0288","30.0288","","30.0288","7.050000000000001","1","7.050000000000001","7.050000000000001","7.050000000000001","93.38","28.56","93.38","28.56","0","0","0","1","93.38","","28.56","","2"
"net94","OK","0.4172609999999926","0.06844876465433296","90.9605","43.5115","0.16899999999999693","2.469000000000001","5.275999999999996","91.045","90.876","44.746","42.277","0","7.0900000000000105","7.0900000000000105","7.0900000000000105","3.7536","1","0","0","0","1","0","0","2.637999999999998","0","0","0","0","0","2","_f83c6f07ed570000_p_Net","1","0","0","1","0","0","0","0","0","0","1","_f83c6f07ed570000_p_odb__dbNet","0.0","0.0","0.0","30.0288","30.0288","","30.0288","7.0900000000000105","1","7.0900000000000105","7.0900000000000105","7.0900000000000105","94.76","42.16","94.76","42.16","0","0","0","1","94.76","","42.16","","2"
"net95","OK","8.367441000000003","1.372620493571234","17.5905","21.7515","3.3889999999999993","2.469000000000001","11.716000000000001","19.285","15.896","22.986","20.517","0","10.310000000000002","10.310000000000002","10.310000000000002","3.7536","1","0","0","0","1","0","0","5.8580000000000005","0","0","0","0","0","2","_703d6f07ed570000_p_Net","1","0","0","1","0","0","0","0","0","0","1","_703d6f07ed570000_p_odb__dbNet","0.0","0.0","0.0","30.0288","30.0288","","30.0288","10.310000000000002","1","10.310000000000002","10.310000000000002","10.310000000000002","23.0","20.4","23.0","20.4","0","0","0","1","23.0","","20.4","","2"
"net96","OK","12.802038999999999","1.450353415869958","14.3705","13.5915","4.308999999999999","2.971","14.559999999999999","16.525","12.216","15.077","12.106","0","11.229999999999999","11.229999999999999","11.229999999999999","3.7536","1","0","0","0","1","0","0","7.279999999999999","0","0","0","0","0","2","_e83d6f07ed570000_p_Net","1","0","0","1","0","0","0","0","0","0","1","_e83d6f07ed570000_p_odb__dbNet","0.0","0.0","0.0","30.0288","30.0288","","30.0288","11.229999999999999","1","11.229999999999999","11.229999999999999","11.229999999999999","20.24","14.96","20.24","14.96","1","0","0","0","20.24","","14.96","","2"
"net97","OK","0.032144000000003586","125.56249215233017","7.240499999999999","20.525","2.0089999999999995","0.01600000000000179","4.0500000000000025","8.245","6.236","20.533","20.517","0","6.210000000000001","6.210000000000001","6.210000000000001","3.7536","1","0","0","0","1","0","0","2.0250000000000012","0","0","0","0","0","2","_603e6f07ed570000_p_Net","1","0","0","1","0","0","0","0","0","0","1","_603e6f07ed570000_p_odb__dbNet","0.0","0.0","0.0","30.0288","30.0288","","30.0288","6.210000000000001","1","6.210000000000001","6.210000000000001","6.210000000000001","11.96","20.4","11.96","20.4","0","0","0","1","11.96","","20.4","","2"
"net98","OK","0.0321440000000036","125.56249215233021","5.8605","17.554000000000002","2.0090000000000003","0.01600000000000179","4.050000000000004","6.865","4.856","17.562","17.546","0","6.21","6.21","6.21","3.7536","1","0","0","0","1","0","0","2.025000000000002","0","0","0","0","0","2","_d83e6f07ed570000_p_Net","1","0","0","1","0","0","0","0","0","0","1","_d83e6f07ed570000_p_odb__dbNet","0.0","0.0","0.0","30.0288","30.0288","","30.0288","6.21","1","6.21","6.21","6.21","10.58","17.68","10.58","17.68","1","0","0","0","10.58","","17.68","","2"
"net308","OK","0.20646000000000797","57.34999904416455","77.1245","77.36","3.4410000000000025","0.060000000000002274","7.0020000000000095","78.845","75.404","77.39","77.33","0","6.440000000000012","6.440000000000012","6.440000000000012","23.772800000000004","0","0","1","0","1","0","0","3.5010000000000048","0","0","0","0","0","2","_503f6f07ed570000_p_Net","0","1","0","1","0","0","0","0","0","0","1","_503f6f07ed570000_p_odb__dbNet","3.7536","0.0","0.0","3.7536","3.7536","","3.7536","6.440000000000012","1","6.440000000000012","6.440000000000012","6.440000000000012","78.43","77.52","78.43","77.52","1","0","0","0","78.43","","77.52","","2"
"net198","OK","19.427247000000033","0.6704439902154129","101.8805","99.44149999999999","3.609000000000009","5.382999999999996","17.98400000000001","103.685","100.076","102.133","96.75","0","9.11999999999999","9.11999999999999","9.11999999999999","3.7536","1","0","0","0","1","0","0","8.992000000000004","0","0","0","0","0","2","_c83f6f07ed570000_p_Net","1","1","0","1","0","0","0","0","0","0","1","_c83f6f07ed570000_p_odb__dbNet","3.7536","0.0","0.0","3.7536","3.7536","","3.7536","9.11999999999999","1","9.11999999999999","9.11999999999999","9.11999999999999","103.27","96.56","103.27","96.56","0","0","0","1","103.27","","96.56","","2"
"net191","OK","0.1532730000000062","47.17543776885031","83.4805","64.0815","2.689000000000007","0.05700000000000216","5.492000000000019","84.825","82.136","64.11","64.053","0","2.759999999999991","2.759999999999991","2.759999999999991","3.7536","1","0","0","0","1","0","0","2.7460000000000093","0","0","0","0","0","2","_40406f07ed570000_p_Net","1","1","0","1","0","0","0","0","0","0","1","_40406f07ed570000_p_odb__dbNet","3.7536","0.0","0.0","3.7536","3.7536","","3.7536","2.759999999999991","1","2.759999999999991","2.759999999999991","2.759999999999991","84.41","63.92","84.41","63.92","0","0","0","1","84.41","","63.92","","2"
"net190","OK","2.580463999999996","0.2786723627082901","83.499","51.6515","0.847999999999999","3.0429999999999993","7.7819999999999965","83.923","83.075","53.173","50.13","0","3.6400000000000006","3.6400000000000006","3.6400000000000006","3.7536","1","0","0","0","1","0","0","3.8909999999999982","0","0","0","0","0","2","_b8406f07ed570000_p_Net","1","1","0","1","0","0","0","0","0","0","1","_b8406f07ed570000_p_odb__dbNet","3.7536","0.0","0.0","3.7536","3.7536","","3.7536","3.6400000000000006","1","3.6400000000000006","3.6400000000000006","3.6400000000000006","83.49","50.32","83.49","50.32","0","0","1","0","83.49","","50.32","","2"
"net189","OK","5.383066999999972","0.5813342094704756","88.54050000000001","51.6515","1.7689999999999912","3.0429999999999993","9.623999999999981","89.425","87.656","53.173","50.13","0","4.560000000000002","4.560000000000002","4.560000000000002","3.7536","1","0","0","0","1","0","0","4.8119999999999905","0","0","0","0","0","2","_30416f07ed570000_p_Net","1","1","0","1","0","0","0","0","0","0","1","_30416f07ed570000_p_odb__dbNet","3.7536","0.0","0.0","3.7536","3.7536","","3.7536","4.560000000000002","1","4.560000000000002","4.560000000000002","4.560000000000002","89.01","50.32","89.01","50.32","0","0","0","1","89.01","","50.32","","2"
"net188","OK","0.07461300000000269","22.96491187780765","79.5705","58.6415","1.3089999999999975","0.05700000000000216","2.7319999999999993","80.225","78.916","58.67","58.613","0","1.3799999999999955","1.3799999999999955","1.3799999999999955","3.7536","1","0","0","0","1","0","0","1.3659999999999997","0","0","0","0","0","2","_a8416f07ed570000_p_Net","1","1","0","1","0","0","0","0","0","0","1","_a8416f07ed570000_p_odb__dbNet","3.7536","0.0","0.0","3.7536","3.7536","","3.7536","1.3799999999999955","1","1.3799999999999955","1.3799999999999955","1.3799999999999955","79.81","58.48","79.81","58.48","0","0","0","1","79.81","","58.48","","2"
"net187","OK","0.026824000000002107","8.553571275828384","90.65549999999999","61.038","0.4789999999999992","0.05600000000000449","1.0700000000000074","90.895","90.416","61.066","61.01","0","1.3799999999999955","1.3799999999999955","1.3799999999999955","3.7536","1","0","0","0","1","0","0","0.5350000000000037","0","0","0","0","0","2","_20426f07ed570000_p_Net","1","1","0","1","0","0","0","0","0","0","1","_20426f07ed570000_p_odb__dbNet","3.7536","0.0","0.0","3.7536","3.7536","","3.7536","1.3799999999999955","1","1.3799999999999955","1.3799999999999955","1.3799999999999955","91.31","61.2","91.31","61.2","1","0","0","0","91.31","","61.2","","2"
"net186","OK","0.2793839999999864","89.08928412340963","86.9305","55.598","4.98899999999999","0.055999999999997385","10.089999999999975","89.425","84.436","55.626","55.57","0","5.060000000000002","5.060000000000002","5.060000000000002","3.7536","1","0","0","0","1","0","0","5.0449999999999875","0","0","0","0","0","2","_98426f07ed570000_p_Net","1","1","0","1","0","0","0","0","0","0","1","_98426f07ed570000_p_odb__dbNet","3.7536","0.0","0.0","3.7536","3.7536","","3.7536","5.060000000000002","1","5.060000000000002","5.060000000000002","5.060000000000002","89.01","55.76","89.01","55.76","1","0","0","0","89.01","","55.76","","2"
"net197","OK","0.17251199999999808","0.030050083459911964","16.339","38.108","0.07199999999999918","2.396000000000001","4.936","16.375","16.303","39.306","36.91","0","2.719999999999999","2.719999999999999","2.719999999999999","3.7536","1","0","0","0","1","0","0","2.468","0","0","0","0","0","2","_10436f07ed570000_p_Net","1","1","0","1","0","0","0","0","0","0","1","_10436f07ed570000_p_odb__dbNet","3.7536","0.0","0.0","3.7536","3.7536","","3.7536","2.719999999999999","1","2.719999999999999","2.719999999999999","2.719999999999999","16.79","36.72","16.79","36.72","0","0","0","1","16.79","","36.72","","2"
"net185","OK","7.5481529999999974","1.3137254896480088","87.3905","59.811499999999995","3.149000000000001","2.3969999999999985","11.091999999999999","88.965","85.816","61.01","58.613","0","5.940000000000005","5.940000000000005","5.940000000000005","3.7536","1","0","0","0","1","0","0","5.545999999999999","0","0","0","0","0","2","_88436f07ed570000_p_Net","1","1","0","1","0","0","0","0","0","0","1","_88436f07ed570000_p_odb__dbNet","3.7536","0.0","0.0","3.7536","3.7536","","3.7536","5.940000000000005","1","5.940000000000005","5.940000000000005","5.940000000000005","88.55","61.2","88.55","61.2","1","0","0","0","88.55","","61.2","","2"
"net301","OK","0.4379120000000014","0.06755695205516249","31.857","38.033","0.1720000000000006","2.5459999999999994","5.436","31.943","31.771","39.306","36.76","0","3.6400000000000006","3.6400000000000006","3.6400000000000006","3.7536","1","0","0","0","1","0","0","2.718","0","0","0","0","0","2","_00446f07ed570000_p_Net","1","0","0","1","0","0","0","0","0","0","1","_00446f07ed570000_p_odb__dbNet","0.0","0.0","0.0","16.265600000000003","16.265600000000003","","16.265600000000003","3.6400000000000006","1","3.6400000000000006","3.6400000000000006","3.6400000000000006","33.35","36.72","33.35","36.72","0","0","0","1","33.35","","36.72","","2"
"net296","OK","56.10297499999998","1.3136954856444238","58.4705","96.9475","8.585","6.534999999999997","30.239999999999995","62.763","54.178","100.215","93.68","0","10.310000000000002","7.789999999999999","31.159999999999997","3.7536","1","0","0","0","4","0","0","15.119999999999997","0","0","0","0","0","5","_78446f07ed570000_p_Net","1","0","0","1","0","0","0","0","0","0","4","_78446f07ed570000_p_odb__dbNet","0.0","0.0","0.0","11.2608","8.1328","2.5794148793864085","32.5312","7.789999999999992","4","7.739999999999995","10.310000000000002","10.310000000000002","60.95","99.28","55.2","93.84","0","2","1","1","57.5","2.294242794474901","97.24000000000001","2.2553048574416708","5"
"net309","OK","3.0403680000000404","0.04951505869710187","78.209","62.588","0.38800000000000523","7.8359999999999985","16.448000000000008","78.403","78.015","66.506","58.67","0","8.619999999999997","8.619999999999997","8.619999999999997","3.7536","1","0","0","0","1","0","0","8.224000000000004","0","0","0","0","0","2","_f0446f07ed570000_p_Net","1","1","0","1","0","0","0","0","0","0","1","_f0446f07ed570000_p_odb__dbNet","3.7536","0.0","0.0","3.7536","3.7536","","3.7536","8.619999999999997","1","8.619999999999997","8.619999999999997","8.619999999999997","78.43","58.48","78.43","58.48","0","0","0","1","78.43","","58.48","","2"
"net305","OK","473.37864","0.7885070606159293","25.958","59.719","19.320000000000004","24.501999999999995","87.644","35.618","16.298","71.97","47.468","0","41.5","22.952000000000005","114.76000000000002","5.0048","1","0","0","0","5","0","0","43.822","0","0","0","0","0","6","_68456f07ed570000_p_Net","1","0","0","1","0","0","0","0","0","0","5","_68456f07ed570000_p_odb__dbNet","0.0","0.0","0.0","25.024","25.024","0.0","125.12","21.66399999999999","5","24.06","41.5","41.5","37.72","66.64","18.4","47.6","0","2","1","2","26.588","8.563416140769991","56.30400000000001","7.57704322278816","6"
"net304","OK","1046.52576","0.356668143546805","26.395","75.026","19.32","54.168","146.976","36.055","16.735","102.11","47.942","0","62.72","46.135000000000005","369.08000000000004","5.0048","1","0","0","0","8","0","0","73.488","0","0","0","0","0","9","_e0456f07ed570000_p_Net","1","0","0","1","0","0","0","0","0","0","8","_e0456f07ed570000_p_odb__dbNet","0.0","0.0","0.0","25.024","25.024","0.0","200.192","42.33999999999999","8","44.56","62.72","62.72","37.72","80.24","18.4","47.6","0","2","4","2","24.840000000000003","7.170690343335152","64.26","11.967806816622666","9"
"net303","OK","13.099257999999994","0.18246193789891862","31.389","87.01650000000001","1.5459999999999994","8.472999999999999","20.037999999999997","32.162","30.616","91.253","82.78","0","8.16000000000001","8.16000000000001","8.16000000000001","3.7536","1","0","0","0","1","0","0","10.018999999999998","0","0","0","0","0","2","_58466f07ed570000_p_Net","1","0","0","1","0","0","0","0","0","0","1","_58466f07ed570000_p_odb__dbNet","0.0","0.0","0.0","16.265600000000003","16.265600000000003","","16.265600000000003","8.16000000000001","1","8.16000000000001","8.16000000000001","8.16000000000001","30.13","82.96","30.13","82.96","0","0","1","0","30.13","","82.96","","2"
"net196","OK","0.18138399999999158","57.83928468144406","26.255499999999998","39.278","3.2390000000000008","0.055999999999997385","6.589999999999996","27.875","24.636","39.306","39.25","0","4.140000000000001","4.140000000000001","4.140000000000001","3.7536","1","0","0","0","1","0","0","3.294999999999998","0","0","0","0","0","2","_d0466f07ed570000_p_Net","1","1","0","1","0","0","0","0","0","0","1","_d0466f07ed570000_p_odb__dbNet","3.7536","0.0","0.0","3.7536","3.7536","","3.7536","4.140000000000001","1","4.140000000000001","4.140000000000001","4.140000000000001","28.29","39.44","28.29","39.44","1","0","0","0","28.29","","39.44","","2"
"net195","OK","17.801543999999968","0.5893377000383301","21.6555","36.558","3.238999999999997","5.495999999999995","17.469999999999985","23.275","20.036","39.306","33.81","0","9.579999999999998","9.579999999999998","9.579999999999998","3.7536","1","0","0","0","1","0","0","8.734999999999992","0","0","0","0","0","2","_48476f07ed570000_p_Net","1","1","0","1","0","0","0","0","0","0","1","_48476f07ed570000_p_odb__dbNet","3.7536","0.0","0.0","3.7536","3.7536","","3.7536","9.579999999999998","1","9.579999999999998","9.579999999999998","9.579999999999998","23.69","34.0","23.69","34.0","0","0","0","1","23.69","","34.0","","2"
"net194","OK","0.07324799999999657","23.357142440052115","6.449","33.838","1.3079999999999998","0.055999999999997385","2.7279999999999944","7.103","5.795","33.866","33.81","0","1.38","1.38","1.38","3.7536","1","0","0","0","1","0","0","1.3639999999999972","0","0","0","0","0","2","_c0476f07ed570000_p_Net","1","1","0","1","0","0","0","0","0","0","1","_c0476f07ed570000_p_odb__dbNet","3.7536","0.0","0.0","3.7536","3.7536","","3.7536","1.38","1","1.38","1.38","1.38","6.21","34.0","6.21","34.0","0","1","0","0","6.21","","34.0","","2"
"net193","OK","7.040964000000002","0.2429871818237065","5.069","39.6015","1.3079999999999998","5.383000000000003","13.382000000000005","5.723","4.415","42.293","36.91","0","6.819999999999998","6.819999999999998","6.819999999999998","3.7536","1","0","0","0","1","0","0","6.6910000000000025","0","0","0","0","0","2","_38486f07ed570000_p_Net","1","1","0","1","0","0","0","0","0","0","1","_38486f07ed570000_p_odb__dbNet","3.7536","0.0","0.0","3.7536","3.7536","","3.7536","6.819999999999998","1","6.819999999999998","6.819999999999998","6.819999999999998","4.83","36.72","4.83","36.72","0","0","1","0","4.83","","36.72","","2"
"net192","OK","0.026823999999998703","8.55357127582947","75.0155","71.918","0.4789999999999992","0.055999999999997385","1.0699999999999932","75.255","74.776","71.946","71.89","0","1.3799999999999955","1.3799999999999955","1.3799999999999955","3.7536","1","0","0","0","1","0","0","0.5349999999999966","0","0","0","0","0","2","_b0486f07ed570000_p_Net","1","1","0","1","0","0","0","0","0","0","1","_b0486f07ed570000_p_odb__dbNet","3.7536","0.0","0.0","3.7536","3.7536","","3.7536","1.3799999999999955","1","1.3799999999999955","1.3799999999999955","1.3799999999999955","75.67","72.08","75.67","72.08","1","0","0","0","75.67","","72.08","","2"
"net311","OK","8.862803999999999","1.543823037752994","84.90549999999999","54.428","3.698999999999998","2.396000000000001","12.189999999999998","86.755","83.056","55.626","53.23","0","7.320000000000007","7.320000000000007","7.320000000000007","3.7536","1","0","0","0","1","0","0","6.094999999999999","0","0","0","0","0","2","_28496f07ed570000_p_Net","1","1","0","1","0","0","0","0","0","0","1","_28496f07ed570000_p_odb__dbNet","3.7536","0.0","0.0","3.7536","3.7536","","3.7536","7.320000000000007","1","7.320000000000007","7.320000000000007","7.320000000000007","87.17","53.04","87.17","53.04","0","0","0","1","87.17","","53.04","","2"
"net293","OK","144.100623","4.509287103394786","74.5565","55.813500000000005","25.491000000000007","5.652999999999999","62.28800000000001","87.302","61.811","58.64","52.987","0","30.50999999999999","15.063333333333333","45.19","3.7536","1","0","0","0","3","0","0","31.144000000000005","0","0","0","0","0","4","_a0496f07ed570000_p_Net","1","0","0","1","0","0","0","0","0","0","3","_a0496f07ed570000_p_odb__dbNet","0.0","0.0","0.0","6.256","5.0048","1.021600522056771","15.0144","14.75666666666666","3","11.5","30.50999999999999","30.50999999999999","87.17","58.48","61.64","53.04","1","0","1","1","74.67333333333333","10.429484913242627","55.76","2.220870700123414","4"
"net292","OK","10.473605999999998","1.5808080801939384","84.63050000000001","48.899","4.069000000000003","2.573999999999998","13.286000000000001","86.665","82.596","50.186","47.612","0","7.319999999999993","5.729999999999997","11.459999999999994","3.7536","1","0","0","0","2","0","0","6.643000000000001","0","0","0","0","0","3","_184a6f07ed570000_p_Net","1","0","0","1","0","0","0","0","0","0","2","_184a6f07ed570000_p_odb__dbNet","0.0","0.0","0.0","11.2608","8.7584","2.5023999999999997","17.5168","5.72999999999999","2","4.140000000000001","7.319999999999993","7.319999999999993","86.71","50.32","86.25","47.6","1","0","0","1","86.47999999999999","0.22999999999999687","48.96","1.3599999999999994","3"
"net291","OK","0.7073640000000029","0.1221945136649232","30.929000000000002","87.063","0.2940000000000005","2.406000000000006","5.400000000000013","31.076","30.782","88.266","85.86","0","4.559999999999999","4.559999999999999","4.559999999999999","3.7536","1","0","0","0","1","0","0","2.7000000000000064","0","0","0","0","0","2","_904a6f07ed570000_p_Net","1","0","0","1","0","0","0","0","0","0","1","_904a6f07ed570000_p_odb__dbNet","0.0","0.0","0.0","16.265600000000003","16.265600000000003","","16.265600000000003","4.559999999999999","1","4.559999999999999","4.559999999999999","4.559999999999999","28.75","85.68","28.75","85.68","0","0","1","0","28.75","","85.68","","2"
"net286","OK","95.49068100000005","0.7968393166349832","21.6015","96.7265","8.723000000000003","10.947000000000003","39.34000000000001","25.963","17.24","102.2","91.253","0","19.389999999999993","14.383333333333331","43.14999999999999","3.7536","1","0","0","0","3","0","0","19.670000000000005","0","0","0","0","0","4","_084b6f07ed570000_p_Net","1","0","0","1","0","0","0","0","0","0","3","_084b6f07ed570000_p_odb__dbNet","0.0","0.0","0.0","6.256","5.0048","1.021600522056771","15.0144","14.38333333333333","3","12.799999999999997","19.389999999999993","19.389999999999993","20.93","102.0","17.94","96.56","0","1","2","0","19.32","1.2314490109893568","98.37333333333333","2.5644405931032113","4"
"net276","OK","15.500856000000011","2.688879632366142","48.495000000000005","43.545500000000004","6.455999999999996","2.4010000000000034","17.714","51.723","45.267","44.746","42.345","0","12.38000000000001","12.38000000000001","12.38000000000001","3.7536","1","0","0","0","1","0","0","8.857","0","0","0","0","0","2","_804b6f07ed570000_p_Net","1","0","0","1","0","0","0","0","0","0","1","_804b6f07ed570000_p_odb__dbNet","0.0","0.0","0.0","16.265600000000003","16.265600000000003","","16.265600000000003","12.38000000000001","1","12.38000000000001","12.38000000000001","12.38000000000001","42.55","42.16","42.55","42.16","0","0","1","0","42.55","","42.16","","2"
"net200","OK","13.055804000000034","2.27420701073698","99.5805","97.94800000000001","5.449000000000012","2.396000000000001","15.690000000000026","102.305","96.856","99.146","96.75","0","8.239999999999995","8.239999999999995","8.239999999999995","3.7536","1","0","0","0","1","0","0","7.845000000000013","0","0","0","0","0","2","_f84b6f07ed570000_p_Net","1","1","0","1","0","0","0","0","0","0","1","_f84b6f07ed570000_p_odb__dbNet","3.7536","0.0","0.0","3.7536","3.7536","","3.7536","8.239999999999995","1","8.239999999999995","8.239999999999995","8.239999999999995","101.89","96.56","101.89","96.56","0","0","0","1","101.89","","96.56","","2"
"net302","OK","0.4411500000000066","0.06784313722829721","36.0495","86.991","0.17300000000000182","2.5500000000000114","5.446000000000026","36.136","35.963","88.266","85.716","0","3.6400000000000006","3.6400000000000006","3.6400000000000006","3.7536","1","0","0","0","1","0","0","2.723000000000013","0","0","0","0","0","2","_704c6f07ed570000_p_Net","1","0","0","1","0","0","0","0","0","0","1","_704c6f07ed570000_p_odb__dbNet","0.0","0.0","0.0","16.265600000000003","16.265600000000003","","16.265600000000003","3.6400000000000006","1","3.6400000000000006","3.6400000000000006","3.6400000000000006","34.73","85.68","34.73","85.68","0","0","1","0","34.73","","85.68","","2"
"net300","OK","1616.9856000000002","1.5177696077966374","54.877","26.009999999999998","49.540000000000006","32.64","164.36","79.647","30.107","42.33","9.69","0","66.19","36.84588235294117","626.3799999999999","11.2608","1","0","0","0","17","0","0","82.18","0","0","0","0","0","18","_e84c6f07ed570000_p_Net","1","1","0","1","0","0","0","0","0","0","17","_e84c6f07ed570000_p_odb__dbNet","3.7536","0.0","0.0","10.0096","8.1696","1.876439181002145","138.88320000000002","29.855294117647045","17","39.97","63.05","66.19","79.81","42.16","28.52","9.52","6","1","9","1","51.15470588235295","16.88749175735317","25.520000000000003","10.83520189013569","18"
"net299","OK","616.83528","1.0497937293296289","38.5145","21.84","25.447","24.240000000000002","99.374","51.238","25.791","33.96","9.72","0","32.84","26.985000000000003","161.91000000000003","5.0048","1","0","0","0","6","0","0","49.687","0","0","0","0","0","7","_604d6f07ed570000_p_Net","1","0","0","1","0","0","0","0","0","0","6","_604d6f07ed570000_p_odb__dbNet","0.0","0.0","0.0","16.265600000000003","8.132800000000001","4.0057945229379905","48.796800000000005","26.07833333333334","6","24.750000000000004","32.84","32.84","48.53","34.0","27.37","9.52","0","1","2","3","37.681666666666665","6.707457085629065","19.04","7.81260519929172","7"
"net283","OK","1953.6868610000001","2.6211860370454865","54.3565","20.2165","71.561","27.301","197.72400000000002","90.137","18.576","33.867","6.566","0","100.8","56.7825","454.26","7.5072","1","0","0","0","8","0","0","98.86200000000001","0","0","0","0","0","9","_d84d6f07ed570000_p_Net","1","0","0","1","0","0","0","0","0","0","8","_d84d6f07ed570000_p_odb__dbNet","0.0","0.0","0.0","30.0288","30.028799999999997","3.552713678800501e-15","240.23039999999997","56.782500000000006","8","49.28","100.8","100.8","93.38","34.0","23.0","6.8","2","3","1","2","61.5825","23.391619092102196","20.4","11.297008453568582","9"
"net280","OK","46.60214","0.7673553187774471","19.987000000000002","13.6495","5.98","7.792999999999999","27.546","22.977","16.997","17.546","9.753","0","9.809999999999997","7.663333333333333","22.99","3.7536","1","0","0","0","3","0","0","13.773","0","0","0","0","0","4","_504e6f07ed570000_p_Net","1","0","0","1","0","0","0","0","0","0","3","_504e6f07ed570000_p_odb__dbNet","0.0","0.0","0.0","30.0288","30.0288","0.0","90.0864","6.589999999999998","3","8.849999999999998","9.809999999999997","9.809999999999997","26.22","14.96","20.24","9.52","1","0","0","2","23.0","2.462898021978715","12.24","2.2208707001234154","4"
"net279","OK","85.70393999999995","0.48964474675059316","96.37100000000001","92.465","6.477999999999994","13.230000000000004","39.416","99.61","93.132","99.08","85.85","0","15.289999999999992","9.809999999999999","39.239999999999995","3.7536","1","0","0","0","4","0","0","19.708","0","0","0","0","0","5","_c84e6f07ed570000_p_Net","1","0","0","1","0","0","0","0","0","0","4","_c84e6f07ed570000_p_odb__dbNet","0.0","0.0","0.0","5.0048","4.3792","0.6256000000000002","17.5168","8.105000000000004","4","9.159999999999997","15.289999999999992","15.289999999999992","100.28","99.28","92.46","85.68","1","1","1","1","97.17500000000001","3.0964697641023426","92.48","5.6074236508400155","5"
"net275","OK","13.756152000000005","2.2222668801357464","36.6255","87.109","5.5290000000000035","2.4879999999999995","16.034000000000006","39.39","33.861","88.353","85.865","0","9.850000000000001","6.030000000000001","18.090000000000003","5.0048","1","0","0","0","3","0","0","8.017000000000003","0","0","0","0","0","4","_404f6f07ed570000_p_Net","1","0","0","1","0","0","0","0","0","0","3","_404f6f07ed570000_p_odb__dbNet","0.0","0.0","0.0","16.265600000000003","13.763200000000003","3.538928018482433","41.28960000000001","6.030000000000015","3","4.3700000000000045","9.850000000000001","9.850000000000001","40.71","88.4","34.73","85.68","1","0","1","1","37.79666666666667","2.4437312090780834","86.58666666666666","1.2822202965516056","4"
"net310","OK","0.027245999999997318","8.385964765159143","85.064","53.201499999999996","0.47799999999999443","0.056999999999995055","1.069999999999979","85.303","84.825","53.23","53.173","0","1.3800000000000097","1.3800000000000097","1.3800000000000097","3.7536","1","0","0","0","1","0","0","0.5349999999999895","0","0","0","0","0","2","_b84f6f07ed570000_p_Net","1","1","0","1","0","0","0","0","0","0","1","_b84f6f07ed570000_p_odb__dbNet","3.7536","0.0","0.0","3.7536","3.7536","","3.7536","1.3800000000000097","1","1.3800000000000097","1.3800000000000097","1.3800000000000097","84.41","53.04","84.41","53.04","0","0","1","0","84.41","","53.04","","2"
"net206","OK","13.061253000000033","2.273258238517618","8.9605","92.45150000000001","5.449000000000001","2.3970000000000056","15.692000000000013","11.685","6.236","93.65","91.253","0","8.239999999999998","8.239999999999998","8.239999999999998","3.7536","1","0","0","0","1","0","0","7.846000000000006","0","0","0","0","0","2","_30506f07ed570000_p_Net","1","1","0","1","0","0","0","0","0","0","1","_30506f07ed570000_p_odb__dbNet","3.7536","0.0","0.0","3.7536","3.7536","","3.7536","8.239999999999998","1","8.239999999999998","8.239999999999998","8.239999999999998","11.27","93.84","11.27","93.84","1","0","0","0","11.27","","93.84","","2"
"net205","OK","0.2793839999999864","89.08928412340963","85.09049999999999","77.358","4.98899999999999","0.055999999999997385","10.089999999999975","87.585","82.596","77.386","77.33","0","5.060000000000002","5.060000000000002","5.060000000000002","3.7536","1","0","0","0","1","0","0","5.0449999999999875","0","0","0","0","0","2","_a8506f07ed570000_p_Net","1","1","0","1","0","0","0","0","0","0","1","_a8506f07ed570000_p_odb__dbNet","3.7536","0.0","0.0","3.7536","3.7536","","3.7536","5.060000000000002","1","5.060000000000002","5.060000000000002","5.060000000000002","87.17","77.52","87.17","77.52","1","0","0","0","87.17","","77.52","","2"
"net204","OK","8.650772999999957","1.5056320394219338","89.4605","87.0115","3.6089999999999947","2.3969999999999914","12.011999999999972","91.265","87.656","88.21","85.813","0","6.3999999999999915","6.3999999999999915","6.3999999999999915","3.7536","1","0","0","0","1","0","0","6.005999999999986","0","0","0","0","0","2","_20516f07ed570000_p_Net","1","1","0","1","0","0","0","0","0","0","1","_20516f07ed570000_p_odb__dbNet","3.7536","0.0","0.0","3.7536","3.7536","","3.7536","6.3999999999999915","1","6.3999999999999915","6.3999999999999915","6.3999999999999915","90.85","88.4","90.85","88.4","1","0","0","0","90.85","","88.4","","2"
"net203","OK","6.4428440000000196","1.1222871447736724","95.9005","76.18799999999999","2.689000000000007","2.396000000000001","10.170000000000016","97.245","94.556","77.386","74.99","0","5.480000000000004","5.480000000000004","5.480000000000004","3.7536","1","0","0","0","1","0","0","5.085000000000008","0","0","0","0","0","2","_98516f07ed570000_p_Net","1","1","0","1","0","0","0","0","0","0","1","_98516f07ed570000_p_odb__dbNet","3.7536","0.0","0.0","3.7536","3.7536","","3.7536","5.480000000000004","1","5.480000000000004","5.480000000000004","5.480000000000004","96.83","74.8","96.83","74.8","0","0","0","1","96.83","","74.8","","2"
"net202","OK","10.985796000000068","1.1856110377182603","91.3005","84.348","3.609000000000009","3.044000000000011","13.30600000000004","93.105","89.496","85.87","82.826","0","6.400000000000006","6.400000000000006","6.400000000000006","3.7536","1","0","0","0","1","0","0","6.65300000000002","0","0","0","0","0","2","_10526f07ed570000_p_Net","1","1","0","1","0","0","0","0","0","0","1","_10526f07ed570000_p_odb__dbNet","3.7536","0.0","0.0","3.7536","3.7536","","3.7536","6.400000000000006","1","6.400000000000006","6.400000000000006","6.400000000000006","92.69","85.68","92.69","85.68","1","0","0","0","92.69","","85.68","","2"
"net211","OK","4.958293999999967","0.16408950333562022","46.653999999999996","88.5615","0.9019999999999939","5.497","12.797999999999988","47.105","46.203","91.31","85.813","0","5.439999999999998","5.439999999999998","5.439999999999998","3.7536","1","0","0","0","1","0","0","6.398999999999994","0","0","0","0","0","2","_88526f07ed570000_p_Net","1","1","0","1","0","0","0","0","0","0","1","_88526f07ed570000_p_odb__dbNet","3.7536","0.0","0.0","3.7536","3.7536","","3.7536","5.439999999999998","1","5.439999999999998","5.439999999999998","5.439999999999998","46.69","91.12","46.69","91.12","1","0","0","0","46.69","","91.12","","2"
"net210","OK","0.026823999999998703","8.55357127582947","23.0355","99.118","0.4789999999999992","0.055999999999997385","1.0699999999999932","23.275","22.796","99.146","99.09","0","1.3800000000000026","1.3800000000000026","1.3800000000000026","3.7536","1","0","0","0","1","0","0","0.5349999999999966","0","0","0","0","0","2","_00536f07ed570000_p_Net","1","1","0","1","0","0","0","0","0","0","1","_00536f07ed570000_p_odb__dbNet","3.7536","0.0","0.0","3.7536","3.7536","","3.7536","1.3800000000000026","1","1.3800000000000026","1.3800000000000026","1.3800000000000026","23.69","99.28","23.69","99.28","1","0","0","0","23.69","","99.28","","2"
"net209","OK","0.02682400000000561","8.55357127582733","8.775500000000001","88.238","0.479000000000001","0.056000000000011596","1.0700000000000252","9.015","8.536","88.266","88.21","0","1.379999999999999","1.379999999999999","1.379999999999999","3.7536","1","0","0","0","1","0","0","0.5350000000000126","0","0","0","0","0","2","_78536f07ed570000_p_Net","1","1","0","1","0","0","0","0","0","0","1","_78536f07ed570000_p_odb__dbNet","3.7536","0.0","0.0","3.7536","3.7536","","3.7536","1.379999999999999","1","1.379999999999999","1.379999999999999","1.379999999999999","9.43","88.4","9.43","88.4","1","0","0","0","9.43","","88.4","","2"
"net208","OK","8.456497000000017","0.9132435093942657","10.3855","89.7315","2.779","3.0430000000000064","11.644000000000013","11.775","8.996","91.253","88.21","0","6.399999999999999","6.399999999999999","6.399999999999999","3.7536","1","0","0","0","1","0","0","5.822000000000006","0","0","0","0","0","2","_f0536f07ed570000_p_Net","1","1","0","1","0","0","0","0","0","0","1","_f0536f07ed570000_p_odb__dbNet","3.7536","0.0","0.0","3.7536","3.7536","","3.7536","6.399999999999999","1","6.399999999999999","6.399999999999999","6.399999999999999","12.19","88.4","12.19","88.4","0","0","0","1","12.19","","88.4","","2"
"net207","OK","0.2586640000000536","82.48214138423039","8.0855","88.238","4.619","0.056000000000011596","9.350000000000023","10.395","5.776","88.266","88.21","0","5.5200000000000005","5.5200000000000005","5.5200000000000005","3.7536","1","0","0","0","1","0","0","4.675000000000011","0","0","0","0","0","2","_68546f07ed570000_p_Net","1","1","0","1","0","0","0","0","0","0","1","_68546f07ed570000_p_odb__dbNet","3.7536","0.0","0.0","3.7536","3.7536","","3.7536","5.5200000000000005","1","5.5200000000000005","5.5200000000000005","5.5200000000000005","10.81","88.4","10.81","88.4","1","0","0","0","10.81","","88.4","","2"
"net216","OK","0.07330400000000574","23.374999582587375","105.7905","44.718","1.3089999999999975","0.05600000000000449","2.730000000000004","106.445","105.136","44.746","44.69","0","1.3799999999999955","1.3799999999999955","1.3799999999999955","3.7536","1","0","0","0","1","0","0","1.365000000000002","0","0","0","0","0","2","_e0546f07ed570000_p_Net","1","1","0","1","0","0","0","0","0","0","1","_e0546f07ed570000_p_odb__dbNet","3.7536","0.0","0.0","3.7536","3.7536","","3.7536","1.3799999999999955","1","1.3799999999999955","1.3799999999999955","1.3799999999999955","106.03","44.88","106.03","44.88","1","0","0","0","106.03","","44.88","","2"
"net215","OK","0.07461299999998408","22.964911877813375","77.2705","74.9615","1.3089999999999975","0.05699999999998795","2.731999999999971","77.925","76.616","74.99","74.933","0","1.3800000000000097","1.3800000000000097","1.3800000000000097","3.7536","1","0","0","0","1","0","0","1.3659999999999854","0","0","0","0","0","2","_58556f07ed570000_p_Net","1","1","0","1","0","0","0","0","0","0","1","_58556f07ed570000_p_odb__dbNet","3.7536","0.0","0.0","3.7536","3.7536","","3.7536","1.3800000000000097","1","1.3800000000000097","1.3800000000000097","1.3800000000000097","77.51","74.8","77.51","74.8","0","0","0","1","77.51","","74.8","","2"
"net214","OK","1.1476839999999984","0.19991652746247182","70.41550000000001","59.868","0.4789999999999992","2.396000000000001","5.75","70.655","70.176","61.066","58.67","0","4.100000000000001","4.100000000000001","4.100000000000001","3.7536","1","0","0","0","1","0","0","2.875","0","0","0","0","0","2","_d0556f07ed570000_p_Net","1","1","0","1","0","0","0","0","0","0","1","_d0556f07ed570000_p_odb__dbNet","3.7536","0.0","0.0","3.7536","3.7536","","3.7536","4.100000000000001","1","4.100000000000001","4.100000000000001","4.100000000000001","71.07","58.48","71.07","58.48","0","0","0","1","71.07","","58.48","","2"
"net213","OK","0.1532730000000062","47.17543776885031","72.9005","91.2815","2.689000000000007","0.05700000000000216","5.492000000000019","74.245","71.556","91.31","91.253","0","2.760000000000005","2.760000000000005","2.760000000000005","3.7536","1","0","0","0","1","0","0","2.7460000000000093","0","0","0","0","0","2","_48566f07ed570000_p_Net","1","1","0","1","0","0","0","0","0","0","1","_48566f07ed570000_p_odb__dbNet","3.7536","0.0","0.0","3.7536","3.7536","","3.7536","2.760000000000005","1","2.760000000000005","2.760000000000005","2.760000000000005","73.83","91.12","73.83","91.12","0","0","0","1","73.83","","91.12","","2"
"net212","OK","4.1692839999999745","0.0678831185315954","68.549","100.6115","0.5319999999999965","7.837000000000003","16.738","68.815","68.283","104.53","96.693","0","8.620000000000005","8.620000000000005","8.620000000000005","3.7536","1","0","0","0","1","0","0","8.369","0","0","0","0","0","2","_c0566f07ed570000_p_Net","1","1","0","1","0","0","0","0","0","0","1","_c0566f07ed570000_p_odb__dbNet","3.7536","0.0","0.0","3.7536","3.7536","","3.7536","8.620000000000005","1","8.620000000000005","8.620000000000005","8.620000000000005","69.23","104.72","69.23","104.72","1","0","0","0","69.23","","104.72","","2"
"net269","OK","650.2320799999999","0.44550308867015237","15.847","63.748","17.02","38.20399999999999","110.44799999999998","24.357","7.337","82.85","44.646","0","51.87999999999999","32.96249999999999","263.69999999999993","5.0048","1","0","0","0","8","0","0","55.22399999999999","0","0","0","0","0","9","_38576f07ed570000_p_Net","1","0","0","1","0","0","0","0","0","0","8","_38576f07ed570000_p_odb__dbNet","0.0","0.0","0.0","30.0288","30.028799999999997","3.552713678800501e-15","240.23039999999997","31.69749999999999","8","31.759999999999994","51.87999999999999","51.87999999999999","27.6","80.24","10.58","44.88","0","3","3","2","15.1225","6.9169895004980315","60.52","12.520127794874936","9"
"net217","OK","5.156186000000013","0.1706385300762896","103.69399999999999","17.8415","0.9380000000000024","5.497","12.870000000000005","104.163","103.225","20.59","15.093","0","7.280000000000001","7.280000000000001","7.280000000000001","3.7536","1","0","0","0","1","0","0","6.435000000000002","0","0","0","0","0","2","_b0576f07ed570000_p_Net","1","1","0","1","0","0","0","0","0","0","1","_b0576f07ed570000_p_odb__dbNet","3.7536","0.0","0.0","3.7536","3.7536","","3.7536","7.280000000000001","1","7.280000000000001","7.280000000000001","7.280000000000001","102.81","20.4","102.81","20.4","0","1","0","0","102.81","","20.4","","2"
"net218","OK","10.982187000000025","1.1860006568563948","103.7205","13.5715","3.609000000000009","3.0429999999999993","13.304000000000016","105.525","101.916","15.093","12.05","0","6.399999999999993","6.399999999999993","6.399999999999993","3.7536","1","0","0","0","1","0","0","6.652000000000008","0","0","0","0","0","2","_28586f07ed570000_p_Net","1","1","0","1","0","0","0","0","0","0","1","_28586f07ed570000_p_odb__dbNet","3.7536","0.0","0.0","3.7536","3.7536","","3.7536","6.399999999999993","1","6.399999999999993","6.399999999999993","6.399999999999993","105.11","12.24","105.11","12.24","0","0","0","1","105.11","","12.24","","2"
"net219","OK","7.046346999999999","0.2431729518403905","102.1105","72.2415","1.3089999999999975","5.38300000000001","13.384000000000015","102.765","101.456","74.933","69.55","0","6.819999999999993","6.819999999999993","6.819999999999993","3.7536","1","0","0","0","1","0","0","6.692000000000007","0","0","0","0","0","2","_a0586f07ed570000_p_Net","1","1","0","1","0","0","0","0","0","0","1","_a0586f07ed570000_p_odb__dbNet","3.7536","0.0","0.0","3.7536","3.7536","","3.7536","6.819999999999993","1","6.819999999999993","6.819999999999993","6.819999999999993","102.35","69.36","102.35","69.36","0","0","0","1","102.35","","69.36","","2"
"net220","OK","6.4428440000000196","1.1222871447736724","89.9205","65.30799999999999","2.689000000000007","2.396000000000001","10.170000000000016","91.265","88.576","66.506","64.11","0","5.47999999999999","5.47999999999999","5.47999999999999","3.7536","1","0","0","0","1","0","0","5.085000000000008","0","0","0","0","0","2","_18596f07ed570000_p_Net","1","1","0","1","0","0","0","0","0","0","1","_18596f07ed570000_p_odb__dbNet","3.7536","0.0","0.0","3.7536","3.7536","","3.7536","5.47999999999999","1","5.47999999999999","5.47999999999999","5.47999999999999","90.85","63.92","90.85","63.92","0","0","0","1","90.85","","63.92","","2"
"net221","OK","22.81078699999995","0.31698691496911524","85.7805","76.1315","2.688999999999993","8.483000000000004","22.343999999999994","87.125","84.436","80.373","71.89","0","10.919999999999987","10.919999999999987","10.919999999999987","3.7536","1","0","0","0","1","0","0","11.171999999999997","0","0","0","0","0","2","_90596f07ed570000_p_Net","1","1","0","1","0","0","0","0","0","0","1","_90596f07ed570000_p_odb__dbNet","3.7536","0.0","0.0","3.7536","3.7536","","3.7536","10.919999999999987","1","10.919999999999987","10.919999999999987","10.919999999999987","86.71","72.08","86.71","72.08","0","0","0","1","86.71","","72.08","","2"
"net222","OK","7.04634699999998","0.24317295184039117","104.4105","99.44149999999999","1.3089999999999975","5.382999999999996","13.383999999999986","105.065","103.756","102.133","96.75","0","6.820000000000007","6.820000000000007","6.820000000000007","3.7536","1","0","0","0","1","0","0","6.691999999999993","0","0","0","0","0","2","_085a6f07ed570000_p_Net","1","1","0","1","0","0","0","0","0","0","1","_085a6f07ed570000_p_odb__dbNet","3.7536","0.0","0.0","3.7536","3.7536","","3.7536","6.820000000000007","1","6.820000000000007","6.820000000000007","6.820000000000007","104.65","96.56","104.65","96.56","0","0","0","1","104.65","","96.56","","2"
"net223","OK","4.570166999999952","0.15771874416538534","102.8005","77.6815","0.8489999999999895","5.38300000000001","12.463999999999999","103.225","102.376","80.373","74.99","0","6.359999999999999","6.359999999999999","6.359999999999999","3.7536","1","0","0","0","1","0","0","6.231999999999999","0","0","0","0","0","2","_805a6f07ed570000_p_Net","1","1","0","1","0","0","0","0","0","0","1","_805a6f07ed570000_p_odb__dbNet","3.7536","0.0","0.0","3.7536","3.7536","","3.7536","6.359999999999999","1","6.359999999999999","6.359999999999999","6.359999999999999","102.81","74.8","102.81","74.8","0","0","0","1","102.81","","74.8","","2"
"net224","OK","0.1022769999999528","0.003529630317009406","102.38550000000001","88.5615","0.018999999999991246","5.382999999999996","10.803999999999974","102.395","102.376","91.253","85.87","0","6.359999999999999","6.359999999999999","6.359999999999999","3.7536","1","0","0","0","1","0","0","5.401999999999987","0","0","0","0","0","2","_f85a6f07ed570000_p_Net","1","1","0","1","0","0","0","0","0","0","1","_f85a6f07ed570000_p_odb__dbNet","3.7536","0.0","0.0","3.7536","3.7536","","3.7536","6.359999999999999","1","6.359999999999999","6.359999999999999","6.359999999999999","102.81","85.68","102.81","85.68","0","0","0","1","102.81","","85.68","","2"
"net225","OK","7.3589430000000595","0.11981625620520486","88.5855","100.6115","0.9390000000000072","7.837000000000003","17.55200000000002","89.055","88.116","104.53","96.693","0","10.0","10.0","10.0","3.7536","1","0","0","0","1","0","0","8.77600000000001","0","0","0","0","0","2","_705b6f07ed570000_p_Net","1","1","0","1","0","0","0","0","0","0","1","_705b6f07ed570000_p_odb__dbNet","3.7536","0.0","0.0","3.7536","3.7536","","3.7536","10.0","1","10.0","10.0","10.0","89.47","104.72","89.47","104.72","1","0","0","0","89.47","","104.72","","2"
"net226","OK","4.57016699999994","0.15771874416538575","80.7205","99.44149999999999","0.8489999999999895","5.382999999999996","12.46399999999997","81.145","80.296","102.133","96.75","0","6.359999999999999","6.359999999999999","6.359999999999999","3.7536","1","0","0","0","1","0","0","6.231999999999985","0","0","0","0","0","2","_e85b6f07ed570000_p_Net","1","1","0","1","0","0","0","0","0","0","1","_e85b6f07ed570000_p_odb__dbNet","3.7536","0.0","0.0","3.7536","3.7536","","3.7536","6.359999999999999","1","6.359999999999999","6.359999999999999","6.359999999999999","80.73","96.56","80.73","96.56","0","0","0","1","80.73","","96.56","","2"
"net227","OK","4.570166999999978","0.15771874416538706","39.7805","99.44149999999999","0.8489999999999966","5.382999999999996","12.463999999999984","40.205","39.356","102.133","96.75","0","6.359999999999999","6.359999999999999","6.359999999999999","3.7536","1","0","0","0","1","0","0","6.231999999999992","0","0","0","0","0","2","_605c6f07ed570000_p_Net","1","1","0","1","0","0","0","0","0","0","1","_605c6f07ed570000_p_odb__dbNet","3.7536","0.0","0.0","3.7536","3.7536","","3.7536","6.359999999999999","1","6.359999999999999","6.359999999999999","6.359999999999999","39.79","96.56","39.79","96.56","0","0","0","1","39.79","","96.56","","2"
"net228","OK","5.558643000000012","0.9674593237515792","7.3955","103.3315","2.319","2.3970000000000056","9.432000000000011","8.555","6.236","104.53","102.133","0","5.9399999999999995","5.9399999999999995","5.9399999999999995","3.7536","1","0","0","0","1","0","0","4.7160000000000055","0","0","0","0","0","2","_d85c6f07ed570000_p_Net","1","1","0","1","0","0","0","0","0","0","1","_d85c6f07ed570000_p_odb__dbNet","3.7536","0.0","0.0","3.7536","3.7536","","3.7536","5.9399999999999995","1","5.9399999999999995","5.9399999999999995","5.9399999999999995","8.97","104.72","8.97","104.72","1","0","0","0","8.97","","104.72","","2"
"net229","OK","0.21084300000000797","64.89473570359867","8.5455","26.0015","3.699","0.05700000000000216","7.512000000000004","10.395","6.696","26.03","25.973","0","4.6000000000000005","4.6000000000000005","4.6000000000000005","3.7536","1","0","0","0","1","0","0","3.756000000000002","0","0","0","0","0","2","_505d6f07ed570000_p_Net","1","1","0","1","0","0","0","0","0","0","1","_505d6f07ed570000_p_odb__dbNet","3.7536","0.0","0.0","3.7536","3.7536","","3.7536","4.6000000000000005","1","4.6000000000000005","4.6000000000000005","4.6000000000000005","10.81","25.84","10.81","25.84","0","0","0","1","10.81","","25.84","","2"
"net230","OK","4.240293000000016","0.7380058403262403","42.0805","32.6115","1.7690000000000055","2.397000000000002","8.332000000000015","42.965","41.196","33.81","31.413","0","4.559999999999995","4.559999999999995","4.559999999999995","3.7536","1","0","0","0","1","0","0","4.1660000000000075","0","0","0","0","0","2","_c85d6f07ed570000_p_Net","1","1","0","1","0","0","0","0","0","0","1","_c85d6f07ed570000_p_odb__dbNet","3.7536","0.0","0.0","3.7536","3.7536","","3.7536","4.559999999999995","1","4.559999999999995","4.559999999999995","4.559999999999995","42.55","34.0","42.55","34.0","1","0","0","0","42.55","","34.0","","2"
"net231","OK","7.194263999999989","0.23817321684167098","55.6505","47.438","1.3089999999999975","5.496000000000002","13.61","56.305","54.996","50.186","44.69","0","6.82","6.82","6.82","3.7536","1","0","0","0","1","0","0","6.805","0","0","0","0","0","2","_405e6f07ed570000_p_Net","1","1","0","1","0","0","0","0","0","0","1","_405e6f07ed570000_p_odb__dbNet","3.7536","0.0","0.0","3.7536","3.7536","","3.7536","6.82","1","6.82","6.82","6.82","55.89","44.88","55.89","44.88","0","0","0","1","55.89","","44.88","","2"
"net232","OK","0.10410399999999524","33.1964279786368","32.465500000000006","33.838","1.8590000000000018","0.055999999999997385","3.8299999999999983","33.395","31.536","33.866","33.81","0","2.7600000000000016","2.7600000000000016","2.7600000000000016","3.7536","1","0","0","0","1","0","0","1.9149999999999991","0","0","0","0","0","2","_b85e6f07ed570000_p_Net","1","1","0","1","0","0","0","0","0","0","1","_b85e6f07ed570000_p_odb__dbNet","3.7536","0.0","0.0","3.7536","3.7536","","3.7536","2.7600000000000016","1","2.7600000000000016","2.7600000000000016","2.7600000000000016","33.81","34.0","33.81","34.0","1","0","0","0","33.81","","34.0","","2"
"net233","OK","5.054637000000003","0.17443804566701868","9.9255","39.6015","0.9390000000000001","5.383000000000003","12.644000000000005","10.395","9.456","42.293","36.91","0","7.279999999999998","7.279999999999998","7.279999999999998","3.7536","1","0","0","0","1","0","0","6.322000000000003","0","0","0","0","0","2","_305f6f07ed570000_p_Net","1","1","0","1","0","0","0","0","0","0","1","_305f6f07ed570000_p_odb__dbNet","3.7536","0.0","0.0","3.7536","3.7536","","3.7536","7.279999999999998","1","7.279999999999998","7.279999999999998","7.279999999999998","10.81","36.72","10.81","36.72","0","0","0","1","10.81","","36.72","","2"
"net234","OK","13.061253","2.2732582385176223","7.5805","10.851500000000001","5.449","2.3970000000000002","15.692","10.305","4.856","12.05","9.653","0","8.240000000000002","8.240000000000002","8.240000000000002","3.7536","1","0","0","0","1","0","0","7.846","0","0","0","0","0","2","_a85f6f07ed570000_p_Net","1","1","0","1","0","0","0","0","0","0","1","_a85f6f07ed570000_p_odb__dbNet","3.7536","0.0","0.0","3.7536","3.7536","","3.7536","8.240000000000002","1","8.240000000000002","8.240000000000002","8.240000000000002","9.89","12.24","9.89","12.24","1","0","0","0","9.89","","12.24","","2"
"net235","OK","7.056716999999987","0.7620768975477878","64.4355","8.1315","2.3189999999999955","3.043","10.723999999999991","65.595","63.276","9.653","6.61","0","5.940000000000006","5.940000000000006","5.940000000000006","3.7536","1","0","0","0","1","0","0","5.361999999999996","0","0","0","0","0","2","_20606f07ed570000_p_Net","1","1","0","1","0","0","0","0","0","0","1","_20606f07ed570000_p_odb__dbNet","3.7536","0.0","0.0","3.7536","3.7536","","3.7536","5.940000000000006","1","5.940000000000006","5.940000000000006","5.940000000000006","66.01","6.8","66.01","6.8","0","0","0","1","66.01","","6.8","","2"
"net236","OK","2.8573770000000005","0.30857706200835455","62.3655","8.1315","0.9390000000000001","3.043","7.964","62.835","61.896","9.653","6.61","0","4.560000000000003","4.560000000000003","4.560000000000003","3.7536","1","0","0","0","1","0","0","3.982","0","0","0","0","0","2","_98606f07ed570000_p_Net","1","1","0","1","0","0","0","0","0","0","1","_98606f07ed570000_p_odb__dbNet","3.7536","0.0","0.0","3.7536","3.7536","","3.7536","4.560000000000003","1","4.560000000000003","4.560000000000003","4.560000000000003","63.25","6.8","63.25","6.8","0","0","0","1","63.25","","6.8","","2"
"net237","OK","0.026823999999999553","8.553571275829198","19.3555","12.078","0.4789999999999992","0.05599999999999916","1.0699999999999967","19.595","19.116","12.106","12.05","0","1.3800000000000026","1.3800000000000026","1.3800000000000026","3.7536","1","0","0","0","1","0","0","0.5349999999999984","0","0","0","0","0","2","_10616f07ed570000_p_Net","1","1","0","1","0","0","0","0","0","0","1","_10616f07ed570000_p_odb__dbNet","3.7536","0.0","0.0","3.7536","3.7536","","3.7536","1.3800000000000026","1","1.3800000000000026","1.3800000000000026","1.3800000000000026","20.01","12.24","20.01","12.24","1","0","0","0","20.01","","12.24","","2"
"net238","OK","0.02730300000000099","8.403508624499516","19.3555","26.0015","0.4789999999999992","0.05700000000000216","1.0720000000000027","19.595","19.116","26.03","25.973","0","1.3800000000000026","1.3800000000000026","1.3800000000000026","3.7536","1","0","0","0","1","0","0","0.5360000000000014","0","0","0","0","0","2","_88616f07ed570000_p_Net","1","1","0","1","0","0","0","0","0","0","1","_88616f07ed570000_p_odb__dbNet","3.7536","0.0","0.0","3.7536","3.7536","","3.7536","1.3800000000000026","1","1.3800000000000026","1.3800000000000026","1.3800000000000026","20.01","25.84","20.01","25.84","0","0","0","1","20.01","","25.84","","2"
"net239","OK","0.10596300000000411","32.61403451554205","39.3655","26.0015","1.8590000000000018","0.05700000000000216","3.832000000000008","40.295","38.436","26.03","25.973","0","2.759999999999998","2.759999999999998","2.759999999999998","3.7536","1","0","0","0","1","0","0","1.916000000000004","0","0","0","0","0","2","_00626f07ed570000_p_Net","1","1","0","1","0","0","0","0","0","0","1","_00626f07ed570000_p_odb__dbNet","3.7536","0.0","0.0","3.7536","3.7536","","3.7536","2.759999999999998","1","2.759999999999998","2.759999999999998","2.759999999999998","40.71","25.84","40.71","25.84","0","0","0","1","40.71","","25.84","","2"
"net240","OK","1.1810719999999946","0.12746386329583909","39.108999999999995","24.508000000000003","0.3879999999999981","3.0440000000000005","6.863999999999997","39.303","38.915","26.03","22.986","0","3.1799999999999997","3.1799999999999997","3.1799999999999997","3.7536","1","0","0","0","1","0","0","3.4319999999999986","0","0","0","0","0","2","_78626f07ed570000_p_Net","1","1","0","1","0","0","0","0","0","0","1","_78626f07ed570000_p_odb__dbNet","3.7536","0.0","0.0","3.7536","3.7536","","3.7536","3.1799999999999997","1","3.1799999999999997","3.1799999999999997","3.1799999999999997","39.33","25.84","39.33","25.84","1","0","0","0","39.33","","25.84","","2"
"net241","OK","0.9296479999999945","0.16193656086730468","17.029","27.228","0.3879999999999981","2.3959999999999972","5.567999999999991","17.223","16.835","28.426","26.03","0","3.1799999999999997","3.1799999999999997","3.1799999999999997","3.7536","1","0","0","0","1","0","0","2.7839999999999954","0","0","0","0","0","2","_f0626f07ed570000_p_Net","1","1","0","1","0","0","0","0","0","0","1","_f0626f07ed570000_p_odb__dbNet","3.7536","0.0","0.0","3.7536","3.7536","","3.7536","3.1799999999999997","1","3.1799999999999997","3.1799999999999997","3.1799999999999997","17.25","25.84","17.25","25.84","0","0","0","1","17.25","","25.84","","2"
"net242","OK","0.026823999999999553","8.553571275829198","13.8355","12.078","0.4789999999999992","0.05599999999999916","1.0699999999999967","14.075","13.596","12.106","12.05","0","1.3800000000000008","1.3800000000000008","1.3800000000000008","3.7536","1","0","0","0","1","0","0","0.5349999999999984","0","0","0","0","0","2","_68636f07ed570000_p_Net","1","1","0","1","0","0","0","0","0","0","1","_68636f07ed570000_p_odb__dbNet","3.7536","0.0","0.0","3.7536","3.7536","","3.7536","1.3800000000000008","1","1.3800000000000008","1.3800000000000008","1.3800000000000008","14.49","12.24","14.49","12.24","1","0","0","0","14.49","","12.24","","2"
"net243","OK","2.5784570000000335","0.08898383799201608","33.1555","12.4015","0.4790000000000063","5.382999999999999","11.72400000000001","33.395","32.916","15.093","9.71","0","6.820000000000004","6.820000000000004","6.820000000000004","3.7536","1","0","0","0","1","0","0","5.862000000000005","0","0","0","0","0","2","_e0636f07ed570000_p_Net","1","1","0","1","0","0","0","0","0","0","1","_e0636f07ed570000_p_odb__dbNet","3.7536","0.0","0.0","3.7536","3.7536","","3.7536","6.820000000000004","1","6.820000000000004","6.820000000000004","6.820000000000004","33.81","9.52","33.81","9.52","0","0","0","1","33.81","","9.52","","2"
"net244","OK","0.9296479999999951","0.16193656086730454","34.968999999999994","10.908000000000001","0.3879999999999981","2.395999999999999","5.567999999999994","35.163","34.775","12.106","9.71","0","3.1800000000000015","3.1800000000000015","3.1800000000000015","3.7536","1","0","0","0","1","0","0","2.783999999999997","0","0","0","0","0","2","_58646f07ed570000_p_Net","1","1","0","1","0","0","0","0","0","0","1","_58646f07ed570000_p_odb__dbNet","3.7536","0.0","0.0","3.7536","3.7536","","3.7536","3.1800000000000015","1","3.1800000000000015","3.1800000000000015","3.1800000000000015","35.19","9.52","35.19","9.52","0","0","0","1","35.19","","9.52","","2"
"net245","OK","0.0732479999999989","23.357142440051376","5.989","12.078","1.3079999999999998","0.05599999999999916","2.727999999999998","6.643","5.335","12.106","12.05","0","1.38","1.38","1.38","3.7536","1","0","0","0","1","0","0","1.363999999999999","0","0","0","0","0","2","_d0646f07ed570000_p_Net","1","1","0","1","0","0","0","0","0","0","1","_d0646f07ed570000_p_odb__dbNet","3.7536","0.0","0.0","3.7536","3.7536","","3.7536","1.38","1","1.38","1.38","1.38","5.75","12.24","5.75","12.24","0","1","0","0","5.75","","12.24","","2"
"net246","OK","0.14890300000004275","0.002424397090414835","72.4855","24.451500000000003","0.019000000000005457","7.837","15.71200000000001","72.495","72.476","28.37","20.533","0","9.080000000000002","9.080000000000002","9.080000000000002","3.7536","1","0","0","0","1","0","0","7.856000000000005","0","0","0","0","0","2","_48656f07ed570000_p_Net","1","1","0","1","0","0","0","0","0","0","1","_48656f07ed570000_p_odb__dbNet","3.7536","0.0","0.0","3.7536","3.7536","","3.7536","9.080000000000002","1","9.080000000000002","9.080000000000002","9.080000000000002","72.91","28.56","72.91","28.56","1","0","0","0","72.91","","28.56","","2"
"net247","OK","0.02682399999999998","8.553571275829063","84.6755","6.638","0.4789999999999992","0.05600000000000005","1.0699999999999985","84.915","84.436","6.666","6.61","0","1.3799999999999955","1.3799999999999955","1.3799999999999955","3.7536","1","0","0","0","1","0","0","0.5349999999999993","0","0","0","0","0","2","_c0656f07ed570000_p_Net","1","1","0","1","0","0","0","0","0","0","1","_c0656f07ed570000_p_odb__dbNet","3.7536","0.0","0.0","3.7536","3.7536","","3.7536","1.3799999999999955","1","1.3799999999999955","1.3799999999999955","1.3799999999999955","85.33","6.8","85.33","6.8","1","0","0","0","85.33","","6.8","","2"
"net248","OK","9.969123000000016","1.7350855228472757","84.21549999999999","10.851500000000001","4.159000000000006","2.3970000000000002","13.112000000000013","86.295","82.136","12.05","9.653","0","7.779999999999989","7.779999999999989","7.779999999999989","3.7536","1","0","0","0","1","0","0","6.556000000000006","0","0","0","0","0","2","_38666f07ed570000_p_Net","1","1","0","1","0","0","0","0","0","0","1","_38666f07ed570000_p_odb__dbNet","3.7536","0.0","0.0","3.7536","3.7536","","3.7536","7.779999999999989","1","7.779999999999989","7.779999999999989","7.779999999999989","86.71","12.24","86.71","12.24","1","0","0","0","86.71","","12.24","","2"
"net249","OK","5.184695999999992","0.044253510712836806","74.5555","22.958","0.4789999999999992","10.824000000000002","22.606","74.795","74.316","28.37","17.546","0","12.259999999999994","12.259999999999994","12.259999999999994","3.7536","1","0","0","0","1","0","0","11.303","0","0","0","0","0","2","_b0666f07ed570000_p_Net","1","1","0","1","0","0","0","0","0","0","1","_b0666f07ed570000_p_odb__dbNet","3.7536","0.0","0.0","3.7536","3.7536","","3.7536","12.259999999999994","1","12.259999999999994","12.259999999999994","12.259999999999994","75.21","28.56","75.21","28.56","1","0","0","0","75.21","","28.56","","2"
"net250","OK","4.456022999999984","0.7755527739776567","52.2455","43.4915","1.8589999999999947","2.3969999999999985","8.511999999999986","53.175","51.316","44.69","42.293","0","5.480000000000011","5.480000000000011","5.480000000000011","3.7536","1","0","0","0","1","0","0","4.255999999999993","0","0","0","0","0","2","_28676f07ed570000_p_Net","1","1","0","1","0","0","0","0","0","0","1","_28676f07ed570000_p_odb__dbNet","3.7536","0.0","0.0","3.7536","3.7536","","3.7536","5.480000000000011","1","5.480000000000011","5.480000000000011","5.480000000000011","53.59","44.88","53.59","44.88","1","0","0","0","53.59","","44.88","","2"
"net251","OK","0.1725120000000066","0.030050083459913446","46.699","38.108","0.07200000000000273","2.396000000000001","4.936000000000007","46.735","46.663","39.306","36.91","0","2.719999999999999","2.719999999999999","2.719999999999999","3.7536","1","0","0","0","1","0","0","2.4680000000000035","0","0","0","0","0","2","_a0676f07ed570000_p_Net","1","1","0","1","0","0","0","0","0","0","1","_a0676f07ed570000_p_odb__dbNet","3.7536","0.0","0.0","3.7536","3.7536","","3.7536","2.719999999999999","1","2.719999999999999","2.719999999999999","2.719999999999999","47.15","36.72","47.15","36.72","0","0","0","1","47.15","","36.72","","2"
"net252","OK","0.30514399999998565","97.3035696910122","48.9805","39.278","5.448999999999998","0.055999999999997385","11.009999999999991","51.705","46.256","39.306","39.25","0","5.519999999999996","5.519999999999996","5.519999999999996","3.7536","1","0","0","0","1","0","0","5.5049999999999955","0","0","0","0","0","2","_18686f07ed570000_p_Net","1","1","0","1","0","0","0","0","0","0","1","_18686f07ed570000_p_odb__dbNet","3.7536","0.0","0.0","3.7536","3.7536","","3.7536","5.519999999999996","1","5.519999999999996","5.519999999999996","5.519999999999996","51.29","39.44","51.29","39.44","1","0","0","0","51.29","","39.44","","2"
"net253","OK","0.02730300000000099","8.403508624499516","48.7955","42.3215","0.4789999999999992","0.05700000000000216","1.0720000000000027","49.035","48.556","42.35","42.293","0","1.3800000000000026","1.3800000000000026","1.3800000000000026","3.7536","1","0","0","0","1","0","0","0.5360000000000014","0","0","0","0","0","2","_90686f07ed570000_p_Net","1","1","0","1","0","0","0","0","0","0","1","_90686f07ed570000_p_odb__dbNet","3.7536","0.0","0.0","3.7536","3.7536","","3.7536","1.3800000000000026","1","1.3800000000000026","1.3800000000000026","1.3800000000000026","49.45","42.16","49.45","42.16","0","0","0","1","49.45","","42.16","","2"
"net254","OK","2.2507829999999815","0.3917396744298097","66.5055","38.051500000000004","0.938999999999993","2.3969999999999985","6.671999999999983","66.975","66.036","39.25","36.853","0","4.560000000000002","4.560000000000002","4.560000000000002","3.7536","1","0","0","0","1","0","0","3.3359999999999914","0","0","0","0","0","2","_08696f07ed570000_p_Net","1","1","0","1","0","0","0","0","0","0","1","_08696f07ed570000_p_odb__dbNet","3.7536","0.0","0.0","3.7536","3.7536","","3.7536","4.560000000000002","1","4.560000000000002","4.560000000000002","4.560000000000002","67.39","39.44","67.39","39.44","1","0","0","0","67.39","","39.44","","2"
"net255","OK","0.18138399999999177","57.83928468144412","63.5155","50.158","3.2390000000000043","0.055999999999997385","6.590000000000003","65.135","61.896","50.186","50.13","0","4.140000000000001","4.140000000000001","4.140000000000001","3.7536","1","0","0","0","1","0","0","3.2950000000000017","0","0","0","0","0","2","_80696f07ed570000_p_Net","1","1","0","1","0","0","0","0","0","0","1","_80696f07ed570000_p_odb__dbNet","3.7536","0.0","0.0","3.7536","3.7536","","3.7536","4.140000000000001","1","4.140000000000001","4.140000000000001","4.140000000000001","65.55","50.32","65.55","50.32","1","0","0","0","65.55","","50.32","","2"
"net256","OK","10.00885600000001","0.34528231791506675","62.825500000000005","47.438","1.8590000000000018","5.384","14.486000000000004","63.755","61.896","50.13","44.746","0","8.200000000000003","8.200000000000003","8.200000000000003","3.7536","1","0","0","0","1","0","0","7.243000000000002","0","0","0","0","0","2","_f8696f07ed570000_p_Net","1","1","0","1","0","0","0","0","0","0","1","_f8696f07ed570000_p_odb__dbNet","3.7536","0.0","0.0","3.7536","3.7536","","3.7536","8.200000000000003","1","8.200000000000003","8.200000000000003","8.200000000000003","64.17","50.32","64.17","50.32","1","0","0","0","64.17","","50.32","","2"
"net257","OK","7.056717000000006","0.7620768975477904","63.975500000000004","35.331500000000005","2.3190000000000026","3.0429999999999993","10.724000000000004","65.135","62.816","36.853","33.81","0","5.939999999999998","5.939999999999998","5.939999999999998","3.7536","1","0","0","0","1","0","0","5.362000000000002","0","0","0","0","0","2","_706a6f07ed570000_p_Net","1","1","0","1","0","0","0","0","0","0","1","_706a6f07ed570000_p_odb__dbNet","3.7536","0.0","0.0","3.7536","3.7536","","3.7536","5.939999999999998","1","5.939999999999998","5.939999999999998","5.939999999999998","65.55","34.0","65.55","34.0","0","0","0","1","65.55","","34.0","","2"
"net258","OK","0.13218299999998787","40.68420981256105","92.9555","36.8815","2.3189999999999884","0.056999999999995055","4.751999999999967","94.115","91.796","36.91","36.853","0","3.219999999999999","3.219999999999999","3.219999999999999","3.7536","1","0","0","0","1","0","0","2.3759999999999835","0","0","0","0","0","2","_e86a6f07ed570000_p_Net","1","1","0","1","0","0","0","0","0","0","1","_e86a6f07ed570000_p_odb__dbNet","3.7536","0.0","0.0","3.7536","3.7536","","3.7536","3.219999999999999","1","3.219999999999999","3.219999999999999","3.219999999999999","94.53","36.72","94.53","36.72","0","0","0","1","94.53","","36.72","","2"
"net259","OK","4.257157000000002","0.4597436738548332","85.5955","29.8915","1.399000000000001","3.0429999999999993","8.884","86.295","84.896","31.413","28.37","0","5.02","5.02","5.02","3.7536","1","0","0","0","1","0","0","4.442","0","0","0","0","0","2","_606b6f07ed570000_p_Net","1","1","0","1","0","0","0","0","0","0","1","_606b6f07ed570000_p_odb__dbNet","3.7536","0.0","0.0","3.7536","3.7536","","3.7536","5.02","1","5.02","5.02","5.02","86.71","28.56","86.71","28.56","0","0","0","1","86.71","","28.56","","2"
"net260","OK","0.07330399999999644","23.37499958259034","91.5305","33.838","1.3089999999999975","0.055999999999997385","2.7299999999999898","92.185","90.876","33.866","33.81","0","1.3799999999999955","1.3799999999999955","1.3799999999999955","3.7536","1","0","0","0","1","0","0","1.3649999999999949","0","0","0","0","0","2","_d86b6f07ed570000_p_Net","1","1","0","1","0","0","0","0","0","0","1","_d86b6f07ed570000_p_odb__dbNet","3.7536","0.0","0.0","3.7536","3.7536","","3.7536","1.3799999999999955","1","1.3799999999999955","1.3799999999999955","1.3799999999999955","91.77","34.0","91.77","34.0","1","0","0","0","91.77","","34.0","","2"
"net261","OK","2.2507829999999815","0.3917396744298097","89.5055","43.4915","0.938999999999993","2.3969999999999985","6.671999999999983","89.975","89.036","44.69","42.293","0","4.560000000000009","4.560000000000009","4.560000000000009","3.7536","1","0","0","0","1","0","0","3.3359999999999914","0","0","0","0","0","2","_506c6f07ed570000_p_Net","1","1","0","1","0","0","0","0","0","0","1","_506c6f07ed570000_p_odb__dbNet","3.7536","0.0","0.0","3.7536","3.7536","","3.7536","4.560000000000009","1","4.560000000000009","4.560000000000009","4.560000000000009","90.39","44.88","90.39","44.88","1","0","0","0","90.39","","44.88","","2"
"net262","OK","2.7417429999999987","0.2960893853775585","11.7655","13.5715","0.9009999999999998","3.0429999999999993","7.887999999999998","12.216","11.315","15.093","12.05","0","2.7200000000000006","2.7200000000000006","2.7200000000000006","3.7536","1","0","0","0","1","0","0","3.943999999999999","0","0","0","0","0","2","_c86c6f07ed570000_p_Net","1","1","0","1","0","0","0","0","0","0","1","_c86c6f07ed570000_p_odb__dbNet","3.7536","0.0","0.0","3.7536","3.7536","","3.7536","2.7200000000000006","1","2.7200000000000006","2.7200000000000006","2.7200000000000006","11.73","12.24","11.73","12.24","0","0","1","0","11.73","","12.24","","2"
"net263","OK","0.12986400000000212","41.41071354623655","13.8355","22.958","2.318999999999999","0.05600000000000094","4.75","14.995","12.676","22.986","22.93","0","3.2200000000000006","3.2200000000000006","3.2200000000000006","3.7536","1","0","0","0","1","0","0","2.375","0","0","0","0","0","2","_406d6f07ed570000_p_Net","1","1","0","1","0","0","0","0","0","0","1","_406d6f07ed570000_p_odb__dbNet","3.7536","0.0","0.0","3.7536","3.7536","","3.7536","3.2200000000000006","1","3.2200000000000006","3.2200000000000006","3.2200000000000006","15.41","23.12","15.41","23.12","1","0","0","0","15.41","","23.12","","2"
"net264","OK","0.027302999999999338","8.403508624500056","5.0954999999999995","20.561500000000002","0.4790000000000001","0.05699999999999861","1.0719999999999974","5.335","4.856","20.59","20.533","0","1.38","1.38","1.38","3.7536","1","0","0","0","1","0","0","0.5359999999999987","0","0","0","0","0","2","_b86d6f07ed570000_p_Net","1","1","0","1","0","0","0","0","0","0","1","_b86d6f07ed570000_p_odb__dbNet","3.7536","0.0","0.0","3.7536","3.7536","","3.7536","1.38","1","1.38","1.38","1.38","5.75","20.4","5.75","20.4","0","0","0","1","5.75","","20.4","","2"
"net265","OK","6.4431359999999955","1.1214017517224029","5.2989999999999995","16.2915","2.6879999999999997","2.3969999999999985","10.169999999999996","6.643","3.955","17.49","15.093","0","5.479999999999999","5.479999999999999","5.479999999999999","3.7536","1","0","0","0","1","0","0","5.084999999999998","0","0","0","0","0","2","_306e6f07ed570000_p_Net","1","1","0","1","0","0","0","0","0","0","1","_306e6f07ed570000_p_odb__dbNet","3.7536","0.0","0.0","3.7536","3.7536","","3.7536","5.479999999999999","1","5.479999999999999","5.479999999999999","5.479999999999999","4.37","17.68","4.37","17.68","0","1","0","0","4.37","","17.68","","2"
"net266","OK","134.87103599999975","23.690695715133863","34.039","54.433","56.525999999999996","2.3859999999999957","117.82399999999998","62.302","5.776","55.626","53.24","0","59.07","59.07","59.07","3.7536","1","0","0","0","1","0","0","58.91199999999999","0","0","0","0","0","2","_a86e6f07ed570000_p_Net","1","0","0","1","0","0","0","0","0","0","1","_a86e6f07ed570000_p_odb__dbNet","0.0","0.0","0.0","5.0048","5.0048","","5.0048","59.07","1","59.07","59.07","59.07","61.64","53.04","61.64","53.04","0","0","0","1","61.64","","53.04","","2"
"net267","OK","683.3860180000001","3.865082349111446","33.772999999999996","48.941500000000005","51.394","13.297000000000004","129.382","59.47","8.076","55.59","42.293","0","67.65","67.65","67.65","3.7536","1","0","0","0","1","0","0","64.691","0","0","0","0","0","2","_206f6f07ed570000_p_Net","1","0","0","1","1","0","0","0","0","0","1","_206f6f07ed570000_p_odb__dbNet","0.0","20.0192","0.0","20.0192","20.0192","","20.0192","67.65","1","67.65","67.65","67.65","61.64","55.76","61.64","55.76","1","0","0","0","61.64","","55.76","","2"
"net268","OK","710.6326039999999","0.486886189915012","16.6375","63.748","18.601","38.20399999999999","113.60999999999999","25.938","7.337","82.85","44.646","0","50.07999999999999","32.74249999999999","261.93999999999994","5.0048","1","0","0","0","8","0","0","56.80499999999999","0","0","0","0","0","9","_986f6f07ed570000_p_Net","1","0","0","1","0","0","0","0","0","0","8","_986f6f07ed570000_p_odb__dbNet","0.0","0.0","0.0","30.0288","30.028799999999997","3.552713678800501e-15","240.23039999999997","31.822499999999998","8","34.94","50.07999999999999","50.07999999999999","28.52","82.96","10.58","44.88","1","2","3","2","16.1575","7.234724856551216","61.199999999999996","13.255640308940189","9"
"net277","OK","1.0765370000000005","0.18894009208674514","60.281499999999994","10.846499999999999","0.4510000000000005","2.3869999999999987","5.675999999999998","60.507","60.056","12.04","9.653","0","4.33","4.33","4.33","3.7536","1","0","0","0","1","0","0","2.837999999999999","0","0","0","0","0","2","_10706f07ed570000_p_Net","1","0","0","1","0","0","0","0","0","0","1","_10706f07ed570000_p_odb__dbNet","0.0","0.0","0.0","5.0048","5.0048","","5.0048","4.33","1","4.33","4.33","4.33","61.18","12.24","61.18","12.24","1","0","0","0","61.18","","12.24","","2"
"net278","OK","5.976000000000013","0.6639999997786681","47.634","100.61","1.9920000000000044","3.0","9.984000000000009","48.63","46.638","102.11","99.11","0","3.1799999999999997","3.1799999999999997","3.1799999999999997","5.0048","1","0","0","0","1","0","0","4.992000000000004","0","0","0","0","0","2","_88706f07ed570000_p_Net","1","0","0","1","1","0","0","0","0","0","1","_88706f07ed570000_p_odb__dbNet","0.0","20.0192","0.0","20.0192","20.0192","","20.0192","3.1799999999999997","1","3.1799999999999997","3.1799999999999997","3.1799999999999997","46.46","99.28","46.46","99.28","0","0","1","0","46.46","","99.28","","2"
"net281","OK","3.71092","0.013763702800623402","7.449999999999999","14.776","0.22599999999999998","16.42","33.292","7.563","7.337","22.986","6.566","0","18.85","14.316666666666668","42.95","3.7536","1","0","0","0","3","0","0","16.646","0","0","0","0","0","4","_00716f07ed570000_p_Net","1","0","0","1","0","0","0","0","0","0","3","_00716f07ed570000_p_odb__dbNet","0.0","0.0","0.0","30.0288","30.0288","0.0","90.0864","14.316666666666666","3","16.130000000000003","18.85","18.85","10.58","17.68","10.58","6.8","1","0","0","2","10.58","0.0","11.333333333333334","4.623111025657458","4"
"net282","OK","1674.9977600000002","3.5374999998374306","53.028999999999996","33.766","76.976","21.76","197.472","91.517","14.541","44.646","22.886","0","96.82","61.839999999999996","309.2","5.0048","1","0","0","0","5","0","0","98.736","0","0","0","0","0","6","_78716f07ed570000_p_Net","1","0","0","1","0","0","0","0","0","0","5","_78716f07ed570000_p_odb__dbNet","0.0","0.0","0.0","30.0288","30.0288","0.0","150.144","59.664","5","66.66","96.82","96.82","94.76","44.88","24.38","23.12","3","0","1","1","64.676","23.61659890839492","35.088","9.822175726385677","6"
"net288","OK","123.8680079999999","1.7331440736062032","94.991","59.852999999999994","14.651999999999987","8.454","46.211999999999975","102.317","87.665","64.08","55.626","0","19.20000000000001","14.485000000000007","28.970000000000013","3.7536","1","0","0","0","2","0","0","23.105999999999987","0","0","0","0","0","3","_f0716f07ed570000_p_Net","1","0","0","1","0","0","0","0","0","0","2","_f0716f07ed570000_p_odb__dbNet","0.0","0.0","0.0","8.758400000000002","8.132800000000001","0.6256000000000008","16.265600000000003","12.875000000000007","2","9.770000000000003","19.20000000000001","19.20000000000001","101.43","63.92","88.78","63.92","1","1","0","0","95.105","6.325000000000003","63.92","0.0","3"
"net289","OK","194.09325000000015","0.7064856711489303","78.67","52.8025","11.710000000000008","16.575000000000003","56.57000000000002","84.525","72.815","61.09","44.515","0","23.68","18.115000000000002","72.46000000000001","5.0048","1","0","0","0","4","0","0","28.28500000000001","0","0","0","0","0","5","_68726f07ed570000_p_Net","1","0","0","1","0","0","0","0","0","0","4","_68726f07ed570000_p_odb__dbNet","0.0","0.0","0.0","11.2608","10.009599999999999","1.532400783085156","40.038399999999996","17.079999999999984","4","18.390000000000008","23.68","23.68","85.79","61.2","72.22","44.88","0","1","2","1","78.20000000000002","4.919527416327713","49.64","6.765914572325016","5"
"net312","OK","0.07324799999999697","23.357142440052243","84.189","55.598","1.308000000000007","0.055999999999997385","2.7280000000000086","84.843","83.535","55.626","55.57","0","1.3799999999999955","1.3799999999999955","1.3799999999999955","3.7536","1","0","0","0","1","0","0","1.3640000000000043","0","0","0","0","0","2","_e0726f07ed570000_p_Net","1","1","0","1","0","0","0","0","0","0","1","_e0726f07ed570000_p_odb__dbNet","3.7536","0.0","0.0","3.7536","3.7536","","3.7536","1.3799999999999955","1","1.3799999999999955","1.3799999999999955","1.3799999999999955","83.95","55.76","83.95","55.76","0","1","0","0","83.95","","55.76","","2"
"net313","OK","0.9296479999999788","0.16193656086730146","85.10900000000001","59.868","0.387999999999991","2.396000000000001","5.567999999999984","85.303","84.915","61.066","58.67","0","3.180000000000014","3.180000000000014","3.180000000000014","3.7536","1","0","0","0","1","0","0","2.783999999999992","0","0","0","0","0","2","_58736f07ed570000_p_Net","1","1","0","1","0","0","0","0","0","0","1","_58736f07ed570000_p_odb__dbNet","3.7536","0.0","0.0","3.7536","3.7536","","3.7536","3.180000000000014","1","3.180000000000014","3.180000000000014","3.180000000000014","85.33","58.48","85.33","58.48","0","0","0","1","85.33","","58.48","","2"
"net314","OK","0.10410400000000805","33.19642797863246","88.5855","61.038","1.8589999999999947","0.05600000000000449","3.8299999999999983","89.515","87.656","61.066","61.01","0","2.760000000000005","2.760000000000005","2.760000000000005","3.7536","1","0","0","0","1","0","0","1.9149999999999991","0","0","0","0","0","2","_d0736f07ed570000_p_Net","1","1","0","1","0","0","0","0","0","0","1","_d0736f07ed570000_p_odb__dbNet","3.7536","0.0","0.0","3.7536","3.7536","","3.7536","2.760000000000005","1","2.760000000000005","2.760000000000005","2.760000000000005","89.93","61.2","89.93","61.2","1","0","0","0","89.93","","61.2","","2"
"net315","OK","0.9296480000000128","0.1619365608673074","81.429","65.30799999999999","0.38800000000000523","2.396000000000001","5.568000000000012","81.623","81.235","66.506","64.11","0","3.1799999999999926","3.1799999999999926","3.1799999999999926","3.7536","1","0","0","0","1","0","0","2.784000000000006","0","0","0","0","0","2","_48746f07ed570000_p_Net","1","1","0","1","0","0","0","0","0","0","1","_48746f07ed570000_p_odb__dbNet","3.7536","0.0","0.0","3.7536","3.7536","","3.7536","3.1799999999999926","1","3.1799999999999926","3.1799999999999926","3.1799999999999926","81.65","63.92","81.65","63.92","0","0","0","1","81.65","","63.92","","2"
"net316","OK","0.026823999999998703","8.55357127582947","73.63550000000001","71.918","0.4789999999999992","0.055999999999997385","1.0699999999999932","73.875","73.396","71.946","71.89","0","1.3800000000000097","1.3800000000000097","1.3800000000000097","3.7536","1","0","0","0","1","0","0","0.5349999999999966","0","0","0","0","0","2","_10441906ed570000_p_Net","1","1","0","1","0","0","0","0","0","0","1","_10441906ed570000_p_odb__dbNet","3.7536","0.0","0.0","3.7536","3.7536","","3.7536","1.3800000000000097","1","1.3800000000000097","1.3800000000000097","1.3800000000000097","74.29","72.08","74.29","72.08","1","0","0","0","74.29","","72.08","","2"
"net317","OK","3.983287000000002","0.4301675976240006","7.3505","35.331500000000005","1.309000000000001","3.0429999999999993","8.704","8.005","6.696","36.853","33.81","0","4.099999999999999","4.099999999999999","4.099999999999999","3.7536","1","0","0","0","1","0","0","4.352","0","0","0","0","0","2","_88441906ed570000_p_Net","1","1","0","1","0","0","0","0","0","0","1","_88441906ed570000_p_odb__dbNet","3.7536","0.0","0.0","3.7536","3.7536","","3.7536","4.099999999999999","1","4.099999999999999","4.099999999999999","4.099999999999999","7.59","34.0","7.59","34.0","0","0","0","1","7.59","","34.0","","2"
"net318","OK","2.584356000000004","0.2789093297375459","6.2005","40.828","0.8490000000000002","3.044000000000004","7.7860000000000085","6.625","5.776","42.35","39.306","0","3.639999999999999","3.639999999999999","3.639999999999999","3.7536","1","0","0","0","1","0","0","3.8930000000000042","0","0","0","0","0","2","_00451906ed570000_p_Net","1","1","0","1","0","0","0","0","0","0","1","_00451906ed570000_p_odb__dbNet","3.7536","0.0","0.0","3.7536","3.7536","","3.7536","3.639999999999999","1","3.639999999999999","3.639999999999999","3.639999999999999","6.21","42.16","6.21","42.16","1","0","0","0","6.21","","42.16","","2"
"net319","OK","0.12986399999999387","41.41071354623917","22.575499999999998","39.278","2.318999999999999","0.055999999999997385","4.749999999999993","23.735","21.416","39.306","39.25","0","3.219999999999999","3.219999999999999","3.219999999999999","3.7536","1","0","0","0","1","0","0","2.3749999999999964","0","0","0","0","0","2","_78451906ed570000_p_Net","1","1","0","1","0","0","0","0","0","0","1","_78451906ed570000_p_odb__dbNet","3.7536","0.0","0.0","3.7536","3.7536","","3.7536","3.219999999999999","1","3.219999999999999","3.219999999999999","3.219999999999999","24.15","39.44","24.15","39.44","1","0","0","0","24.15","","39.44","","2"
"net320","OK","0.15052799999999292","47.99999914285938","20.479","39.278","2.687999999999999","0.055999999999997385","5.487999999999992","21.823","19.135","39.306","39.25","0","2.759999999999998","2.759999999999998","2.759999999999998","3.7536","1","0","0","0","1","0","0","2.743999999999996","0","0","0","0","0","2","_f0451906ed570000_p_Net","1","1","0","1","0","0","0","0","0","0","1","_f0451906ed570000_p_odb__dbNet","3.7536","0.0","0.0","3.7536","3.7536","","3.7536","2.759999999999998","1","2.759999999999998","2.759999999999998","2.759999999999998","19.55","39.44","19.55","39.44","0","1","0","0","19.55","","39.44","","2"
"net321","OK","0.026767999999998834","8.535714133291245","17.444","39.278","0.47800000000000153","0.055999999999997385","1.0679999999999978","17.683","17.205","39.306","39.25","0","1.3800000000000026","1.3800000000000026","1.3800000000000026","3.7536","1","0","0","0","1","0","0","0.5339999999999989","0","0","0","0","0","2","_68461906ed570000_p_Net","1","1","0","1","0","0","0","0","0","0","1","_68461906ed570000_p_odb__dbNet","3.7536","0.0","0.0","3.7536","3.7536","","3.7536","1.3800000000000026","1","1.3800000000000026","1.3800000000000026","1.3800000000000026","16.79","39.44","16.79","39.44","0","1","0","0","16.79","","39.44","","2"
"net322","OK","18.782244000000002","3.271702836697952","93.8755","87.06800000000001","7.838999999999999","2.396000000000001","20.47","97.795","89.956","88.266","85.87","0","11.459999999999994","11.459999999999994","11.459999999999994","3.7536","1","0","0","0","1","0","0","10.235","0","0","0","0","0","2","_e0461906ed570000_p_Net","1","1","0","1","0","0","0","0","0","0","1","_e0461906ed570000_p_odb__dbNet","3.7536","0.0","0.0","3.7536","3.7536","","3.7536","11.459999999999994","1","11.459999999999994","11.459999999999994","11.459999999999994","98.21","85.68","98.21","85.68","0","0","0","1","98.21","","85.68","","2"
"net323","OK","2.031807999999998","0.3539232051945223","87.179","87.06800000000001","0.847999999999999","2.396000000000001","6.4879999999999995","87.603","86.755","88.266","85.87","0","3.6400000000000006","3.6400000000000006","3.6400000000000006","3.7536","1","0","0","0","1","0","0","3.2439999999999998","0","0","0","0","0","2","_58471906ed570000_p_Net","1","1","0","1","0","0","0","0","0","0","1","_58471906ed570000_p_odb__dbNet","3.7536","0.0","0.0","3.7536","3.7536","","3.7536","3.6400000000000006","1","3.6400000000000006","3.6400000000000006","3.6400000000000006","87.17","85.68","87.17","85.68","0","0","1","0","87.17","","85.68","","2"
"net324","OK","10.21892299999997","0.33818446419170645","98.24549999999999","99.44149999999999","1.8589999999999947","5.497","14.711999999999989","99.175","97.316","102.19","96.693","0","8.200000000000003","8.200000000000003","8.200000000000003","3.7536","1","0","0","0","1","0","0","7.3559999999999945","0","0","0","0","0","2","_d0471906ed570000_p_Net","1","1","0","1","0","0","0","0","0","0","1","_d0471906ed570000_p_odb__dbNet","3.7536","0.0","0.0","3.7536","3.7536","","3.7536","8.200000000000003","1","8.200000000000003","8.200000000000003","8.200000000000003","99.59","102.0","99.59","102.0","1","0","0","0","99.59","","102.0","","2"
"net325","OK","0.026823999999998703","8.55357127582947","95.71549999999999","99.118","0.4789999999999992","0.055999999999997385","1.0699999999999932","95.955","95.476","99.146","99.09","0","1.3800000000000097","1.3800000000000097","1.3800000000000097","3.7536","1","0","0","0","1","0","0","0.5349999999999966","0","0","0","0","0","2","_48481906ed570000_p_Net","1","1","0","1","0","0","0","0","0","0","1","_48481906ed570000_p_odb__dbNet","3.7536","0.0","0.0","3.7536","3.7536","","3.7536","1.3800000000000097","1","1.3800000000000097","1.3800000000000097","1.3800000000000097","96.37","99.28","96.37","99.28","1","0","0","0","96.37","","99.28","","2"
"net326","OK","1.1481630000000007","0.1998331246558886","86.97550000000001","97.89150000000001","0.4789999999999992","2.3970000000000056","5.7520000000000095","87.215","86.736","99.09","96.693","0","4.099999999999994","4.099999999999994","4.099999999999994","3.7536","1","0","0","0","1","0","0","2.8760000000000048","0","0","0","0","0","2","_c0481906ed570000_p_Net","1","1","0","1","0","0","0","0","0","0","1","_c0481906ed570000_p_odb__dbNet","3.7536","0.0","0.0","3.7536","3.7536","","3.7536","4.099999999999994","1","4.099999999999994","4.099999999999994","4.099999999999994","87.63","99.28","87.63","99.28","1","0","0","0","87.63","","99.28","","2"
"net327","OK","0.07324799999999697","23.357142440052243","89.249","82.798","1.308000000000007","0.055999999999997385","2.7280000000000086","89.903","88.595","82.826","82.77","0","1.3799999999999955","1.3799999999999955","1.3799999999999955","3.7536","1","0","0","0","1","0","0","1.3640000000000043","0","0","0","0","0","2","_38491906ed570000_p_Net","1","1","0","1","0","0","0","0","0","0","1","_38491906ed570000_p_odb__dbNet","3.7536","0.0","0.0","3.7536","3.7536","","3.7536","1.3799999999999955","1","1.3799999999999955","1.3799999999999955","1.3799999999999955","89.01","82.96","89.01","82.96","0","1","0","0","89.01","","82.96","","2"
"net328","OK","0.20714399999999022","66.05357024904644","91.8055","77.358","3.698999999999998","0.055999999999997385","7.509999999999991","93.655","89.956","77.386","77.33","0","4.599999999999994","4.599999999999994","4.599999999999994","3.7536","1","0","0","0","1","0","0","3.7549999999999955","0","0","0","0","0","2","_b0491906ed570000_p_Net","1","1","0","1","0","0","0","0","0","0","1","_b0491906ed570000_p_odb__dbNet","3.7536","0.0","0.0","3.7536","3.7536","","3.7536","4.599999999999994","1","4.599999999999994","4.599999999999994","4.599999999999994","94.07","77.52","94.07","77.52","1","0","0","0","94.07","","77.52","","2"
"net329","OK","0.026823999999998703","8.55357127582947","81.4555","77.358","0.4789999999999992","0.055999999999997385","1.0699999999999932","81.695","81.216","77.386","77.33","0","1.3799999999999955","1.3799999999999955","1.3799999999999955","3.7536","1","0","0","0","1","0","0","0.5349999999999966","0","0","0","0","0","2","_284a1906ed570000_p_Net","1","1","0","1","0","0","0","0","0","0","1","_284a1906ed570000_p_odb__dbNet","3.7536","0.0","0.0","3.7536","3.7536","","3.7536","1.3799999999999955","1","1.3799999999999955","1.3799999999999955","1.3799999999999955","82.11","77.52","82.11","77.52","1","0","0","0","82.11","","77.52","","2"
"net330","OK","3.9815519999999953","0.4296977659560786","5.989","100.668","1.3079999999999998","3.043999999999997","8.703999999999994","6.643","5.335","102.19","99.146","0","4.099999999999999","4.099999999999999","4.099999999999999","3.7536","1","0","0","0","1","0","0","4.351999999999997","0","0","0","0","0","2","_a04a1906ed570000_p_Net","1","1","0","1","0","0","0","0","0","0","1","_a04a1906ed570000_p_odb__dbNet","3.7536","0.0","0.0","3.7536","3.7536","","3.7536","4.099999999999999","1","4.099999999999999","4.099999999999999","4.099999999999999","5.75","102.0","5.75","102.0","0","1","0","0","5.75","","102.0","","2"
"net331","OK","0.07455600000000281","22.947368018466356","39.108999999999995","102.16149999999999","1.3079999999999998","0.05700000000000216","2.730000000000004","39.763","38.455","102.19","102.133","0","1.3800000000000026","1.3800000000000026","1.3800000000000026","3.7536","1","0","0","0","1","0","0","1.365000000000002","0","0","0","0","0","2","_184b1906ed570000_p_Net","1","1","0","1","0","0","0","0","0","0","1","_184b1906ed570000_p_odb__dbNet","3.7536","0.0","0.0","3.7536","3.7536","","3.7536","1.3800000000000026","1","1.3800000000000026","1.3800000000000026","1.3800000000000026","38.87","102.0","38.87","102.0","0","0","1","0","38.87","","102.0","","2"
"net332","OK","42.98768800000008","0.24389876466978824","48.724000000000004","92.50800000000001","3.2380000000000067","13.275999999999996","33.028000000000006","50.343","47.105","99.146","85.87","0","17.739999999999995","17.739999999999995","17.739999999999995","3.7536","1","0","0","0","1","0","0","16.514000000000003","0","0","0","0","0","2","_904b1906ed570000_p_Net","1","1","0","1","0","0","0","0","0","0","1","_904b1906ed570000_p_odb__dbNet","3.7536","0.0","0.0","3.7536","3.7536","","3.7536","17.739999999999995","1","17.739999999999995","17.739999999999995","17.739999999999995","46.69","85.68","46.69","85.68","0","0","1","0","46.69","","85.68","","2"
"net333","OK","1.1810720000000203","0.12746386329584097","83.729","78.908","0.38800000000000523","3.044000000000011","6.864000000000033","83.923","83.535","80.43","77.386","0","3.1799999999999926","3.1799999999999926","3.1799999999999926","3.7536","1","0","0","0","1","0","0","3.4320000000000164","0","0","0","0","0","2","_084c1906ed570000_p_Net","1","1","0","1","0","0","0","0","0","0","1","_084c1906ed570000_p_odb__dbNet","3.7536","0.0","0.0","3.7536","3.7536","","3.7536","3.1799999999999926","1","3.1799999999999926","3.1799999999999926","3.1799999999999926","83.95","80.24","83.95","80.24","1","0","0","0","83.95","","80.24","","2"
"net334","OK","15.299464","0.12792611556986794","86.9755","71.918","1.399000000000001","10.935999999999993","24.669999999999987","87.675","86.276","77.386","66.45","0","13.179999999999993","13.179999999999993","13.179999999999993","3.7536","1","0","0","0","1","0","0","12.334999999999994","0","0","0","0","0","2","_804c1906ed570000_p_Net","1","1","0","1","0","0","0","0","0","0","1","_804c1906ed570000_p_odb__dbNet","3.7536","0.0","0.0","3.7536","3.7536","","3.7536","13.179999999999993","1","13.179999999999993","13.179999999999993","13.179999999999993","88.09","66.64","88.09","66.64","0","0","0","1","88.09","","66.64","","2"
"net335","OK","2.031807999999998","0.3539232051945223","76.13900000000001","76.18799999999999","0.847999999999999","2.396000000000001","6.4879999999999995","76.563","75.715","77.386","74.99","0","3.6400000000000006","3.6400000000000006","3.6400000000000006","3.7536","1","0","0","0","1","0","0","3.2439999999999998","0","0","0","0","0","2","_f84c1906ed570000_p_Net","1","1","0","1","0","0","0","0","0","0","1","_f84c1906ed570000_p_odb__dbNet","3.7536","0.0","0.0","3.7536","3.7536","","3.7536","3.6400000000000006","1","3.6400000000000006","3.6400000000000006","3.6400000000000006","76.13","74.8","76.13","74.8","0","0","1","0","76.13","","74.8","","2"
"net336","OK","0.9296480000000128","0.1619365608673074","70.849","92.50800000000001","0.38800000000000523","2.396000000000001","5.568000000000012","71.043","70.655","93.706","91.31","0","3.180000000000007","3.180000000000007","3.180000000000007","3.7536","1","0","0","0","1","0","0","2.784000000000006","0","0","0","0","0","2","_704d1906ed570000_p_Net","1","1","0","1","0","0","0","0","0","0","1","_704d1906ed570000_p_odb__dbNet","3.7536","0.0","0.0","3.7536","3.7536","","3.7536","3.180000000000007","1","3.180000000000007","3.180000000000007","3.180000000000007","71.07","91.12","71.07","91.12","0","0","0","1","71.07","","91.12","","2"
"net337","OK","3.040367999999929","0.04951505869710005","87.40899999999999","100.668","0.387999999999991","7.8359999999999985","16.44799999999998","87.603","87.215","104.586","96.75","0","8.620000000000005","8.620000000000005","8.620000000000005","3.7536","1","0","0","0","1","0","0","8.22399999999999","0","0","0","0","0","2","_e84d1906ed570000_p_Net","1","1","0","1","0","0","0","0","0","0","1","_e84d1906ed570000_p_odb__dbNet","3.7536","0.0","0.0","3.7536","3.7536","","3.7536","8.620000000000005","1","8.620000000000005","8.620000000000005","8.620000000000005","87.63","96.56","87.63","96.56","0","0","0","1","87.63","","96.56","","2"
"net338","OK","0.5641920000000212","0.00918836140770985","100.519","78.90799999999999","0.07200000000000273","7.8359999999999985","15.816000000000003","100.555","100.483","82.826","74.99","0","8.159999999999997","8.159999999999997","8.159999999999997","3.7536","1","0","0","0","1","0","0","7.908000000000001","0","0","0","0","0","2","_604e1906ed570000_p_Net","1","1","0","1","0","0","0","0","0","0","1","_604e1906ed570000_p_odb__dbNet","3.7536","0.0","0.0","3.7536","3.7536","","3.7536","8.159999999999997","1","8.159999999999997","8.159999999999997","8.159999999999997","100.97","74.8","100.97","74.8","0","0","0","1","100.97","","74.8","","2"
"net339","OK","0.9296480000000074","0.16193656086730837","101.669","81.628","0.38800000000000523","2.3959999999999866","5.567999999999984","101.863","101.475","82.826","80.43","0","3.1799999999999926","3.1799999999999926","3.1799999999999926","3.7536","1","0","0","0","1","0","0","2.783999999999992","0","0","0","0","0","2","_d84e1906ed570000_p_Net","1","1","0","1","0","0","0","0","0","0","1","_d84e1906ed570000_p_odb__dbNet","3.7536","0.0","0.0","3.7536","3.7536","","3.7536","3.1799999999999926","1","3.1799999999999926","3.1799999999999926","3.1799999999999926","101.89","80.24","101.89","80.24","0","0","0","1","101.89","","80.24","","2"
"net340","OK","0.9296480000000128","0.1619365608673074","101.669","92.50800000000001","0.38800000000000523","2.396000000000001","5.568000000000012","101.863","101.475","93.706","91.31","0","3.1799999999999926","3.1799999999999926","3.1799999999999926","3.7536","1","0","0","0","1","0","0","2.784000000000006","0","0","0","0","0","2","_504f1906ed570000_p_Net","1","1","0","1","0","0","0","0","0","0","1","_504f1906ed570000_p_odb__dbNet","3.7536","0.0","0.0","3.7536","3.7536","","3.7536","3.1799999999999926","1","3.1799999999999926","3.1799999999999926","3.1799999999999926","101.89","91.12","101.89","91.12","0","0","0","1","101.89","","91.12","","2"
"net341","OK","0.04552400000001309","0.007929883135256914","102.8455","103.388","0.019000000000005457","2.396000000000001","4.8300000000000125","102.855","102.836","104.586","102.19","0","3.6400000000000006","3.6400000000000006","3.6400000000000006","3.7536","1","0","0","0","1","0","0","2.4150000000000063","0","0","0","0","0","2","_c84f1906ed570000_p_Net","1","1","0","1","0","0","0","0","0","0","1","_c84f1906ed570000_p_odb__dbNet","3.7536","0.0","0.0","3.7536","3.7536","","3.7536","3.6400000000000006","1","3.6400000000000006","3.6400000000000006","3.6400000000000006","103.27","102.0","103.27","102.0","0","0","0","1","103.27","","102.0","","2"
"net342","OK","0.9296480000000128","0.1619365608673074","79.589","103.388","0.38800000000000523","2.396000000000001","5.568000000000012","79.783","79.395","104.586","102.19","0","3.1799999999999926","3.1799999999999926","3.1799999999999926","3.7536","1","0","0","0","1","0","0","2.784000000000006","0","0","0","0","0","2","_40501906ed570000_p_Net","1","1","0","1","0","0","0","0","0","0","1","_40501906ed570000_p_odb__dbNet","3.7536","0.0","0.0","3.7536","3.7536","","3.7536","3.1799999999999926","1","3.1799999999999926","3.1799999999999926","3.1799999999999926","79.81","102.0","79.81","102.0","0","0","0","1","79.81","","102.0","","2"
"net343","OK","4.451768000000011","0.7754590981738498","70.114","97.94800000000001","1.858000000000004","2.396000000000001","8.50800000000001","71.043","69.185","99.146","96.75","0","5.480000000000004","5.480000000000004","5.480000000000004","3.7536","1","0","0","0","1","0","0","4.254000000000005","0","0","0","0","0","2","_b8501906ed570000_p_Net","1","1","0","1","0","0","0","0","0","0","1","_b8501906ed570000_p_odb__dbNet","3.7536","0.0","0.0","3.7536","3.7536","","3.7536","5.480000000000004","1","5.480000000000004","5.480000000000004","5.480000000000004","68.77","96.56","68.77","96.56","0","0","1","0","68.77","","96.56","","2"
"net344","OK","0.026823999999998703","8.55357127582947","21.6555","99.118","0.4789999999999992","0.055999999999997385","1.0699999999999932","21.895","21.416","99.146","99.09","0","1.379999999999999","1.379999999999999","1.379999999999999","3.7536","1","0","0","0","1","0","0","0.5349999999999966","0","0","0","0","0","2","_30511906ed570000_p_Net","1","1","0","1","0","0","0","0","0","0","1","_30511906ed570000_p_odb__dbNet","3.7536","0.0","0.0","3.7536","3.7536","","3.7536","1.379999999999999","1","1.379999999999999","1.379999999999999","1.379999999999999","22.31","99.28","22.31","99.28","1","0","0","0","22.31","","99.28","","2"
"net345","OK","0.02682400000000556","8.553571275827315","7.3955","88.238","0.4790000000000001","0.056000000000011596","1.0700000000000234","7.635","7.156","88.266","88.21","0","1.3800000000000008","1.3800000000000008","1.3800000000000008","3.7536","1","0","0","0","1","0","0","0.5350000000000117","0","0","0","0","0","2","_a8511906ed570000_p_Net","1","1","0","1","0","0","0","0","0","0","1","_a8511906ed570000_p_odb__dbNet","3.7536","0.0","0.0","3.7536","3.7536","","3.7536","1.3800000000000008","1","1.3800000000000008","1.3800000000000008","1.3800000000000008","8.05","88.4","8.05","88.4","1","0","0","0","8.05","","88.4","","2"
"net346","OK","31.876847999999992","0.5191424195355868","7.829","29.948","4.068","7.8359999999999985","23.807999999999996","9.863","5.795","33.866","26.03","0","12.3","12.3","12.3","3.7536","1","0","0","0","1","0","0","11.903999999999998","0","0","0","0","0","2","_20521906ed570000_p_Net","1","1","0","1","0","0","0","0","0","0","1","_20521906ed570000_p_odb__dbNet","3.7536","0.0","0.0","3.7536","3.7536","","3.7536","12.3","1","12.3","12.3","12.3","6.21","25.84","6.21","25.84","0","0","1","0","6.21","","25.84","","2"
"net347","OK","0.9296479999999958","0.16193656086730443","40.489000000000004","32.668","0.3879999999999981","2.396000000000001","5.567999999999998","40.683","40.295","33.866","31.47","0","3.1799999999999997","3.1799999999999997","3.1799999999999997","3.7536","1","0","0","0","1","0","0","2.783999999999999","0","0","0","0","0","2","_98521906ed570000_p_Net","1","1","0","1","0","0","0","0","0","0","1","_98521906ed570000_p_odb__dbNet","3.7536","0.0","0.0","3.7536","3.7536","","3.7536","3.1799999999999997","1","3.1799999999999997","3.1799999999999997","3.1799999999999997","40.71","31.28","40.71","31.28","0","0","0","1","40.71","","31.28","","2"
"net348","OK","4.199711999999902","0.035846267550272065","69.469","55.598","0.387999999999991","10.823999999999998","22.423999999999978","69.663","69.275","61.01","50.186","0","11.34000000000001","11.34000000000001","11.34000000000001","3.7536","1","0","0","0","1","0","0","11.211999999999989","0","0","0","0","0","2","_10531906ed570000_p_Net","1","1","0","1","0","0","0","0","0","0","1","_10531906ed570000_p_odb__dbNet","3.7536","0.0","0.0","3.7536","3.7536","","3.7536","11.34000000000001","1","11.34000000000001","11.34000000000001","11.34000000000001","69.69","61.2","69.69","61.2","1","0","0","0","69.69","","61.2","","2"
"net349","OK","11.951247999999994","2.081803004139482","103.509","16.348","4.9879999999999995","2.395999999999999","14.767999999999997","106.003","101.015","17.546","15.15","0","7.779999999999987","7.779999999999987","7.779999999999987","3.7536","1","0","0","0","1","0","0","7.383999999999999","0","0","0","0","0","2","_88531906ed570000_p_Net","1","1","0","1","0","0","0","0","0","0","1","_88531906ed570000_p_odb__dbNet","3.7536","0.0","0.0","3.7536","3.7536","","3.7536","7.779999999999987","1","7.779999999999987","7.779999999999987","7.779999999999987","101.43","14.96","101.43","14.96","0","0","1","0","101.43","","14.96","","2"
"net350","OK","0.07461300000000036","22.964911877808365","104.4105","15.121500000000001","1.3089999999999975","0.057000000000000384","2.7319999999999958","105.065","103.756","15.15","15.093","0","1.3800000000000097","1.3800000000000097","1.3800000000000097","3.7536","1","0","0","0","1","0","0","1.3659999999999979","0","0","0","0","0","2","_00541906ed570000_p_Net","1","1","0","1","0","0","0","0","0","0","1","_00541906ed570000_p_odb__dbNet","3.7536","0.0","0.0","3.7536","3.7536","","3.7536","1.3800000000000097","1","1.3800000000000097","1.3800000000000097","1.3800000000000097","104.65","14.96","104.65","14.96","0","0","0","1","104.65","","14.96","","2"
"net351","OK","0.026824000000002107","8.553571275828384","103.99549999999999","44.718","0.4789999999999992","0.05600000000000449","1.0700000000000074","104.235","103.756","44.746","44.69","0","1.3800000000000097","1.3800000000000097","1.3800000000000097","3.7536","1","0","0","0","1","0","0","0.5350000000000037","0","0","0","0","0","2","_78541906ed570000_p_Net","1","1","0","1","0","0","0","0","0","0","1","_78541906ed570000_p_odb__dbNet","3.7536","0.0","0.0","3.7536","3.7536","","3.7536","1.3800000000000097","1","1.3800000000000097","1.3800000000000097","1.3800000000000097","104.65","44.88","104.65","44.88","1","0","0","0","104.65","","44.88","","2"
"net352","OK","0.07324799999999657","23.357142440052115","54.748999999999995","50.158","1.3079999999999998","0.055999999999997385","2.7279999999999944","55.403","54.095","50.186","50.13","0","1.3800000000000026","1.3800000000000026","1.3800000000000026","3.7536","1","0","0","0","1","0","0","1.3639999999999972","0","0","0","0","0","2","_f0541906ed570000_p_Net","1","1","0","1","0","0","0","0","0","0","1","_f0541906ed570000_p_odb__dbNet","3.7536","0.0","0.0","3.7536","3.7536","","3.7536","1.3800000000000026","1","1.3800000000000026","1.3800000000000026","1.3800000000000026","54.51","50.32","54.51","50.32","0","1","0","0","54.51","","50.32","","2"
"net353","OK","0.07324799999999657","23.357142440052115","31.289","33.838","1.3079999999999998","0.055999999999997385","2.7279999999999944","31.943","30.635","33.866","33.81","0","1.379999999999999","1.379999999999999","1.379999999999999","3.7536","1","0","0","0","1","0","0","1.3639999999999972","0","0","0","0","0","2","_68551906ed570000_p_Net","1","1","0","1","0","0","0","0","0","0","1","_68551906ed570000_p_odb__dbNet","3.7536","0.0","0.0","3.7536","3.7536","","3.7536","1.379999999999999","1","1.379999999999999","1.379999999999999","1.379999999999999","31.05","34.0","31.05","34.0","0","1","0","0","31.05","","34.0","","2"
"net354","OK","0.07455600000000281","22.947368018466356","9.209","42.3215","1.3079999999999998","0.05700000000000216","2.730000000000004","9.863","8.555","42.35","42.293","0","1.379999999999999","1.379999999999999","1.379999999999999","3.7536","1","0","0","0","1","0","0","1.365000000000002","0","0","0","0","0","2","_e0551906ed570000_p_Net","1","1","0","1","0","0","0","0","0","0","1","_e0551906ed570000_p_odb__dbNet","3.7536","0.0","0.0","3.7536","3.7536","","3.7536","1.379999999999999","1","1.379999999999999","1.379999999999999","1.379999999999999","8.97","42.16","8.97","42.16","0","0","1","0","8.97","","42.16","","2"
"net355","OK","0.026823999999999553","8.553571275829198","17.9755","12.078","0.4789999999999992","0.05599999999999916","1.0699999999999967","18.215","17.736","12.106","12.05","0","1.379999999999999","1.379999999999999","1.379999999999999","3.7536","1","0","0","0","1","0","0","0.5349999999999984","0","0","0","0","0","2","_58561906ed570000_p_Net","1","1","0","1","0","0","0","0","0","0","1","_58561906ed570000_p_odb__dbNet","3.7536","0.0","0.0","3.7536","3.7536","","3.7536","1.379999999999999","1","1.379999999999999","1.379999999999999","1.379999999999999","18.63","12.24","18.63","12.24","1","0","0","0","18.63","","12.24","","2"
"net356","OK","3.133967999999998","0.5459098495217406","63.028999999999996","10.908000000000001","1.3079999999999998","2.395999999999999","7.407999999999998","63.683","62.375","12.106","9.71","0","4.100000000000003","4.100000000000003","4.100000000000003","3.7536","1","0","0","0","1","0","0","3.703999999999999","0","0","0","0","0","2","_d0561906ed570000_p_Net","1","1","0","1","0","0","0","0","0","0","1","_d0561906ed570000_p_odb__dbNet","3.7536","0.0","0.0","3.7536","3.7536","","3.7536","4.100000000000003","1","4.100000000000003","4.100000000000003","4.100000000000003","62.79","9.52","62.79","9.52","0","0","1","0","62.79","","9.52","","2"
"net357","OK","3.133967999999998","0.5459098495217406","61.649","10.908000000000001","1.3079999999999998","2.395999999999999","7.407999999999998","62.303","60.995","12.106","9.71","0","4.100000000000003","4.100000000000003","4.100000000000003","3.7536","1","0","0","0","1","0","0","3.703999999999999","0","0","0","0","0","2","_48571906ed570000_p_Net","1","1","0","1","0","0","0","0","0","0","1","_48571906ed570000_p_odb__dbNet","3.7536","0.0","0.0","3.7536","3.7536","","3.7536","4.100000000000003","1","4.100000000000003","4.100000000000003","4.100000000000003","61.41","9.52","61.41","9.52","0","0","1","0","61.41","","9.52","","2"
"net358","OK","0.17251200000000008","0.030050083459912356","3.919","10.908000000000001","0.07200000000000006","2.395999999999999","4.935999999999998","3.955","3.883","12.106","9.71","0","2.7200000000000006","2.7200000000000006","2.7200000000000006","3.7536","1","0","0","0","1","0","0","2.467999999999999","0","0","0","0","0","2","_c0571906ed570000_p_Net","1","1","0","1","0","0","0","0","0","0","1","_c0571906ed570000_p_odb__dbNet","3.7536","0.0","0.0","3.7536","3.7536","","3.7536","2.7200000000000006","1","2.7200000000000006","2.7200000000000006","2.7200000000000006","4.37","9.52","4.37","9.52","0","0","0","1","4.37","","9.52","","2"
"net359","OK","14.778743999999996","0.48926491985275394","38.8605","25.677999999999997","2.689","5.495999999999999","16.369999999999997","40.205","37.516","28.426","22.93","0","8.199999999999996","8.199999999999996","8.199999999999996","3.7536","1","0","0","0","1","0","0","8.184999999999999","0","0","0","0","0","2","_38581906ed570000_p_Net","1","1","0","1","0","0","0","0","0","0","1","_38581906ed570000_p_odb__dbNet","3.7536","0.0","0.0","3.7536","3.7536","","3.7536","8.199999999999996","1","8.199999999999996","8.199999999999996","8.199999999999996","39.79","23.12","39.79","23.12","0","0","0","1","39.79","","23.12","","2"
"net360","OK","0.9296480000000115","0.16193656086730765","37.729","27.228","0.38800000000000523","2.3959999999999972","5.568000000000005","37.923","37.535","28.426","26.03","0","3.1799999999999926","3.1799999999999926","3.1799999999999926","3.7536","1","0","0","0","1","0","0","2.7840000000000025","0","0","0","0","0","2","_b0581906ed570000_p_Net","1","1","0","1","0","0","0","0","0","0","1","_b0581906ed570000_p_odb__dbNet","3.7536","0.0","0.0","3.7536","3.7536","","3.7536","3.1799999999999926","1","3.1799999999999926","3.1799999999999926","3.1799999999999926","37.95","25.84","37.95","25.84","0","0","0","1","37.95","","25.84","","2"
"net361","OK","4.236127999999996","0.7378964938489592","19.099","27.228","1.7680000000000007","2.3959999999999972","8.327999999999996","19.983","18.215","28.426","26.03","0","4.559999999999999","4.559999999999999","4.559999999999999","3.7536","1","0","0","0","1","0","0","4.163999999999998","0","0","0","0","0","2","_28591906ed570000_p_Net","1","1","0","1","0","0","0","0","0","0","1","_28591906ed570000_p_odb__dbNet","3.7536","0.0","0.0","3.7536","3.7536","","3.7536","4.559999999999999","1","4.559999999999999","4.559999999999999","4.559999999999999","18.63","25.84","18.63","25.84","0","0","1","0","18.63","","25.84","","2"
"net362","OK","0.026767999999998834","8.535714133291245","18.364","28.398","0.47800000000000153","0.055999999999997385","1.0679999999999978","18.603","18.125","28.426","28.37","0","1.379999999999999","1.379999999999999","1.379999999999999","3.7536","1","0","0","0","1","0","0","0.5339999999999989","0","0","0","0","0","2","_a0591906ed570000_p_Net","1","1","0","1","0","0","0","0","0","0","1","_a0591906ed570000_p_odb__dbNet","3.7536","0.0","0.0","3.7536","3.7536","","3.7536","1.379999999999999","1","1.379999999999999","1.379999999999999","1.379999999999999","17.71","28.56","17.71","28.56","0","1","0","0","17.71","","28.56","","2"
"net363","OK","0.07330399999999876","23.3749995825896","35.4105","12.078","1.3089999999999975","0.05599999999999916","2.7299999999999933","36.065","34.756","12.106","12.05","0","1.3799999999999955","1.3799999999999955","1.3799999999999955","3.7536","1","0","0","0","1","0","0","1.3649999999999967","0","0","0","0","0","2","_185a1906ed570000_p_Net","1","1","0","1","0","0","0","0","0","0","1","_185a1906ed570000_p_odb__dbNet","3.7536","0.0","0.0","3.7536","3.7536","","3.7536","1.3799999999999955","1","1.3799999999999955","1.3799999999999955","1.3799999999999955","35.65","12.24","35.65","12.24","1","0","0","0","35.65","","12.24","","2"
"net364","OK","1.1810719999999946","0.12746386329583909","32.209","13.628","0.3879999999999981","3.0440000000000005","6.863999999999997","32.403","32.015","15.15","12.106","0","3.1800000000000015","3.1800000000000015","3.1800000000000015","3.7536","1","0","0","0","1","0","0","3.4319999999999986","0","0","0","0","0","2","_905a1906ed570000_p_Net","1","1","0","1","0","0","0","0","0","0","1","_905a1906ed570000_p_odb__dbNet","3.7536","0.0","0.0","3.7536","3.7536","","3.7536","3.1800000000000015","1","3.1800000000000015","3.1800000000000015","3.1800000000000015","32.43","14.96","32.43","14.96","1","0","0","0","32.43","","14.96","","2"
"net365","OK","0.1505279999999977","47.99999914285786","14.039","12.078","2.687999999999999","0.05599999999999916","5.487999999999996","15.383","12.695","12.106","12.05","0","2.76","2.76","2.76","3.7536","1","0","0","0","1","0","0","2.743999999999998","0","0","0","0","0","2","_085b1906ed570000_p_Net","1","1","0","1","0","0","0","0","0","0","1","_085b1906ed570000_p_odb__dbNet","3.7536","0.0","0.0","3.7536","3.7536","","3.7536","2.76","1","2.76","2.76","2.76","13.11","12.24","13.11","12.24","0","1","0","0","13.11","","12.24","","2"
"net366","OK","0.026767999999999587","8.535714133290943","7.784","12.078","0.47799999999999976","0.05599999999999916","1.0679999999999978","8.023","7.545","12.106","12.05","0","1.38","1.38","1.38","3.7536","1","0","0","0","1","0","0","0.5339999999999989","0","0","0","0","0","2","_805b1906ed570000_p_Net","1","1","0","1","0","0","0","0","0","0","1","_805b1906ed570000_p_odb__dbNet","3.7536","0.0","0.0","3.7536","3.7536","","3.7536","1.38","1","1.38","1.38","1.38","7.13","12.24","7.13","12.24","0","1","0","0","7.13","","12.24","","2"
"net367","OK","0.16117699999992574","0.00223977366471195","83.5255","10.8515","0.018999999999991246","8.483","17.003999999999984","83.535","83.516","15.093","6.61","0","9.080000000000002","9.080000000000002","9.080000000000002","3.7536","1","0","0","0","1","0","0","8.501999999999992","0","0","0","0","0","2","_f85b1906ed570000_p_Net","1","1","0","1","0","0","0","0","0","0","1","_f85b1906ed570000_p_odb__dbNet","3.7536","0.0","0.0","3.7536","3.7536","","3.7536","9.080000000000002","1","9.080000000000002","9.080000000000002","9.080000000000002","83.95","6.8","83.95","6.8","0","0","0","1","83.95","","6.8","","2"
"net368","OK","0.0745560000000009","22.947368018467195","81.88900000000001","9.6815","1.308000000000007","0.057000000000000384","2.7300000000000146","82.543","81.235","9.71","9.653","0","1.3799999999999955","1.3799999999999955","1.3799999999999955","3.7536","1","0","0","0","1","0","0","1.3650000000000073","0","0","0","0","0","2","_705c1906ed570000_p_Net","1","1","0","1","0","0","0","0","0","0","1","_705c1906ed570000_p_odb__dbNet","3.7536","0.0","0.0","3.7536","3.7536","","3.7536","1.3799999999999955","1","1.3799999999999955","1.3799999999999955","1.3799999999999955","81.65","9.52","81.65","9.52","0","0","1","0","81.65","","9.52","","2"
"net369","OK","1.1806839999999739","0.12750575086180904","73.60900000000001","19.011499999999998","0.387999999999991","3.043000000000003","6.861999999999988","73.803","73.415","20.533","17.49","0","3.180000000000007","3.180000000000007","3.180000000000007","3.7536","1","0","0","0","1","0","0","3.430999999999994","0","0","0","0","0","2","_e85c1906ed570000_p_Net","1","1","0","1","0","0","0","0","0","0","1","_e85c1906ed570000_p_odb__dbNet","3.7536","0.0","0.0","3.7536","3.7536","","3.7536","3.180000000000007","1","3.180000000000007","3.180000000000007","3.180000000000007","73.83","17.68","73.83","17.68","0","0","0","1","73.83","","17.68","","2"
"net370","OK","0.1725120000000066","0.030050083459913446","71.539","21.788","0.07200000000000273","2.396000000000001","4.936000000000007","71.575","71.503","22.986","20.59","0","2.7200000000000024","2.7200000000000024","2.7200000000000024","3.7536","1","0","0","0","1","0","0","2.4680000000000035","0","0","0","0","0","2","_605d1906ed570000_p_Net","1","1","0","1","0","0","0","0","0","0","1","_605d1906ed570000_p_odb__dbNet","3.7536","0.0","0.0","3.7536","3.7536","","3.7536","2.7200000000000024","1","2.7200000000000024","2.7200000000000024","2.7200000000000024","71.99","20.4","71.99","20.4","0","0","0","1","71.99","","20.4","","2"
"net371","OK","0.1505279999999931","47.999999142859444","46.699","39.278","2.6880000000000024","0.055999999999997385","5.4879999999999995","48.043","45.355","39.306","39.25","0","2.759999999999998","2.759999999999998","2.759999999999998","3.7536","1","0","0","0","1","0","0","2.7439999999999998","0","0","0","0","0","2","_d85d1906ed570000_p_Net","1","1","0","1","0","0","0","0","0","0","1","_d85d1906ed570000_p_odb__dbNet","3.7536","0.0","0.0","3.7536","3.7536","","3.7536","2.759999999999998","1","2.759999999999998","2.759999999999998","2.759999999999998","45.77","39.44","45.77","39.44","0","1","0","0","45.77","","39.44","","2"
"net372","OK","0.10404799999999537","33.17857083609857","48.494","39.278","1.858000000000004","0.055999999999997385","3.828000000000003","49.423","47.565","39.306","39.25","0","2.759999999999998","2.759999999999998","2.759999999999998","3.7536","1","0","0","0","1","0","0","1.9140000000000015","0","0","0","0","0","2","_505e1906ed570000_p_Net","1","1","0","1","0","0","0","0","0","0","1","_505e1906ed570000_p_odb__dbNet","3.7536","0.0","0.0","3.7536","3.7536","","3.7536","2.759999999999998","1","2.759999999999998","2.759999999999998","2.759999999999998","47.15","39.44","47.15","39.44","0","1","0","0","47.15","","39.44","","2"
"net373","OK","9.517143999999996","0.3284413894987109","48.539","45.0415","1.7680000000000007","5.382999999999996","14.301999999999992","49.423","47.655","47.733","42.35","0","7.280000000000001","7.280000000000001","7.280000000000001","3.7536","1","0","0","0","1","0","0","7.150999999999996","0","0","0","0","0","2","_c85e1906ed570000_p_Net","1","1","0","1","0","0","0","0","0","0","1","_c85e1906ed570000_p_odb__dbNet","3.7536","0.0","0.0","3.7536","3.7536","","3.7536","7.280000000000001","1","7.280000000000001","7.280000000000001","7.280000000000001","48.07","42.16","48.07","42.16","0","0","1","0","48.07","","42.16","","2"
"net374","OK","2.1587960000000086","0.3760434055191818","50.8655","43.548","0.9010000000000034","2.396000000000001","6.594000000000008","51.316","50.415","44.746","42.35","0","2.720000000000006","2.720000000000006","2.720000000000006","3.7536","1","0","0","0","1","0","0","3.297000000000004","0","0","0","0","0","2","_405f1906ed570000_p_Net","1","1","0","1","0","0","0","0","0","0","1","_405f1906ed570000_p_odb__dbNet","3.7536","0.0","0.0","3.7536","3.7536","","3.7536","2.720000000000006","1","2.720000000000006","2.720000000000006","2.720000000000006","50.83","42.16","50.83","42.16","0","0","1","0","50.83","","42.16","","2"
"net375","OK","0.07324800000000586","23.357142440049152","61.649","44.718","1.3079999999999998","0.05600000000000449","2.7280000000000086","62.303","60.995","44.746","44.69","0","1.3800000000000026","1.3800000000000026","1.3800000000000026","3.7536","1","0","0","0","1","0","0","1.3640000000000043","0","0","0","0","0","2","_b85f1906ed570000_p_Net","1","1","0","1","0","0","0","0","0","0","1","_b85f1906ed570000_p_odb__dbNet","3.7536","0.0","0.0","3.7536","3.7536","","3.7536","1.3800000000000026","1","1.3800000000000026","1.3800000000000026","1.3800000000000026","61.41","44.88","61.41","44.88","0","1","0","0","61.41","","44.88","","2"
"net376","OK","8.862804000000015","1.543823037752997","63.2855","38.108","3.699000000000005","2.396000000000001","12.190000000000012","65.135","61.436","39.306","36.91","0","7.319999999999993","7.319999999999993","7.319999999999993","3.7536","1","0","0","0","1","0","0","6.095000000000006","0","0","0","0","0","2","_30601906ed570000_p_Net","1","1","0","1","0","0","0","0","0","0","1","_30601906ed570000_p_odb__dbNet","3.7536","0.0","0.0","3.7536","3.7536","","3.7536","7.319999999999993","1","7.319999999999993","7.319999999999993","7.319999999999993","65.55","36.72","65.55","36.72","0","0","0","1","65.55","","36.72","","2"
"net377","OK","0.17251199999998956","0.030050083459910483","61.879000000000005","38.108","0.07199999999999562","2.396000000000001","4.935999999999993","61.915","61.843","39.306","36.91","0","2.719999999999999","2.719999999999999","2.719999999999999","3.7536","1","0","0","0","1","0","0","2.4679999999999964","0","0","0","0","0","2","_a8601906ed570000_p_Net","1","1","0","1","0","0","0","0","0","0","1","_a8601906ed570000_p_odb__dbNet","3.7536","0.0","0.0","3.7536","3.7536","","3.7536","2.719999999999999","1","2.719999999999999","2.719999999999999","2.719999999999999","62.33","36.72","62.33","36.72","0","0","0","1","62.33","","36.72","","2"
"net378","OK","0.07324799999999657","23.357142440052115","61.649","50.158","1.3079999999999998","0.055999999999997385","2.7279999999999944","62.303","60.995","50.186","50.13","0","1.3800000000000026","1.3800000000000026","1.3800000000000026","3.7536","1","0","0","0","1","0","0","1.3639999999999972","0","0","0","0","0","2","_20611906ed570000_p_Net","1","1","0","1","0","0","0","0","0","0","1","_20611906ed570000_p_odb__dbNet","3.7536","0.0","0.0","3.7536","3.7536","","3.7536","1.3800000000000026","1","1.3800000000000026","1.3800000000000026","1.3800000000000026","61.41","50.32","61.41","50.32","0","1","0","0","61.41","","50.32","","2"
"net379","OK","7.542607999999993","1.3138564268306088","85.569","32.668","3.147999999999996","2.396000000000001","11.087999999999994","87.143","83.995","33.866","31.47","0","5.939999999999998","5.939999999999998","5.939999999999998","3.7536","1","0","0","0","1","0","0","5.543999999999997","0","0","0","0","0","2","_98611906ed570000_p_Net","1","1","0","1","0","0","0","0","0","0","1","_98611906ed570000_p_odb__dbNet","3.7536","0.0","0.0","3.7536","3.7536","","3.7536","5.939999999999998","1","5.939999999999998","5.939999999999998","5.939999999999998","84.41","31.28","84.41","31.28","0","0","1","0","84.41","","31.28","","2"
"net380","OK","0.026823999999998703","8.55357127582947","89.7355","33.838","0.4789999999999992","0.055999999999997385","1.0699999999999932","89.975","89.496","33.866","33.81","0","1.3799999999999955","1.3799999999999955","1.3799999999999955","3.7536","1","0","0","0","1","0","0","0.5349999999999966","0","0","0","0","0","2","_10621906ed570000_p_Net","1","1","0","1","0","0","0","0","0","0","1","_10621906ed570000_p_odb__dbNet","3.7536","0.0","0.0","3.7536","3.7536","","3.7536","1.3799999999999955","1","1.3799999999999955","1.3799999999999955","1.3799999999999955","90.39","34.0","90.39","34.0","1","0","0","0","90.39","","34.0","","2"
"net381","OK","0.07974299999999314","24.54385921853093","90.1955","36.8815","1.399000000000001","0.056999999999995055","2.911999999999992","90.895","89.496","36.91","36.853","0","2.299999999999997","2.299999999999997","2.299999999999997","3.7536","1","0","0","0","1","0","0","1.455999999999996","0","0","0","0","0","2","_88621906ed570000_p_Net","1","1","0","1","0","0","0","0","0","0","1","_88621906ed570000_p_odb__dbNet","3.7536","0.0","0.0","3.7536","3.7536","","3.7536","2.299999999999997","1","2.299999999999997","2.299999999999997","2.299999999999997","91.31","36.72","91.31","36.72","0","0","0","1","91.31","","36.72","","2"
"net382","OK","0.9296479999999788","0.16193656086730146","88.32900000000001","43.548","0.387999999999991","2.396000000000001","5.567999999999984","88.523","88.135","44.746","42.35","0","3.180000000000014","3.180000000000014","3.180000000000014","3.7536","1","0","0","0","1","0","0","2.783999999999992","0","0","0","0","0","2","_00631906ed570000_p_Net","1","1","0","1","0","0","0","0","0","0","1","_00631906ed570000_p_odb__dbNet","3.7536","0.0","0.0","3.7536","3.7536","","3.7536","3.180000000000014","1","3.180000000000014","3.180000000000014","3.180000000000014","88.55","42.16","88.55","42.16","0","0","0","1","88.55","","42.16","","2"
"net383","OK","0.05352300000000036","16.47368392151421","10.8455","15.121500000000001","0.9390000000000001","0.057000000000000384","1.9920000000000009","11.315","10.376","15.15","15.093","0","1.8399999999999999","1.8399999999999999","1.8399999999999999","3.7536","1","0","0","0","1","0","0","0.9960000000000004","0","0","0","0","0","2","_78631906ed570000_p_Net","1","1","0","1","0","0","0","0","0","0","1","_78631906ed570000_p_odb__dbNet","3.7536","0.0","0.0","3.7536","3.7536","","3.7536","1.8399999999999999","1","1.8399999999999999","1.8399999999999999","1.8399999999999999","11.73","14.96","11.73","14.96","0","0","0","1","11.73","","14.96","","2"
"net384","OK","0.02724600000000017","8.385964765158452","7.784","15.121500000000001","0.47799999999999976","0.057000000000000384","1.0700000000000003","8.023","7.545","15.15","15.093","0","1.38","1.38","1.38","3.7536","1","0","0","0","1","0","0","0.5350000000000001","0","0","0","0","0","2","_f0631906ed570000_p_Net","1","1","0","1","0","0","0","0","0","0","1","_f0631906ed570000_p_odb__dbNet","3.7536","0.0","0.0","3.7536","3.7536","","3.7536","1.38","1","1.38","1.38","1.38","7.13","14.96","7.13","14.96","0","0","1","0","7.13","","14.96","","2"
"net385","OK","0.10410400000000174","33.19642797863466","10.845500000000001","22.958","1.859","0.05600000000000094","3.830000000000002","11.775","9.916","22.986","22.93","0","2.76","2.76","2.76","3.7536","1","0","0","0","1","0","0","1.915000000000001","0","0","0","0","0","2","_68641906ed570000_p_Net","1","1","0","1","0","0","0","0","0","0","1","_68641906ed570000_p_odb__dbNet","3.7536","0.0","0.0","3.7536","3.7536","","3.7536","2.76","1","2.76","2.76","2.76","12.19","23.12","12.19","23.12","1","0","0","0","12.19","","23.12","","2"
"net386","OK","0.929648","0.16193656086730518","4.149","21.788","0.3879999999999999","2.396000000000001","5.568000000000001","4.343","3.955","22.986","20.59","0","3.1800000000000024","3.1800000000000024","3.1800000000000024","3.7536","1","0","0","0","1","0","0","2.7840000000000007","0","0","0","0","0","2","_e0641906ed570000_p_Net","1","1","0","1","0","0","0","0","0","0","1","_e0641906ed570000_p_odb__dbNet","3.7536","0.0","0.0","3.7536","3.7536","","3.7536","3.1800000000000024","1","3.1800000000000024","3.1800000000000024","3.1800000000000024","4.37","20.4","4.37","20.4","0","0","0","1","4.37","","20.4","","2"
"net387","OK","7.7606440000000045","1.3518363934257775","6.4755","92.50800000000001","3.2390000000000008","2.396000000000001","11.270000000000003","8.095","4.856","93.706","91.31","0","6.8599999999999985","6.8599999999999985","6.8599999999999985","3.7536","1","0","0","0","1","0","0","5.635000000000002","0","0","0","0","0","2","_58651906ed570000_p_Net","1","1","0","1","0","0","0","0","0","0","1","_58651906ed570000_p_odb__dbNet","3.7536","0.0","0.0","3.7536","3.7536","","3.7536","6.8599999999999985","1","6.8599999999999985","6.8599999999999985","6.8599999999999985","8.51","91.12","8.51","91.12","0","0","0","1","8.51","","91.12","","2"
"net388","OK","0.17251200000000022","0.030050083459912336","5.2989999999999995","92.50800000000001","0.07200000000000006","2.396000000000001","4.936000000000002","5.335","5.263","93.706","91.31","0","2.719999999999999","2.719999999999999","2.719999999999999","3.7536","1","0","0","0","1","0","0","2.468000000000001","0","0","0","0","0","2","_d0651906ed570000_p_Net","1","1","0","1","0","0","0","0","0","0","1","_d0651906ed570000_p_odb__dbNet","3.7536","0.0","0.0","3.7536","3.7536","","3.7536","2.719999999999999","1","2.719999999999999","2.719999999999999","2.719999999999999","5.75","91.12","5.75","91.12","0","0","0","1","5.75","","91.12","","2"
"net389","OK","5.38002400000001","0.5810055864012457","5.759","89.7315","1.7679999999999998","3.0430000000000064","9.622000000000012","6.643","4.875","91.253","88.21","0","4.559999999999999","4.559999999999999","4.559999999999999","3.7536","1","0","0","0","1","0","0","4.811000000000006","0","0","0","0","0","2","_48661906ed570000_p_Net","1","1","0","1","0","0","0","0","0","0","1","_48661906ed570000_p_odb__dbNet","3.7536","0.0","0.0","3.7536","3.7536","","3.7536","4.559999999999999","1","4.559999999999999","4.559999999999999","4.559999999999999","5.29","88.4","5.29","88.4","0","0","1","0","5.29","","88.4","","2"
"net390","OK","0.057817000000000375","0.006243838315398059","4.8655","57.091499999999996","0.019000000000000128","3.0429999999999993","6.123999999999999","4.875","4.856","58.613","55.57","0","3.639999999999999","3.639999999999999","3.639999999999999","3.7536","1","0","0","0","1","0","0","3.0619999999999994","0","0","0","0","0","2","_c0661906ed570000_p_Net","1","1","0","1","0","0","0","0","0","0","1","_c0661906ed570000_p_odb__dbNet","3.7536","0.0","0.0","3.7536","3.7536","","3.7536","3.639999999999999","1","3.639999999999999","3.639999999999999","3.639999999999999","5.29","55.76","5.29","55.76","0","0","0","1","5.29","","55.76","","2"
"net391","OK","0.13218300000000502","40.68420981255618","6.015499999999999","42.3215","2.319","0.05700000000000216","4.752000000000004","7.175","4.856","42.35","42.293","0","3.2199999999999998","3.2199999999999998","3.2199999999999998","3.7536","1","0","0","0","1","0","0","2.376000000000002","0","0","0","0","0","2","_38671906ed570000_p_Net","1","1","0","1","0","0","0","0","0","0","1","_38671906ed570000_p_odb__dbNet","3.7536","0.0","0.0","3.7536","3.7536","","3.7536","3.2199999999999998","1","3.2199999999999998","3.2199999999999998","3.2199999999999998","7.59","42.16","7.59","42.16","0","0","0","1","7.59","","42.16","","2"
