net_name,label
_0000_,0
_0001_,0
_0002_,0
_0003_,0
_0004_,0
_0005_,0
_0006_,0
_0007_,0
_0008_,0
_0009_,0
_0010_,0
_0011_,0
_0012_,0
_0013_,0
_0014_,0
_0015_,0
_0016_,0
_0017_,0
_0018_,0
_0019_,0
_0020_,0
_0021_,0
_0022_,0
_0023_,0
_0024_,0
_0025_,0
_0026_,0
_0027_,0
_0028_,0
_0029_,0
_0030_,0
_0031_,0
_0032_,0
_0033_,0
_0034_,0
_0035_,0
_0036_,0
_0037_,0
_0038_,0
_0039_,0
_0040_,0
_0041_,0
_0042_,0
_0043_,0
_0044_,0
_0045_,0
_0046_,0
_0047_,0
_0048_,0
_0049_,0
_0050_,0
_0051_,0
_0052_,0
_0053_,0
_0054_,0
_0055_,0
_0056_,0
_0057_,0
_0058_,0
_0059_,0
_0060_,0
_0061_,0
_0062_,0
_0063_,0
_0064_,0
_0065_,0
_0066_,0
_0067_,0
_0068_,0
_0069_,0
_0070_,0
_0071_,0
_0072_,0
_0073_,0
_0074_,0
_0075_,0
_0076_,0
_0077_,0
_0078_,0
_0079_,0
_0080_,0
_0081_,0
_0082_,0
_0083_,0
_0084_,0
_0085_,0
_0086_,0
_0087_,0
_0088_,0
_0089_,0
_0090_,0
_0091_,0
_0092_,0
_0093_,0
_0094_,0
_0095_,0
_0096_,0
_0097_,0
_0098_,0
_0099_,0
_0100_,0
_0101_,0
_0102_,0
_0103_,0
_0104_,0
_0105_,0
_0106_,0
_0107_,0
_0108_,0
_0109_,0
_0110_,0
_0111_,0
_0112_,0
_0113_,0
_0114_,0
_0115_,0
_0116_,0
_0117_,0
_0118_,0
_0119_,0
_0120_,0
_0121_,0
_0122_,0
_0123_,0
_0124_,0
_0125_,0
_0126_,0
_0127_,0
_0128_,0
_0129_,0
_0130_,0
_0131_,0
_0132_,0
_0133_,0
_0134_,0
_0135_,0
_0136_,0
_0137_,0
_0138_,0
_0139_,0
_0140_,0
_0141_,0
_0142_,0
_0143_,0
_0144_,0
_0145_,0
_0146_,0
_0147_,0
_0148_,0
_0149_,0
_0150_,0
_0151_,0
_0152_,0
_0153_,0
_0154_,0
_0155_,0
_0156_,0
_0157_,0
_0158_,0
_0159_,0
_0160_,0
_0161_,0
_0162_,0
_0163_,0
_0164_,0
_0165_,0
_0166_,0
_0167_,0
_0168_,0
_0169_,0
_0170_,1
_0171_,1
_0172_,1
_0173_,0
_0174_,1
_0175_,1
_0176_,0
_0177_,0
_0178_,0
_0179_,0
_0180_,0
_0181_,0
_0182_,0
_0183_,0
_0184_,0
_0185_,0
_0186_,0
_0187_,0
_0188_,0
_0189_,0
_0190_,0
_0191_,0
_0192_,0
_0193_,0
_0194_,0
_0195_,0
_0196_,0
_0197_,0
_0198_,0
_0199_,0
_0200_,0
_0201_,0
_0202_,0
_0203_,0
_0204_,0
_0205_,0
_0206_,0
_0207_,0
_0208_,0
_0209_,0
_0210_,0
_0211_,0
_0212_,0
_0213_,0
_0214_,0
_0215_,0
_0216_,0
_0217_,0
_0218_,0
_0219_,0
_0220_,0
_0221_,0
_0222_,0
_0223_,0
_0224_,0
_0225_,0
_0226_,0
_0227_,0
_0228_,0
_0229_,0
_0230_,0
_0231_,0
_0232_,0
_0233_,0
_0234_,0
_0235_,0
_0236_,0
_0237_,0
_0238_,0
_0239_,0
_0240_,0
_0241_,0
_0242_,0
_0243_,0
_0244_,0
_0245_,0
_0246_,0
_0247_,0
_0248_,0
_0249_,0
_0250_,0
_0251_,0
_0252_,0
_0253_,0
_0254_,0
_0255_,0
_0256_,0
_0257_,0
_0258_,0
_0259_,0
_0260_,0
_0261_,0
_0262_,0
_0263_,0
_0264_,0
_0265_,0
_0266_,0
_0267_,0
_0268_,0
_0269_,0
_0270_,0
_0271_,0
_0272_,0
_0273_,0
_0274_,0
_0275_,0
_0276_,0
_0277_,0
_0278_,0
_0279_,0
_0280_,0
_0281_,0
_0282_,0
_0283_,0
_0284_,0
_0285_,0
_0286_,0
_0287_,0
_0288_,0
_0289_,0
_0290_,0
_0291_,0
_0292_,0
_0293_,0
_0294_,0
_0295_,0
_0296_,0
_0297_,0
_0298_,0
_0299_,0
_0300_,0
_0301_,0
_0302_,0
_0303_,0
_0304_,0
_0305_,0
_0306_,0
_0307_,0
_0308_,0
_0309_,0
_0310_,0
_0311_,0
_0312_,0
_0313_,0
_0314_,0
_0315_,0
_0316_,0
_0317_,0
_0318_,0
_0319_,0
_0320_,0
_0321_,0
_0322_,0
_0323_,0
_0324_,0
_0325_,0
_0326_,0
_0327_,0
_0328_,0
_0329_,0
_0330_,0
_0331_,0
_0332_,0
_0333_,0
_0334_,0
_0335_,0
_0336_,0
_0337_,0
_0338_,0
_0339_,0
_0340_,0
_0341_,0
_0342_,0
_0343_,0
_0344_,0
_0345_,0
_0346_,0
_0347_,0
_0348_,0
_0349_,0
_0350_,0
_0351_,0
_0352_,0
_0353_,0
_0354_,0
_0355_,0
_0356_,0
_0357_,0
_0358_,0
_0359_,0
_0360_,0
_0361_,0
_0362_,0
_0363_,0
_0364_,0
_0365_,0
_0366_,0
_0367_,0
_0368_,0
_0369_,0
_0370_,0
_0371_,0
_0372_,0
_0373_,0
_0374_,0
_0375_,0
_0376_,0
_0377_,0
_0378_,0
_0379_,0
_0380_,0
_0381_,0
_0382_,0
_0383_,0
_0384_,0
_0385_,0
_0386_,0
_0387_,0
_0388_,0
_0389_,0
_0390_,0
_0391_,0
_0392_,0
_0393_,0
_0394_,0
_0395_,0
_0396_,0
_0397_,0
_0398_,0
_0399_,0
_0400_,0
_0401_,0
_0402_,0
_0403_,0
_0404_,0
_0405_,0
_0406_,0
_0407_,0
_0408_,0
_0409_,0
_0410_,0
_0411_,0
_0412_,0
_0413_,0
_0414_,0
_0415_,0
_0416_,0
_0417_,0
_0418_,0
_0419_,0
_0420_,0
_0421_,0
_0422_,0
_0423_,0
_0424_,0
_0425_,1
_0426_,1
_0427_,1
_0428_,1
_0429_,1
_0430_,1
_0431_,1
_0432_,1
_0433_,1
_0434_,0
_0435_,0
_0436_,1
_0437_,1
_0438_,1
_0439_,1
_0440_,0
_0441_,1
_0442_,0
_0443_,1
_0444_,1
_0445_,1
_0446_,1
_0447_,1
_0448_,1
_0449_,1
_0450_,1
_0451_,1
_0452_,1
_0453_,0
_0454_,0
_0455_,1
_0456_,0
_0457_,1
_0458_,1
_0459_,0
_0460_,0
_0461_,1
_0462_,0
_0463_,1
_0464_,1
_0465_,1
_0466_,1
_0467_,1
_0468_,1
_0469_,1
_0470_,1
_0471_,1
_0472_,1
_0473_,1
_0474_,1
_0475_,1
_0476_,1
_0477_,1
_0478_,1
_0479_,1
_0480_,1
_0481_,1
_0482_,1
_0483_,1
_0484_,1
_0485_,1
_0486_,1
_0487_,1
_0488_,0
_0489_,1
_0490_,0
_0491_,1
_0492_,0
_0493_,1
_0494_,1
_0495_,1
_0496_,1
_0497_,1
_0498_,0
_0499_,0
_0500_,0
_0501_,0
_0502_,0
_0503_,0
_0504_,0
_0505_,0
_0506_,0
_0507_,0
_0508_,0
_0509_,0
_0510_,0
_0511_,0
_0512_,0
_0513_,0
_0514_,0
_0515_,0
_0516_,0
_0517_,0
_0518_,0
_0519_,0
_0520_,0
_0521_,0
_0522_,0
_0523_,0
_0524_,0
_0525_,0
_0526_,0
_0527_,0
_0528_,0
_0529_,0
_0530_,0
_0531_,0
_0532_,0
_0533_,0
_0534_,0
_0535_,0
_0536_,0
_0537_,0
_0538_,0
_0539_,0
_0540_,0
_0541_,0
_0542_,0
_0543_,0
_0544_,0
_0545_,0
_0546_,0
_0547_,0
_0548_,0
_0549_,0
_0550_,0
_0551_,0
_0552_,0
_0553_,0
_0554_,0
_0555_,0
_0556_,0
_0557_,0
_0558_,0
_0559_,0
_0560_,0
_0561_,0
_0562_,0
_0563_,0
_0564_,0
_0565_,0
_0566_,0
_0567_,0
_0568_,0
_0569_,0
_0570_,0
_0571_,0
_0572_,0
_0573_,0
_0574_,0
_0575_,0
_0576_,0
_0577_,0
_0578_,0
_0579_,0
_0580_,0
_0581_,0
_0582_,0
_0583_,0
_0584_,0
_0585_,0
_0586_,0
_0587_,0
_0588_,0
_0589_,0
_0590_,0
_0591_,0
_0592_,0
_0593_,0
_0594_,0
_0595_,0
_0596_,0
_0597_,0
_0598_,0
_0599_,0
_0600_,0
_0601_,0
_0602_,0
_0603_,0
_0604_,0
_0605_,0
_0606_,0
_0607_,0
_0608_,0
_0609_,0
_0610_,0
_0611_,0
_0612_,0
_0613_,0
_0614_,0
_0615_,0
_0616_,0
_0617_,0
_0618_,0
_0619_,0
_0620_,0
_0621_,0
_0622_,0
_0623_,0
_0624_,0
_0625_,0
_0626_,0
_0627_,0
_0628_,0
_0629_,0
_0630_,0
_0631_,0
_0632_,0
_0633_,0
_0634_,0
_0635_,0
_0636_,0
_0637_,0
_0638_,0
_0639_,0
_0640_,0
_0641_,0
_0642_,0
_0643_,0
_0644_,0
_0645_,0
_0646_,0
_0647_,0
_0648_,0
_0649_,0
_0650_,0
_0651_,0
_0652_,0
_0653_,0
_0654_,0
_0655_,0
_0656_,0
_0657_,0
_0658_,0
_0659_,0
_0660_,0
_0661_,0
_0662_,0
_0663_,0
_0664_,0
_0665_,0
_0666_,0
_0667_,0
_0668_,0
_0669_,0
_0670_,0
_0671_,0
_0672_,0
_0673_,0
_0674_,0
_0675_,0
_0676_,0
_0677_,0
_0678_,0
_0679_,0
_0680_,0
_0681_,0
_0682_,0
_0683_,0
_0684_,0
_0685_,0
_0686_,0
_0687_,0
_0688_,0
_0689_,0
_0690_,0
_0691_,0
_0692_,0
_0693_,1
_0694_,1
_0695_,0
_0696_,1
_0697_,1
_0698_,1
_0699_,1
_0700_,0
_0701_,0
_0702_,0
_0703_,0
_0704_,0
_0705_,0
_0706_,0
_0707_,0
_0708_,0
_0709_,1
_0710_,0
_0711_,0
_0712_,0
_0713_,0
_0714_,0
_0715_,0
_0716_,0
_0717_,0
_0718_,0
_0719_,0
_0720_,0
_0721_,0
_0722_,0
_0723_,1
_0724_,0
_0725_,0
_0726_,0
_0727_,0
_0728_,0
_0729_,0
_0730_,0
_0731_,0
_0732_,0
_0733_,0
_0734_,0
_0735_,0
_0736_,0
_0737_,0
_0738_,0
_0739_,0
_0740_,0
_0741_,0
_0742_,0
_0743_,0
_0744_,0
_0745_,0
_0746_,0
_0747_,0
_0748_,0
_0749_,0
_0750_,0
_0751_,0
_0752_,0
_0753_,0
_0754_,0
_0755_,0
_0756_,0
_0757_,0
_0758_,0
_0759_,0
_0760_,0
_0761_,0
_0762_,0
_0763_,0
_0764_,0
_0765_,0
_0766_,0
_0767_,0
_0768_,0
_0769_,0
_0770_,0
_0771_,0
_0772_,0
_0773_,0
_0774_,0
_0775_,0
_0776_,0
_0777_,0
_0778_,0
_0779_,0
_0780_,0
_0781_,0
_0782_,0
_0783_,0
_0784_,0
_0785_,0
_0786_,0
_0787_,0
_0788_,0
_0789_,0
_0790_,0
_0791_,0
_0792_,0
_0793_,0
_0794_,0
_0795_,0
_0796_,0
_0797_,0
_0798_,0
_0799_,0
_0800_,0
_0801_,0
_0802_,0
_0803_,0
_0804_,0
_0805_,0
_0806_,0
_0807_,0
_0808_,0
_0809_,0
_0810_,0
_0811_,0
_0812_,0
_0813_,0
_0814_,0
_0815_,0
_0816_,0
_0817_,0
_0818_,0
_0819_,1
_0820_,0
_0821_,0
_0822_,0
_0823_,0
_0824_,0
_0825_,0
_0826_,0
_0827_,0
_0828_,0
_0829_,0
_0830_,0
_0831_,0
_0832_,0
_0833_,0
_0834_,0
_0835_,0
_0836_,0
_0837_,0
_0838_,0
_0839_,0
_0840_,0
_0841_,0
_0842_,0
_0843_,0
_0844_,0
_0845_,0
_0846_,0
_0847_,0
_0848_,0
_0849_,0
_0850_,0
_0851_,0
_0852_,0
_0853_,0
_0854_,0
_0855_,0
_0856_,0
_0857_,0
_0858_,0
_0859_,0
_0860_,0
_0861_,0
_0862_,0
_0863_,0
_0864_,0
_0865_,0
_0866_,0
_0867_,0
_0868_,0
_0869_,0
_0870_,0
_0871_,0
_0872_,0
_0873_,1
_0874_,0
_0875_,0
_0876_,0
_0877_,0
_0878_,0
_0879_,0
_0880_,0
_0881_,0
_0882_,0
_0883_,0
_0884_,0
_0885_,0
_0886_,0
_0887_,0
_0888_,0
_0889_,0
_0890_,0
_0891_,0
_0892_,0
_0893_,0
_0894_,1
_0895_,0
_0896_,0
_0897_,0
_0898_,0
_0899_,0
_0900_,0
_0901_,0
_0902_,0
_0903_,0
_0904_,0
_0905_,0
_0906_,0
_0907_,0
_0908_,0
_0909_,0
_0910_,0
_0911_,0
_0912_,0
_0913_,0
_0914_,0
_0915_,0
_0916_,0
_0917_,0
_0918_,0
_0919_,0
_0920_,0
_0921_,0
_0922_,0
_0923_,0
_0924_,0
_0925_,0
_0926_,0
_0927_,0
_0928_,0
_0929_,0
_0930_,0
_0931_,0
_0932_,0
_0933_,0
_0934_,1
_0935_,0
_0936_,0
_0937_,0
_0938_,0
_0939_,0
_0940_,0
_0941_,0
_0942_,0
_0943_,0
_0944_,0
_0945_,0
_0946_,0
_0947_,0
_0948_,0
_0949_,1
_0950_,1
_0951_,0
_0952_,0
_0953_,0
_0954_,0
_0955_,0
_0956_,0
_0957_,0
_0958_,0
_0959_,0
_0960_,0
_0961_,0
_0962_,0
_0963_,0
_0964_,1
_0965_,0
_0966_,0
_0967_,0
_0968_,0
_0969_,0
_0970_,0
_0971_,0
_0972_,0
_0973_,0
_0974_,0
_0975_,0
_0976_,0
_0977_,0
_0978_,0
_0979_,0
_0980_,0
_0981_,0
_0982_,0
_0983_,0
_0984_,0
_0985_,0
_0986_,0
_0987_,0
_0988_,0
_0989_,0
_0990_,0
_0991_,0
_0992_,1
_0993_,1
_0994_,0
_0995_,0
_0996_,0
_0997_,0
_0998_,1
_0999_,0
_1000_,0
_1001_,1
_1002_,0
_1003_,0
_1004_,0
_1005_,0
_1006_,0
_1007_,0
_1008_,0
_1009_,0
_1010_,0
_1011_,1
_1012_,0
_1013_,0
_1014_,0
_1015_,0
_1016_,0
_1017_,0
_1018_,0
_1019_,0
_1020_,1
_1021_,1
_1022_,0
_1023_,0
_1024_,0
_1025_,0
_1026_,0
_1027_,0
_1028_,0
_1029_,1
_1030_,0
_1031_,1
_1032_,1
_1033_,1
_1034_,0
_1035_,1
_1036_,0
_1037_,0
_1038_,0
_1039_,0
_1040_,0
_1041_,1
_1042_,0
_1043_,0
_1044_,0
_1045_,0
_1046_,1
_1047_,1
_1048_,0
_1049_,0
_1050_,0
_1051_,0
_1052_,1
_1053_,0
_1054_,0
_1055_,1
_1056_,1
_1057_,0
_1058_,0
_1059_,0
_1060_,0
_1061_,0
_1062_,0
_1063_,0
_1064_,0
_1065_,0
_1066_,1
_1067_,0
_1068_,0
_1069_,0
_1070_,0
_1071_,0
_1072_,0
_1073_,0
_1074_,0
_1075_,0
_1076_,0
_1077_,0
_1078_,0
_1079_,0
_1080_,0
_1081_,0
_1082_,0
_1083_,0
_1084_,0
_1085_,0
_1086_,1
_1087_,1
_1088_,0
_1089_,0
_1090_,0
_1091_,0
_1092_,0
_1093_,0
_1094_,0
_1095_,0
_1096_,0
_1097_,0
_1098_,0
_1099_,0
_1100_,0
_1101_,0
_1102_,0
_1103_,0
_1104_,0
_1105_,0
_1106_,0
_1107_,0
_1108_,0
_1109_,0
_1110_,0
_1111_,0
_1112_,0
_1113_,0
_1114_,0
_1115_,0
_1116_,0
_1117_,0
_1118_,0
_1119_,1
_1120_,0
_1121_,0
_1122_,1
_1123_,0
_1124_,0
_1125_,0
_1126_,0
_1127_,0
_1128_,0
_1129_,0
_1130_,0
_1131_,0
_1132_,0
_1133_,0
_1134_,0
_1135_,0
_1136_,0
_1137_,0
_1138_,0
_1139_,0
_1140_,0
_1141_,0
_1142_,0
_1143_,0
_1144_,0
_1145_,0
_1146_,0
_1147_,0
_1148_,0
_1149_,0
_1150_,0
_1151_,0
_1152_,0
_1153_,0
_1154_,0
_1155_,0
_1156_,0
_1157_,0
_1158_,0
_1159_,0
_1160_,0
_1161_,0
_1162_,0
_1163_,0
_1164_,0
_1165_,0
_1166_,0
_1167_,0
_1168_,0
_1169_,0
_1170_,0
_1171_,0
_1172_,0
_1173_,0
_1174_,0
_1175_,0
_1176_,0
_1177_,0
_1178_,0
_1179_,0
_1180_,0
_1181_,0
_1182_,0
_1183_,0
_1184_,0
_1185_,0
_1186_,0
_1187_,0
_1188_,0
_1189_,0
_1190_,0
_1191_,0
_1192_,0
_1193_,0
_1194_,0
_1195_,0
_1196_,0
_1197_,0
_1198_,0
_1199_,0
_1200_,0
_1201_,0
_1202_,0
_1203_,0
_1204_,1
_1205_,0
_1206_,0
_1207_,0
_1208_,0
_1209_,0
_1210_,0
_1211_,0
_1212_,0
_1213_,0
_1214_,0
_1215_,0
_1216_,0
_1217_,0
_1218_,0
_1219_,0
_1220_,0
_1221_,0
_1222_,0
_1223_,0
_1224_,0
_1225_,0
_1226_,0
_1227_,0
_1228_,0
_1229_,0
_1230_,0
_1231_,0
_1232_,0
_1233_,0
_1234_,0
_1235_,0
_1236_,0
_1237_,0
_1238_,0
_1239_,0
_1240_,0
_1241_,0
_1242_,0
_1243_,0
_1244_,0
_1245_,0
_1246_,0
_1247_,0
_1248_,0
_1249_,0
_1250_,0
_1251_,0
_1252_,0
_1253_,0
_1254_,0
_1255_,0
_1256_,0
_1257_,0
_1258_,0
_1259_,0
_1260_,0
_1261_,0
_1262_,0
_1263_,0
_1264_,0
_1265_,0
_1266_,0
_1267_,0
_1268_,1
_1269_,0
_1270_,0
_1271_,0
_1272_,0
_1273_,0
_1274_,0
_1275_,0
_1276_,0
_1277_,0
_1278_,0
_1279_,0
_1280_,0
_1281_,0
_1282_,0
_1283_,0
_1284_,0
_1285_,0
_1286_,0
_1287_,0
_1288_,0
_1289_,0
_1290_,0
_1291_,0
_1292_,0
_1293_,0
_1294_,0
_1295_,0
_1296_,0
_1297_,0
_1298_,0
_1299_,0
_1300_,0
_1301_,0
_1302_,0
_1303_,0
_1304_,0
_1305_,0
_1306_,0
_1307_,0
_1308_,0
_1309_,1
_1310_,1
_1311_,1
_1312_,0
_1313_,1
_1314_,0
_1315_,0
_1316_,0
_1317_,0
_1318_,1
_1319_,0
_1320_,0
_1321_,0
_1322_,0
_1323_,0
_1324_,0
_1325_,0
_1326_,0
_1327_,0
_1328_,0
_1329_,0
_1330_,0
_1331_,0
_1332_,0
_1333_,0
_1334_,0
_1335_,0
_1336_,0
_1337_,0
_1338_,0
_1339_,0
_1340_,0
_1341_,0
_1342_,0
_1343_,0
_1344_,0
_1345_,0
_1346_,0
_1347_,0
_1348_,0
_1349_,0
_1350_,0
_1351_,0
_1352_,0
_1353_,0
_1354_,0
_1355_,0
_1356_,0
_1357_,0
_1358_,0
_1359_,0
_1360_,0
_1361_,0
_1362_,0
_1363_,0
_1364_,0
_1365_,0
_1366_,0
_1367_,0
_1368_,0
_1369_,0
_1370_,1
_1371_,0
_1372_,0
_1373_,1
_1374_,0
_1375_,0
_1376_,0
_1377_,0
_1378_,0
_1379_,0
_1380_,0
_1381_,0
_1382_,0
_1383_,0
_1384_,0
_1385_,0
_1386_,0
_1387_,1
_1388_,0
_1389_,0
_1390_,0
_1391_,0
_1392_,0
_1393_,0
_1394_,0
_1395_,0
_1396_,0
_1397_,0
_1398_,0
_1399_,0
_1400_,0
_1401_,0
_1402_,0
_1403_,0
_1404_,0
_1405_,0
_1406_,0
_1407_,0
_1408_,0
_1409_,0
_1410_,0
_1411_,0
_1412_,0
_1413_,0
_1414_,0
_1415_,0
_1416_,0
_1417_,0
_1418_,0
_1419_,0
_1420_,0
_1421_,0
_1422_,0
_1423_,0
_1424_,0
_1425_,0
_1426_,0
_1427_,0
_1428_,0
_1429_,0
_1430_,0
_1431_,0
_1432_,0
_1433_,0
_1434_,0
_1435_,0
_1436_,0
_1437_,0
_1438_,0
_1439_,0
_1440_,0
_1441_,0
_1442_,0
_1443_,0
_1444_,0
_1445_,0
_1446_,0
_1447_,0
_1448_,0
_1449_,0
_1450_,0
_1451_,0
_1452_,0
_1453_,0
_1454_,0
_1455_,0
_1456_,0
_1457_,0
_1458_,0
_1459_,0
_1460_,0
_1461_,0
_1462_,0
_1463_,0
_1464_,0
_1465_,0
_1466_,0
_1467_,0
_1468_,0
_1469_,0
_1470_,0
_1471_,0
_1472_,0
_1473_,0
_1474_,0
_1475_,0
_1476_,0
_1477_,0
_1478_,0
_1479_,0
_1480_,0
_1481_,0
_1482_,0
_1483_,0
_1484_,0
_1485_,0
_1486_,0
_1487_,0
_1488_,0
_1489_,0
_1490_,0
_1491_,0
_1492_,0
_1493_,0
_1494_,0
_1495_,0
_1496_,0
_1497_,0
_1498_,0
_1499_,0
_1500_,0
_1501_,0
_1502_,0
_1503_,0
_1504_,0
_1505_,0
_1506_,0
_1507_,0
_1508_,0
_1509_,0
_1510_,0
_1511_,0
_1512_,0
_1513_,0
_1514_,0
_1515_,0
_1516_,0
_1517_,0
_1518_,0
_1519_,0
_1520_,0
_1521_,0
_1522_,0
_1523_,0
_1524_,0
_1525_,0
_1526_,0
_1527_,0
_1528_,0
_1529_,0
_1530_,0
_1531_,0
_1532_,0
_1533_,0
_1534_,1
_1535_,0
_1536_,0
_1537_,1
_1538_,0
_1539_,0
_1540_,0
_1541_,0
_1542_,0
_1543_,0
_1544_,0
_1545_,0
_1546_,0
_1547_,0
_1548_,1
_1549_,1
_1550_,0
_1551_,0
_1552_,0
_1553_,0
_1554_,0
_1555_,1
_1556_,0
_1557_,0
_1558_,0
_1559_,0
_1560_,0
_1561_,1
_1562_,0
_1563_,0
_1564_,1
_1565_,0
_1566_,0
_1567_,1
_1568_,0
_1569_,0
_1570_,0
_1571_,0
_1572_,0
_1573_,1
_1574_,0
_1575_,0
_1576_,0
_1577_,0
_1578_,0
_1579_,1
_1580_,0
_1581_,0
_1582_,0
_1583_,1
_1584_,0
_1585_,0
_1586_,1
_1587_,0
_1588_,0
_1589_,1
_1590_,0
_1591_,0
_1592_,1
_1593_,0
_1594_,0
_1595_,1
_1596_,0
_1597_,0
_1598_,1
_1599_,0
_1600_,0
_1601_,1
_1602_,0
_1603_,0
_1604_,1
_1605_,0
_1606_,0
_1607_,1
_1608_,0
_1609_,0
_1610_,1
_1611_,0
_1612_,0
_1613_,1
_1614_,0
_1615_,0
_1616_,1
_1617_,0
_1618_,0
_1619_,1
_1620_,0
_1621_,0
_1622_,1
_1623_,0
_1624_,0
_1625_,1
_1626_,0
_1627_,0
_1628_,1
_1629_,0
_1630_,0
_1631_,1
_1632_,0
_1633_,0
_1634_,1
_1635_,0
_1636_,0
_1637_,1
_1638_,0
_1639_,0
_1640_,1
_1641_,0
_1642_,0
_1643_,1
_1644_,0
_1645_,0
_1646_,1
_1647_,0
_1648_,0
_1649_,1
_1650_,0
_1651_,0
_1652_,1
_1653_,0
_1654_,0
_1655_,1
_1656_,0
_1657_,0
_1658_,1
_1659_,0
_1660_,0
_1661_,0
_1662_,0
_1663_,0
_1664_,1
_1665_,0
_1666_,0
_1667_,0
_1668_,0
_1669_,0
_1670_,0
_1671_,0
_1672_,0
_1673_,0
_1674_,0
_1675_,1
_1676_,0
_1677_,0
_1678_,0
_1679_,1
_1680_,0
_1681_,0
_1682_,0
_1683_,0
_1684_,0
_1685_,0
_1686_,0
_1687_,1
_1688_,0
_1689_,0
_1690_,0
_1691_,0
_1692_,0
_1693_,0
_1694_,0
_1695_,0
_1696_,0
_1697_,0
_1698_,0
_1699_,1
_1700_,0
_1701_,0
_1702_,0
_1703_,1
_1704_,0
_1705_,0
_1706_,0
_1707_,1
_1708_,0
_1709_,0
_1710_,0
_1711_,1
_1712_,0
_1713_,0
_1714_,0
_1715_,1
_1716_,0
_1717_,0
_1718_,0
_1719_,0
_1720_,0
_1721_,0
_1722_,0
_1723_,1
_1724_,0
_1725_,0
_1726_,0
_1727_,1
_1728_,0
_1729_,0
_1730_,0
_1731_,1
_1732_,0
_1733_,0
_1734_,0
_1735_,0
_1736_,0
_1737_,0
_1738_,0
_1739_,0
_1740_,0
_1741_,0
_1742_,0
_1743_,1
_1744_,0
_1745_,0
_1746_,0
_1747_,0
_1748_,0
_1749_,0
_1750_,0
_1751_,1
_1752_,0
_1753_,0
_1754_,0
_1755_,1
_1756_,0
_1757_,0
_1758_,0
_1759_,0
_1760_,0
_1761_,0
_1762_,0
_1763_,1
_1764_,0
_1765_,0
_1766_,0
_1767_,0
_1768_,0
_1769_,0
_1770_,0
_1771_,0
_1772_,0
_1773_,0
_1774_,0
_1775_,1
_1776_,0
_1777_,0
_1778_,0
_1779_,1
_1780_,0
_1781_,0
_1782_,0
_1783_,1
_1784_,0
_1785_,0
_1786_,0
_1787_,1
_1788_,0
_1789_,0
_1790_,0
_1791_,1
_1792_,0
_1793_,0
_1794_,0
_1795_,1
_1796_,0
_1797_,0
_1798_,0
_1799_,1
_1800_,0
_1801_,0
_1802_,0
_1803_,1
_1804_,0
_1805_,0
_1806_,0
_1807_,1
_1808_,0
_1809_,0
_1810_,0
_1811_,0
_1812_,0
_1813_,0
_1814_,0
_1815_,0
_1816_,0
_1817_,0
_1818_,0
_1819_,0
_1820_,0
_1821_,0
_1822_,0
_1823_,0
_1824_,0
_1825_,0
_1826_,0
_1827_,0
_1828_,0
_1829_,0
_1830_,0
_1831_,0
_1832_,0
_1833_,0
_1834_,0
_1835_,0
_1836_,0
_1837_,0
_1838_,0
_1839_,0
_1840_,0
_1841_,0
_1842_,0
_1843_,0
_1844_,0
_1845_,0
_1846_,0
_1847_,0
_1848_,0
_1849_,0
_1850_,0
_1851_,0
_1852_,0
_1853_,0
_1854_,0
_1855_,0
_1856_,0
_1857_,0
_1858_,0
_1859_,0
_1860_,0
_1861_,0
_1862_,0
_1863_,0
_1864_,0
_1865_,0
_1866_,0
_1867_,0
_1868_,0
_1869_,0
_1870_,0
_1871_,0
_1872_,0
_1873_,0
_1874_,0
_1875_,0
_1876_,0
_1877_,0
_1878_,0
_1879_,0
_1880_,0
_1881_,0
_1882_,0
_1883_,0
_1884_,0
_1885_,0
_1886_,0
_1887_,0
_1888_,0
_1889_,0
_1890_,0
_1891_,0
_1892_,0
_1893_,0
_1894_,0
_1895_,0
_1896_,0
_1897_,0
_1898_,0
_1899_,0
_1900_,0
_1901_,0
_1902_,0
_1903_,0
_1904_,0
_1905_,0
_1906_,0
_1907_,0
_1908_,0
_1909_,0
_1910_,0
_1911_,0
_1912_,0
_1913_,0
_1914_,0
_1915_,0
_1916_,0
_1917_,0
_1918_,0
_1919_,0
_1920_,0
_1921_,0
_1922_,0
_1923_,0
_1924_,0
_1925_,0
_1926_,0
_1927_,0
_1928_,0
_1929_,0
_1930_,0
_1931_,0
_1932_,0
_1933_,0
_1934_,0
_1935_,0
_1936_,0
_1937_,0
_1938_,0
_1939_,0
_1940_,0
_1941_,0
_1942_,0
_1943_,0
_1944_,0
_1945_,0
_1946_,0
_1947_,0
_1948_,0
_1949_,0
_1950_,0
_1951_,0
_1952_,0
_1953_,0
_1954_,0
_1955_,0
_1956_,0
_1957_,0
_1958_,0
_1959_,0
_1960_,0
_1961_,0
_1962_,0
_1963_,0
_1964_,0
_1965_,0
_1966_,0
_1967_,0
_1968_,0
_1969_,0
_1970_,0
_1971_,0
_1972_,0
_1973_,0
_1974_,0
_1975_,0
_1976_,0
_1977_,0
_1978_,0
_1979_,0
_1980_,0
_1981_,0
_1982_,0
_1983_,0
_1984_,0
_1985_,0
_1986_,0
_1987_,0
_1988_,0
_1989_,0
_1990_,0
_1991_,0
_1992_,0
_1993_,0
_1994_,0
_1995_,0
_1996_,0
_1997_,0
_1998_,0
_1999_,0
_2000_,0
_2001_,0
_2002_,0
_2003_,0
_2004_,0
_2005_,0
_2006_,0
_2007_,0
_2008_,0
_2009_,0
_2010_,0
_2011_,0
_2012_,0
_2013_,0
_2014_,0
_2015_,0
_2016_,0
_2017_,0
_2018_,0
_2019_,0
_2020_,0
_2021_,0
_2022_,0
_2023_,0
_2024_,0
_2025_,0
_2026_,0
_2027_,0
_2028_,0
_2029_,0
_2030_,0
_2031_,0
_2032_,0
_2033_,0
_2034_,0
_2035_,0
_2036_,0
_2037_,0
_2038_,0
_2039_,0
_2040_,0
_2041_,0
_2042_,0
_2043_,0
_2044_,0
_2045_,0
_2046_,0
_2047_,0
_2048_,0
_2049_,0
_2050_,0
_2051_,0
_2052_,0
_2053_,0
_2054_,0
_2055_,0
_2056_,0
_2057_,0
_2058_,0
_2059_,0
_2060_,0
_2061_,0
_2062_,0
_2063_,0
_2064_,0
_2065_,0
_2066_,0
_2067_,0
_2068_,0
_2069_,0
_2070_,0
_2071_,0
_2072_,0
_2073_,0
_2074_,0
_2075_,0
_2076_,0
_2077_,0
_2078_,0
_2079_,0
_2080_,0
_2081_,0
_2082_,0
_2083_,0
_2084_,0
_2085_,0
_2086_,0
_2087_,0
_2088_,0
_2089_,0
_2090_,0
_2091_,0
_2092_,0
_2093_,0
_2094_,0
_2095_,0
_2096_,0
_2097_,0
_2098_,0
_2099_,0
_2100_,0
_2101_,0
_2102_,0
_2103_,0
_2104_,0
_2105_,0
_2106_,0
_2107_,0
_2108_,0
_2109_,0
_2110_,0
_2111_,0
_2112_,0
_2113_,0
_2114_,0
_2115_,0
_2116_,0
_2117_,0
_2118_,0
_2119_,0
_2120_,0
_2121_,0
_2122_,0
_2123_,0
_2124_,0
_2125_,0
_2126_,0
_2127_,0
_2128_,0
_2129_,0
_2130_,0
_2131_,0
_2132_,0
_2133_,0
_2134_,0
_2135_,0
_2136_,0
_2137_,0
_2138_,0
_2139_,0
_2140_,0
_2141_,0
_2142_,0
_2143_,0
_2144_,0
_2145_,0
_2146_,0
_2147_,0
_2148_,0
_2149_,0
_2150_,0
_2151_,0
_2152_,0
_2153_,0
_2154_,0
_2155_,0
_2156_,0
_2157_,0
_2158_,0
_2159_,0
_2160_,0
_2161_,0
_2162_,0
_2163_,0
_2164_,0
_2165_,0
_2166_,0
_2167_,0
_2168_,0
_2169_,0
_2170_,0
_2171_,0
_2172_,0
_2173_,0
_2174_,0
_2175_,0
_2176_,0
_2177_,0
_2178_,0
_2179_,0
_2180_,0
_2181_,0
_2182_,0
_2183_,0
_2184_,0
_2185_,0
_2186_,0
_2187_,0
_2188_,0
_2189_,0
_2190_,0
_2191_,0
_2192_,0
_2193_,0
_2194_,0
_2195_,0
_2196_,0
_2197_,0
_2198_,0
_2199_,0
_2200_,0
_2201_,0
_2202_,0
_2203_,0
_2204_,0
_2205_,0
_2206_,0
_2207_,0
_2208_,0
_2209_,0
_2210_,0
_2211_,0
_2212_,0
_2213_,0
_2214_,0
_2215_,0
_2216_,0
_2217_,0
_2218_,0
_2219_,0
_2220_,0
_2221_,0
_2222_,0
_2223_,0
_2224_,0
_2225_,0
_2226_,0
_2227_,0
_2228_,0
_2229_,0
_2230_,0
_2231_,0
_2232_,0
_2233_,0
_2234_,0
_2235_,0
_2236_,0
_2237_,0
_2238_,0
_2239_,0
_2240_,0
_2241_,0
_2242_,0
_2243_,0
_2244_,0
_2245_,0
_2246_,0
_2247_,0
_2248_,0
_2249_,0
_2250_,0
_2251_,0
_2252_,0
_2253_,0
_2254_,0
_2255_,0
_2256_,0
_2257_,0
_2258_,0
_2259_,0
_2260_,0
_2261_,0
_2262_,0
_2263_,0
_2264_,0
_2265_,0
_2266_,0
_2267_,0
_2268_,0
_2269_,0
_2270_,0
_2271_,0
_2272_,0
_2273_,0
_2274_,0
_2275_,0
_2276_,0
_2277_,0
_2278_,0
_2279_,0
_2280_,0
_2281_,0
_2282_,0
_2283_,0
_2284_,0
_2285_,0
_2286_,0
_2287_,0
_2288_,0
_2289_,0
_2290_,0
_2291_,0
_2292_,0
_2293_,0
_2294_,0
_2295_,0
_2296_,0
_2297_,0
_2298_,0
_2299_,0
_2300_,0
_2301_,0
_2302_,0
_2303_,0
_2304_,0
_2305_,0
_2306_,0
_2307_,0
_2308_,0
_2309_,0
_2310_,0
_2311_,0
_2312_,0
_2313_,0
_2314_,0
_2315_,0
_2316_,0
_2317_,0
_2318_,0
_2319_,0
_2320_,0
_2321_,0
_2322_,0
_2323_,0
_2324_,0
_2325_,0
_2326_,0
_2327_,0
_2328_,0
_2329_,0
_2330_,0
_2331_,0
_2332_,0
_2333_,0
_2334_,0
_2335_,0
_2336_,0
_2337_,0
_2338_,0
_2339_,0
_2340_,0
_2341_,0
_2342_,0
_2343_,0
_2344_,0
_2345_,0
_2346_,0
_2347_,0
_2348_,0
_2349_,0
_2350_,0
_2351_,0
_2352_,0
_2353_,0
_2354_,0
_2355_,0
_2356_,0
_2357_,0
_2358_,0
_2359_,0
_2360_,0
_2361_,0
_2362_,0
_2363_,0
_2364_,0
_2365_,0
_2366_,0
_2367_,0
_2368_,0
_2369_,0
_2370_,0
_2371_,0
_2372_,0
_2373_,0
_2374_,0
_2375_,0
_2376_,0
_2377_,0
_2378_,0
_2379_,0
_2380_,0
_2381_,0
_2382_,0
_2383_,0
_2384_,0
_2385_,0
_2386_,0
_2387_,0
_2388_,0
_2389_,0
_2390_,0
_2391_,0
_2392_,0
_2393_,0
_2394_,0
_2395_,0
_2396_,0
_2397_,0
_2398_,0
_2399_,0
_2400_,0
_2401_,0
_2402_,0
_2403_,0
_2404_,0
_2405_,0
_2406_,0
_2407_,0
_2408_,0
_2409_,0
_2410_,0
_2411_,0
_2412_,0
_2413_,0
_2414_,0
_2415_,0
_2416_,0
_2417_,0
_2418_,0
_2419_,0
_2420_,0
_2421_,0
_2422_,0
_2423_,0
_2424_,0
_2425_,0
_2426_,0
_2427_,0
_2428_,0
_2429_,0
_2430_,0
_2431_,0
_2432_,0
_2433_,0
_2434_,0
_2435_,0
_2436_,0
_2437_,0
_2438_,0
_2439_,0
_2440_,0
_2441_,0
_2442_,0
_2443_,0
_2444_,0
_2445_,0
_2446_,0
_2447_,0
_2448_,0
_2449_,0
_2450_,0
_2451_,0
_2452_,0
_2453_,0
_2454_,0
_2455_,0
_2456_,0
_2457_,0
_2458_,0
_2459_,0
_2460_,0
_2461_,0
_2462_,0
_2463_,0
_2464_,0
_2465_,0
_2466_,0
_2467_,0
_2468_,0
_2469_,0
_2470_,0
_2471_,0
_2472_,0
_2473_,0
_2474_,0
_2475_,0
_2476_,0
_2477_,0
_2478_,0
_2479_,0
_2480_,0
_2481_,0
_2482_,0
_2483_,0
_2484_,0
_2485_,0
_2486_,0
_2487_,0
_2488_,0
_2489_,0
_2490_,0
_2491_,0
_2492_,0
_2493_,0
_2494_,0
_2495_,0
_2496_,0
_2497_,0
_2498_,0
_2499_,0
_2500_,0
_2501_,0
_2502_,0
_2503_,0
_2504_,0
_2505_,0
_2506_,0
_2507_,0
_2508_,0
_2509_,0
_2510_,0
_2511_,0
_2512_,0
_2513_,0
_2514_,0
_2515_,0
_2516_,0
_2517_,0
_2518_,0
_2519_,0
_2520_,0
_2521_,0
_2522_,0
_2523_,0
_2524_,0
_2525_,0
_2526_,0
_2527_,0
_2528_,0
_2529_,0
_2530_,0
_2531_,0
_2532_,0
_2533_,0
_2534_,0
_2535_,0
_2536_,0
_2537_,0
_2538_,0
_2539_,0
_2540_,0
_2541_,0
_2542_,0
_2543_,0
_2544_,0
_2545_,0
_2546_,0
_2547_,0
_2548_,0
_2549_,0
_2550_,0
_2551_,0
_2552_,0
_2553_,0
_2554_,0
_2555_,0
_2556_,0
_2557_,0
_2558_,0
_2559_,0
_2560_,0
_2561_,0
_2562_,0
_2563_,0
_2564_,0
_2565_,0
_2566_,0
_2567_,0
_2568_,0
_2569_,0
_2570_,0
_2571_,0
_2572_,0
_2573_,0
_2574_,0
_2575_,0
_2576_,0
_2577_,0
_2578_,0
_2579_,0
_2580_,0
_2581_,0
_2582_,0
_2583_,0
_2584_,0
_2585_,0
_2586_,0
_2587_,0
_2588_,0
_2589_,0
_2590_,0
_2591_,0
_2592_,0
_2593_,0
_2594_,0
_2595_,0
_2596_,0
_2597_,0
_2598_,0
_2599_,0
_2600_,0
_2601_,0
_2602_,0
_2603_,0
_2604_,0
_2605_,0
_2606_,0
_2607_,0
_2608_,0
_2609_,0
_2610_,0
_2611_,0
_2612_,0
_2613_,0
_2614_,0
_2615_,0
_2616_,0
_2617_,0
_2618_,0
_2619_,0
_2620_,0
_2621_,0
_2622_,0
_2623_,0
_2624_,0
_2625_,0
_2626_,0
_2627_,0
_2628_,0
_2629_,0
_2630_,0
_2631_,0
_2632_,0
_2633_,0
_2634_,0
_2635_,0
_2636_,0
_2637_,0
_2638_,0
_2639_,0
_2640_,0
_2641_,0
_2642_,0
_2643_,0
_2644_,0
_2645_,0
_2646_,0
_2647_,0
_2648_,0
_2649_,0
_2650_,0
_2651_,0
_2652_,0
_2653_,0
_2654_,0
_2655_,0
_2656_,0
_2657_,0
_2658_,0
_2659_,0
_2660_,0
_2661_,0
_2662_,0
_2663_,0
_2664_,0
_2665_,0
_2666_,0
_2667_,0
_2668_,0
_2669_,0
_2670_,0
_2671_,0
_2672_,0
_2673_,0
_2674_,0
_2675_,0
_2676_,0
_2677_,0
_2678_,0
_2679_,0
_2680_,0
_2681_,0
_2682_,0
_2683_,0
_2684_,0
_2685_,0
_2686_,0
_2687_,0
_2688_,0
_2689_,0
_2690_,0
_2691_,0
_2692_,0
_2693_,0
_2694_,0
_2695_,0
_2696_,0
_2697_,0
_2698_,0
_2699_,0
_2700_,0
_2701_,0
_2702_,0
_2703_,0
_2704_,0
_2705_,0
_2706_,0
_2707_,0
_2708_,0
_2709_,0
_2710_,0
_2711_,0
_2712_,0
_2713_,0
_2714_,0
_2715_,0
_2716_,0
_2717_,0
_2718_,0
_2719_,0
_2720_,1
_2721_,1
_2722_,0
_2723_,0
_2724_,0
_2725_,0
_2726_,0
_2727_,0
_2728_,0
_2729_,0
_2730_,0
_2731_,0
_2732_,0
_2733_,0
_2734_,0
_2735_,0
_2736_,0
_2737_,0
_2738_,0
_2739_,0
_2740_,0
_2741_,0
_2742_,0
_2743_,0
_2744_,0
_2745_,0
_2746_,0
_2747_,0
_2748_,0
_2749_,0
_2750_,0
_2751_,0
_2752_,0
_2753_,0
_2754_,0
_2755_,0
_2756_,0
_2757_,0
_2758_,0
_2759_,0
_2760_,0
_2761_,0
_2762_,0
_2763_,0
_2764_,0
_2765_,0
_2766_,0
_2767_,0
_2768_,0
_2769_,0
_2770_,1
_2771_,0
_2772_,0
_2773_,0
_2774_,0
_2775_,0
_2776_,0
_2777_,1
_2778_,0
_2779_,0
_2780_,0
_2781_,0
_2782_,1
_2783_,0
_2784_,0
_2785_,0
_2786_,1
_2787_,0
_2788_,0
_2789_,0
_2790_,0
_2791_,0
_2792_,0
_2793_,0
_2794_,1
_2795_,1
_2796_,1
_2797_,0
_2798_,0
_2799_,0
_2800_,0
_2801_,0
_2802_,0
_2803_,0
_2804_,0
_2805_,0
_2806_,0
_2807_,0
_2808_,0
_2809_,0
_2810_,0
_2811_,0
_2812_,0
_2813_,0
_2814_,0
_2815_,0
_2816_,0
_2817_,0
_2818_,0
_2819_,0
_2820_,0
_2821_,0
_2822_,0
_2823_,0
_2824_,0
_2825_,0
_2826_,0
_2827_,0
_2828_,0
_2829_,0
_2830_,0
_2831_,0
_2832_,0
_2833_,0
_2834_,0
_2835_,0
_2836_,0
_2837_,0
_2838_,0
_2839_,0
_2840_,1
_2841_,0
_2842_,0
_2843_,1
_2844_,0
_2845_,0
_2846_,1
_2847_,0
_2848_,0
_2849_,0
_2850_,0
_2851_,0
_2852_,0
_2853_,0
_2854_,0
_2855_,0
_2856_,0
_2857_,0
_2858_,0
_2859_,0
_2860_,0
_2861_,0
_2862_,0
_2863_,0
_2864_,0
_2865_,1
_2866_,0
_2867_,0
_2868_,0
_2869_,0
_2870_,0
_2871_,0
_2872_,0
_2873_,0
_2874_,0
_2875_,0
_2876_,0
_2877_,0
_2878_,0
_2879_,0
_2880_,1
_2881_,0
_2882_,0
_2883_,0
_2884_,0
_2885_,0
_2886_,0
_2887_,0
_2888_,0
_2889_,0
_2890_,0
_2891_,0
_2892_,0
_2893_,0
_2894_,0
_2895_,0
_2896_,0
_2897_,0
_2898_,0
_2899_,0
_2900_,0
_2901_,0
_2902_,0
_2903_,0
_2904_,0
_2905_,0
_2906_,0
_2907_,0
_2908_,0
_2909_,0
_2910_,0
_2911_,0
_2912_,0
_2913_,0
_2914_,0
_2915_,0
_2916_,0
_2917_,0
_2918_,0
_2919_,0
_2920_,0
_2921_,0
_2922_,0
_2923_,0
_2924_,0
_2925_,0
_2926_,0
_2927_,0
_2928_,0
_2929_,0
_2930_,0
_2931_,0
_2932_,0
_2933_,0
_2934_,0
_2935_,0
_2936_,0
_2937_,0
_2938_,0
_2939_,0
_2940_,0
_2941_,0
_2942_,0
_2943_,0
_2944_,0
_2945_,0
_2946_,0
_2947_,0
_2948_,0
_2949_,0
_2950_,0
_2951_,0
_2952_,0
_2953_,0
_2954_,0
_2955_,0
_2956_,0
_2957_,0
_2958_,0
_2959_,0
_2960_,0
_2961_,0
_2962_,0
_2963_,0
_2964_,0
_2965_,0
_2966_,0
_2967_,0
_2968_,0
_2969_,0
_2970_,0
_2971_,0
_2972_,0
_2973_,0
_2974_,0
_2975_,0
_2976_,0
_2977_,0
_2978_,0
_2979_,0
_2980_,0
_2981_,0
_2982_,0
_2983_,0
_2984_,0
_2985_,0
_2986_,0
_2987_,0
_2988_,0
_2989_,0
_2990_,0
_2991_,0
_2992_,0
_2993_,0
_2994_,0
_2995_,0
_2996_,0
_2997_,0
_2998_,0
_2999_,0
_3000_,0
_3001_,0
_3002_,0
_3003_,0
_3004_,0
_3005_,0
_3006_,0
_3007_,0
_3008_,0
_3009_,0
_3010_,0
_3011_,0
_3012_,0
_3013_,0
_3014_,0
_3015_,0
_3016_,0
_3017_,0
_3018_,0
_3019_,0
_3020_,0
_3021_,0
_3022_,0
_3023_,0
_3024_,0
_3025_,0
_3026_,0
_3027_,0
_3028_,0
_3029_,0
_3030_,0
_3031_,0
_3032_,0
_3033_,0
_3034_,0
_3035_,0
_3036_,0
_3037_,0
_3038_,0
_3039_,0
_3040_,0
_3041_,0
_3042_,0
_3043_,0
_3044_,0
_3045_,0
_3046_,0
_3047_,0
_3048_,0
_3049_,0
_3050_,0
_3051_,0
_3052_,0
_3053_,0
_3054_,0
_3055_,0
_3056_,0
_3057_,0
_3058_,0
_3059_,0
_3060_,0
_3061_,0
_3062_,0
_3063_,0
_3064_,0
_3065_,0
_3066_,0
_3067_,0
_3068_,0
_3069_,0
_3070_,0
_3071_,0
_3072_,0
_3073_,0
_3074_,0
_3075_,0
_3076_,0
_3077_,0
_3078_,0
_3079_,0
_3080_,0
_3081_,0
_3082_,0
_3083_,0
_3084_,0
_3085_,0
_3086_,0
_3087_,0
_3088_,0
_3089_,0
_3090_,0
_3091_,0
_3092_,0
_3093_,0
_3094_,0
_3095_,0
_3096_,0
_3097_,0
_3098_,0
_3099_,0
_3100_,0
_3101_,0
_3102_,0
_3103_,0
_3104_,0
_3105_,0
_3106_,0
_3107_,0
_3108_,0
_3109_,0
_3110_,0
_3111_,0
_3112_,0
_3113_,0
_3114_,0
_3115_,0
_3116_,0
_3117_,0
_3118_,0
_3119_,0
_3120_,0
_3121_,0
_3122_,0
_3123_,0
_3124_,0
_3125_,0
_3126_,0
_3127_,0
_3128_,0
_3129_,0
_3130_,0
_3131_,0
_3132_,0
_3133_,0
_3134_,0
_3135_,0
_3136_,0
_3137_,0
_3138_,0
_3139_,0
_3140_,0
_3141_,0
_3142_,0
_3143_,0
_3144_,0
_3145_,0
_3146_,0
_3147_,0
_3148_,0
_3149_,0
_3150_,0
_3151_,0
_3152_,0
_3153_,0
_3154_,0
_3155_,0
_3156_,0
_3157_,0
_3158_,0
_3159_,0
_3160_,0
_3161_,0
_3162_,0
_3163_,0
_3164_,0
_3165_,0
_3166_,0
_3167_,0
_3168_,0
_3169_,0
_3170_,0
_3171_,0
_3172_,0
_3173_,0
_3174_,0
_3175_,0
_3176_,0
_3177_,0
_3178_,0
_3179_,0
_3180_,0
_3181_,0
_3182_,0
_3183_,0
_3184_,0
_3185_,0
_3186_,0
_3187_,0
_3188_,0
_3189_,0
_3190_,0
_3191_,0
_3192_,0
_3193_,0
_3194_,0
_3195_,0
_3196_,0
_3197_,0
_3198_,0
_3199_,0
_3200_,0
_3201_,0
_3202_,0
_3203_,0
_3204_,0
_3205_,0
_3206_,0
_3207_,0
_3208_,0
_3209_,0
_3210_,0
_3211_,0
_3212_,0
_3213_,0
_3214_,0
_3215_,0
_3216_,0
_3217_,0
_3218_,0
_3219_,0
_3220_,0
_3221_,0
_3222_,0
_3223_,0
_3224_,0
_3225_,0
_3226_,0
_3227_,0
_3228_,0
_3229_,0
_3230_,0
_3231_,0
_3232_,0
_3233_,0
_3234_,0
_3235_,0
_3236_,0
_3237_,0
_3238_,0
_3239_,0
_3240_,0
_3241_,0
_3242_,0
_3243_,0
_3244_,0
_3245_,0
_3246_,0
_3247_,0
_3248_,0
_3249_,0
_3250_,0
_3251_,0
_3252_,0
_3253_,0
_3254_,0
_3255_,0
_3256_,0
_3257_,0
_3258_,0
_3259_,0
_3260_,0
_3261_,0
_3262_,0
_3263_,0
_3264_,0
_3265_,0
_3266_,0
_3267_,1
_3268_,1
_3269_,0
_3270_,0
_3271_,0
_3272_,0
_3273_,0
_3274_,0
_3275_,0
_3276_,0
_3277_,0
_3278_,1
_3279_,0
_3280_,0
_3281_,1
_3282_,0
_3283_,0
_3284_,0
_3285_,0
_3286_,1
_3287_,0
_3288_,1
_3289_,1
_3290_,1
_3291_,1
_3292_,0
_3293_,0
_3294_,0
_3295_,0
_3296_,0
_3297_,0
_3298_,0
_3299_,0
_3300_,0
_3301_,0
_3302_,0
_3303_,0
_3304_,0
_3305_,0
_3306_,0
_3307_,0
_3308_,0
_3309_,0
_3310_,0
_3311_,0
_3312_,0
_3313_,0
_3314_,0
_3315_,0
_3316_,0
_3317_,0
_3318_,0
_3319_,0
_3320_,0
_3321_,0
_3322_,0
_3323_,0
_3324_,0
_3325_,0
_3326_,0
bank_adr[0],0
bank_adr[1],0
bank_open,0
cas_,0
clk_i,0
cmd_a10,0
cs[0],0
cs[1],0
cs_le,0
cs_le_d,0
csc[10],0
csc[11],0
csc[1],0
csc[2],0
csc[3],0
csc[4],0
csc[5],0
csc[6],0
csc[7],0
csc[9],0
data_oe,0
dv,0
fs,0
init_ack,0
init_req,0
lmr_ack,0
lmr_req,0
mc_ack_pad_i,0
mc_ack_r,0
mc_addr_d[0],0
mc_addr_d[11],0
mc_addr_d[12],0
mc_addr_d[13],0
mc_addr_d[14],0
mc_addr_d[1],0
mc_addr_d[2],0
mc_addr_d[3],0
mc_addr_d[4],0
mc_addr_d[5],0
mc_addr_d[6],0
mc_addr_d[7],0
mc_addr_d[8],0
mc_addr_d[9],0
mc_addr_pad_o[0],0
mc_addr_pad_o[10],0
mc_addr_pad_o[11],0
mc_addr_pad_o[12],0
mc_addr_pad_o[13],0
mc_addr_pad_o[14],0
mc_addr_pad_o[15],0
mc_addr_pad_o[16],0
mc_addr_pad_o[17],0
mc_addr_pad_o[18],0
mc_addr_pad_o[19],0
mc_addr_pad_o[1],0
mc_addr_pad_o[20],0
mc_addr_pad_o[21],0
mc_addr_pad_o[22],0
mc_addr_pad_o[23],0
mc_addr_pad_o[2],0
mc_addr_pad_o[3],0
mc_addr_pad_o[4],0
mc_addr_pad_o[5],0
mc_addr_pad_o[6],0
mc_addr_pad_o[7],0
mc_addr_pad_o[8],0
mc_addr_pad_o[9],0
mc_adsc_pad_o_,0
mc_adv_pad_o_,0
mc_bg_d,0
mc_bg_pad_o,0
mc_br_pad_i,0
mc_br_r,0
mc_c_oe_d,0
mc_cas_pad_o_,0
mc_cke_pad_o_,0
mc_clk_i,0
mc_coe_pad_coe_o,0
mc_cs_pad_o_[0],0
mc_cs_pad_o_[1],0
mc_data_ir[0],0
mc_data_ir[10],0
mc_data_ir[11],0
mc_data_ir[12],0
mc_data_ir[13],0
mc_data_ir[14],0
mc_data_ir[15],0
mc_data_ir[16],0
mc_data_ir[17],0
mc_data_ir[18],0
mc_data_ir[19],0
mc_data_ir[1],0
mc_data_ir[20],0
mc_data_ir[21],0
mc_data_ir[22],0
mc_data_ir[23],0
mc_data_ir[24],0
mc_data_ir[25],0
mc_data_ir[26],0
mc_data_ir[27],0
mc_data_ir[28],0
mc_data_ir[29],0
mc_data_ir[2],0
mc_data_ir[30],0
mc_data_ir[31],0
mc_data_ir[32],0
mc_data_ir[33],0
mc_data_ir[34],0
mc_data_ir[35],0
mc_data_ir[3],0
mc_data_ir[4],0
mc_data_ir[5],0
mc_data_ir[6],0
mc_data_ir[7],0
mc_data_ir[8],0
mc_data_ir[9],0
mc_data_od[0],0
mc_data_od[10],0
mc_data_od[11],0
mc_data_od[12],0
mc_data_od[13],0
mc_data_od[14],0
mc_data_od[15],0
mc_data_od[16],0
mc_data_od[17],0
mc_data_od[18],0
mc_data_od[19],0
mc_data_od[1],0
mc_data_od[20],0
mc_data_od[21],0
mc_data_od[22],0
mc_data_od[23],0
mc_data_od[24],0
mc_data_od[25],0
mc_data_od[26],0
mc_data_od[27],0
mc_data_od[28],0
mc_data_od[29],0
mc_data_od[2],0
mc_data_od[30],0
mc_data_od[31],0
mc_data_od[3],0
mc_data_od[4],0
mc_data_od[5],0
mc_data_od[6],0
mc_data_od[7],0
mc_data_od[8],0
mc_data_od[9],0
mc_data_pad_i[0],0
mc_data_pad_i[10],0
mc_data_pad_i[11],0
mc_data_pad_i[12],0
mc_data_pad_i[13],0
mc_data_pad_i[14],0
mc_data_pad_i[15],0
mc_data_pad_i[16],0
mc_data_pad_i[17],0
mc_data_pad_i[18],0
mc_data_pad_i[19],0
mc_data_pad_i[1],0
mc_data_pad_i[20],0
mc_data_pad_i[21],0
mc_data_pad_i[22],0
mc_data_pad_i[23],0
mc_data_pad_i[24],0
mc_data_pad_i[25],0
mc_data_pad_i[26],0
mc_data_pad_i[27],0
mc_data_pad_i[28],0
mc_data_pad_i[29],0
mc_data_pad_i[2],0
mc_data_pad_i[30],0
mc_data_pad_i[31],0
mc_data_pad_i[3],0
mc_data_pad_i[4],0
mc_data_pad_i[5],0
mc_data_pad_i[6],0
mc_data_pad_i[7],0
mc_data_pad_i[8],0
mc_data_pad_i[9],0
mc_data_pad_o[0],0
mc_data_pad_o[10],0
mc_data_pad_o[11],0
mc_data_pad_o[12],0
mc_data_pad_o[13],0
mc_data_pad_o[14],0
mc_data_pad_o[15],0
mc_data_pad_o[16],0
mc_data_pad_o[17],0
mc_data_pad_o[18],0
mc_data_pad_o[19],0
mc_data_pad_o[1],0
mc_data_pad_o[20],0
mc_data_pad_o[21],0
mc_data_pad_o[22],0
mc_data_pad_o[23],0
mc_data_pad_o[24],0
mc_data_pad_o[25],0
mc_data_pad_o[26],0
mc_data_pad_o[27],0
mc_data_pad_o[28],0
mc_data_pad_o[29],0
mc_data_pad_o[2],0
mc_data_pad_o[30],0
mc_data_pad_o[31],0
mc_data_pad_o[3],0
mc_data_pad_o[4],0
mc_data_pad_o[5],0
mc_data_pad_o[6],0
mc_data_pad_o[7],0
mc_data_pad_o[8],0
mc_data_pad_o[9],0
mc_doe_pad_doe_o,0
mc_dp_od[0],0
mc_dp_od[1],0
mc_dp_od[2],0
mc_dp_od[3],0
mc_dp_pad_i[0],0
mc_dp_pad_i[1],0
mc_dp_pad_i[2],0
mc_dp_pad_i[3],0
mc_dp_pad_o[0],0
mc_dp_pad_o[1],0
mc_dp_pad_o[2],0
mc_dp_pad_o[3],0
mc_dqm_pad_o[0],0
mc_dqm_pad_o[1],0
mc_dqm_pad_o[2],0
mc_dqm_pad_o[3],0
mc_oe_pad_o_,0
mc_ras_pad_o_,0
mc_rp_pad_o_,0
mc_sts_ir,0
mc_sts_pad_i,0
mc_vpen_pad_o,0
mc_we_pad_o_,0
mc_zz_pad_o,0
mem_ack,0
mem_ack_r,0
oe_,0
net12847,0
pack_le0,0
pack_le1,0
pack_le2,0
poc_o[0],0
poc_o[10],0
poc_o[11],0
poc_o[12],0
poc_o[13],0
poc_o[14],0
poc_o[15],0
poc_o[16],0
poc_o[17],0
poc_o[18],0
poc_o[19],0
poc_o[1],0
poc_o[20],0
poc_o[21],0
poc_o[22],0
poc_o[23],0
poc_o[24],0
poc_o[25],0
poc_o[26],0
poc_o[27],0
poc_o[28],0
poc_o[29],0
poc_o[2],0
poc_o[30],0
poc_o[31],0
poc_o[3],0
poc_o[4],0
poc_o[5],0
poc_o[6],0
poc_o[7],0
poc_o[8],0
poc_o[9],0
ras_,0
ref_int[0],0
ref_int[1],0
ref_int[2],0
resume_req_i,0
rf_dout[0],0
rf_dout[10],0
rf_dout[11],0
rf_dout[12],0
rf_dout[13],0
rf_dout[14],0
rf_dout[15],0
rf_dout[16],0
rf_dout[17],0
rf_dout[18],0
rf_dout[19],0
rf_dout[1],0
rf_dout[20],0
rf_dout[21],0
rf_dout[22],0
rf_dout[23],0
rf_dout[24],0
rf_dout[25],0
rf_dout[26],0
rf_dout[27],0
rf_dout[28],0
rf_dout[29],0
rf_dout[2],0
rf_dout[30],0
rf_dout[31],0
rf_dout[3],0
rf_dout[4],0
rf_dout[5],0
rf_dout[6],0
rf_dout[7],0
rf_dout[8],0
rf_dout[9],0
rfr_ack,0
rfr_ps_val[0],0
rfr_ps_val[1],0
rfr_ps_val[2],0
rfr_ps_val[3],0
rfr_ps_val[4],0
rfr_ps_val[5],0
rfr_ps_val[6],0
rfr_ps_val[7],0
rfr_req,0
row_adr[0],0
row_adr[10],0
row_adr[11],0
row_adr[12],0
row_adr[1],0
row_adr[2],0
row_adr[3],0
row_adr[4],0
row_adr[5],0
row_adr[6],0
row_adr[7],0
row_adr[8],0
row_adr[9],0
row_same,0
rst_i,0
sp_csc[10],0
sp_csc[1],0
sp_csc[2],0
sp_csc[3],0
sp_csc[4],0
sp_csc[5],0
sp_csc[6],0
sp_csc[7],0
sp_csc[9],0
sp_tms[0],0
sp_tms[10],0
sp_tms[11],0
sp_tms[12],0
sp_tms[13],0
sp_tms[14],0
sp_tms[15],0
sp_tms[16],0
sp_tms[17],0
sp_tms[18],0
sp_tms[19],0
sp_tms[1],0
sp_tms[20],0
sp_tms[21],0
sp_tms[22],0
sp_tms[23],0
sp_tms[24],0
sp_tms[25],0
sp_tms[26],0
sp_tms[27],0
sp_tms[2],0
sp_tms[3],0
sp_tms[4],0
sp_tms[5],0
sp_tms[6],0
sp_tms[7],0
sp_tms[8],0
sp_tms[9],0
spec_req_cs[0],0
spec_req_cs[1],0
susp_req_i,0
susp_sel,0
suspended_o,0
tms[0],0
tms[10],0
tms[11],0
tms[12],0
tms[13],0
tms[14],0
tms[15],0
tms[16],0
tms[17],0
tms[18],0
tms[19],0
tms[1],0
tms[20],0
tms[21],0
tms[22],0
tms[23],0
tms[24],0
tms[25],0
tms[26],0
tms[27],0
tms[2],0
tms[3],0
tms[4],0
tms[5],0
tms[6],0
tms[7],0
tms[8],0
tms[9],0
u0.csc0[0],0
u0.csc0[10],0
u0.csc0[11],0
u0.csc0[12],0
u0.csc0[13],0
u0.csc0[14],0
u0.csc0[15],0
u0.csc0[16],0
u0.csc0[17],0
u0.csc0[18],0
u0.csc0[19],0
u0.csc0[1],0
u0.csc0[20],0
u0.csc0[21],0
u0.csc0[22],0
u0.csc0[23],0
u0.csc0[24],0
u0.csc0[25],0
u0.csc0[26],0
u0.csc0[27],0
u0.csc0[28],0
u0.csc0[29],0
u0.csc0[2],0
u0.csc0[30],0
u0.csc0[31],0
u0.csc0[3],0
u0.csc0[4],0
u0.csc0[5],0
u0.csc0[6],0
u0.csc0[7],0
u0.csc0[8],0
u0.csc0[9],0
u0.csc1[0],0
u0.csc1[10],0
u0.csc1[11],0
u0.csc1[12],0
u0.csc1[13],0
u0.csc1[14],0
u0.csc1[15],0
u0.csc1[16],0
u0.csc1[17],0
u0.csc1[18],0
u0.csc1[19],0
u0.csc1[1],0
u0.csc1[20],0
u0.csc1[21],0
u0.csc1[22],0
u0.csc1[23],0
u0.csc1[24],0
u0.csc1[25],0
u0.csc1[26],0
u0.csc1[27],0
u0.csc1[28],0
u0.csc1[29],0
u0.csc1[2],0
u0.csc1[30],0
u0.csc1[31],0
u0.csc1[3],0
u0.csc1[4],0
u0.csc1[5],0
u0.csc1[6],0
u0.csc1[7],0
u0.csc1[8],0
u0.csc1[9],0
u0.csc_mask[0],0
u0.csc_mask[10],0
u0.csc_mask[1],0
u0.csc_mask[2],0
u0.csc_mask[3],0
u0.csc_mask[4],0
u0.csc_mask[5],0
u0.csc_mask[6],0
u0.csc_mask[7],0
u0.csc_mask[8],0
u0.csc_mask[9],0
u0.csr[0],0
u0.csr[3],0
u0.csr[4],0
u0.csr[5],0
u0.csr[6],0
u0.csr[7],0
u0.init_ack_r,0
u0.init_req0,0
u0.init_req1,0
u0.lmr_ack_r,0
u0.lmr_req0,0
u0.lmr_req1,0
u0.rf_we,0
u0.rst_r1,0
u0.rst_r2,0
u0.rst_r3,0
u0.sreq_cs_le,0
u0.tms0[0],0
u0.tms0[10],0
u0.tms0[11],0
u0.tms0[12],0
u0.tms0[13],0
u0.tms0[14],0
u0.tms0[15],0
u0.tms0[16],0
u0.tms0[17],0
u0.tms0[18],0
u0.tms0[19],0
u0.tms0[1],0
u0.tms0[20],0
u0.tms0[21],0
u0.tms0[22],0
u0.tms0[23],0
u0.tms0[24],0
u0.tms0[25],0
u0.tms0[26],0
u0.tms0[27],0
u0.tms0[28],0
u0.tms0[29],0
u0.tms0[2],0
u0.tms0[30],0
u0.tms0[31],0
u0.tms0[3],0
u0.tms0[4],0
u0.tms0[5],0
u0.tms0[6],0
u0.tms0[7],0
u0.tms0[8],0
u0.tms0[9],0
u0.tms1[0],0
u0.tms1[10],0
u0.tms1[11],0
u0.tms1[12],0
u0.tms1[13],0
u0.tms1[14],0
u0.tms1[15],0
u0.tms1[16],0
u0.tms1[17],0
u0.tms1[18],0
u0.tms1[19],0
u0.tms1[1],0
u0.tms1[20],0
u0.tms1[21],0
u0.tms1[22],0
u0.tms1[23],0
u0.tms1[24],0
u0.tms1[25],0
u0.tms1[26],0
u0.tms1[27],0
u0.tms1[28],0
u0.tms1[29],0
u0.tms1[2],0
u0.tms1[30],0
u0.tms1[31],0
u0.tms1[3],0
u0.tms1[4],0
u0.tms1[5],0
u0.tms1[6],0
u0.tms1[7],0
u0.tms1[8],0
u0.tms1[9],0
u0.u0.addr_r[2],0
u0.u0.addr_r[3],0
u0.u0.addr_r[4],0
u0.u0.addr_r[5],0
u0.u0.addr_r[6],0
u0.u0.init_req_we,0
u0.u0.inited,0
u0.u0.lmr_req_we,0
u0.u1.init_req_we,0
u0.u1.inited,0
u0.u1.lmr_req_we,0
u0.wp_err,0
u1.acs_addr[0],0
u1.acs_addr[10],0
u1.acs_addr[11],0
u1.acs_addr[12],0
u1.acs_addr[13],0
u1.acs_addr[14],0
u1.acs_addr[15],0
u1.acs_addr[16],0
u1.acs_addr[17],0
u1.acs_addr[18],0
u1.acs_addr[19],0
u1.acs_addr[1],0
u1.acs_addr[20],0
u1.acs_addr[21],0
u1.acs_addr[22],0
u1.acs_addr[23],0
u1.acs_addr[2],0
u1.acs_addr[3],0
u1.acs_addr[4],0
u1.acs_addr[5],0
u1.acs_addr[6],0
u1.acs_addr[7],0
u1.acs_addr[8],0
u1.acs_addr[9],0
u1.acs_addr_pl1[0],0
u1.acs_addr_pl1[10],0
u1.acs_addr_pl1[11],0
u1.acs_addr_pl1[1],0
u1.acs_addr_pl1[2],0
u1.acs_addr_pl1[3],0
u1.acs_addr_pl1[4],0
u1.acs_addr_pl1[5],0
u1.acs_addr_pl1[6],0
u1.acs_addr_pl1[7],0
u1.acs_addr_pl1[8],0
u1.acs_addr_pl1[9],0
u1.col_adr[0],0
u1.col_adr[1],0
u1.col_adr[2],0
u1.col_adr[3],0
u1.col_adr[4],0
u1.col_adr[5],0
u1.col_adr[6],0
u1.col_adr[7],0
u1.col_adr[8],0
u1.col_adr[9],0
u1.sram_addr[0],0
u1.sram_addr[10],0
u1.sram_addr[11],0
u1.sram_addr[12],0
u1.sram_addr[13],0
u1.sram_addr[14],0
u1.sram_addr[15],0
u1.sram_addr[16],0
u1.sram_addr[17],0
u1.sram_addr[18],0
u1.sram_addr[19],0
u1.sram_addr[1],0
u1.sram_addr[20],0
u1.sram_addr[21],0
u1.sram_addr[22],0
u1.sram_addr[23],0
u1.sram_addr[2],0
u1.sram_addr[3],0
u1.sram_addr[4],0
u1.sram_addr[5],0
u1.sram_addr[6],0
u1.sram_addr[7],0
u1.sram_addr[8],0
u1.sram_addr[9],0
u1.u0.inc_next[0],0
u1.wb_write_go,0
u1.wr_cycle,0
u1.wr_hold,0
u2.u0.b0_last_row[0],0
u2.u0.b0_last_row[10],0
u2.u0.b0_last_row[11],0
u2.u0.b0_last_row[12],0
u2.u0.b0_last_row[1],0
u2.u0.b0_last_row[2],0
u2.u0.b0_last_row[3],0
u2.u0.b0_last_row[4],0
u2.u0.b0_last_row[5],0
u2.u0.b0_last_row[6],0
u2.u0.b0_last_row[7],0
u2.u0.b0_last_row[8],0
u2.u0.b0_last_row[9],0
u2.u0.b1_last_row[0],0
u2.u0.b1_last_row[10],0
u2.u0.b1_last_row[11],0
u2.u0.b1_last_row[12],0
u2.u0.b1_last_row[1],0
u2.u0.b1_last_row[2],0
u2.u0.b1_last_row[3],0
u2.u0.b1_last_row[4],0
u2.u0.b1_last_row[5],0
u2.u0.b1_last_row[6],0
u2.u0.b1_last_row[7],0
u2.u0.b1_last_row[8],0
u2.u0.b1_last_row[9],0
u2.u0.b2_last_row[0],0
u2.u0.b2_last_row[10],0
u2.u0.b2_last_row[11],0
u2.u0.b2_last_row[12],0
u2.u0.b2_last_row[1],0
u2.u0.b2_last_row[2],0
u2.u0.b2_last_row[3],0
u2.u0.b2_last_row[4],0
u2.u0.b2_last_row[5],0
u2.u0.b2_last_row[6],0
u2.u0.b2_last_row[7],0
u2.u0.b2_last_row[8],0
u2.u0.b2_last_row[9],0
u2.u0.b3_last_row[0],0
u2.u0.b3_last_row[10],0
u2.u0.b3_last_row[11],0
u2.u0.b3_last_row[12],0
u2.u0.b3_last_row[1],0
u2.u0.b3_last_row[2],0
u2.u0.b3_last_row[3],0
u2.u0.b3_last_row[4],0
u2.u0.b3_last_row[5],0
u2.u0.b3_last_row[6],0
u2.u0.b3_last_row[7],0
u2.u0.b3_last_row[8],0
u2.u0.b3_last_row[9],0
u2.u0.bank0_open,0
u2.u0.bank1_open,0
u2.u0.bank2_open,0
u2.u0.bank3_open,0
u2.u1.b0_last_row[0],0
u2.u1.b0_last_row[10],0
u2.u1.b0_last_row[11],0
u2.u1.b0_last_row[12],0
u2.u1.b0_last_row[1],0
u2.u1.b0_last_row[2],0
u2.u1.b0_last_row[3],0
u2.u1.b0_last_row[4],0
u2.u1.b0_last_row[5],0
u2.u1.b0_last_row[6],0
u2.u1.b0_last_row[7],0
u2.u1.b0_last_row[8],0
u2.u1.b0_last_row[9],0
u2.u1.b1_last_row[0],0
u2.u1.b1_last_row[10],0
u2.u1.b1_last_row[11],0
u2.u1.b1_last_row[12],0
u2.u1.b1_last_row[1],0
u2.u1.b1_last_row[2],0
u2.u1.b1_last_row[3],0
u2.u1.b1_last_row[4],0
u2.u1.b1_last_row[5],0
u2.u1.b1_last_row[6],0
u2.u1.b1_last_row[7],0
u2.u1.b1_last_row[8],0
u2.u1.b1_last_row[9],0
u2.u1.b2_last_row[0],0
u2.u1.b2_last_row[10],0
u2.u1.b2_last_row[11],0
u2.u1.b2_last_row[12],0
u2.u1.b2_last_row[1],0
u2.u1.b2_last_row[2],0
u2.u1.b2_last_row[3],0
u2.u1.b2_last_row[4],0
u2.u1.b2_last_row[5],0
u2.u1.b2_last_row[6],0
u2.u1.b2_last_row[7],0
u2.u1.b2_last_row[8],0
u2.u1.b2_last_row[9],0
u2.u1.b3_last_row[0],0
u2.u1.b3_last_row[10],0
u2.u1.b3_last_row[11],0
u2.u1.b3_last_row[12],0
u2.u1.b3_last_row[1],0
u2.u1.b3_last_row[2],0
u2.u1.b3_last_row[3],0
u2.u1.b3_last_row[4],0
u2.u1.b3_last_row[5],0
u2.u1.b3_last_row[6],0
u2.u1.b3_last_row[7],0
u2.u1.b3_last_row[8],0
u2.u1.b3_last_row[9],0
u2.u1.bank0_open,0
u2.u1.bank1_open,0
u2.u1.bank2_open,0
u2.u1.bank3_open,0
u3.byte0[0],0
u3.byte0[1],0
u3.byte0[2],0
u3.byte0[3],0
u3.byte0[4],0
u3.byte0[5],0
u3.byte0[6],0
u3.byte0[7],0
u3.byte1[0],0
u3.byte1[1],0
u3.byte1[2],0
u3.byte1[3],0
u3.byte1[4],0
u3.byte1[5],0
u3.byte1[6],0
u3.byte1[7],0
u3.byte2[0],0
u3.byte2[1],0
u3.byte2[2],0
u3.byte2[3],0
u3.byte2[4],0
u3.byte2[5],0
u3.byte2[6],0
u3.byte2[7],0
u3.u0.r0[0],0
u3.u0.r0[10],0
u3.u0.r0[11],0
u3.u0.r0[12],0
u3.u0.r0[13],0
u3.u0.r0[14],0
u3.u0.r0[15],0
u3.u0.r0[16],0
u3.u0.r0[17],0
u3.u0.r0[18],0
u3.u0.r0[19],0
u3.u0.r0[1],0
u3.u0.r0[20],0
u3.u0.r0[21],0
u3.u0.r0[22],0
u3.u0.r0[23],0
u3.u0.r0[24],0
u3.u0.r0[25],0
u3.u0.r0[26],0
u3.u0.r0[27],0
u3.u0.r0[28],0
u3.u0.r0[29],0
u3.u0.r0[2],0
u3.u0.r0[30],0
u3.u0.r0[31],0
u3.u0.r0[32],0
u3.u0.r0[33],0
u3.u0.r0[34],0
u3.u0.r0[35],0
u3.u0.r0[3],0
u3.u0.r0[4],0
u3.u0.r0[5],0
u3.u0.r0[6],0
u3.u0.r0[7],0
u3.u0.r0[8],0
u3.u0.r0[9],0
u3.u0.r1[0],0
u3.u0.r1[10],0
u3.u0.r1[11],0
u3.u0.r1[12],0
u3.u0.r1[13],0
u3.u0.r1[14],0
u3.u0.r1[15],0
u3.u0.r1[16],0
u3.u0.r1[17],0
u3.u0.r1[18],0
u3.u0.r1[19],0
u3.u0.r1[1],0
u3.u0.r1[20],0
u3.u0.r1[21],0
u3.u0.r1[22],0
u3.u0.r1[23],0
u3.u0.r1[24],0
u3.u0.r1[25],0
u3.u0.r1[26],0
u3.u0.r1[27],0
u3.u0.r1[28],0
u3.u0.r1[29],0
u3.u0.r1[2],0
u3.u0.r1[30],0
u3.u0.r1[31],0
u3.u0.r1[32],0
u3.u0.r1[33],0
u3.u0.r1[34],0
u3.u0.r1[35],0
u3.u0.r1[3],0
u3.u0.r1[4],0
u3.u0.r1[5],0
u3.u0.r1[6],0
u3.u0.r1[7],0
u3.u0.r1[8],0
u3.u0.r1[9],0
u3.u0.r2[0],0
u3.u0.r2[10],0
u3.u0.r2[11],0
u3.u0.r2[12],0
u3.u0.r2[13],0
u3.u0.r2[14],0
u3.u0.r2[15],0
u3.u0.r2[16],0
u3.u0.r2[17],0
u3.u0.r2[18],0
u3.u0.r2[19],0
u3.u0.r2[1],0
u3.u0.r2[20],0
u3.u0.r2[21],0
u3.u0.r2[22],0
u3.u0.r2[23],0
u3.u0.r2[24],0
u3.u0.r2[25],0
u3.u0.r2[26],0
u3.u0.r2[27],0
u3.u0.r2[28],0
u3.u0.r2[29],0
u3.u0.r2[2],0
u3.u0.r2[30],0
u3.u0.r2[31],0
u3.u0.r2[32],0
u3.u0.r2[33],0
u3.u0.r2[34],0
u3.u0.r2[35],0
u3.u0.r2[3],0
u3.u0.r2[4],0
u3.u0.r2[5],0
u3.u0.r2[6],0
u3.u0.r2[7],0
u3.u0.r2[8],0
u3.u0.r2[9],0
u3.u0.r3[0],0
u3.u0.r3[10],0
u3.u0.r3[11],0
u3.u0.r3[12],0
u3.u0.r3[13],0
u3.u0.r3[14],0
u3.u0.r3[15],0
u3.u0.r3[16],0
u3.u0.r3[17],0
u3.u0.r3[18],0
u3.u0.r3[19],0
u3.u0.r3[1],0
u3.u0.r3[20],0
u3.u0.r3[21],0
u3.u0.r3[22],0
u3.u0.r3[23],0
u3.u0.r3[24],0
u3.u0.r3[25],0
u3.u0.r3[26],0
u3.u0.r3[27],0
u3.u0.r3[28],0
u3.u0.r3[29],0
u3.u0.r3[2],0
u3.u0.r3[30],0
u3.u0.r3[31],0
u3.u0.r3[32],0
u3.u0.r3[33],0
u3.u0.r3[34],0
u3.u0.r3[35],0
u3.u0.r3[3],0
u3.u0.r3[4],0
u3.u0.r3[5],0
u3.u0.r3[6],0
u3.u0.r3[7],0
u3.u0.r3[8],0
u3.u0.r3[9],0
u3.u0.rd_adr[0],0
u3.u0.rd_adr[1],0
u3.u0.rd_adr[2],0
u3.u0.rd_adr[3],0
u3.u0.wr_adr[0],0
u3.u0.wr_adr[1],0
u3.u0.wr_adr[2],0
u3.u0.wr_adr[3],0
u4.ps_cnt[0],0
u4.ps_cnt[1],0
u4.ps_cnt[2],0
u4.ps_cnt[3],0
u4.ps_cnt[4],0
u4.ps_cnt[5],0
u4.ps_cnt[6],0
u4.ps_cnt[7],0
u4.ps_cnt_clr,0
u4.rfr_ce,0
u4.rfr_clr,0
u4.rfr_cnt[0],0
u4.rfr_cnt[1],0
u4.rfr_cnt[2],0
u4.rfr_cnt[3],0
u4.rfr_cnt[4],0
u4.rfr_cnt[5],0
u4.rfr_cnt[6],0
u4.rfr_cnt[7],0
u4.rfr_early,0
u4.rfr_en,0
u5.ack_cnt[0],0
u5.ack_cnt[1],0
u5.ack_cnt[2],0
u5.ack_cnt[3],0
u5.ap_en,0
u5.burst_act_rd,0
u5.burst_cnt[0],0
u5.burst_cnt[10],0
u5.burst_cnt[1],0
u5.burst_cnt[2],0
u5.burst_cnt[3],0
u5.burst_cnt[4],0
u5.burst_cnt[5],0
u5.burst_cnt[6],0
u5.burst_cnt[7],0
u5.burst_cnt[8],0
u5.burst_cnt[9],0
u5.cke_d,0
u5.cke_o_del,0
u5.cke_o_r1,0
u5.cke_o_r2,0
u5.cke_r,0
u5.cmd[0],0
u5.cmd[1],0
u5.cmd[2],0
u5.cmd[3],1
u5.cmd_a10_r,0
u5.cmd_asserted,0
u5.cmd_asserted2,0
u5.cmd_del[0],0
u5.cmd_del[1],0
u5.cmd_del[2],0
u5.cmd_del[3],0
u5.cmd_r[0],0
u5.cmd_r[1],0
u5.cmd_r[2],0
u5.cmd_r[3],0
u5.cnt,0
u5.cs_le_r,0
u5.cs_le_r1,0
u5.data_oe_d,0
u5.data_oe_r,0
u5.data_oe_r2,0
u5.dv_r,0
u5.ir_cnt[0],0
u5.ir_cnt[1],0
u5.ir_cnt[2],0
u5.ir_cnt[3],0
u5.ir_cnt_done,0
u5.lmr_ack_d,0
u5.lookup_ready1,0
u5.lookup_ready2,0
u5.mc_adv_r,0
u5.mc_adv_r1,0
u5.mc_c_oe_d,0
u5.mc_le,0
u5.mem_ack_r,0
u5.no_wb_cycle,0
u5.pack_le0_d,0
u5.pack_le1_d,0
u5.resume_req_r,0
u5.rfr_ack_d,0
u5.rsts,0
u5.rsts1,0
u5.state[0],1
u5.state[1],0
u5.state[2],1
u5.state[3],0
u5.state[4],0
u5.state[5],0
u5.state[6],0
u5.susp_req_r,0
u5.suspended_d,1
u5.timer2[0],0
u5.timer2[1],0
u5.timer2[2],0
u5.timer2[3],0
u5.timer2[4],0
u5.timer2[5],0
u5.timer2[6],0
u5.timer2[7],0
u5.timer2[8],0
u5.timer[0],0
u5.timer[1],0
u5.timer[2],0
u5.timer[3],0
u5.timer[4],0
u5.timer[5],0
u5.timer[6],0
u5.timer[7],0
u5.timer_is_zero,0
u5.tmr2_done,0
u5.tmr_done,0
u5.wb_cycle,0
u5.wb_stb_first,0
u5.wb_wait,0
u5.wb_wait_r,0
u5.wb_wait_r2,0
u5.wb_write_go_r,0
u5.we_,0
u6.read_go_r,0
u6.read_go_r1,0
u6.rmw_en,0
u6.rmw_r,0
u6.wb_first_r,0
u6.write_go_r,0
u6.write_go_r1,0
u7.mc_dqm_r2[0],0
u7.mc_dqm_r2[1],0
u7.mc_dqm_r2[2],0
u7.mc_dqm_r2[3],0
u7.mc_dqm_r[0],0
u7.mc_dqm_r[1],0
u7.mc_dqm_r[2],0
u7.mc_dqm_r[3],0
wb_ack_o,0
wb_addr_i[0],0
wb_addr_i[10],0
wb_addr_i[11],0
wb_addr_i[12],0
wb_addr_i[13],0
wb_addr_i[14],0
wb_addr_i[15],0
wb_addr_i[16],0
wb_addr_i[17],0
wb_addr_i[18],0
wb_addr_i[19],0
wb_addr_i[1],0
wb_addr_i[20],0
wb_addr_i[21],0
wb_addr_i[22],0
wb_addr_i[23],0
wb_addr_i[24],0
wb_addr_i[25],0
wb_addr_i[26],0
wb_addr_i[27],0
wb_addr_i[28],0
wb_addr_i[29],0
wb_addr_i[2],0
wb_addr_i[30],0
wb_addr_i[31],0
wb_addr_i[3],0
wb_addr_i[4],0
wb_addr_i[5],0
wb_addr_i[6],0
wb_addr_i[7],0
wb_addr_i[8],0
wb_addr_i[9],0
wb_cyc_i,0
wb_data_i[0],0
wb_data_i[10],0
wb_data_i[11],0
wb_data_i[12],0
wb_data_i[13],0
wb_data_i[14],0
wb_data_i[15],0
wb_data_i[16],0
wb_data_i[17],0
wb_data_i[18],0
wb_data_i[19],0
wb_data_i[1],0
wb_data_i[20],0
wb_data_i[21],0
wb_data_i[22],0
wb_data_i[23],0
wb_data_i[24],0
wb_data_i[25],0
wb_data_i[26],0
wb_data_i[27],0
wb_data_i[28],0
wb_data_i[29],0
wb_data_i[2],0
wb_data_i[30],0
wb_data_i[31],0
wb_data_i[3],0
wb_data_i[4],0
wb_data_i[5],0
wb_data_i[6],0
wb_data_i[7],0
wb_data_i[8],0
wb_data_i[9],0
wb_data_o[0],0
wb_data_o[10],0
wb_data_o[11],0
wb_data_o[12],0
wb_data_o[13],0
wb_data_o[14],0
wb_data_o[15],0
wb_data_o[16],0
wb_data_o[17],0
wb_data_o[18],0
wb_data_o[19],0
wb_data_o[1],0
wb_data_o[20],0
wb_data_o[21],0
wb_data_o[22],0
wb_data_o[23],0
wb_data_o[24],0
wb_data_o[25],0
wb_data_o[26],0
wb_data_o[27],0
wb_data_o[28],0
wb_data_o[29],0
wb_data_o[2],0
wb_data_o[30],0
wb_data_o[31],0
wb_data_o[3],0
wb_data_o[4],0
wb_data_o[5],0
wb_data_o[6],0
wb_data_o[7],0
wb_data_o[8],0
wb_data_o[9],0
wb_err_o,0
wb_sel_i[0],0
wb_sel_i[1],0
wb_sel_i[2],0
wb_sel_i[3],0
wb_stb_i,0
wb_we_i,0
net5651,0
net5654,0
net5719,1
net5669,0
net5670,0
net5701,0
net5702,0
net5696,1
net5691,0
net5692,0
net5693,0
net5716,1
net5747,0
net5723,1
net5334,0
net5363,0
net5413,0
net5412,0
net5411,0
net5727,0
net5309,0
net5794,0
net5306,0
net5308,0
net5307,0
net5730,0
net5737,0
net5750,0
net5751,0
net5754,0
net5755,0
net5752,0
net5753,0
net5756,0
net5757,0
net5769,0
net5764,0
net5783,1
net5784,0
net5800,0
net5304,0
net5893,0
net5892,0
net5891,0
net5808,0
net5285,0
net5284,0
net48,0
net49,0
net5888,0
net5276,0
net5275,0
net5822,0
net5267,0
net5266,0
net5824,0
net5258,0
net5257,0
net5883,0
net5826,0
net5248,0
net5825,0
net5239,0
net5247,0
net5867,0
net5233,0
net5847,0
net5860,0
net5836,0
net5833,0
net5834,0
net5835,0
net5855,0
net5838,0
net5843,1
net5839,0
net5842,1
net5840,0
net5841,0
net5846,0
net5845,0
net5866,0
net5873,0
net5872,0
net5884,0
net5220,0
net5231,0
net5208,0
net5960,0
net5946,0
net5896,0
net5897,0
net5932,1
net5933,0
net5924,0
net5944,0
net5935,0
net5934,0
net5938,0
net5939,0
net5941,0
net5943,0
net5949,0
net5948,0
net5910,0
net5920,0
net5906,0
net5902,0
net5922,0
net5903,0
net5904,0
net5911,0
net5917,0
net5912,0
net5916,0
net5918,0
net5909,0
net5908,0
net5907,0
net5905,0
net5919,0
net5915,0
net5962,0
net5923,0
net5925,0
net5927,0
net5926,0
net5929,0
net5928,0
net5930,0
net5936,0
net5937,0
net5952,0
net6365,0
net5951,0
net5950,0
net6360,0
net6362,0
net6361,0
net6363,0
net6369,0
net6378,0
net5957,0
net5955,0
net5959,0
net5956,0
net5972,0
net5953,0
net6340,0
net6382,0
net6346,0
net7264,0
net5990,0
net6227,1
net7200,0
net5985,0
net6008,0
net6187,0
net6007,0
net5998,0
net5994,0
net6072,0
net5993,0
net5992,0
net6065,0
net6068,0
net7267,0
net6188,0
net6190,0
net5997,0
net5996,0
net5995,0
net6032,0
net6057,0
net8470,1
net6053,0
net6055,0
net6061,0
net6060,0
net6064,0
net6066,0
net6027,0
net6005,0
net6004,0
net6003,0
net6023,0
net6001,0
net5999,0
net6026,0
net6025,0
net6024,0
net6030,1
net6029,0
net8589,1
net6019,0
net6000,0
net6002,0
net6006,0
net6013,0
net6011,0
net6009,0
net6012,0
net6016,0
net6014,0
net6020,0
net6021,1
net6033,0
net6034,0
net6037,0
net6041,0
net6039,0
net6044,0
net6042,0
net6046,0
net6047,0
net6040,0
net6043,0
net6045,0
net6063,0
net6058,0
net6059,0
net6102,0
net6069,0
net6071,0
net6070,0
net6074,0
net6073,0
net6081,0
net6080,0
net6094,0
net6097,0
net6099,0
net6122,0
net6126,0
net6124,0
net7270,0
net6076,0
net6077,0
net6078,0
net7271,0
net6185,0
net6090,0
net6084,0
net6086,0
net6177,0
net6085,0
net6089,0
net6092,0
net6087,0
net6088,0
net6091,0
net6095,0
net6093,0
net6115,0
net6110,0
net6100,0
net6101,0
net6107,0
net6103,0
net6104,0
net6105,0
net6109,0
net6132,0
net6114,0
net6116,0
net6120,0
net6118,0
net6123,0
net6121,0
net6108,0
net6106,0
net6112,0
net6117,0
net6119,0
net6127,0
net6125,0
net6182,0
net6181,0
net6180,0
net6134,0
net6133,0
net6178,0
net6174,0
net6179,0
net6135,0
net6136,0
net6144,0
net6138,0
net6145,0
net6150,0
net6147,0
net6158,0
net6140,0
net6139,0
net6141,0
net6142,0
net6143,0
net6152,0
net6149,0
net6146,0
net6148,1
net6151,0
net6155,0
net6157,0
net6163,0
net6153,0
net6154,0
net6156,0
net6159,0
net6160,0
net6164,0
net6161,0
net6173,0
net6162,0
net6165,0
net6169,0
net6168,0
net6172,0
net7261,0
net6191,0
net6192,0
net6197,0
net6201,0
net6224,1
net6203,0
net12068,0
net6207,0
net6208,0
net7202,0
net6211,0
net6209,0
net6210,0
net6212,0
net6215,0
net7203,0
net6213,0
net6214,0
net6331,0
net6336,0
net6332,0
net7206,0
net7205,0
net7204,0
net8308,1
net6222,0
net6220,0
net6219,0
net6218,0
net6216,0
net6231,0
net6232,0
net7242,0
net7241,0
net7246,0
net7243,0
net7244,0
net7245,0
net7247,0
net7248,0
net7251,0
net7249,0
net7250,0
net7252,0
net7253,0
net7254,0
net7255,0
net6229,0
net6228,0
net7240,0
net7238,0
net6230,0
net6235,0
net6236,1
net6237,1
net6238,1
net6239,0
net7239,0
net7257,0
net7256,0
net7258,0
net6300,0
net6330,0
net7227,0
net6242,0
net6243,0
net6272,0
net6282,0
net6274,0
net6277,0
net6275,0
net7220,0
net7222,0
net7221,0
net6278,0
net6305,0
net6306,0
net6279,0
net6280,0
net6297,0
net6283,0
net6298,0
net6285,0
net6270,0
net6269,0
net6247,0
net6249,0
net7234,0
net408,0
net6254,0
net6252,0
net6255,0
net6276,0
net6284,0
net6286,0
net6287,0
net6293,0
net6289,0
net6291,0
net6295,0
net6292,0
net6294,0
net6288,0
net6290,0
net424,0
net425,0
net426,0
net6307,0
net6308,0
net7209,0
net7211,0
net7210,0
net7218,0
net7212,0
net7213,0
net7215,0
net7214,0
net7217,0
net6315,0
net6318,0
net6321,0
net6353,0
net6356,0
net6359,0
net6357,0
net5207,0
net5204,0
net5205,0
net5206,0
net5202,0
net5203,0
net5199,0
net5200,0
net5201,0
net5197,0
net5198,0
net5195,0
net5196,0
net5193,0
net5194,0
net5191,0
net5192,0
net5189,0
net5190,0
net5186,0
net5187,0
net5188,0
net5183,0
net5184,0
net5185,0
net5181,0
net5182,0
net5178,0
net5179,0
net5180,0
net5175,0
net5176,0
net5177,0
net5172,0
net5173,0
net5174,0
net5169,0
net5170,0
net5171,0
net5166,0
net5167,0
net5168,0
net7010,0
net5164,0
net5165,0
net6991,0
net5159,0
net5160,0
net5161,0
net5162,0
net5163,0
net5155,0
net5156,0
net5157,0
net5158,0
net6989,0
net5153,0
net5154,0
net6977,0
net5150,0
net5151,0
net5152,0
net6792,0
net5147,0
net5148,0
net5149,0
net5143,0
net5144,0
net5145,0
net5146,0
net6791,0
net5141,0
net5142,0
net5136,0
net5137,0
net5138,0
net5139,0
net5140,0
net6774,0
net5134,0
net5135,0
net6393,0
net5130,0
net5131,0
net5132,0
net5133,0
net5125,0
net5126,0
net5127,0
net5128,0
net5129,0
net6395,0
net5123,0
net5124,0
net5118,0
net5119,0
net5120,0
net5121,0
net5122,0
net5115,0
net5116,0
net5117,0
net5112,0
net5113,0
net5114,0
net6512,0
net6516,0
net6515,0
net6514,0
net6513,0
net6505,0
net6508,0
net6511,0
net6500,1
net6504,0
net6502,0
net6499,0
net6496,0
net6497,0
net6498,0
net6507,0
net6491,0
net6492,0
net6494,0
net6495,0
net6487,0
net6473,0
net6482,0
net6485,0
net6475,0
net6458,0
net6459,0
net6462,0
net6457,0
net6455,0
net6456,0
net6443,0
net6444,0
net3810,0
net6405,0
net6424,0
net6435,0
net6420,0
net6421,0
net6422,0
net6423,0
net6407,0
net6419,0
net6408,0
net6409,0
net6415,0
net6412,0
net597,0
net598,0
net599,0
net600,0
net6449,0
net6452,0
net6453,0
net6454,0
net605,0
net606,0
net6464,0
net6467,0
net6466,0
net6468,0
net6471,0
net6470,0
net6479,0
net6474,0
net6476,0
net6477,0
net6478,0
net6489,1
net6503,0
net6506,0
net6518,0
net6520,0
net6524,0
net6522,0
net5110,0
net5111,0
net6526,0
net5086,0
net5084,0
net5096,0
net6530,0
net6531,0
net5071,0
net5072,0
net5073,0
net5074,0
net6719,0
net5059,0
net6718,0
net5070,0
net6648,0
net6658,0
net6655,0
net6679,0
net6678,0
net6534,0
net6539,0
net6557,0
net6633,0
net6558,0
net6561,0
net6635,0
net6537,0
net6538,0
net6555,0
net6556,0
net6616,0
net6554,0
net6550,0
net5099,0
net5107,0
net5108,0
net5109,0
net5097,0
net5098,0
net6523,0
net6525,0
net6630,0
net6631,0
net3863,0
net5105,0
net5106,0
net6626,0
net6629,0
net6615,0
net6613,0
net6609,0
net6614,1
net6612,0
net6603,0
net6605,0
net6600,0
net6601,0
net6594,0
net6598,0
net8306,1
net6593,1
net5100,0
net5101,0
net5102,0
net5103,0
net5104,0
net6589,0
net6587,0
net6585,0
net6586,0
net6590,0
net6582,0
net6584,0
net6565,0
net6564,0
net6562,0
net6578,0
net6577,0
net6574,0
net6566,0
net6563,0
net6576,0
net6571,0
net6575,0
net6588,0
net6568,0
net6567,0
net6569,0
net6570,0
net6573,0
net6572,0
net6597,0
net6595,0
net6596,0
net6620,0
net6619,0
net6617,0
net6624,0
net6622,0
net6637,0
net6671,0
net6669,0
net6672,0
net6674,0
net6695,0
net6698,0
net6703,0
net6741,0
net10176,0
net6721,0
net5053,0
net5058,0
net5024,0
net5025,0
net5035,0
net5047,0
net6728,0
net5019,0
net6731,0
net5020,0
net5007,0
net5018,0
net4988,0
net4986,0
net5000,0
net6750,0
net4959,0
net4960,0
net4961,0
net4962,0
net4963,0
net4964,0
net6749,0
net6748,0
net4968,0
net4967,0
net4966,0
net4965,0
net4971,0
net4970,0
net4969,0
net4972,0
net6751,0
net4975,0
net4974,0
net4973,0
net4976,0
net4977,0
net4978,0
net6755,0
net6753,0
net4940,0
net4939,0
net4941,0
net4947,0
net4942,0
net4943,0
net4945,0
net4944,0
net4946,0
net4949,0
net4948,0
net4951,0
net4950,0
net4952,0
net6756,0
net4955,0
net4954,0
net4953,0
net4957,0
net4956,0
net4958,0
net6768,0
net6754,0
net6767,0
net4937,0
net6759,0
net6760,0
net4919,0
net4920,0
net4921,0
net4922,0
net4929,0
net4923,0
net4924,0
net4925,0
net4927,0
net4926,0
net4928,0
net4933,0
net4930,0
net4931,0
net4932,0
net4934,0
net4935,0
net4936,0
net4938,0
net6764,0
net6761,0
net4914,0
net4917,0
net4915,0
net4916,0
net4918,0
net6762,0
net6763,0
net6765,0
net4911,0
net4912,0
net4913,0
net4910,0
net6770,0
net4899,0
net6772,0
net6773,0
net4898,0
net4900,0
net4896,0
net4895,0
net6783,0
net6775,0
net4897,0
net6789,0
net4894,0
net4893,0
net6778,0
net6779,0
net6782,0
net6784,0
net6785,0
net4878,0
net6800,0
net6799,0
net6798,0
net4870,0
net4871,0
net4872,0
net4873,0
net4869,0
net6802,0
net4859,0
net6804,0
net6806,0
net6805,0
net4857,0
net4858,0
net4860,0
net6808,0
net6807,0
net6969,0
net6811,0
net6810,0
net4853,0
net4850,0
net4851,0
net4852,0
net4855,0
net4854,0
net4856,0
net6813,0
net4846,0
net4843,0
net6812,0
net4844,0
net4845,0
net4848,0
net4847,0
net4849,0
net4842,0
net4841,0
net4840,0
net6842,0
net6843,0
net6816,1
net6817,0
net4836,0
net6818,0
net4838,0
net4837,0
net4839,0
net6821,0
net4832,0
net6820,0
net4834,0
net4833,0
net4835,0
net4831,0
net4830,0
net4829,0
net6830,0
net6831,0
net6822,0
net6829,0
net6828,0
net6827,0
net6826,0
net6824,0
net6825,0
net6823,0
net6832,0
net6891,0
net6890,0
net6847,0
net6846,0
net6845,0
net6892,0
net6840,0
net6838,0
net6836,0
net6834,0
net6833,0
net6848,0
net6862,0
net6861,0
net6859,0
net6855,0
net6854,0
net4828,0
net6853,0
net6857,0
net6897,0
net6856,0
net6896,0
net6919,0
net6860,1
net6864,0
net6865,0
net6867,0
net6866,0
net6881,0
net6869,0
net6868,0
net6872,0
net6882,0
net6876,0
net6873,0
net6878,0
net6877,0
net6879,0
net6880,0
net6884,0
net6915,0
net6913,0
net4818,0
net4824,0
net4795,0
net6927,0
net6930,0
net6963,0
net6957,0
net7182,0
net7072,0
net4785,0
net4778,0
net4784,0
net6925,0
net6970,0
net6841,0
net6968,0
net4593,0
net4598,0
net6644,0
net6976,0
net6540,0
net6996,0
net6410,0
net6417,0
net6999,0
net6450,0
net6441,0
net6481,0
net7002,0
net6541,0
net7003,0
net7004,0
net6546,0
net7006,0
net6627,0
net7009,0
net6642,0
net7024,0
net7008,0
net7023,0
net7020,0
net6696,0
net6757,0
net6758,0
net6747,0
net6752,0
net6742,0
net6746,0
net6710,0
net6711,0
net6704,0
net6708,0
net6701,0
net6702,0
net6697,0
net6699,0
net6787,0
net6394,0
net7011,0
net6992,0
net4237,0
net7012,0
net4238,0
net7013,0
net4239,0
net7015,0
net4240,0
net7014,0
net4241,0
net7017,0
net4242,0
net7022,0
net4243,0
net7021,0
net4244,0
net4245,0
net4246,0
net7069,0
net7070,0
net7028,0
net7026,0
net7027,0
net7030,0
net7025,0
net6392,0
net7029,0
net7037,0
net7038,0
net7035,0
net7036,0
net4249,0
net7034,0
net7077,0
net7032,0
net4251,0
net7031,0
net7079,0
net7083,0
net7087,0
net6370,0
net7043,0
net6281,0
net7226,0
net6049,0
net6176,0
net6175,0
net8471,1
net7158,0
net7156,0
net7147,0
net7153,0
net7151,0
net7149,0
net5652,0
net5653,0
net5662,0
net5665,1
net5710,0
net12017,1
net1089,0
net1090,0
net1091,0
net1092,0
net1093,0
net1094,0
net1095,0
net1096,0
net11425,0
net1098,0
net1099,0
net1100,0
net1101,0
net1102,0
net1103,0
net1104,0
net1105,0
net1106,0
net1107,0
net1108,0
net1109,0
net1110,0
net1111,0
net1112,0
net1113,0
net1114,0
net1115,0
net1116,0
net1117,0
net1118,0
net1119,0
net1120,0
net1121,0
net1122,0
net1123,0
net1124,0
net1125,0
net1126,0
net1127,0
net1128,0
net1129,0
net1130,0
net1131,0
net1132,0
net1133,0
net1134,0
net1135,0
net1136,0
net1137,0
net1138,0
net1139,0
net1140,0
net1141,0
net1142,0
net1143,0
net1144,0
net1145,0
net1146,0
net1147,0
net1148,0
net1149,0
net1150,0
net1151,0
net1152,0
net1153,0
net1154,0
net1155,0
net1156,0
net1157,0
net1158,0
net1159,0
net1160,0
net1161,0
net1162,0
net1163,0
net1164,0
net1165,0
net1166,0
net1167,0
net1168,0
net1169,0
net1170,0
net1171,0
net1172,0
net1173,0
net1174,0
net1175,0
net1176,0
net1177,0
net1178,0
net1179,0
net1180,0
net1181,0
net1182,0
net1183,0
net1184,0
net1185,0
net1186,0
net1187,0
net1188,0
net1189,0
net1190,0
net1191,0
net1192,0
net1193,0
net1194,0
net1195,0
net1196,0
net1197,0
net1198,0
net1199,0
net1200,0
net1201,0
net1202,0
net1203,0
net1204,0
net1205,0
net1206,0
net1207,0
net1208,0
net1209,0
net1210,0
net1211,0
net1212,0
net1213,0
net1214,0
net1215,0
net1216,0
net1217,0
net1218,0
net1219,0
net1220,0
net1221,0
net1222,0
net1223,0
net1224,0
net1225,0
net1226,0
net1227,0
net1228,0
net1229,0
net1230,0
net1231,0
net1232,0
net1233,0
net1234,0
net1235,0
net1236,0
net1237,0
net1238,0
net1239,0
net1240,0
net1241,0
net1242,0
net1243,0
net1244,0
net1245,0
net1246,0
net1247,0
net1248,0
net1249,0
net1250,0
net1251,0
net1252,0
net1253,0
net1254,0
net1255,0
net1256,0
net1257,0
net1258,0
net1259,0
net1260,0
net1261,0
net1262,0
net1263,0
net1264,0
net1265,0
net1266,0
net1267,0
net1268,0
net1269,0
net1270,0
net1271,0
net1272,0
net1273,0
net1274,0
net1275,0
net1276,0
net1277,0
net1278,0
net1279,0
net1280,0
net1281,0
net1282,0
net1283,0
net1284,0
net1285,0
net1286,0
net1287,0
net1288,0
net1289,0
net1290,0
net1291,0
net1292,0
net1293,0
net1294,0
net1295,0
net1296,0
net1297,0
net1298,0
net1299,0
net1300,0
net1301,0
net1302,0
net1303,0
net1304,0
net1305,0
net1306,0
net1307,0
net1308,0
net1309,0
net1310,0
net1311,0
net1312,0
net1313,0
net1314,0
net1315,0
net1316,0
net1317,0
net1318,0
net1319,0
net1320,0
net1321,0
net1322,0
net1323,0
net1324,0
net1325,0
net1326,0
net1327,0
net1328,0
net1329,0
net1330,0
net1331,0
net1332,0
net1333,0
net1334,0
net1335,0
net1336,0
net1337,0
net1338,0
net1339,0
net1340,0
net1341,0
net1342,0
net1343,0
net1344,0
net1345,0
net1346,0
net1347,0
net1348,0
net1349,0
net1350,0
net1351,0
net1352,0
net1353,0
net1354,0
net1355,0
net1356,0
net1357,0
net11421,0
net1359,0
net1360,0
net1361,0
net1362,0
net1363,0
net1364,0
net1365,0
net1366,0
net1367,0
net1368,0
net1369,0
net1370,0
net1371,0
net1372,0
net1373,0
net1374,0
net1375,0
net1376,0
net1377,0
net1378,0
net1379,0
net1380,0
net1381,0
net1382,0
net1383,0
net1384,0
net1385,0
net1386,0
net1387,0
net1388,0
net1389,0
net1390,0
net1391,0
net1392,0
net1393,0
net1394,0
net1395,0
net10148,0
net1397,0
net1398,0
net1399,0
net1400,0
net1401,0
net1402,0
net1403,0
net1404,0
net1405,0
net1406,0
net1407,0
net1408,0
net1409,0
net1410,0
net1411,0
net1412,0
net1413,0
net1414,0
net1415,0
net1416,0
net1417,0
net1418,0
net1419,0
net1420,0
net1421,0
net1422,0
net1423,0
net1424,0
net1425,0
net1426,0
net1427,0
net1428,0
net1429,0
net1430,0
net1431,0
net1432,0
net1433,0
net1434,0
net1435,0
net1436,0
net1437,0
net1438,0
net1439,0
net1440,0
net1441,0
net1442,0
net1443,0
net1444,0
net1445,0
net1446,0
net1447,0
net1448,0
net1449,0
net1450,0
net1451,0
net1452,0
net1453,0
net1454,0
net1455,0
net1456,0
net1457,0
net1458,0
net1459,0
net1460,0
net1461,0
net1462,0
net1463,0
net1464,0
net1465,0
net1466,0
net1467,0
net1468,0
net1469,0
net1470,0
net1471,0
net1472,0
net1473,0
net1474,0
net1475,0
net1476,0
net1477,0
net1478,0
net1479,0
net1480,0
net1481,0
net1482,0
net1483,0
net1484,0
net1485,0
net1486,0
net1487,0
net1488,0
net1489,0
net1490,0
net1491,0
net1492,0
net1493,0
net1494,0
net1495,0
net1496,0
net1497,0
net1498,0
net1499,0
net1500,0
net1501,0
net1502,0
net1503,0
net1504,0
net1505,0
net1506,0
net1507,0
net1508,0
net1509,0
net1510,0
net1511,0
net1512,0
net1513,0
net1514,0
net1515,0
net1516,0
net1517,0
net1518,0
net1519,0
net1520,0
net1521,0
net1522,0
net1523,0
net1524,0
net1525,0
net1526,0
net1527,0
net1528,0
net1529,0
net1530,0
net1531,0
net1532,0
net1533,0
net1534,0
net1535,0
net1536,0
net1537,0
net1538,0
net1539,0
net1540,0
net1541,0
net1542,0
net1543,0
net1544,0
net1545,0
net1546,0
net1547,0
net1548,0
net1549,0
net1550,0
net1551,0
net1552,0
net1553,0
net1554,0
net1555,0
net1556,0
net1557,0
net1558,0
net1559,0
net1560,0
net1561,0
net1562,0
net1563,0
net1564,0
net1565,0
net1566,0
net1567,0
net1568,0
net1569,0
net1570,0
net1571,0
net1572,0
net1573,0
net1574,0
net1575,0
net1576,0
net1577,0
net1578,0
net1579,0
net1580,0
net1581,0
net1582,0
net1583,0
net1584,0
net1585,0
net1586,0
net1587,0
net1588,0
net1589,0
net1590,0
net1591,0
net1592,0
net1593,0
net1594,0
net1595,0
net1596,0
net1597,0
net1598,0
net1599,0
net1600,0
net1601,0
net1602,0
net1603,0
net1604,0
net1605,0
net1606,0
net1607,0
net1608,0
net1609,0
net1610,0
net1611,0
net1612,0
net1613,0
net1614,0
net1615,0
net1616,0
net1617,0
net1618,0
net1619,0
net1620,0
net1621,0
net1622,0
net1623,0
net1624,0
net1625,0
net1626,0
net1627,0
net1628,0
net1629,0
net1630,0
net1631,0
net1632,0
net1633,0
net1634,0
net1635,0
net1636,0
net1637,0
net1638,0
net1639,0
net1640,0
net1641,0
net1642,0
net1643,0
net1644,0
net1645,0
net1646,0
net1647,0
net1648,0
net1649,0
net1650,0
net1651,0
net1652,0
net1653,0
net1654,0
net1655,0
net1656,0
net1657,0
net1658,0
net1659,0
net1660,0
net1661,0
net1662,0
net1663,0
net1664,0
net1665,0
net1666,0
net1667,0
net1668,0
net1669,0
net1670,0
net1671,0
net1672,0
net1673,0
net1674,0
net1675,0
net1676,0
net1677,0
net1678,0
net1679,0
net1680,0
net1681,0
net1682,0
net1683,0
net1684,0
net1685,0
net1686,0
net1687,0
net1688,0
net1689,0
net1690,0
net1691,0
net1692,0
net1693,0
net1694,0
net1695,0
net1696,0
net1697,0
net1698,0
net1699,0
net1700,0
net1701,0
net1702,0
net1703,0
net1704,0
net1705,0
net1706,0
net1707,0
net1708,0
net1709,0
net1710,0
net1711,0
net1712,0
net1713,0
net1714,0
net1715,0
net1716,0
net1717,0
net1718,0
net1719,0
net1720,0
net1721,0
net1722,0
net1723,0
net1724,0
net1725,0
net1726,0
net1727,0
net1728,0
net1729,0
net1730,0
net1731,0
net1732,0
net1733,0
net1734,0
net1735,0
net1736,0
net1737,0
net1738,0
net1739,0
net1740,0
net1741,0
net1742,0
net1743,0
net1744,0
net1745,0
net1746,0
net1747,0
net1748,0
net1749,0
net1750,0
net1751,0
net1752,0
net1753,0
net1754,0
net1755,0
net1756,0
net1757,0
net1758,0
net1759,0
net1760,0
net1761,0
net1762,0
net1763,0
net1764,0
net1765,0
net1766,0
net1767,0
net1768,0
net1769,0
net1770,0
net1771,0
net1772,0
net1773,0
net1774,0
net1775,0
net1776,0
net1777,0
net1778,0
net1779,0
net1780,0
net1781,0
net1782,0
net1783,0
net1784,0
net1785,0
net1786,0
net1787,0
net1788,0
net1789,0
net1790,0
net1791,0
net1792,0
net1793,0
net1794,0
net1795,0
net1796,0
net1797,0
net1798,0
net1799,0
net8472,1
net1801,0
net1802,0
net1803,0
net1804,0
net1805,0
net1806,0
net1807,0
net1808,0
net1809,0
net1810,0
net1811,0
net1812,0
net1813,0
net1814,0
net1815,0
net1816,0
net1817,0
net1818,0
net1819,0
net1820,0
net1821,0
net1822,0
net1823,0
net1824,0
net1825,0
net1826,0
net1827,0
net1828,0
net1829,0
net1830,0
net1831,0
net1832,0
net1833,0
net1834,0
net1835,0
net1836,0
net1837,0
net1838,0
net1839,0
net1840,0
net1841,0
net1842,0
net1843,0
net1844,0
net1845,0
net1846,0
net1847,0
net1848,0
net1849,0
net1850,0
net1851,0
net1852,0
net1853,0
net1854,0
net1855,0
net1856,0
net1857,0
net1858,0
net1859,0
net1860,0
net1861,0
net1862,0
net1863,0
net1864,0
net1865,0
net1866,0
net1867,0
net1868,0
net1869,0
net1870,0
net1871,0
net1872,0
net1873,0
net1874,0
net1875,0
net1876,0
net1877,0
net1878,0
net1879,0
net1880,0
net1881,0
net1882,0
net1883,0
net1884,0
net1885,0
net1886,0
net1887,0
net1888,0
net1889,0
net1890,0
net1891,0
net1892,0
net1893,0
net1894,0
net1895,0
net1896,0
net1897,0
net1898,0
net1899,0
net1900,0
net1901,0
net1902,0
net1903,0
net1904,0
net1905,0
net1906,0
net1907,0
net1908,0
net1909,0
net1910,0
net1911,0
net1912,0
net1913,0
net1914,0
net1915,0
net1916,0
net1917,0
net1918,0
net1919,0
net1920,0
net1921,0
net1922,0
net1923,0
net1924,0
net1925,0
net1926,0
net1927,0
net1928,0
net1929,0
net1930,0
net1931,0
net1932,0
net1933,0
net1934,0
net1935,0
net1936,0
net1937,0
net1938,0
net1939,0
net1940,0
net1941,0
net1942,0
net1943,0
net1944,0
net1945,0
net1946,0
net1947,0
net1948,0
net1949,0
net1950,0
net1951,0
net1952,0
net1953,0
net1954,0
net1955,0
net1956,0
net1957,0
net1958,0
net1959,0
net7118,0
net7120,0
net7117,0
net12069,1
net7116,0
net12843,0
net12844,0
net7125,0
net7126,1
net7127,1
net7128,1
net7129,1
net7130,1
net7131,1
net7132,1
net7133,1
net7134,0
net7135,0
net7115,0
net7114,0
net7113,0
net7136,0
net7112,0
net7137,0
net7111,0
net7110,0
net7138,0
net7139,0
net7140,0
net7141,0
net7142,0
net7143,0
net7144,0
net7145,0
net7146,1
net7148,0
net7150,0
net7152,0
net7154,0
net7155,0
net7157,0
net4577,0
net4576,0
net4575,0
net6580,0
net6579,0
net6591,0
net6611,0
net6623,0
net6628,0
net6973,0
net6972,0
net6965,0
net6599,0
net6559,0
net6607,0
net6610,0
net6608,0
net6535,0
net4578,0
net4592,0
net4591,0
net4590,0
net4589,0
net4588,0
net8309,1
net6604,0
net6602,0
net4597,0
net4596,0
net6560,0
net4594,0
net4614,0
net4613,0
net4612,0
net4611,0
net4610,0
net4609,0
net6688,0
net6680,0
net6670,0
net6656,0
net6583,0
net6581,0
net4616,0
net4615,0
net4601,0
net4600,0
net4599,0
net6967,0
net6966,0
net6964,0
net6960,1
net6958,0
net6959,1
net6961,0
net4608,0
net4607,0
net4606,0
net4605,0
net4604,0
net4603,0
net4602,0
net6815,0
net6692,0
net6690,0
net6803,0
net6839,0
net6875,0
net6874,0
net6954,0
net6950,0
net6949,1
net6951,0
net6947,0
net6946,0
net6945,0
net6948,0
net6953,0
net4790,0
net4789,0
net4788,0
net4787,0
net4786,0
net6962,1
net6936,0
net6937,0
net4794,0
net4793,0
net4792,0
net4791,0
net4817,0
net4816,0
net4815,0
net4814,0
net4813,0
net4812,0
net4809,0
net4798,0
net4797,0
net4796,0
net6931,0
net6932,0
net6923,0
net6922,0
net4802,0
net4801,0
net4800,0
net4799,0
net4808,0
net4807,0
net4806,0
net4805,0
net4804,0
net4803,0
net4811,0
net4810,0
net4823,0
net4822,0
net4821,0
net4820,0
net4819,0
net6643,0
net6654,0
net6650,0
net6668,0
net6990,0
net6988,0
net6987,0
net6985,0
net6983,0
net6980,0
net6979,0
net6986,0
net6978,0
net6975,0
net6974,0
net6982,0
net6981,0
net4561,0
net4560,0
net6994,0
net6993,0
net6722,0
net6714,0
net7019,0
net7018,0
net7016,0
net6171,0
net6098,0
net6096,0
net6167,0
net6079,0
net6062,0
net6083,0
net6186,0
net6189,0
net6137,0
net6131,0
net6113,0
net6111,0
net6166,0
net6129,0
net6128,0
net6130,0
net6170,0
net7225,0
net6273,0
net6263,0
net6256,0
net7233,0
net7232,0
net7231,0
net6250,0
net7235,0
net7223,0
net6271,0
net6268,0
net6267,0
net7229,0
net7228,0
net7224,0
net5774,0
net5770,0
net5768,0
net7106,0
net7101,0
net7161,0
net7162,0
net7163,0
net7100,0
net7099,0
net7097,0
net7107,0
net7105,0
net7104,0
net7103,0
net7102,0
net7108,0
net5766,0
net5765,0
net5735,0
net5733,0
net7216,0
net6253,0
net6199,0
net6200,0
net7259,0
net7266,0
net7265,0
net7269,0
net7165,0
net7096,0
net7164,0
net7098,0
net7268,0
net6184,0
net6183,0
net6198,0
net6196,0
net6195,0
net7260,0
net6317,0
net4376,0
net6246,0
net6217,0
net6225,0
net6251,0
net6299,0
net6031,1
net6028,0
net5986,0
net5958,0
net5945,0
net5931,0
net5961,0
net5786,0
net5781,0
net5788,0
net5779,0
net5778,0
net5776,0
net8340,1
net5871,0
net4321,0
net5815,0
net5814,0
net5813,0
net5811,0
net5810,0
net5868,0
net5859,0
net5848,0
net5921,0
net5942,0
net5940,0
net5954,0
net5987,0
net6545,0
net6551,0
net6621,0
net6618,0
net6553,0
net6552,0
net6632,0
net7005,0
net6401,0
net6396,0
net6694,0
net6691,0
net6684,0
net6666,0
net6649,0
net7033,0
net7007,0
net6427,0
net6426,0
net6425,0
net6418,0
net6997,0
net6431,0
net6430,0
net6429,0
net6428,0
net6490,0
net6451,0
net6440,0
net6413,0
net6416,0
net6995,0
net6527,0
net6521,0
net6488,0
net6437,0
net6434,0
net6433,0
net6432,0
net6406,0
net6439,0
net6438,0
net6998,0
net6436,0
net6519,0
net6517,0
net6509,0
net6544,0
net6402,0
net6549,0
net6548,0
net6547,0
net6510,0
net6398,0
net6640,0
net6638,0
net6636,0
net6634,0
net6397,0
net6625,0
net6400,0
net6399,0
net6404,0
net6448,0
net6461,0
net6460,0
net6493,0
net6486,0
net7000,0
net6446,0
net6445,0
net6442,0
net6447,0
net6463,0
net6403,0
net6501,0
net6543,0
net6542,0
net7001,0
net6480,0
net6472,0
net6469,0
net6465,0
net4737,0
net4727,0
net7080,0
net7088,0
net7082,0
net7078,0
net7090,0
net7089,0
net4726,0
net7091,0
net7076,0
net7094,0
net7075,0
net7166,0
net7167,0
net7074,0
net7168,0
net7073,0
net7169,0
net7095,0
net4725,0
net4724,0
net7121,0
net7081,0
net4736,0
net4735,0
net4734,0
net4732,0
net4731,0
net4730,0
net4729,0
net4728,0
net4733,0
net7042,0
net7041,0
net7039,0
net7046,0
net7196,0
net7047,0
net6414,0
net6411,0
net6484,0
net6483,0
net6391,0
net6390,0
net7045,0
net7044,0
net7040,0
net6367,0
net6334,0
net6335,0
net6328,0
net6296,0
net7093,0
net7092,0
net7086,0
net7085,0
net7084,0
net6325,0
net6323,0
net7208,0
net6322,0
net6314,0
net6313,0
net7219,0
net6324,0
net7207,0
net6326,0
net6368,0
net6366,0
net6364,0
net5731,0
net5683,0
net5675,0
net7159,0
net7109,0
net7160,0
net5700,0
net5689,0
net5690,0
net5678,0
net5677,0
net5728,0
net4769,0
net4768,0
net4767,0
net4766,0
net4762,0
net4761,0
net4760,0
net4759,0
net4758,0
net4757,0
net4765,0
net4764,0
net4763,0
net4777,0
net4756,0
net4755,0
net4754,0
net4753,0
net4752,0
net4751,0
net4750,0
net4749,0
net4776,0
net4775,0
net4774,0
net4773,0
net4772,0
net4771,0
net4770,0
net4783,0
net4748,0
net4747,0
net4746,0
net4745,0
net11422,0
net4741,0
net4740,0
net4739,0
net4738,0
net4744,0
net4743,0
net4782,0
net4781,0
net4780,0
net4779,0
net7170,0
net7071,0
net7177,0
net7066,0
net7178,0
net7064,0
net7180,0
net7063,0
net7181,0
net7062,0
net7065,0
net7179,0
net7174,0
net7173,0
net7175,0
net7068,0
net7176,0
net7067,0
net7172,0
net7171,0
net7061,0
net7060,0
net7057,0
net7187,0
net7056,0
net7188,0
net7055,0
net7189,0
net7054,0
net7051,0
net7193,0
net7050,0
net7194,0
net6956,0
net6929,0
net6928,0
net6926,0
net6938,0
net7049,0
net7195,0
net7048,0
net7190,0
net7053,0
net7191,0
net7052,0
net7192,0
net7184,0
net7059,0
net7185,0
net7058,0
net7186,0
net7183,0
net6914,0
net6912,0
net6916,0
net6935,0
net6934,0
net6944,0
net6943,0
net6941,0
net6940,0
net6939,0
net6819,0
net6924,0
net6921,0
net6844,0
net6933,0
net6814,0
net6889,0
net6888,0
net6887,0
net6883,0
net6870,0
net6837,0
net6835,0
net6984,0
net6895,0
net6894,0
net6893,0
net6886,0
net6885,0
net6863,0
net6858,0
net6906,0
net6905,0
net6904,0
net6903,0
net6902,0
net6901,0
net6900,0
net6911,0
net6910,0
net6909,0
net6908,0
net6907,0
net6899,0
net6898,0
net6851,0
net6852,0
net6850,0
net6849,0
net4827,0
net4826,0
net4825,0
net6920,0
net6917,0
net6918,0
net4864,0
net4863,0
net4862,0
net4861,0
net6801,1
net6809,0
net4868,0
net4867,0
net4866,0
net4865,0
net4877,0
net4876,0
net4875,0
net4874,0
net6796,0
net6797,0
net4892,0
net4891,0
net4890,0
net4889,0
net4887,0
net4886,0
net4885,0
net4884,0
net4883,0
net4882,0
net4881,0
net4888,0
net4909,0
net4908,0
net4907,0
net4906,0
net4904,0
net4903,0
net4902,0
net4901,0
net6769,0
net6771,0
net6766,0
net4905,0
net4880,0
net4879,0
net6788,0
net6786,0
net6781,0
net6780,0
net6777,0
net6776,0
net6971,0
net6795,0
net6794,0
net6793,0
net6790,0
net4985,0
net4984,0
net4979,0
net6744,0
net6743,0
net6745,0
net6738,0
net6736,0
net4983,0
net4982,0
net4981,0
net4980,0
net4993,0
net4992,0
net4987,0
net4991,0
net4990,0
net4989,0
net4999,0
net4998,0
net4997,0
net4996,0
net4995,0
net4994,0
net5014,0
net5013,0
net5012,0
net5011,0
net5010,0
net5009,0
net5008,0
net5017,0
net5016,0
net5015,0
net5004,0
net11427,0
net5002,0
net5001,0
net6735,0
net6737,0
net6733,0
net5006,0
net5005,0
net5041,0
net5040,0
net5039,0
net5038,0
net5037,0
net5036,0
net5046,0
net5045,0
net5044,0
net5043,0
net5042,0
net5057,0
net5052,0
net5051,0
net5050,0
net5049,0
net5048,0
net6723,0
net6724,0
net5056,0
net5055,0
net5054,0
net6739,0
net6740,0
net6726,0
net6725,0
net6729,0
net6730,0
net6732,0
net6727,0
net6734,0
net5023,0
net5022,0
net5021,0
net5034,0
net5033,0
net5032,0
net5030,0
net5029,0
net11423,0
net5027,0
net5026,0
net5031,0
net5065,0
net5064,0
net5063,0
net6720,0
net5062,0
net5061,0
net5060,0
net5069,0
net5068,0
net5067,0
net5066,0
net6676,0
net6675,0
net6657,0
net6667,0
net6665,0
net6664,0
net6662,0
net6661,0
net6660,0
net6659,0
net6677,0
net6673,0
net5085,0
net5092,0
net5091,0
net5090,0
net5089,0
net5088,0
net5087,0
net5095,0
net5094,0
net5093,0
net6689,0
net6686,0
net6685,0
net6683,0
net6682,0
net6681,0
net6532,0
net6536,0
net6687,0
net5083,0
net5082,0
net5079,0
net5078,0
net5077,0
net5076,0
net5075,0
net6528,0
net6529,0
net5081,0
net5080,0
net6653,0
net6647,0
net6646,0
net6645,0
net6641,0
net6639,0
net6533,0
net6652,0
net6651,0
net6663,0
net6709,0
net6707,0
net6706,0
net6705,0
net6700,0
net6693,0
net6716,0
net6717,0
net6712,0
net6713,0
net6266,0
net6265,0
net6264,0
net6257,0
net6260,0
net6262,0
net7230,0
net6245,0
net6244,0
net6261,0
net6258,0
net6259,0
net6312,0
net6311,0
net6310,0
net6309,1
net6303,1
net6302,0
net6301,0
net6329,0
net6333,0
net6327,0
net6320,0
net6319,0
net6316,0
net6240,1
net6241,0
net7236,0
net7237,0
net8339,1
net6234,0
net6304,0
net6248,0
net6351,0
net6345,0
net5971,0
net5970,0
net5969,0
net5968,0
net5965,0
net6358,0
net6355,0
net6376,1
net6375,0
net6374,0
net6373,0
net6371,0
net6379,0
net6388,0
net6389,0
net7197,0
net7198,0
net6342,0
net6341,0
net7199,0
net6344,0
net6349,0
net6343,0
net6350,0
net6352,0
net6354,0
net6372,0
net6377,0
net6347,0
net6348,0
net6338,0
net6337,0
net7201,0
net6194,0
net5989,0
net6193,0
net7262,0
net7263,0
net6206,0
net6204,0
net6205,0
net6202,0
net6226,1
net5980,0
net5979,0
net5978,0
net5976,0
net5975,0
net5974,0
net5991,0
net5984,0
net5983,0
net5982,0
net5981,0
net6339,0
net5977,0
net6022,0
net6018,0
net6017,0
net5967,0
net5966,0
net6010,0
net5988,0
net6015,0
net5973,0
net6386,0
net6384,0
net6383,0
net6385,0
net6381,0
net6380,0
net5899,0
net5898,0
net5895,0
net5900,0
net5890,0
net5887,0
net5947,0
net5894,0
net6387,0
net5230,0
net5229,0
net5228,0
net5226,0
net5225,0
net5224,0
net5223,0
net5222,0
net5221,0
net5227,0
net5219,0
net5217,0
net5211,0
net5210,0
net5209,0
net5886,0
net5885,0
net5216,0
net5215,0
net5214,0
net5213,0
net5212,0
net5218,0
net5303,0
net5297,0
net5296,0
net5295,0
net5291,0
net5290,0
net5289,0
net5288,0
net5287,0
net5286,0
net5803,0
net5294,0
net5293,0
net5292,0
net5302,0
net5301,0
net5300,0
net5299,0
net5298,0
net5280,0
net5279,0
net5278,0
net5889,0
net5817,0
net5812,0
net5809,0
net5277,0
net5816,0
net5283,0
net5282,0
net5281,0
net5274,0
net5272,0
net5271,0
net5270,0
net5269,0
net5268,0
net5819,0
net5818,0
net5273,0
net5265,0
net5263,0
net5262,0
net5261,0
net5260,0
net5259,0
net5821,0
net5820,0
net5264,0
net5252,0
net5251,0
net5250,0
net5249,0
net5823,0
net5256,0
net5255,0
net5254,0
net5253,0
net5238,0
net5237,0
net5235,0
net5234,0
net5878,0
net5828,0
net5827,0
net5236,0
net5246,0
net5245,0
net5244,0
net5243,0
net5242,0
net5241,0
net5240,0
net5863,0
net5862,0
net5861,0
net5831,0
net5830,0
net5829,0
net5865,0
net5864,0
net5882,0
net5881,0
net5880,0
net5876,0
net5875,0
net5874,0
net5232,0
net5879,0
net5849,0
net5844,0
net5869,0
net5870,0
net5877,0
net5837,0
net5832,0
net5856,0
net5854,0
net5853,0
net5852,0
net5851,0
net5850,0
net5858,0
net5857,0
net8338,1
net5785,0
net5771,0
net5767,1
net5763,0
net5791,0
net5777,0
net5782,0
net,0
net5775,0
net5773,0
net5798,0
net5795,0
net5793,0
net5790,0
net5789,0
net5305,0
net5802,0
net5801,0
net5799,0
net5797,0
net5796,0
net5758,0
net5743,0
net5742,0
net5741,1
net5739,0
net5732,0
net5749,0
net5748,0
net5759,0
net5746,0
net5745,0
net12016,1
net5762,1
net5333,0
net5314,0
net5313,0
net5312,0
net5738,0
net5736,0
net5729,0
net5726,0
net5311,0
net5310,0
net5322,0
net5321,0
net5320,0
net5319,0
net5318,0
net5317,0
net5316,0
net5315,0
net5332,0
net5331,0
net5328,0
net5327,0
net5326,0
net5325,0
net5324,0
net5323,0
net5330,0
net5329,0
net5383,0
net5382,0
net5380,0
net5376,0
net5375,0
net5374,0
net5373,0
net5372,0
net5369,0
net5349,0
net5348,0
net5347,0
net5346,0
net5345,0
net5341,0
net5340,0
net5339,0
net5338,0
net5337,0
net5336,0
net5335,0
net5344,0
net5343,0
net5342,0
net5368,0
net5367,0
net5366,0
net5365,0
net5364,0
net5371,0
net5370,0
net5379,0
net5378,0
net5377,0
net5381,0
net5362,0
net5361,0
net5356,0
net5355,0
net5354,0
net5353,0
net5352,0
net5351,0
net5350,0
net5360,0
net5359,0
net5358,0
net5357,0
net5399,0
net5398,0
net5397,0
net5395,0
net5388,0
net5387,0
net5386,0
net5385,0
net5384,0
net5394,0
net5393,0
net5392,0
net5391,0
net5390,0
net5389,0
net5396,0
net5404,0
net5403,0
net5402,0
net5401,0
net5400,0
net5410,0
net5409,0
net5408,0
net5407,0
net5406,0
net5405,0
net5698,1
net5695,0
net5694,0
net5688,0
net5687,0
net5686,0
net5685,1
net5697,0
net5649,0
net5650,0
net5655,0
net5656,0
net5657,0
net5658,0
net5659,0
net5660,0
net5661,0
net5664,0
net5663,1
net5666,1
net8366,1
net11089,0
net5674,0
net5682,0
net5676,0
net5681,0
net5679,0
net5680,0
net5709,0
net5708,0
net5707,0
net5704,0
net5703,0
net5684,0
net5699,0
net5705,0
net5706,0
net5711,0
net5712,0
net5713,0
net5714,0
net5718,0
net5717,0
net5715,0
net5722,1
net5744,0
net5740,0
net5725,1
net5724,1
net5414,0
net5415,0
net5416,0
net5417,0
net5418,0
net5419,0
net5420,0
net5421,0
net5422,0
net5423,0
net5424,0
net5425,0
net5426,0
net5427,0
net5428,0
net5429,0
net5430,0
net5431,0
net5432,0
net5433,0
net5434,0
net5435,0
net5436,0
net5437,0
net5438,0
net5439,0
net5440,0
net5441,0
net5442,0
net5443,0
net5444,0
net5445,0
net5446,0
net5447,0
net5448,0
net5449,0
net5450,0
net5451,0
net5452,0
net5453,0
net5454,0
net5455,0
net5456,0
net5457,0
net5458,0
net5459,0
net5460,0
net5461,0
net5462,0
net5463,0
net5464,0
net5465,0
net5466,0
net5467,0
net5468,0
net5469,0
net5470,0
net5471,0
net5472,0
net5473,0
net5474,0
net5475,0
net5476,0
net5477,0
net5478,0
net5479,0
net5480,0
net5481,0
net5482,0
net5483,0
net5484,0
net5485,0
net5486,0
net5487,0
net5488,0
net5489,0
net5490,0
net5491,0
net5492,0
net5493,0
net5494,0
net5495,0
net5496,0
net5497,0
net5498,0
net5499,0
net5500,0
net5501,0
net5502,0
net5503,0
net5504,0
net5505,0
net5506,0
net5507,0
net5508,0
net5509,0
net5510,0
net5511,0
net5512,0
net5513,0
net5514,0
net5515,0
net5516,0
net5517,0
net5518,0
net5519,0
net5520,0
net5521,0
net5522,0
net5523,0
net5524,0
net5525,0
net5526,0
net5527,0
net5528,0
net5529,0
net5530,0
net5531,0
net5532,0
net5533,0
net5534,0
net5535,0
net5536,0
net5537,0
net5538,0
net5539,0
net5540,0
net5541,0
net5542,0
net5543,0
net5544,0
net5545,0
net5546,0
net5547,0
net5548,0
net5549,0
net5550,0
net5551,0
net5552,0
net5553,0
net5554,0
net5555,0
net5556,0
net5557,0
net5558,0
net5559,0
net5560,0
net5561,0
net5562,0
net5563,0
net5564,0
net5565,0
net5566,0
net5567,0
net5568,0
net5569,0
net5570,0
net5571,0
net5572,0
net5573,0
net5574,0
net5575,0
net5576,0
net5577,0
net5578,0
net5579,0
net5580,0
net5581,0
net5582,0
net5583,0
net5584,0
net5585,0
net5586,0
net5587,0
net5588,0
net5589,0
net5590,0
net5591,0
net5592,0
net5593,0
net5594,0
net5595,0
net5596,0
net5597,0
net5598,0
net5599,0
net5600,0
net5601,0
net5602,0
net5603,0
net5604,0
net5605,0
net5606,0
net5607,0
net5608,0
net5609,0
net5610,0
net5611,0
net5612,0
net5613,0
net5614,0
net5615,0
net5616,0
net5617,0
net5618,0
net5619,0
net5620,0
net5621,0
net5622,0
net5623,0
net5624,0
net5625,0
net5626,0
net5627,0
net5628,0
net5629,0
net5630,0
net5631,0
net5632,0
net5633,0
net5634,0
net5635,0
net5636,0
net5637,0
net5638,0
net5639,0
net5640,0
net5641,0
net5642,0
net5643,0
net5644,0
net6952,1
net6942,0
net6955,0
net6871,0
net5667,0
net5668,0
net5720,0
net5721,1
net5760,0
net5761,0
net5792,0
net5804,0
net5805,0
net5806,0
net5807,0
net5901,0
net5914,0
net5963,0
net5964,0
net6036,0
net6038,0
net6048,0
net6050,0
net6051,0
net6052,0
net6056,0
net6067,0
net6075,0
net6082,0
net7272,0
net7273,0
net7274,0
net7275,0
net7276,0
net7277,0
net7278,0
net7279,0
net7280,0
net7281,0
net7282,0
net7283,0
net7284,0
net7285,0
net7286,0
net7287,0
net7288,0
net7289,0
net7290,0
net8307,0
net7292,0
net7293,0
net7294,1
net7295,1
net7296,0
net7297,0
net7298,0
net7299,0
net7300,0
net7301,0
net7302,0
net7303,0
net7304,0
net7305,0
net7306,0
net7307,0
net7308,0
net7309,0
net7310,0
net7311,0
net7312,0
net7313,0
net7314,0
net10175,0
net7316,0
net7317,0
net7318,0
net7319,0
net7320,0
net7321,0
net7322,0
net7323,0
net7324,0
net7325,0
net7326,0
net7327,0
net7328,0
net7329,0
net7330,0
net7331,0
net7332,0
net7333,0
net7334,0
net7335,0
net7336,0
net7337,0
net7338,0
net7339,0
net7340,0
net7341,0
net7342,0
net7343,0
net7344,0
net7345,0
net7346,0
net7347,0
net7348,0
net7349,0
net7350,0
net7351,0
net7352,0
net7353,0
net7354,0
net7355,0
net7356,0
net7357,0
net7358,0
net7359,0
net7360,0
net7361,0
net7362,0
net7363,0
net7364,0
net7365,0
net7366,0
net7367,0
net7368,0
net7369,0
net7370,0
net11420,0
net7372,0
net7373,0
net7374,0
net7375,0
net7376,0
net7377,0
net7378,0
net7379,0
net7380,0
net7381,0
net7382,0
net7383,0
net7384,0
net7385,0
net7386,0
net7387,0
net7388,0
net7389,0
net7390,0
net7391,0
net7392,0
net7393,0
net7394,0
net7395,0
net7396,0
net7397,0
net7398,0
net7399,0
net7400,0
net7401,0
net7402,0
net7403,0
net7404,0
net7405,0
net7406,0
net7407,0
net7408,0
net7409,0
net7410,0
net7411,0
net7412,0
net7413,0
net7414,0
net7415,0
net7416,0
net7417,0
net7418,0
net7419,0
net7420,0
net7421,0
net7422,0
net7423,0
net7424,0
net7425,0
net7426,0
net7427,0
net7428,0
net7429,0
net7430,0
net7431,0
net7432,0
net7433,0
net7434,0
net7435,0
net7436,0
net7437,0
net7438,0
net7439,0
net7440,0
net7441,0
net7442,0
net7443,0
net7444,0
net7445,0
net7446,0
net7447,0
net7448,0
net7449,0
net7450,0
net7451,0
net7452,0
net7453,0
net7454,0
net7455,0
net7456,0
net7457,0
net7458,0
net7459,0
net7460,0
net7461,0
net7462,0
net7463,0
net7464,0
net7465,0
net7466,0
net7467,0
net7468,0
net7469,0
net7470,0
net7471,0
net7472,0
net7473,0
net7474,0
net7475,0
net7476,0
net7477,0
net7478,0
net7479,0
net7480,0
net7481,0
net7482,0
net7483,0
net7484,0
net7485,0
net7486,0
net7487,0
net7488,0
net7489,0
net7490,0
net7491,0
net7492,0
net7493,0
net7494,0
net7495,0
net7496,0
net7497,0
net7498,0
net7499,0
net7500,0
net7501,0
net7502,0
net7503,0
net7504,0
net7505,0
net7506,0
net7507,0
net7508,0
net7509,0
net7510,0
net7511,0
net7512,0
net7513,0
net7514,0
net7515,0
net7516,0
net7517,0
net7518,0
net7519,0
net7520,0
net7521,0
net7522,0
net7523,0
net7524,0
net7525,0
net7526,0
net7527,0
net7528,0
net7529,0
net7530,0
net7531,0
net7532,0
net7533,0
net7534,0
net7535,0
net7536,0
net7537,0
net7538,0
net7539,0
net7540,0
net7541,0
net7542,0
net7543,0
net7544,0
net7545,0
net7546,0
net7547,0
net7548,0
net7549,0
net7550,0
net7551,0
net7552,0
net7553,0
net7554,0
net7555,0
net7556,0
net7557,0
net7558,0
net7559,0
net7560,0
net7561,0
net7562,0
net7563,0
net7564,0
net7565,0
net7566,0
net7567,0
net7568,0
net7569,0
net7570,0
net7571,0
net7572,0
net7573,0
net7574,0
net7575,0
net7576,0
net7577,0
net7578,0
net7579,0
net7580,0
net7581,0
net7582,0
net7583,0
net7584,0
net7585,0
net7586,0
net7587,0
net7588,0
net7589,0
net7590,0
net7591,0
net7592,0
net7593,0
net7594,0
net7595,0
net7596,0
net7597,0
net7598,0
net7599,0
net7600,0
net7601,0
net7602,0
net7603,0
net7604,0
net7605,0
net7606,0
net7607,0
net7608,0
net7609,0
net7610,0
net7611,0
net7612,0
net7613,0
net7614,0
net7615,0
net7616,0
net7617,0
net7618,0
net7619,0
net7620,0
net7621,0
net7622,0
net7623,0
net7624,0
net7625,0
net7626,0
net7627,0
net7628,0
net7629,0
net7630,0
net7631,0
net7632,0
net7633,0
net7634,0
net7635,0
net7636,0
net7637,0
net7638,0
net7639,0
net7640,0
net7641,0
net7642,0
net7643,0
net7644,0
net7645,0
net7646,0
net7647,0
net7648,0
net7649,0
net7650,0
net7651,0
net7652,0
net7653,0
net7654,0
net11424,0
net7656,0
net7657,0
net7658,0
net7659,0
net7660,0
net7661,0
net7662,0
net7663,0
net7664,0
net7665,0
net7666,0
net7667,0
net7668,0
net7669,0
net7670,0
net7671,0
net7672,0
net7673,0
net7674,0
net7675,0
net7676,0
net7677,0
net7678,0
net7679,0
net7680,0
net7681,0
net7682,0
net7683,0
net7684,0
net7685,0
net7686,0
net7687,0
net7688,0
net7689,0
net7690,0
net7691,0
net11426,0
net7693,0
net7694,0
net7695,0
net7696,0
net7697,0
net7698,0
net7699,0
net7700,0
net7701,0
net7702,0
net7703,0
net7704,0
net7705,0
net7706,0
net7707,0
net7708,0
net7709,0
net7710,0
net7711,0
net7712,0
net7713,0
net7714,0
net7715,0
net7716,0
net7717,0
net7718,0
net7719,0
net7720,0
net7721,0
net7722,0
net7723,0
net7724,0
net7725,0
net7726,0
net7727,0
net7728,0
net7729,0
net7730,0
net7731,0
net7732,0
net7733,0
net7734,0
net7735,0
net7736,0
net7737,0
net7738,0
net7739,0
net7740,0
net7741,0
net7742,0
net7743,0
net7744,0
net7745,0
net7746,0
net7747,0
net7748,0
net7749,0
net7750,0
net7751,0
net7752,0
net7753,0
net7754,0
net7755,0
net7756,0
net7757,0
net7758,0
net7759,0
net7760,0
net7761,0
net7762,0
net7763,0
net7764,0
net7765,0
net7766,0
net7767,0
net7768,0
net7769,0
net7770,0
net7771,0
net7772,0
net7773,0
net7774,0
net7775,0
net7776,0
net7777,0
net7778,0
net7779,0
net7780,0
net7781,0
net7782,0
net7783,0
net7784,0
net7785,0
net7786,0
net7787,0
net7788,0
net7789,0
net7790,0
net7791,0
net7792,0
net7793,0
net7794,0
net7795,0
net7796,0
net7797,0
net7798,0
net7799,0
net7800,0
net7801,0
net7802,0
net7803,0
net7804,0
net7805,0
net7806,0
net7807,0
net7808,0
net7809,0
net7810,0
net7811,0
net7812,0
net7813,0
net7814,0
net7815,0
net7816,0
net7817,0
net7818,0
net7819,0
net7820,0
net7821,0
net7822,0
net7823,0
net7824,0
net7825,0
net7826,0
net7827,0
net7828,0
net7829,0
net7830,0
net7831,0
net7832,0
net7833,0
net7834,0
net7835,0
net7836,0
net7837,0
net7838,0
net7839,0
net7840,0
net7841,0
net7842,0
net7843,0
net7844,0
net7845,0
net7846,0
net7847,0
net7848,0
net7849,0
net7850,0
net7851,0
net7852,0
net7853,0
net7854,0
net7855,0
net7856,0
net7857,0
net7858,0
net7859,0
net7860,0
net7861,0
net7862,0
net7863,0
net7864,0
net7865,0
net7866,0
net7867,0
net7868,0
net7869,0
net7870,0
net7871,0
net7872,0
net7873,0
net7874,0
net7875,0
net7876,0
net7877,0
net7878,0
net7879,0
net7880,0
net7881,0
net7882,0
net7883,0
net7884,0
net7885,0
net7886,0
net7887,0
net7888,0
net7889,0
net7890,0
net7891,0
net7892,0
net7893,0
net7894,0
net7895,0
net7896,0
net7897,0
net7898,0
net7899,0
net7900,0
net7901,0
net7902,0
net7903,0
net7904,0
net7905,0
net7906,0
net7907,0
net7908,0
net7909,0
net7910,0
net7911,0
net7912,0
net7913,0
net7914,0
net7915,0
net7916,0
net7917,0
net7918,0
net7919,0
net7920,0
net7921,0
net7922,0
net7923,0
net7924,0
net7925,0
net7926,0
net7927,0
net7928,0
net7929,0
net7930,0
net7931,0
net7932,0
net7933,0
net7934,0
net7935,0
net7936,0
net7937,0
net7938,0
net7939,0
net7940,0
net7941,0
net7942,0
net7943,0
net7944,0
net7945,0
net7946,0
net7947,0
net7948,0
net7949,0
net7950,0
net7951,0
net7952,0
net7953,0
net7954,0
net7955,0
net7956,0
net7957,0
net7958,0
net7959,0
net7960,0
net7961,0
net7962,0
net7963,0
net7964,0
net7965,0
net7966,0
net7967,0
net7968,0
net7969,0
net7970,0
net7971,0
net7972,0
net7973,0
net7974,0
net7975,0
net7976,0
net7977,0
net7978,0
net7979,0
net7980,0
net7981,0
net7982,0
net7983,0
net7984,0
net7985,0
net7986,0
net7987,0
net7988,0
net7989,0
net7990,0
net7991,0
net7992,0
net7993,0
net7994,0
net7995,0
net7996,0
net7997,0
net7998,0
net7999,0
net8000,0
net8001,0
net8002,0
net8003,0
net8004,0
net8005,0
net8006,0
net8007,0
net8008,0
net8009,0
net8010,0
net8011,0
net8012,0
net8013,0
net8014,0
net8015,0
net8016,0
net8017,0
net8018,0
net8019,0
net8020,0
net8021,0
net8022,0
net8023,0
net8024,0
net8025,0
net8026,0
net8027,0
net8028,0
net8029,0
net8030,0
net8031,0
net8032,0
net8033,0
net8034,0
net8035,0
net8036,0
net8037,0
net8038,0
net8039,0
net8040,0
net8041,0
net8042,0
net8043,0
net8044,0
net8045,0
net8046,0
net8047,0
net8048,0
net8049,0
net8050,0
net8051,0
net8052,0
net8053,0
net8054,0
net8055,0
net8056,0
net8057,0
net8058,0
net8059,0
net8060,0
net8061,0
net8062,0
net8063,0
net8064,0
net8065,0
net8066,0
net8067,0
net8068,0
net8069,0
net8070,0
net8071,0
net8072,0
net8073,0
net8074,0
net8075,0
net8076,0
net8077,0
net8078,0
net8079,0
net8080,0
net8081,0
net8082,0
net8083,0
net8084,0
net8085,0
net8086,0
net8087,0
net8088,0
net8089,0
net8090,0
net8091,0
net8092,0
net8093,0
net8094,0
net8095,0
net8096,0
net8097,0
net8098,0
net8099,0
net8100,0
net8101,0
net8102,0
net8103,0
net8104,0
net8105,0
net8106,0
net8107,0
net8108,0
net8109,0
net8110,0
net8111,0
net8112,0
net8113,0
net8114,0
net8115,0
net8116,0
net8117,0
net8118,0
net8119,0
net8120,0
net8121,0
net8122,0
net8123,0
net8124,0
net8125,0
net8126,0
net8127,0
net8128,0
net8129,0
net8130,0
net8131,0
net8132,0
net8133,0
net8134,0
net8135,0
net8136,0
net8137,0
net8138,0
net8139,0
net8140,0
net8141,0
net8142,0
net8143,0
net8144,0
net8145,0
net8146,0
net8147,0
net8148,0
net8149,0
net8150,0
net8151,0
net8152,0
net8153,0
net8154,0
net8155,0
net8156,0
net8157,0
net8158,0
net8159,0
net8160,0
net8161,0
net8162,0
net8163,0
net8164,0
net8165,0
net8166,0
net8167,0
net8168,0
net8169,0
net8170,0
net8171,0
net8172,0
net8173,0
net8174,0
net8175,0
net8176,0
net8177,0
net8178,0
net8179,0
net8180,0
net8181,0
net8182,0
net8183,0
net8184,0
net8185,0
net8186,0
net8187,0
net8188,0
net8189,0
net8190,0
net8191,0
net8192,0
net8193,0
net8194,0
net8195,0
net8196,0
net8197,0
net8198,0
net8199,0
net8200,0
net8201,0
net8202,0
net8203,0
net8204,0
net8205,0
net8206,0
net8207,0
net8208,0
net8209,0
net8210,0
net8211,0
net8212,0
net8213,0
net8214,0
net8215,0
net8216,0
net8217,0
net8218,0
net8219,0
net8220,0
net8221,0
net8222,0
net8223,0
net8224,0
net8225,0
net8226,0
net8227,0
net8228,0
net8229,0
net8230,0
net8231,0
net8232,0
net8233,0
net8234,0
net8235,0
net8236,0
net8237,0
net8238,0
net8239,0
net8240,0
net8241,0
net8242,0
net8243,0
net8244,0
net8245,0
net8246,0
net8247,0
net8248,0
net8249,0
net8250,0
net8251,0
net8252,0
net8253,0
net8254,0
net8255,0
net8256,0
net8257,0
net8258,0
net8259,0
net8260,0
net8261,0
net8262,0
net8263,0
net8264,0
net8265,0
net8266,0
net8267,0
net8268,0
net8269,0
net8270,0
net8271,0
net8272,0
net8273,0
net8274,0
net8275,0
net8276,0
net8277,0
net8278,0
net8279,0
net8280,0
net8281,0
net8282,0
net8283,0
net8284,0
net8285,0
net8286,0
net8287,0
net8288,0
net8289,0
net8290,0
net8291,0
net8292,0
net8293,0
net8294,0
net8295,0
net8296,0
net8297,0
net8298,0
net8299,0
net8300,0
net8301,0
net8302,0
net8303,0
net8304,0
net8305,0
net8310,0
net8311,0
net8590,1
net8626,1
net8627,1
net8628,1
net9169,1
net9170,1
net9194,0
net9195,1
net9215,1
clknet_0_clk_i,0
clknet_3_0_0_clk_i,0
clknet_3_1_0_clk_i,0
clknet_3_2_0_clk_i,0
clknet_3_3_0_clk_i,0
clknet_3_4_0_clk_i,0
clknet_3_5_0_clk_i,0
clknet_3_6_0_clk_i,0
clknet_3_7_0_clk_i,0
clknet_6_0__leaf_clk_i,0
clknet_6_1__leaf_clk_i,0
clknet_6_2__leaf_clk_i,0
clknet_6_3__leaf_clk_i,0
clknet_6_4__leaf_clk_i,0
clknet_6_5__leaf_clk_i,0
clknet_6_6__leaf_clk_i,0
clknet_6_7__leaf_clk_i,0
clknet_6_8__leaf_clk_i,0
clknet_6_9__leaf_clk_i,0
clknet_6_10__leaf_clk_i,0
clknet_6_11__leaf_clk_i,0
clknet_6_12__leaf_clk_i,0
clknet_6_13__leaf_clk_i,0
clknet_6_14__leaf_clk_i,0
clknet_6_15__leaf_clk_i,0
clknet_6_16__leaf_clk_i,0
clknet_6_17__leaf_clk_i,0
clknet_6_18__leaf_clk_i,0
clknet_6_19__leaf_clk_i,0
clknet_6_20__leaf_clk_i,0
clknet_6_21__leaf_clk_i,0
clknet_6_22__leaf_clk_i,0
clknet_6_23__leaf_clk_i,0
clknet_6_24__leaf_clk_i,0
clknet_6_25__leaf_clk_i,0
clknet_6_26__leaf_clk_i,0
clknet_6_27__leaf_clk_i,0
clknet_6_28__leaf_clk_i,0
clknet_6_29__leaf_clk_i,0
clknet_6_30__leaf_clk_i,0
clknet_6_31__leaf_clk_i,0
clknet_6_32__leaf_clk_i,0
clknet_6_33__leaf_clk_i,0
clknet_6_34__leaf_clk_i,0
clknet_6_35__leaf_clk_i,0
clknet_6_36__leaf_clk_i,0
clknet_6_37__leaf_clk_i,0
clknet_6_38__leaf_clk_i,0
clknet_6_39__leaf_clk_i,0
clknet_6_40__leaf_clk_i,0
clknet_6_41__leaf_clk_i,0
clknet_6_42__leaf_clk_i,0
clknet_6_43__leaf_clk_i,0
clknet_6_44__leaf_clk_i,0
clknet_6_45__leaf_clk_i,0
clknet_6_46__leaf_clk_i,0
clknet_6_47__leaf_clk_i,0
clknet_6_48__leaf_clk_i,0
clknet_6_49__leaf_clk_i,0
clknet_6_50__leaf_clk_i,0
clknet_6_51__leaf_clk_i,0
clknet_6_52__leaf_clk_i,0
clknet_6_53__leaf_clk_i,0
clknet_6_54__leaf_clk_i,0
clknet_6_55__leaf_clk_i,0
clknet_6_56__leaf_clk_i,0
clknet_6_57__leaf_clk_i,0
clknet_6_58__leaf_clk_i,0
clknet_6_59__leaf_clk_i,0
clknet_6_60__leaf_clk_i,0
clknet_6_61__leaf_clk_i,0
clknet_6_62__leaf_clk_i,0
clknet_6_63__leaf_clk_i,0
net12842,0
net9237,1
net9238,1
net9239,1
net9240,0
net9241,0
net9242,0
net9243,0
net9244,0
net9245,0
net9246,0
net9247,0
net9248,0
net9249,0
net9250,0
net9251,0
net9252,0
net9253,0
net9254,0
net11419,0
net9256,0
net9257,0
net11415,0
net9259,0
net11090,0
net9261,0
net10181,0
net9263,0
net10208,0
net9265,0
net10715,0
net9267,0
net10810,1
net9269,0
net11414,0
net9271,0
net10177,0
net9273,0
net10888,0
net9275,0
net10331,1
net9277,0
net10435,1
net9279,0
net11417,0
net9281,0
net10332,1
net9283,0
net10938,0
net9285,0
net11170,1
net9287,0
net10180,0
net9289,0
net10333,1
net9291,0
net11413,0
net9293,0
net11408,1
net9295,0
net11416,0
net9297,0
net11412,0
net9299,0
net10178,0
net9301,0
net10329,1
net9303,0
net11091,0
net9305,0
net11411,0
net9307,0
net11169,1
net9309,0
net11409,1
net9311,0
net10179,0
net9313,0
net11410,0
net9315,0
net10182,0
net9317,0
net10183,0
net9319,0
net11418,0
net9321,0
net9322,0
net9323,0
net9324,0
net9325,0
net9326,0
net9327,0
net9328,0
net9329,0
net9330,0
net9331,0
net9332,0
net9333,0
net9334,0
net9335,0
net9336,0
net9337,0
net9338,0
net9339,0
net9340,0
net9341,0
net9342,0
net9343,0
net9344,0
net9345,0
net9346,0
net9347,0
net9348,0
net9349,0
net9350,0
net9351,0
net9352,0
net9353,0
net9354,0
net9355,0
net9356,0
net9357,0
net9358,0
net9359,0
net9360,0
net9361,0
net9362,0
net9363,0
net9364,0
net9365,0
net9366,0
net9367,0
net9368,0
net9369,0
net9370,0
net9371,0
net9372,0
net9373,0
net9374,0
net9375,0
net9376,0
net9377,0
net9378,0
net9379,0
net9380,0
net9381,0
net9382,0
net9383,0
net9384,0
net9385,0
net9386,0
net9387,0
net9388,0
net9389,0
net9390,0
net9391,0
net9392,0
net9393,0
net9394,0
net9395,0
net9396,0
net9397,0
net9398,0
net9399,0
net9400,0
net9401,0
net9402,0
net9403,0
net9404,0
net9405,0
net9406,0
net9407,0
net9408,0
net9409,0
net9410,0
net9411,0
net9412,0
net9413,0
net9414,0
net9415,0
net9416,0
net9417,0
net9418,0
net9419,0
net9420,0
net9421,0
net9422,0
net9423,0
net9424,0
net9425,0
net9426,0
net9427,0
net9428,0
net9429,0
net9430,0
net9431,0
net9432,0
net9433,0
net9434,0
net9435,0
net9436,0
net9437,0
net9438,0
net9439,0
net9440,0
net9441,0
net9442,0
net9443,0
net9444,0
net9445,0
net9446,0
net9447,0
net9448,0
net9449,0
net9450,0
net9451,0
net9452,0
net9453,0
net9454,0
net9455,0
net9456,0
net9457,0
net9458,0
net9459,0
net9460,0
net9461,0
net9462,0
net9463,0
net9464,0
net9465,0
net9466,0
net9467,0
net9468,0
net9469,0
net9470,0
net9471,0
net9472,0
net9473,0
net9474,0
net9475,0
net9476,0
net9477,0
net9478,0
net9479,0
net9480,0
net9481,0
net9482,0
net9483,0
net9484,0
net9485,0
net9486,0
net9487,0
net9488,0
net9489,0
net9490,0
net9491,0
net9492,0
net9493,0
net9494,0
net9495,0
net9496,0
net9497,0
net9498,0
net9499,0
net9500,0
net9501,0
net9502,0
net9503,0
net9504,0
net9505,0
net9506,0
net9507,0
net9508,0
net9509,0
net9510,0
net9511,0
net9512,0
net9513,0
net9514,0
net9515,0
net9516,0
net9517,0
net9518,0
net9519,0
net9520,0
net9521,0
net9522,0
net9523,0
net9524,0
net9525,0
net9526,0
net9527,0
net9528,0
net9529,0
net9530,0
net9531,0
net9532,0
net9533,0
net9534,0
net9535,0
net9536,0
net9537,0
net9538,0
net9539,0
net9540,0
net9541,0
net9542,0
net9543,0
net9544,0
net9545,0
net9546,0
net9547,0
net9548,0
net9549,0
net9550,0
net9551,0
net9552,0
net9553,0
net9554,0
net9555,0
net9556,0
net9557,0
net9558,0
net9559,0
net9560,0
net9561,0
net9562,0
net9563,0
net9564,0
net9565,0
net9566,0
net9567,0
net9568,0
net9569,0
net9570,0
net9571,0
net9572,0
net9573,0
net9574,0
net9575,0
net9576,0
net9577,0
net9578,0
net9579,0
net9580,0
net9581,0
net9582,0
net9583,0
net9584,0
net9585,0
net9586,0
net9587,0
net9588,0
net9589,0
net9590,0
net9591,0
net9592,0
net9593,0
net9594,0
net9595,0
net9596,0
net9597,0
net9598,0
net9599,0
net9600,0
net9601,0
net9602,0
net9603,0
net9604,0
net9605,0
net9606,0
net9607,0
net9608,0
net9609,0
net9610,0
net9611,0
net9612,0
net9613,0
net9614,0
net9615,0
net9616,0
net9617,0
net9618,0
net9619,0
net9620,0
net9621,0
net9622,0
net9623,0
net9624,0
net9625,0
net9626,0
net9627,0
net9628,0
net9629,0
net9630,0
net9631,0
net9632,0
net9633,0
net9634,0
net9635,0
net9636,0
net9637,0
net9638,0
net9639,0
net9640,0
net9641,0
net9642,0
net9643,0
net9644,0
net9645,0
net9646,0
net9647,0
net9648,0
net9649,0
net9650,0
net9651,0
net9652,0
net9653,0
net9654,0
net9655,0
net9656,0
net9657,0
net9658,0
net9659,0
net9660,0
net9661,0
net9662,0
net9663,0
net9664,0
net9665,0
net9666,0
net9667,0
net9668,0
net9669,0
net9670,0
net9671,0
net9672,0
net9673,0
net9674,0
net9675,0
net9676,0
net9677,0
net9678,0
net9679,0
net9680,0
net9681,0
net9682,0
net9683,0
net9684,0
net9685,0
net9686,0
net9687,0
net9688,0
net9689,0
net9690,0
net9691,0
net9692,0
net9693,0
net9694,0
net9695,0
net9696,0
net9697,0
net9698,0
net9699,0
net9700,0
net9701,0
net9702,0
net9703,0
net9704,0
net9705,0
net9706,0
net9707,0
net9708,0
net9709,0
net9710,0
net9711,0
net9712,0
net9713,0
net9714,0
net9715,0
net9716,0
net9717,0
net9718,0
net9719,0
net9720,0
net9721,0
net9722,0
net9723,0
net9724,0
net9725,0
net9726,0
net9727,0
net9728,0
net9729,0
net9730,0
net9731,0
net9732,0
net9733,0
net9734,0
net9735,0
net9736,0
net9737,0
net9738,0
net9739,0
net9740,0
net9741,0
net9742,0
net9743,0
net9744,0
net9745,0
net9746,0
net9747,0
net9748,0
net9749,0
net9750,0
net9751,0
net9752,0
net9753,0
net9754,0
net9755,0
net9756,0
net9757,0
net9758,0
net9759,0
net9760,0
net9761,0
net9762,0
net9763,0
net9764,0
net9765,0
net9766,0
net9767,0
net9768,0
net9769,0
net9770,0
net9771,0
net9772,0
net9773,0
net9774,0
net9775,0
net9776,0
net9777,0
net9778,0
net9779,0
net9780,0
net9781,0
net9782,0
net9783,0
net9784,0
net9785,0
net9786,0
net9787,0
net9788,0
net9789,0
net9790,0
net9791,0
net9792,0
net9793,0
net9794,0
net9795,0
net9796,0
net9797,0
net9798,0
net9799,0
net9800,0
net9801,0
net9802,0
net9803,0
net9804,0
net9805,0
net9806,0
net9807,0
net9808,0
net9809,0
net9810,0
net9811,0
net9812,0
net9813,0
net9814,0
net9815,0
net9816,0
net9817,0
net9818,0
net9819,0
net9820,0
net9821,0
net9822,0
net9823,0
net9824,0
net9825,0
net9826,0
net9827,0
net9828,0
net9829,0
net9830,0
net9831,0
net9832,0
net9833,0
net9834,0
net9835,0
net9836,0
net9837,0
net9838,0
net9839,0
net9840,0
net9841,0
net9842,0
net9843,0
net9844,0
net9845,0
net9846,0
net9847,0
net9848,0
net9849,0
net9850,0
net9851,0
net9852,0
net9853,0
net9854,0
net9855,0
net9856,0
net9857,0
net9858,0
net9859,0
net9860,0
net9861,0
net9862,0
net9863,0
net9864,0
net9865,0
net9866,0
net9867,0
net9868,0
net9869,0
net9870,0
net9871,0
net9872,0
net9873,0
net9874,0
net9875,0
net9876,0
net9877,0
net9878,0
net9879,0
net9880,0
net9881,0
net9882,0
net9883,0
net9884,0
net9885,0
net9886,0
net9887,0
net9888,0
net9889,0
net9890,0
net9891,0
net9892,0
net9893,0
net9894,0
net9895,0
net9896,0
net9897,0
net9898,0
net9899,0
net9900,0
net9901,0
net9902,0
net9903,0
net9904,0
net9905,0
net9906,0
net9907,0
net9908,0
net9909,0
net9910,0
net9911,0
net9912,0
net9913,0
net9914,0
net9915,0
net9916,0
net9917,0
net9918,0
net9919,0
net9920,0
net9921,0
net9922,0
net9923,0
net9924,0
net9925,0
net9926,0
net9927,0
net9928,0
net9929,0
net9930,0
net9931,0
net9932,0
net9933,0
net9934,0
net9935,0
net9936,0
net9937,0
net9938,0
net9939,0
net9940,0
net9941,0
net9942,0
net9943,0
net9944,0
net9945,0
net9946,0
net9947,0
net9948,0
net9949,0
net9950,0
net9951,0
net9952,0
net9953,0
net9954,0
net9955,0
net9956,0
net9957,0
net9958,0
net9959,0
net9960,0
net9961,0
net9962,0
net9963,0
net9964,0
net9965,0
net9966,0
net9967,0
net9968,0
net9969,0
net9970,0
net9971,0
net9972,0
net9973,0
net9974,0
net9975,0
net9976,0
net9977,0
net9978,0
net9979,0
net9980,0
net9981,0
net9982,0
net9983,0
net9984,0
net9985,0
net9986,0
net9987,0
net9988,0
net9989,0
net9990,0
net9991,0
net9992,0
net9993,0
net9994,0
net9995,0
net9996,0
net9997,0
net9998,0
net9999,0
net10000,0
net10001,0
net10002,0
net10003,0
net10004,0
net10005,0
net10006,0
net10007,0
net10008,0
net10009,0
net10010,0
net10011,0
net10012,0
net10013,0
net10014,0
net10015,0
net10016,0
net10017,0
net10018,0
net10019,0
net10020,0
net10021,0
net10022,0
net10023,0
net10024,0
net10025,0
net10026,0
net10027,0
net10028,0
net10029,0
net10030,0
net10031,0
net10032,0
net10033,0
net10034,0
net10035,0
net10036,0
net10037,0
net10038,0
net10039,0
net10040,0
net10041,0
net10042,0
net10043,0
net10044,0
net10045,0
net10046,0
net10047,0
net10048,0
net10049,0
net10050,0
net10051,0
net10052,0
net10053,0
net10054,0
net10055,0
net10056,0
net10057,0
net10058,0
net10059,0
net10060,0
net10061,0
net10062,0
net10063,0
net10064,0
net10065,0
net10066,0
net10067,0
net10068,0
net10069,0
net10070,0
net10071,0
net10072,0
net10073,0
net10074,0
net10075,0
net10076,0
net10077,0
net10078,0
net10079,0
net10080,0
net10081,0
net10082,0
net10083,0
net10084,0
net10085,0
net10086,0
net10087,0
net10088,0
net10089,0
net10090,0
net10091,0
net10092,0
net10093,0
net10094,0
net10095,0
net10096,0
net10097,0
net10098,0
net10099,0
net10100,0
net10101,0
net10102,0
net10103,0
net10104,0
net10105,0
net10106,0
net10107,0
net10108,0
net10109,0
net10110,0
net10111,0
net10112,0
net10113,0
net10114,0
net10115,0
net10116,0
net10117,0
net10118,0
net10119,0
net10120,0
net10121,0
net10122,0
net10123,0
net10124,0
net10125,0
net10126,0
net10127,0
net10128,0
net10129,0
net10130,0
net10131,0
net10132,0
net10133,0
net10134,0
net10135,0
net10136,0
net10137,0
net10138,0
net10139,0
net10140,0
net10141,0
net10142,0
net10143,0
net10144,0
net10145,0
net10146,0
net10147,0
net11428,0
net11429,0
net11430,0
net11431,0
net11432,0
net11433,0
net11434,0
net11435,0
net11436,0
net11437,0
net11438,0
net11439,0
net11440,0
net11441,0
net11442,0
net11443,0
net11444,0
net11445,0
net11446,0
net11447,0
net11448,0
net11449,0
net11450,0
net11451,0
net11452,0
net11453,0
net11454,0
net11455,0
net11456,0
net11457,0
net11458,0
net11459,0
net11460,0
net11461,0
net11462,0
net11463,0
net11464,0
net11465,0
net11466,0
net11467,0
net11468,0
net11469,0
net11470,0
net11471,0
net11472,0
net11473,0
net11474,0
net11475,0
net11476,0
net11477,0
net11478,0
net11479,0
net11480,0
net11481,0
net11482,0
net11483,0
net11484,0
net11485,0
net11486,0
net11487,0
net11488,0
net11489,0
net11490,0
net11491,0
net11492,0
net11493,0
net11494,0
net11495,0
net11496,0
net11497,0
net11498,0
net11499,0
net11500,0
net11501,0
net11502,0
net11503,0
net11504,0
net11505,0
net11506,0
net11507,0
net11508,0
net11509,0
net11510,0
net11511,0
net11512,0
net11513,0
net11514,0
net11515,0
net11516,0
net11517,0
net11518,0
net11519,0
net11520,0
net11521,0
net11522,0
net11523,0
net11524,0
net11525,0
net11526,0
net11527,0
net11528,0
net11529,0
net11530,0
net11531,0
net11532,0
net11533,0
net11534,0
net11535,0
net11536,0
net11537,0
net11538,0
net11539,0
net11540,0
net11541,0
net11542,0
net11543,0
net11544,0
net11545,0
net11546,0
net11547,0
net11548,0
net11549,0
net11550,0
net11551,0
net11552,0
net11553,0
net11554,0
net11555,0
net11556,0
net11557,0
net11558,0
net11559,0
net11560,0
net11561,0
net11562,0
net11563,0
net11564,0
net11565,0
net11566,0
net11567,0
net11568,0
net11569,0
net11570,0
net11571,0
net11572,0
net11573,0
net11574,0
net11575,0
net11576,0
net11577,0
net11578,0
net11579,0
net11580,0
net11581,0
net11582,0
net11583,0
net11584,0
net11585,0
net11586,0
net11587,0
net11588,0
net11589,0
net11590,0
net11591,0
net11592,0
net11593,0
net11594,0
net11595,0
net11596,0
net11597,0
net11598,0
net11599,0
net11600,0
net11601,0
net11602,0
net11603,0
net11604,0
net11605,0
net11606,0
net11607,0
net11608,0
net11609,0
net11610,0
net11611,0
net11612,0
net11613,0
net11614,0
net11615,0
net11616,0
net11617,0
net11618,0
net11619,0
net11620,0
net11621,0
net11622,0
net11623,0
net11624,0
net11625,0
net11626,0
net11627,0
net11628,0
net11629,0
net11630,0
net11631,0
net11632,0
net11633,0
net11634,0
net11635,0
net11636,0
net11637,0
net11638,0
net11639,0
net11640,0
net11641,0
net11642,0
net11764,0
net11891,1
net12096,0
net12241,0
net12823,0
net12845,0
net12846,0
net12848,0
