net_name,status,bbox_area,bbox_aspect,bbox_cx,bbox_cy,bbox_dx,bbox_dy,bbox_perimeter,bbox_xmax,bbox_xmin,bbox_ymax,bbox_ymin,bterm_count,dist_drv_sink_max,dist_drv_sink_mean,dist_drv_sink_sum,driver_inst_area,driver_is_buf,driver_is_clkbuf,driver_is_ff_q,driver_is_inv,fanout,has_bterm,has_multiple_drivers,hpwl,is_bus_bit,is_clock_like,is_enable_like,is_reg2reg_candidate,is_reset_like,iterm_count,net_dbid,num_buf_drivers,num_buf_sinks,num_clkbuf_drivers,num_drivers,num_ff_sinks_d,num_inout,num_inv_drivers,num_inv_sinks,num_port_drivers,num_port_sinks,num_sinks,odb_net,sink_area_buf_sum,sink_area_ff_sum,sink_area_inv_sum,sink_area_max,sink_area_mean,sink_area_std,sink_area_sum,sink_centroid_dist_to_driver,sink_cnt,sink_dist_p50,sink_dist_p90,sink_dist_p95,sink_max_x,sink_max_y,sink_min_x,sink_min_y,sink_quadrant_q1,sink_quadrant_q2,sink_quadrant_q3,sink_quadrant_q4,sink_x_mean,sink_x_std,sink_y_mean,sink_y_std,term_count
"_000_","OK","13.441350000000002","0.21374527109536634","6.5685","54.275999999999996","1.6950000000000003","7.93","19.25","7.416","5.721","58.241","50.311","0","9.999999999999996","9.999999999999996","9.999999999999996","3.7536","0","0","0","0","1","0","0","9.625","0","0","0","0","0","2","_b8ff94dd8e580000_p_Net","0","0","0","1","1","0","0","0","0","0","1","_b8ff94dd8e580000_p_odb__dbNet","0.0","28.777600000000003","0.0","28.777600000000003","28.777600000000003","","28.777600000000003","9.999999999999996","1","9.999999999999996","9.999999999999996","9.999999999999996","9.43","58.48","9.43","58.48","1","0","0","0","9.43","","58.48","","2"
"_001_","OK","0.2688360000000396","36.34883678663602","52.221999999999994","131.845","3.1259999999999977","0.08600000000001273","6.424000000000021","53.785","50.659","131.888","131.802","0","6.439999999999998","6.439999999999998","6.439999999999998","5.0048","0","0","0","0","1","0","0","3.2120000000000104","0","0","0","0","0","2","_300095dd8e580000_p_Net","0","0","0","1","0","0","0","0","0","0","1","_300095dd8e580000_p_odb__dbNet","0.0","0.0","0.0","30.0288","30.0288","","30.0288","6.439999999999998","1","6.439999999999998","6.439999999999998","6.439999999999998","57.5","131.92","57.5","131.92","1","0","0","0","57.5","","131.92","","2"
"_002_","OK","10.187216000000005","0.3068379034524753","52.051","175.396","1.7680000000000007","5.7620000000000005","15.060000000000002","52.935","51.167","178.277","172.515","0","7.049999999999997","7.049999999999997","7.049999999999997","6.256","0","0","0","0","1","0","0","7.530000000000001","0","0","0","0","0","2","_a80095dd8e580000_p_Net","0","0","0","1","0","0","0","0","0","0","1","_a80095dd8e580000_p_odb__dbNet","0.0","0.0","0.0","30.0288","30.0288","","30.0288","7.049999999999997","1","7.049999999999997","7.049999999999997","7.049999999999997","49.22","178.16","49.22","178.16","0","1","0","0","49.22","","178.16","","2"
"_003_","OK","0.2688360000000396","36.34883678663602","49.001999999999995","134.714","3.1259999999999977","0.08600000000001273","6.424000000000021","50.565","47.439","134.757","134.671","0","6.439999999999998","6.439999999999998","6.439999999999998","5.0048","0","0","0","0","1","0","0","3.2120000000000104","0","0","0","0","0","2","_200195dd8e580000_p_Net","0","0","0","1","0","0","0","0","0","0","1","_200195dd8e580000_p_odb__dbNet","0.0","0.0","0.0","30.0288","30.0288","","30.0288","6.439999999999998","1","6.439999999999998","6.439999999999998","6.439999999999998","54.28","134.64","54.28","134.64","0","0","0","1","54.28","","134.64","","2"
"_004_","OK","36.09756599999998","0.5624765946120991","54.292","133.3225","4.506","8.010999999999996","25.033999999999992","56.545","52.039","137.328","129.317","0","15.980000000000025","15.980000000000025","15.980000000000025","5.0048","0","0","0","0","1","0","0","12.516999999999996","0","0","0","0","0","2","_980195dd8e580000_p_Net","0","0","0","1","0","0","0","0","0","0","1","_980195dd8e580000_p_odb__dbNet","0.0","0.0","0.0","30.0288","30.0288","","30.0288","15.980000000000025","1","15.980000000000025","15.980000000000025","15.980000000000025","60.26","129.2","60.26","129.2","0","0","0","1","60.26","","129.2","","2"
"_005_","OK","10.995840000000046","0.17319277106260125","54.474999999999994","141.226","1.3800000000000026","7.968000000000018","18.69600000000004","55.165","53.785","145.21","137.242","0","12.759999999999998","12.759999999999998","12.759999999999998","7.5072","0","0","0","0","1","0","0","9.34800000000002","0","0","0","0","0","2","_100295dd8e580000_p_Net","0","0","0","1","0","0","0","0","0","0","1","_100295dd8e580000_p_odb__dbNet","0.0","0.0","0.0","30.0288","30.0288","","30.0288","12.759999999999998","1","12.759999999999998","12.759999999999998","12.759999999999998","58.88","137.36","58.88","137.36","0","0","0","1","58.88","","137.36","","2"
"_006_","OK","19.19944400000004","0.6697796039092659","57.052","156.325","3.5859999999999985","5.354000000000013","17.880000000000024","58.845","55.259","159.002","153.648","0","12.340000000000003","12.340000000000003","12.340000000000003","5.0048","0","0","0","0","1","0","0","8.940000000000012","0","0","0","0","0","2","_880295dd8e580000_p_Net","0","0","0","1","0","0","0","0","0","0","1","_880295dd8e580000_p_odb__dbNet","0.0","0.0","0.0","30.0288","30.0288","","30.0288","12.340000000000003","1","12.340000000000003","12.340000000000003","12.340000000000003","62.56","159.12","62.56","159.12","1","0","0","0","62.56","","159.12","","2"
"_007_","OK","14.732315999999935","0.4824466159098007","57.052","156.325","2.665999999999997","5.525999999999982","16.383999999999958","58.385","55.719","159.088","153.562","0","11.420000000000002","11.420000000000002","11.420000000000002","5.0048","0","0","0","0","1","0","0","8.191999999999979","0","0","0","0","0","2","_000395dd8e580000_p_Net","0","0","0","1","0","0","0","0","0","0","1","_000395dd8e580000_p_odb__dbNet","0.0","0.0","0.0","30.0288","30.0288","","30.0288","11.420000000000002","1","11.420000000000002","11.420000000000002","11.420000000000002","62.1","153.68","62.1","153.68","0","0","0","1","62.1","","153.68","","2"
"_008_","OK","2.5966900000000033","0.09058647738315498","58.6025","159.19400000000002","0.48499999999999943","5.354000000000013","11.678000000000026","58.845","58.36","161.871","156.517","0","10.04","10.04","10.04","5.0048","0","0","0","0","1","0","0","5.839000000000013","0","0","0","0","0","2","_780395dd8e580000_p_Net","0","0","0","1","0","0","0","0","0","0","1","_780395dd8e580000_p_odb__dbNet","0.0","0.0","0.0","30.0288","30.0288","","30.0288","10.04","1","10.04","10.04","10.04","62.56","156.4","62.56","156.4","0","0","0","1","62.56","","156.4","","2"
"_009_","OK","9.057916000000013","0.07532372787932484","56.592","178.234","0.8260000000000005","10.966000000000008","23.584000000000017","57.005","56.179","183.717","172.751","0","15.019999999999996","15.019999999999996","15.019999999999996","5.0048","0","0","0","0","1","0","0","11.792000000000009","0","0","0","0","0","2","_f00395dd8e580000_p_Net","0","0","0","1","0","0","0","0","0","0","1","_f00395dd8e580000_p_odb__dbNet","0.0","0.0","0.0","30.0288","30.0288","","30.0288","15.019999999999996","1","15.019999999999996","15.019999999999996","15.019999999999996","60.72","183.6","60.72","183.6","1","0","0","0","60.72","","183.6","","2"
"_010_","OK","6.3348459999999855","0.2419386358722031","55.006","178.20350000000002","1.2379999999999995","5.11699999999999","12.70999999999998","55.625","54.387","180.762","175.645","0","10.730000000000004","10.730000000000004","10.730000000000004","6.256","0","0","0","0","1","0","0","6.35499999999999","0","0","0","0","0","2","_680495dd8e580000_p_Net","0","0","0","1","0","0","0","0","0","0","1","_680495dd8e580000_p_odb__dbNet","0.0","0.0","0.0","30.0288","30.0288","","30.0288","10.730000000000004","1","10.730000000000004","10.730000000000004","10.730000000000004","59.34","180.88","59.34","180.88","1","0","0","0","59.34","","180.88","","2"
"_011_","OK","11.77862400000004","0.06249999999544765","56.116","171.413","0.8580000000000041","13.72799999999998","29.17199999999997","56.545","55.687","178.277","164.549","0","18.429999999999993","18.429999999999993","18.429999999999993","8.758400000000002","0","0","0","0","1","0","0","14.585999999999984","0","0","0","0","0","2","_e00495dd8e580000_p_Net","0","0","0","1","0","0","0","0","0","0","1","_e00495dd8e580000_p_odb__dbNet","0.0","0.0","0.0","30.0288","30.0288","","30.0288","18.429999999999993","1","18.429999999999993","18.429999999999993","18.429999999999993","60.26","178.16","60.26","178.16","1","0","0","0","60.26","","178.16","","2"
"_012_","OK","0.23612499999999992","15.111999879103996","12.2445","142.7425","1.8889999999999993","0.125","4.027999999999999","13.189","11.3","142.805","142.68","0","5.52","5.52","5.52","6.256","0","0","0","0","1","0","0","2.0139999999999993","0","0","0","0","0","2","_580595dd8e580000_p_Net","0","0","0","1","1","0","0","0","0","0","1","_580595dd8e580000_p_odb__dbNet","0.0","23.772800000000004","0.0","23.772800000000004","23.772800000000004","","23.772800000000004","5.52","1","5.52","5.52","5.52","8.51","142.8","8.51","142.8","0","1","0","0","8.51","","142.8","","2"
"_013_","OK","2.623914000000004","0.09001666973698534","16.741999999999997","181.0175","0.48600000000000065","5.399000000000001","11.770000000000003","16.985","16.499","183.717","178.318","0","10.039999999999996","10.039999999999996","10.039999999999996","5.0048","0","0","0","0","1","0","0","5.885000000000002","0","0","0","0","0","2","_d00595dd8e580000_p_Net","0","0","0","1","0","0","0","0","0","0","1","_d00595dd8e580000_p_odb__dbNet","0.0","0.0","0.0","30.0288","30.0288","","30.0288","10.039999999999996","1","10.039999999999996","10.039999999999996","10.039999999999996","20.7","183.6","20.7","183.6","1","0","0","0","20.7","","183.6","","2"
"_014_","OK","0.09303999999998151","58.14999854626162","14.442","180.74200000000002","2.3260000000000005","0.03999999999999204","4.731999999999985","15.605","13.279","180.762","180.722","0","6.4399999999999995","6.4399999999999995","6.4399999999999995","5.0048","0","0","0","0","1","0","0","2.3659999999999926","0","0","0","0","0","2","_480695dd8e580000_p_Net","0","0","0","1","0","0","0","0","0","0","1","_480695dd8e580000_p_odb__dbNet","0.0","0.0","0.0","30.0288","30.0288","","30.0288","6.4399999999999995","1","6.4399999999999995","6.4399999999999995","6.4399999999999995","19.32","180.88","19.32","180.88","1","0","0","0","19.32","","180.88","","2"
"_015_","OK","0.5067599999999","35.19166637340983","48.7685","159.015","4.223000000000006","0.11999999999997613","8.685999999999964","50.88","46.657","159.075","158.955","0","5.519999999999996","5.519999999999996","5.519999999999996","5.0048","0","0","0","0","1","0","0","4.342999999999982","0","0","0","0","0","2","_c00695dd8e580000_p_Net","0","1","0","1","0","0","0","0","0","0","1","_c00695dd8e580000_p_odb__dbNet","7.5072","0.0","0.0","7.5072","7.5072","","7.5072","5.519999999999996","1","5.519999999999996","5.519999999999996","5.519999999999996","51.98","159.12","51.98","159.12","1","0","0","0","51.98","","159.12","","2"
"_016_","OK","38.35249999999999","1.1599999997982606","19.412","180.958","6.669999999999998","5.75","24.839999999999996","22.747","16.077","183.833","178.083","0","7.969999999999999","7.299999999999999","14.599999999999998","6.256","0","0","0","0","2","0","0","12.419999999999998","0","0","0","0","0","3","_380795dd8e580000_p_Net","0","0","0","1","0","0","0","0","0","0","2","_380795dd8e580000_p_odb__dbNet","0.0","0.0","0.0","30.0288","30.0288","0.0","60.0576","7.300000000000015","2","6.629999999999999","7.969999999999999","7.969999999999999","20.7","183.6","19.32","180.88","1","0","1","0","20.009999999999998","0.6899999999999995","182.24","1.3599999999999994","3"
"_017_","OK","13.371300000000002","0.1669273742830248","43.215","114.035","1.4939999999999998","8.950000000000003","20.888000000000005","43.962","42.468","118.51","109.56","0","9.999999999999993","9.559999999999995","19.11999999999999","12.512","0","0","0","0","2","0","0","10.444000000000003","0","0","0","0","0","3","_b00795dd8e580000_p_Net","0","1","0","1","0","0","0","0","0","0","2","_b00795dd8e580000_p_odb__dbNet","5.0048","0.0","0.0","30.0288","17.5168","12.512","35.0336","9.559999999999995","2","9.119999999999997","9.999999999999993","9.999999999999993","46.46","118.32","44.62","115.6","2","0","0","0","45.54","0.9200000000000017","116.96","1.3599999999999994","3"
"_018_","OK","5.424479000000023","0.04480596200628884","45.0955","129.4515","0.4930000000000021","11.003","22.992000000000004","45.342","44.849","134.953","123.95","0","12.48999999999998","10.919999999999987","21.839999999999975","11.2608","0","0","0","0","2","0","0","11.496000000000002","0","0","0","0","0","3","_280895dd8e580000_p_Net","0","1","0","1","0","0","0","0","0","0","2","_280895dd8e580000_p_odb__dbNet","5.0048","0.0","0.0","30.0288","17.5168","12.512","35.0336","10.919999999999995","2","9.349999999999994","12.48999999999998","12.48999999999998","48.3","129.2","46.0","123.76","0","0","0","2","47.15","1.1499999999999986","126.47999999999999","2.7199999999999918","3"
"_019_","OK","15.492961000000003","1.4914675763290524","43.1135","106.14150000000001","4.807000000000002","3.222999999999999","16.060000000000002","45.517","40.71","107.753","104.53","0","7.589999999999996","6.8799999999999955","13.759999999999991","11.2608","0","0","0","0","2","0","0","8.030000000000001","0","0","0","0","0","3","_a00895dd8e580000_p_Net","0","1","0","1","0","0","0","0","0","0","2","_a00895dd8e580000_p_odb__dbNet","5.0048","0.0","0.0","30.0288","17.5168","12.512","35.0336","6.8799999999999955","2","6.169999999999995","7.589999999999996","7.589999999999996","48.76","107.44","44.62","104.72","1","0","0","1","46.69","2.0700000000000003","106.08","1.3599999999999994","3"
"_020_","OK","85.81486199999989","0.1416094568736397","41.474000000000004","116.8385","3.485999999999997","24.61699999999999","56.205999999999975","43.217","39.731","129.147","104.53","0","23.680000000000007","17.433333333333334","52.3","7.5072","0","0","0","0","3","0","0","28.102999999999987","0","0","0","0","0","4","_180995dd8e580000_p_Net","0","1","0","1","0","0","0","0","0","0","3","_180995dd8e580000_p_odb__dbNet","5.0048","0.0","0.0","30.0288","13.346133333333334","11.796426728274778","40.0384","13.806666666666665","3","19.499999999999993","23.680000000000007","23.680000000000007","46.46","129.2","39.56","104.72","1","1","0","1","42.93333333333334","2.818999034330369","120.13333333333333","10.955295016059077","4"
"_021_","OK","38.12813600000002","1.3094885097647355","23.584","69.148","7.0660000000000025","5.396000000000001","24.924000000000007","27.117","20.051","71.846","66.45","0","9.43","9.389999999999999","18.779999999999998","16.265600000000003","0","0","0","0","2","0","0","12.462000000000003","0","0","0","0","0","3","_900995dd8e580000_p_Net","0","1","0","1","0","0","0","0","0","0","2","_900995dd8e580000_p_odb__dbNet","5.0048","0.0","0.0","30.0288","17.5168","12.512","35.0336","9.39","2","9.349999999999998","9.43","9.43","30.36","72.08","24.84","66.64","1","0","0","1","27.6","2.76","69.36","2.719999999999999","3"
"_022_","OK","468.42444","0.14635957081741544","21.137","38.0395","8.280000000000001","56.57299999999999","129.706","25.277","16.997","66.326","9.753","0","58.27","44.00833333333333","264.05","11.2608","0","0","0","0","6","0","0","64.853","0","0","0","0","0","7","_080a95dd8e580000_p_Net","0","1","0","1","0","0","0","0","0","0","6","_080a95dd8e580000_p_odb__dbNet","3.7536","0.0","0.0","30.0288","25.649600000000003","9.79218888706708","153.8976","44.00833333333333","6","42.07","58.27","58.27","28.52","53.04","20.24","9.52","1","0","1","4","24.111666666666668","2.9044931667255747","27.653333333333336","15.035365716277813","7"
"_023_","OK","147.88965000000002","0.11316735822646846","11.9025","51.885","4.091000000000001","36.14999999999999","80.48199999999999","13.948","9.857","69.96","33.81","0","40.42","33.045","66.09","12.512","0","0","0","0","2","0","0","40.24099999999999","0","0","0","0","0","3","_800a95dd8e580000_p_Net","0","2","0","1","0","0","0","0","0","0","2","_800a95dd8e580000_p_odb__dbNet","8.7584","0.0","0.0","5.0048","4.3792","0.6256000000000002","8.7584","33.045","2","25.669999999999998","40.42","40.42","10.35","47.6","9.2","34.0","0","0","2","0","9.774999999999999","0.5750000000000002","40.8","6.800000000000001","3"
"_024_","OK","370.181214","0.17211117579463725","15.766000000000002","51.5585","7.982000000000001","46.376999999999995","108.71799999999999","19.757","11.775","74.747","28.37","0","47.88999999999999","28.658571428571427","200.60999999999999","7.5072","0","0","0","0","7","0","0","54.358999999999995","0","0","0","0","0","8","_f80a95dd8e580000_p_Net","0","1","0","1","0","0","0","0","0","0","7","_f80a95dd8e580000_p_odb__dbNet","3.7536","0.0","0.0","30.0288","22.700342857142857","11.592132321888121","158.9024","26.63285714285714","7","29.999999999999996","47.88999999999999","47.88999999999999","23.0","74.8","12.19","28.56","2","0","1","4","19.87857142857143","3.6133894992747995","48.76571428571429","16.50399679483978","8"
"_025_","OK","23.471463999999944","0.39711238288279","46.1115","176.918","3.0529999999999973","7.687999999999988","21.48199999999997","47.638","44.585","180.762","173.074","0","8.159999999999997","8.159999999999997","8.159999999999997","7.5072","0","0","0","0","1","0","0","10.740999999999985","0","0","0","0","0","2","_700b95dd8e580000_p_Net","0","0","0","1","0","0","0","0","0","0","1","_700b95dd8e580000_p_odb__dbNet","0.0","0.0","0.0","30.0288","30.0288","","30.0288","8.159999999999997","1","8.159999999999997","8.159999999999997","8.159999999999997","48.3","180.88","48.3","180.88","1","0","0","0","48.3","","180.88","","2"
"_026_","OK","4.7723750000000145","0.6978967492551037","25.9685","133.4655","1.8249999999999993","2.615000000000009","8.880000000000017","26.881","25.056","134.773","132.158","0","5.709999999999997","5.709999999999997","5.709999999999997","11.2608","0","0","0","0","1","0","0","4.440000000000008","0","0","0","0","0","2","_e80b95dd8e580000_p_Net","0","0","0","1","1","0","0","0","0","0","1","_e80b95dd8e580000_p_odb__dbNet","0.0","25.024","0.0","25.024","25.024","","25.024","5.709999999999997","1","5.709999999999997","5.709999999999997","5.709999999999997","29.9","131.92","29.9","131.92","0","0","0","1","29.9","","131.92","","2"
"_027_","OK","4.7723750000000145","0.6978967492551037","27.808500000000002","149.4135","1.8249999999999993","2.615000000000009","8.880000000000017","28.721","26.896","150.721","148.106","0","5.709999999999997","5.709999999999997","5.709999999999997","11.2608","0","0","0","0","1","0","0","4.440000000000008","0","0","0","0","0","2","_600c95dd8e580000_p_Net","0","0","0","1","1","0","0","0","0","0","1","_600c95dd8e580000_p_odb__dbNet","0.0","25.024","0.0","25.024","25.024","","25.024","5.709999999999997","1","5.709999999999997","5.709999999999997","5.709999999999997","31.74","150.96","31.74","150.96","1","0","0","0","31.74","","150.96","","2"
"_028_","OK","1.2421249999999988","0.18164435939516324","17.9185","133.4655","0.47499999999999787","2.615000000000009","6.180000000000014","18.156","17.681","134.773","132.158","0","3.4099999999999966","3.4099999999999966","3.4099999999999966","11.2608","0","0","0","0","1","0","0","3.090000000000007","0","0","0","0","0","2","_d80c95dd8e580000_p_Net","0","0","0","1","1","0","0","0","0","0","1","_d80c95dd8e580000_p_odb__dbNet","0.0","25.024","0.0","25.024","25.024","","25.024","3.4099999999999966","1","3.4099999999999966","3.4099999999999966","3.4099999999999966","20.7","131.92","20.7","131.92","0","0","0","1","20.7","","131.92","","2"
"_029_","OK","0.03922500000000162","0.005736137665110661","18.6085","149.4135","0.015000000000000568","2.615000000000009","5.260000000000019","18.616","18.601","150.721","148.106","0","3.870000000000001","3.870000000000001","3.870000000000001","11.2608","0","0","0","0","1","0","0","2.6300000000000097","0","0","0","0","0","2","_500d95dd8e580000_p_Net","0","0","0","1","1","0","0","0","0","0","1","_500d95dd8e580000_p_odb__dbNet","0.0","25.024","0.0","25.024","25.024","","25.024","3.870000000000001","1","3.870000000000001","3.870000000000001","3.870000000000001","21.62","150.96","21.62","150.96","1","0","0","0","21.62","","150.96","","2"
"_030_","OK","1.2421250000000081","0.1816443593951646","18.8385","127.65350000000001","0.4750000000000014","2.615000000000009","6.180000000000021","19.076","18.601","128.961","126.346","0","3.409999999999986","3.409999999999986","3.409999999999986","11.2608","0","0","0","0","1","0","0","3.0900000000000105","0","0","0","0","0","2","_c80d95dd8e580000_p_Net","0","0","0","1","1","0","0","0","0","0","1","_c80d95dd8e580000_p_odb__dbNet","0.0","25.024","0.0","25.024","25.024","","25.024","3.409999999999986","1","3.409999999999986","3.409999999999986","3.409999999999986","21.62","129.2","21.62","129.2","1","0","0","0","21.62","","129.2","","2"
"_031_","OK","1.490310000000018","0.0457092819534664","23.5305","156.503","0.2610000000000028","5.710000000000008","11.942000000000021","23.661","23.4","159.358","153.648","0","9.809999999999999","9.809999999999999","9.809999999999999","5.0048","0","0","0","0","1","0","0","5.971000000000011","0","0","0","0","0","2","_400e95dd8e580000_p_Net","0","0","0","1","1","0","0","0","0","0","1","_400e95dd8e580000_p_odb__dbNet","0.0","28.777600000000003","0.0","28.777600000000003","28.777600000000003","","28.777600000000003","9.809999999999999","1","9.809999999999999","9.809999999999999","9.809999999999999","27.37","159.12","27.37","159.12","1","0","0","0","27.37","","159.12","","2"
"_032_","OK","1.3418750000000121","0.16814159286083433","14.2385","157.94549999999998","0.4750000000000014","2.825000000000017","6.600000000000037","14.476","14.001","159.358","156.533","0","3.41","3.41","3.41","11.2608","0","0","0","0","1","0","0","3.3000000000000185","0","0","0","0","0","2","_b80e95dd8e580000_p_Net","0","0","0","1","1","0","0","0","0","0","1","_b80e95dd8e580000_p_odb__dbNet","0.0","25.024","0.0","25.024","25.024","","25.024","3.41","1","3.41","3.41","3.41","17.02","159.12","17.02","159.12","1","0","0","0","17.02","","159.12","","2"
"_033_","OK","0.9352720000000027","0.1634615383932027","31.1455","103.366","0.3910000000000018","2.391999999999996","5.565999999999995","31.341","30.95","104.562","102.17","0","4.099999999999998","4.099999999999998","4.099999999999998","5.0048","0","0","0","0","1","0","0","2.7829999999999977","0","0","0","0","0","2","_300f95dd8e580000_p_Net","0","0","0","1","1","0","0","0","0","0","1","_300f95dd8e580000_p_odb__dbNet","0.0","20.0192","0.0","20.0192","20.0192","","20.0192","4.099999999999998","1","4.099999999999998","4.099999999999998","4.099999999999998","33.12","102.0","33.12","102.0","0","0","0","1","33.12","","102.0","","2"
"_034_","OK","0.8323919999999734","5.308080794676753","33.65","83.0","2.102000000000004","0.3959999999999866","4.995999999999981","34.701","32.599","83.198","82.802","0","6.209999999999994","6.209999999999994","6.209999999999994","5.0048","0","0","0","0","1","0","0","2.4979999999999905","0","0","0","0","0","2","_a80f95dd8e580000_p_Net","0","0","0","1","1","0","0","0","0","0","1","_a80f95dd8e580000_p_odb__dbNet","0.0","28.777600000000003","0.0","28.777600000000003","28.777600000000003","","28.777600000000003","6.209999999999994","1","6.209999999999994","6.209999999999994","6.209999999999994","38.41","82.96","38.41","82.96","0","0","0","1","38.41","","82.96","","2"
"_035_","OK","5.813392000000012","0.6716519372292121","38.909","98.047","1.975999999999999","2.9420000000000073","9.836000000000013","39.897","37.921","99.518","96.576","0","3.8699999999999974","3.8699999999999974","3.8699999999999974","5.0048","0","0","0","0","1","0","0","4.918000000000006","0","0","0","0","0","2","_201095dd8e580000_p_Net","0","0","0","1","1","0","0","0","0","0","1","_201095dd8e580000_p_odb__dbNet","0.0","26.2752","0.0","26.2752","26.2752","","26.2752","3.8699999999999974","1","3.8699999999999974","3.8699999999999974","3.8699999999999974","41.17","99.28","41.17","99.28","1","0","0","0","41.17","","99.28","","2"
"_036_","OK","6.048000000000015","0.7714285711530569","39.921","136.198","2.1599999999999966","2.8000000000000114","9.920000000000016","41.001","38.841","137.598","134.798","0","3.410000000000032","3.410000000000032","3.410000000000032","5.0048","0","0","0","0","1","0","0","4.960000000000008","0","0","0","0","0","2","_981095dd8e580000_p_Net","0","0","0","1","1","0","0","0","0","0","1","_981095dd8e580000_p_odb__dbNet","0.0","26.2752","0.0","26.2752","26.2752","","26.2752","3.410000000000032","1","3.410000000000032","3.410000000000032","3.410000000000032","42.09","137.36","42.09","137.36","1","0","0","0","42.09","","137.36","","2"
"_037_","OK","12.579991999999898","1.4534330382551304","41.82","130.687","4.275999999999996","2.941999999999979","14.43599999999995","43.958","39.682","132.158","129.216","0","3.8699999999999974","3.8699999999999974","3.8699999999999974","5.0048","0","0","0","0","1","0","0","7.217999999999975","0","0","0","0","0","2","_101195dd8e580000_p_Net","0","0","0","1","1","0","0","0","0","0","1","_101195dd8e580000_p_odb__dbNet","0.0","26.2752","0.0","26.2752","26.2752","","26.2752","3.8699999999999974","1","3.8699999999999974","3.8699999999999974","3.8699999999999974","40.71","131.92","40.71","131.92","0","1","0","0","40.71","","131.92","","2"
"_038_","OK","3.9959280000000024","0.4301181100951053","24.9745","106.086","1.311","3.048000000000002","8.718000000000004","25.63","24.319","107.61","104.562","0","3.1799999999999997","3.1799999999999997","3.1799999999999997","5.0048","0","0","0","0","1","0","0","4.359000000000002","0","0","0","0","0","2","_881195dd8e580000_p_Net","0","0","0","1","1","0","0","0","0","0","1","_881195dd8e580000_p_odb__dbNet","0.0","20.0192","0.0","20.0192","20.0192","","20.0192","3.1799999999999997","1","3.1799999999999997","3.1799999999999997","3.1799999999999997","23.46","107.44","23.46","107.44","0","1","0","0","23.46","","107.44","","2"
"_039_","OK","3.27236","0.4698749524555244","28.421","95.0015","1.240000000000002","2.638999999999996","7.757999999999996","29.041","27.801","96.321","93.682","0","4.789999999999999","4.789999999999999","4.789999999999999","5.0048","0","0","0","0","1","0","0","3.878999999999998","0","0","0","0","0","2","_001295dd8e580000_p_Net","0","0","0","1","1","0","0","0","0","0","1","_001295dd8e580000_p_odb__dbNet","0.0","28.777600000000003","0.0","28.777600000000003","28.777600000000003","","28.777600000000003","4.789999999999999","1","4.789999999999999","4.789999999999999","4.789999999999999","31.51","96.56","31.51","96.56","1","0","0","0","31.51","","96.56","","2"
"_040_","OK","2.9390579999999895","0.3395649217064705","27.301499999999997","81.47200000000001","0.9989999999999988","2.941999999999993","7.881999999999984","27.801","26.802","82.943","80.001","0","7.09","7.09","7.09","5.0048","0","0","0","0","1","0","0","3.940999999999992","0","0","0","0","0","2","_781295dd8e580000_p_Net","0","0","0","1","1","0","0","0","0","0","1","_781295dd8e580000_p_odb__dbNet","0.0","26.2752","0.0","26.2752","26.2752","","26.2752","7.09","1","7.09","7.09","7.09","31.05","80.24","31.05","80.24","0","0","0","1","31.05","","80.24","","2"
"_041_","OK","4.761700000000011","0.606926097605525","17.151","92.2815","1.7000000000000028","2.801000000000002","9.00200000000001","18.001","16.301","93.682","90.881","0","3.870000000000001","3.870000000000001","3.870000000000001","5.0048","0","0","0","0","1","0","0","4.501000000000005","0","0","0","0","0","2","_f01295dd8e580000_p_Net","0","0","0","1","1","0","0","0","0","0","1","_f01295dd8e580000_p_odb__dbNet","0.0","26.2752","0.0","26.2752","26.2752","","26.2752","3.870000000000001","1","3.870000000000001","3.870000000000001","3.870000000000001","19.55","91.12","19.55","91.12","0","0","0","1","19.55","","91.12","","2"
"_042_","OK","0.6691199999999886","10.290196038077854","18.209","74.6885","2.6240000000000023","0.25499999999999545","5.757999999999996","19.521","16.897","74.816","74.561","0","5.52","5.52","5.52","5.0048","0","0","0","0","1","0","0","2.878999999999998","0","0","0","0","0","2","_681395dd8e580000_p_Net","0","0","0","1","1","0","0","0","0","0","1","_681395dd8e580000_p_odb__dbNet","0.0","25.024","0.0","25.024","25.024","","25.024","5.52","1","5.52","5.52","5.52","22.54","74.8","22.54","74.8","1","0","0","0","22.54","","74.8","","2"
"_043_","OK","11.161912000000031","1.678169832617998","22.604","168.5645","4.327999999999999","2.5790000000000077","13.814000000000014","24.768","20.44","169.854","167.275","0","3.639999999999997","3.639999999999997","3.639999999999997","6.256","0","0","0","0","1","0","0","6.907000000000007","0","0","0","0","0","2","_e01395dd8e580000_p_Net","0","0","0","1","1","0","0","0","0","0","1","_e01395dd8e580000_p_odb__dbNet","0.0","23.772800000000004","0.0","23.772800000000004","23.772800000000004","","23.772800000000004","3.639999999999997","1","3.639999999999997","3.639999999999997","3.639999999999997","23.23","167.28","23.23","167.28","0","0","0","1","23.23","","167.28","","2"
"_044_","OK","0.21031199999998643","0.022637795268161967","40.3845","67.994","0.06899999999999551","3.048000000000002","6.233999999999995","40.419","40.35","69.518","66.47","0","4.560000000000002","4.560000000000002","4.560000000000002","5.0048","0","0","0","0","1","0","0","3.1169999999999973","0","0","0","0","0","2","_581495dd8e580000_p_Net","0","0","0","1","1","0","0","0","0","0","1","_581495dd8e580000_p_odb__dbNet","0.0","20.0192","0.0","20.0192","20.0192","","20.0192","4.560000000000002","1","4.560000000000002","4.560000000000002","4.560000000000002","38.18","66.64","38.18","66.64","0","0","1","0","38.18","","66.64","","2"
"_045_","OK","0.935272000000014","0.1634615383932037","39.4255","59.834","0.39100000000000534","2.392000000000003","5.566000000000017","39.621","39.23","61.03","58.638","0","4.100000000000001","4.100000000000001","4.100000000000001","5.0048","0","0","0","0","1","0","0","2.7830000000000084","0","0","0","0","0","2","_d01495dd8e580000_p_Net","0","0","0","1","1","0","0","0","0","0","1","_d01495dd8e580000_p_odb__dbNet","0.0","20.0192","0.0","20.0192","20.0192","","20.0192","4.100000000000001","1","4.100000000000001","4.100000000000001","4.100000000000001","41.4","61.2","41.4","61.2","1","0","0","0","41.4","","61.2","","2"
"_046_","OK","3.9959280000000024","0.4301181100951053","44.025499999999994","46.234","1.311","3.048000000000002","8.718000000000004","44.681","43.37","47.758","44.71","0","3.1799999999999997","3.1799999999999997","3.1799999999999997","5.0048","0","0","0","0","1","0","0","4.359000000000002","0","0","0","0","0","2","_481595dd8e580000_p_Net","0","0","0","1","1","0","0","0","0","0","1","_481595dd8e580000_p_odb__dbNet","0.0","20.0192","0.0","20.0192","20.0192","","20.0192","3.1799999999999997","1","3.1799999999999997","3.1799999999999997","3.1799999999999997","45.54","44.88","45.54","44.88","0","0","0","1","45.54","","44.88","","2"
"_047_","OK","6.428231999999988","0.6919291336312546","39.3645","40.806","2.1089999999999947","3.048000000000002","10.313999999999993","40.419","38.31","42.33","39.282","0","3.1799999999999926","3.1799999999999926","3.1799999999999926","5.0048","0","0","0","0","1","0","0","5.1569999999999965","0","0","0","0","0","2","_c01595dd8e580000_p_Net","0","0","0","1","1","0","0","0","0","0","1","_c01595dd8e580000_p_odb__dbNet","0.0","20.0192","0.0","20.0192","20.0192","","20.0192","3.1799999999999926","1","3.1799999999999926","3.1799999999999926","3.1799999999999926","40.48","42.16","40.48","42.16","1","0","0","0","40.48","","42.16","","2"
"_048_","OK","5.026152","0.5410104985101678","39.1345","19.034","1.649000000000001","3.0479999999999983","9.393999999999998","39.959","38.31","20.558","17.51","0","3.6399999999999935","3.6399999999999935","3.6399999999999935","5.0048","0","0","0","0","1","0","0","4.696999999999999","0","0","0","0","0","2","_381695dd8e580000_p_Net","0","0","0","1","1","0","0","0","0","0","1","_381695dd8e580000_p_odb__dbNet","0.0","20.0192","0.0","20.0192","20.0192","","20.0192","3.6399999999999935","1","3.6399999999999935","3.6399999999999935","3.6399999999999935","40.48","17.68","40.48","17.68","0","0","0","1","40.48","","17.68","","2"
"_049_","OK","5.044727999999999","0.8816889628421049","44.424499999999995","16.326","2.1090000000000018","2.3919999999999977","9.001999999999999","45.479","43.37","17.522","15.13","0","3.1799999999999997","3.1799999999999997","3.1799999999999997","5.0048","0","0","0","0","1","0","0","4.5009999999999994","0","0","0","0","0","2","_b01695dd8e580000_p_Net","0","0","0","1","1","0","0","0","0","0","1","_b01695dd8e580000_p_odb__dbNet","0.0","20.0192","0.0","20.0192","20.0192","","20.0192","3.1799999999999997","1","3.1799999999999997","3.1799999999999997","3.1799999999999997","45.54","14.96","45.54","14.96","0","0","0","1","45.54","","14.96","","2"
"_050_","OK","0.02437200000000091","169.249985895828","43.7345","26.004","2.030999999999999","0.012000000000000455","4.0859999999999985","44.75","42.719","26.01","25.998","0","4.600000000000001","4.600000000000001","4.600000000000001","5.0048","0","0","0","0","1","0","0","2.0429999999999993","0","0","0","0","0","2","_281795dd8e580000_p_Net","0","0","0","1","1","0","0","0","0","0","1","_281795dd8e580000_p_odb__dbNet","0.0","20.0192","0.0","20.0192","20.0192","","20.0192","4.600000000000001","1","4.600000000000001","4.600000000000001","4.600000000000001","46.92","25.84","46.92","25.84","0","0","0","1","46.92","","25.84","","2"
"_051_","OK","4.375942999999994","0.1393896126826002","41.9905","66.7165","0.7809999999999988","5.6030000000000015","12.768","42.381","41.6","69.518","63.915","0","7.049999999999997","7.049999999999997","7.049999999999997","5.0048","0","0","0","0","1","0","0","6.384","0","0","0","0","0","2","_a01795dd8e580000_p_Net","0","0","0","1","1","0","0","0","0","0","1","_a01795dd8e580000_p_odb__dbNet","0.0","23.772800000000004","0.0","23.772800000000004","23.772800000000004","","23.772800000000004","7.049999999999997","1","7.049999999999997","7.049999999999997","7.049999999999997","44.39","63.92","44.39","63.92","0","0","0","1","44.39","","63.92","","2"
"_052_","OK","2.3945579999999973","0.08569807035836194","31.8435","159.213","0.4529999999999994","5.286000000000001","11.478000000000002","32.07","31.617","161.856","156.57","0","7.279999999999998","7.279999999999998","7.279999999999998","5.0048","0","0","0","0","1","0","0","5.739000000000001","0","0","0","0","0","2","_181895dd8e580000_p_Net","0","0","0","1","1","0","0","0","0","0","1","_181895dd8e580000_p_odb__dbNet","0.0","20.0192","0.0","20.0192","20.0192","","20.0192","7.279999999999998","1","7.279999999999998","7.279999999999998","7.279999999999998","29.9","156.4","29.9","156.4","0","0","1","0","29.9","","156.4","","2"
"_053_","OK","0.17834399999999823","0.029067420254716043","26.386000000000003","184.9115","0.07199999999999918","2.477000000000004","5.098000000000006","26.422","26.35","186.15","183.673","0","3.8699999999999974","3.8699999999999974","3.8699999999999974","6.256","0","0","0","0","1","0","0","2.549000000000003","0","0","0","0","0","2","_901895dd8e580000_p_Net","0","0","0","1","1","0","0","0","0","0","1","_901895dd8e580000_p_odb__dbNet","0.0","20.0192","0.0","20.0192","20.0192","","20.0192","3.8699999999999974","1","3.8699999999999974","3.8699999999999974","3.8699999999999974","28.52","186.32","28.52","186.32","1","0","0","0","28.52","","186.32","","2"
"_054_","OK","2.4565500000000142","0.43186582791116285","26.865000000000002","179.51749999999998","1.0299999999999976","2.3850000000000193","6.830000000000034","27.38","26.35","180.71","178.325","0","2.9499999999999993","2.9499999999999993","2.9499999999999993","7.5072","0","0","0","0","1","0","0","3.415000000000017","0","0","0","0","0","2","_081995dd8e580000_p_Net","0","0","0","1","1","0","0","0","0","0","1","_081995dd8e580000_p_odb__dbNet","0.0","21.270400000000002","0.0","21.270400000000002","21.270400000000002","","21.270400000000002","2.9499999999999993","1","2.9499999999999993","2.9499999999999993","2.9499999999999993","28.75","180.88","28.75","180.88","1","0","0","0","28.75","","180.88","","2"
"_055_","OK","5.331887999999989","1.1056466297333118","38.144","179.61200000000002","2.4279999999999973","2.195999999999998","9.24799999999999","39.358","36.93","180.71","178.514","0","3.6400000000000006","3.6400000000000006","3.6400000000000006","7.5072","0","0","0","0","1","0","0","4.623999999999995","0","0","0","0","0","2","_801995dd8e580000_p_Net","0","0","0","1","1","0","0","0","0","0","1","_801995dd8e580000_p_odb__dbNet","0.0","20.0192","0.0","20.0192","20.0192","","20.0192","3.6400000000000006","1","3.6400000000000006","3.6400000000000006","3.6400000000000006","39.1","180.88","39.1","180.88","1","0","0","0","39.1","","180.88","","2"
"_056_","OK","2.813994","0.4354838707964259","35.9165","157.67899999999997","1.1069999999999993","2.5420000000000016","7.298000000000002","36.47","35.363","158.95","156.408","0","6.170000000000002","6.170000000000002","6.170000000000002","3.7536","0","0","0","0","1","0","0","3.649000000000001","0","0","0","0","0","2","_f81995dd8e580000_p_Net","0","0","0","1","1","0","0","0","0","0","1","_f81995dd8e580000_p_odb__dbNet","0.0","20.0192","0.0","20.0192","20.0192","","20.0192","6.170000000000002","1","6.170000000000002","6.170000000000002","6.170000000000002","38.64","159.12","38.64","159.12","1","0","0","0","38.64","","159.12","","2"
"_057_","OK","47.95579200000002","0.4033382244677794","42.291","178.318","4.398000000000003","10.903999999999996","30.604","44.49","40.092","183.77","172.866","0","12.489999999999995","12.489999999999995","12.489999999999995","6.256","0","0","0","0","1","0","0","15.302","0","0","0","0","0","2","_701a95dd8e580000_p_Net","0","0","0","1","1","0","0","0","0","0","1","_701a95dd8e580000_p_odb__dbNet","0.0","20.0192","0.0","20.0192","20.0192","","20.0192","12.489999999999995","1","12.489999999999995","12.489999999999995","12.489999999999995","42.32","183.6","42.32","183.6","1","0","0","0","42.32","","183.6","","2"
"_058_","OK","3.624072000000002","0.39009186338907725","33.3845","182.246","1.189","3.048000000000002","8.474000000000004","33.979","32.79","183.77","180.722","0","4.100000000000001","4.100000000000001","4.100000000000001","5.0048","0","0","0","0","1","0","0","4.237000000000002","0","0","0","0","0","2","_e81a95dd8e580000_p_Net","0","0","0","1","1","0","0","0","0","0","1","_e81a95dd8e580000_p_odb__dbNet","0.0","20.0192","0.0","20.0192","20.0192","","20.0192","4.100000000000001","1","4.100000000000001","4.100000000000001","4.100000000000001","34.96","183.6","34.96","183.6","1","0","0","0","34.96","","183.6","","2"
"_059_","OK","3.188591999999993","0.6612021854912556","17.416","108.892","1.4519999999999982","2.195999999999998","7.295999999999992","18.142","16.69","109.99","107.794","0","4.099999999999998","4.099999999999998","4.099999999999998","7.5072","0","0","0","0","1","0","0","3.647999999999996","0","0","0","0","0","2","_601b95dd8e580000_p_Net","0","0","0","1","1","0","0","0","0","0","1","_601b95dd8e580000_p_odb__dbNet","0.0","20.0192","0.0","20.0192","20.0192","","20.0192","4.099999999999998","1","4.099999999999998","4.099999999999998","4.099999999999998","18.86","110.16","18.86","110.16","1","0","0","0","18.86","","110.16","","2"
"_060_","OK","5.398008","0.5810367452161946","13.435500000000001","165.914","1.770999999999999","3.048000000000002","9.638000000000002","14.321","12.55","167.438","164.39","0","2.719999999999999","2.719999999999999","2.719999999999999","5.0048","0","0","0","0","1","0","0","4.819000000000001","0","0","0","0","0","2","_d81b95dd8e580000_p_Net","0","0","0","1","1","0","0","0","0","0","1","_d81b95dd8e580000_p_odb__dbNet","0.0","20.0192","0.0","20.0192","20.0192","","20.0192","2.719999999999999","1","2.719999999999999","2.719999999999999","2.719999999999999","14.72","164.56","14.72","164.56","0","0","0","1","14.72","","164.56","","2"
"_061_","OK","1.2571249999999958","0.157522123838046","30.3385","135.8135","0.4450000000000003","2.8249999999999886","6.539999999999978","30.561","30.116","137.226","134.401","0","4.330000000000027","4.330000000000027","4.330000000000027","11.2608","0","0","0","0","1","0","0","3.269999999999989","0","0","0","0","0","2","_501c95dd8e580000_p_Net","0","0","0","1","1","0","0","0","0","0","1","_501c95dd8e580000_p_odb__dbNet","0.0","25.024","0.0","25.024","25.024","","25.024","4.330000000000027","1","4.330000000000027","4.330000000000027","4.330000000000027","33.58","134.64","33.58","134.64","0","0","0","1","33.58","","134.64","","2"
"_062_","OK","5.155625000000019","0.64601769888636","31.9485","147.0655","1.8249999999999957","2.825000000000017","9.300000000000026","32.861","31.036","148.478","145.653","0","5.710000000000001","5.710000000000001","5.710000000000001","11.2608","0","0","0","0","1","0","0","4.650000000000013","0","0","0","0","0","2","_c81c95dd8e580000_p_Net","0","0","0","1","1","0","0","0","0","0","1","_c81c95dd8e580000_p_odb__dbNet","0.0","25.024","0.0","25.024","25.024","","25.024","5.710000000000001","1","5.710000000000001","5.710000000000001","5.710000000000001","35.88","148.24","35.88","148.24","1","0","0","0","35.88","","148.24","","2"
"_063_","OK","2.4450250000000073","0.3575525811252175","7.108499999999999","133.0935","0.9349999999999996","2.615000000000009","7.100000000000017","7.576","6.641","134.401","131.786","0","2.9499999999999993","2.9499999999999993","2.9499999999999993","11.2608","0","0","0","0","1","0","0","3.5500000000000087","0","0","0","0","0","2","_401d95dd8e580000_p_Net","0","0","0","1","1","0","0","0","0","0","1","_401d95dd8e580000_p_odb__dbNet","0.0","25.024","0.0","25.024","25.024","","25.024","2.9499999999999993","1","2.9499999999999993","2.9499999999999993","2.9499999999999993","9.66","134.64","9.66","134.64","1","0","0","0","9.66","","134.64","","2"
"_064_","OK","3.9408749999999855","0.4938053095597171","7.798500000000001","146.6935","1.3950000000000005","2.8249999999999886","8.439999999999978","8.496","7.101","148.106","145.281","0","2.9499999999999993","2.9499999999999993","2.9499999999999993","11.2608","0","0","0","0","1","0","0","4.219999999999989","0","0","0","0","0","2","_b81d95dd8e580000_p_Net","0","0","0","1","1","0","0","0","0","0","1","_b81d95dd8e580000_p_odb__dbNet","0.0","25.024","0.0","25.024","25.024","","25.024","2.9499999999999993","1","2.9499999999999993","2.9499999999999993","2.9499999999999993","10.12","145.52","10.12","145.52","0","0","0","1","10.12","","145.52","","2"
"_065_","OK","17.012150000000016","2.1316814151746235","8.747","43.3335","6.021999999999999","2.825000000000003","17.694000000000003","11.758","5.736","44.746","41.921","0","3.8700000000000063","3.8700000000000063","3.8700000000000063","11.2608","0","0","0","0","1","0","0","8.847000000000001","0","0","0","0","0","2","_301e95dd8e580000_p_Net","0","0","0","1","1","0","0","0","0","0","1","_301e95dd8e580000_p_odb__dbNet","0.0","25.024","0.0","25.024","25.024","","25.024","3.8700000000000063","1","3.8700000000000063","3.8700000000000063","3.8700000000000063","8.74","42.16","8.74","42.16","0","0","1","0","8.74","","42.16","","2"
"_066_","OK","2.445024999999994","0.3575525811252194","6.1884999999999994","122.5855","0.9349999999999996","2.614999999999995","7.099999999999989","6.656","5.721","123.893","121.278","0","2.9499999999999993","2.9499999999999993","2.9499999999999993","11.2608","0","0","0","0","1","0","0","3.5499999999999945","0","0","0","0","0","2","_a81e95dd8e580000_p_Net","0","0","0","1","1","0","0","0","0","0","1","_a81e95dd8e580000_p_odb__dbNet","0.0","25.024","0.0","25.024","25.024","","25.024","2.9499999999999993","1","2.9499999999999993","2.9499999999999993","2.9499999999999993","8.74","121.04","8.74","121.04","0","0","0","1","8.74","","121.04","","2"
"_067_","OK","8.107740000000014","0.24002064689607297","6.4185","167.332","1.3949999999999996","5.812000000000012","14.414000000000023","7.116","5.721","170.238","164.426","0","5.669999999999998","5.669999999999998","5.669999999999998","11.2608","0","0","0","0","1","0","0","7.207000000000011","0","0","0","0","0","2","_201f95dd8e580000_p_Net","0","0","0","1","1","0","0","0","0","0","1","_201f95dd8e580000_p_odb__dbNet","0.0","25.024","0.0","25.024","25.024","","25.024","5.669999999999998","1","5.669999999999998","5.669999999999998","5.669999999999998","8.74","170.0","8.74","170.0","1","0","0","0","8.74","","170.0","","2"
"_068_","OK","4.738579999999983","0.18449092340479709","6.1884999999999994","164.507","0.9349999999999996","5.067999999999984","12.005999999999966","6.656","5.721","167.041","161.973","0","5.669999999999998","5.669999999999998","5.669999999999998","11.2608","0","0","0","0","1","0","0","6.002999999999983","0","0","0","0","0","2","_981f95dd8e580000_p_Net","0","0","0","1","1","0","0","0","0","0","1","_981f95dd8e580000_p_odb__dbNet","0.0","25.024","0.0","25.024","25.024","","25.024","5.669999999999998","1","5.669999999999998","5.669999999999998","5.669999999999998","8.74","167.28","8.74","167.28","1","0","0","0","8.74","","167.28","","2"
"_069_","OK","13.983626999999984","0.48008152668518134","24.0225","112.7415","2.591000000000001","5.396999999999991","15.975999999999985","25.318","22.727","115.44","110.043","0","8.66","5.6899999999999995","11.379999999999999","3.7536","0","0","0","1","2","0","0","7.987999999999992","0","0","0","0","0","3","_102095dd8e580000_p_Net","0","0","0","1","0","0","1","0","0","0","2","_102095dd8e580000_p_odb__dbNet","0.0","0.0","0.0","6.256","5.0048","1.2512","10.0096","5.689999999999998","2","2.719999999999999","8.66","8.66","25.53","115.6","22.31","112.88","1","1","0","0","23.92","1.6100000000000012","114.24","1.3599999999999994","3"
"_070_","OK","76.64461800000002","0.6911024593399385","46.979","178.4505","7.277999999999999","10.531000000000006","35.61800000000001","50.618","43.34","183.716","173.185","0","14.369999999999997","13.334999999999997","53.33999999999999","3.7536","0","0","0","1","4","0","0","17.809000000000005","0","0","0","0","0","5","_882095dd8e580000_p_Net","0","0","0","1","0","0","1","0","0","0","4","_882095dd8e580000_p_odb__dbNet","0.0","0.0","0.0","8.758400000000002","6.881600000000001","1.398884126723869","27.526400000000002","13.335000000000022","4","13.409999999999997","14.369999999999997","14.369999999999997","48.3","178.16","42.55","172.72","0","0","2","2","45.655","2.232896101478974","175.43999999999997","1.9233304448274084","5"
"_071_","OK","107.91108300000002","0.9014715290282904","47.5265","178.2455","9.863","10.941000000000003","41.608000000000004","52.458","42.595","183.716","172.775","0","16.21","15.175","60.7","3.7536","0","0","0","1","4","0","0","20.804000000000002","0","0","0","0","0","5","_002195dd8e580000_p_Net","0","0","0","1","0","0","1","0","0","0","4","_002195dd8e580000_p_odb__dbNet","0.0","0.0","0.0","8.758400000000002","6.881600000000001","1.398884126723869","27.526400000000002","15.175000000000026","4","15.25","16.21","16.21","48.3","178.16","42.55","172.72","0","0","3","1","45.655","2.232896101478974","175.43999999999997","1.9233304448274084","5"
"_072_","OK","274.7493200000001","0.4785893155059019","34.036500000000004","168.54000000000002","11.467000000000002","23.960000000000008","70.85400000000001","39.77","28.303","180.52","156.56","0","27.54999999999999","18.476666666666663","110.85999999999999","3.7536","0","0","0","1","6","0","0","35.42700000000001","0","0","0","0","0","7","_782195dd8e580000_p_Net","0","1","0","1","0","0","1","0","0","0","6","_782195dd8e580000_p_odb__dbNet","5.0048","0.0","0.0","7.5072","5.421866666666666","1.1796426728274778","32.5312","15.756666666666682","6","15.14","27.54999999999999","27.54999999999999","40.71","180.88","31.74","156.4","2","1","1","2","36.34","3.2391099600559015","167.73333333333332","9.983631047313837","7"
"_073_","OK","3.6112899999999906","0.3954334876256023","45.7195","133.314","1.1950000000000003","3.0219999999999914","8.433999999999983","46.317","45.122","134.825","131.803","0","4.559999999999995","4.559999999999995","4.559999999999995","3.7536","0","0","0","0","1","0","0","4.216999999999992","0","0","0","0","0","2","_f02195dd8e580000_p_Net","0","0","0","1","0","0","0","0","0","0","1","_f02195dd8e580000_p_odb__dbNet","0.0","0.0","0.0","11.2608","11.2608","","11.2608","4.559999999999995","1","4.559999999999995","4.559999999999995","4.559999999999995","44.39","134.64","44.39","134.64","0","1","0","0","44.39","","134.64","","2"
"_074_","OK","8.027760000000022","1.3730355660161109","38.777","108.834","3.3200000000000003","2.4180000000000064","11.476000000000013","40.437","37.117","110.043","107.625","0","6.859999999999999","6.859999999999999","6.859999999999999","3.7536","0","0","0","0","1","0","0","5.738000000000007","0","0","0","0","0","2","_682295dd8e580000_p_Net","0","0","0","1","0","0","0","0","0","0","1","_682295dd8e580000_p_odb__dbNet","0.0","0.0","0.0","11.2608","11.2608","","11.2608","6.859999999999999","1","6.859999999999999","6.859999999999999","6.859999999999999","41.17","107.44","41.17","107.44","0","0","0","1","41.17","","107.44","","2"
"_075_","OK","13.253689999999985","0.39809358745267015","11.0735","79.88499999999999","2.296999999999999","5.769999999999996","16.13399999999999","12.222","9.925","82.77","77.0","0","5.899999999999997","4.4449999999999985","8.889999999999997","8.758400000000002","0","0","0","0","2","0","0","8.066999999999995","0","0","0","0","0","3","_e02295dd8e580000_p_Net","0","1","0","1","0","0","0","0","0","0","2","_e02295dd8e580000_p_odb__dbNet","5.0048","0.0","0.0","8.758400000000002","6.881600000000001","1.8768000000000007","13.763200000000001","4.4449999999999985","2","2.99","5.899999999999997","5.899999999999997","12.88","82.96","10.35","77.52","1","0","1","0","11.615","1.2650000000000006","80.24","2.719999999999999","3"
"_076_","OK","12.298369000000012","0.40908261892958525","6.0385","52.9015","2.2430000000000003","5.483000000000004","15.452000000000009","7.16","4.917","55.643","50.16","0","8.199999999999998","8.199999999999998","8.199999999999998","3.7536","0","0","0","0","1","0","0","7.726000000000004","0","0","0","0","0","2","_582395dd8e580000_p_Net","0","0","0","1","0","0","0","0","0","0","1","_582395dd8e580000_p_odb__dbNet","0.0","0.0","0.0","3.7536","3.7536","","3.7536","8.199999999999998","1","8.199999999999998","8.199999999999998","8.199999999999998","7.59","50.32","7.59","50.32","0","0","0","1","7.59","","50.32","","2"
"_077_","OK","13.485432000000056","1.9016147195262352","11.513","76.2915","5.064","2.663000000000011","15.454000000000022","14.045","8.981","77.623","74.96","0","6.399999999999999","4.879999999999999","14.639999999999997","8.758400000000002","0","0","0","0","3","0","0","7.727000000000011","0","0","0","0","0","4","_d02395dd8e580000_p_Net","0","0","0","1","0","0","0","0","0","0","3","_d02395dd8e580000_p_odb__dbNet","0.0","0.0","0.0","8.758400000000002","6.256","2.0432010441135424","18.768","4.879999999999999","3","4.559999999999999","6.399999999999999","6.399999999999999","14.03","77.52","12.19","74.8","1","0","0","2","13.416666666666666","0.8673843182554982","75.70666666666666","1.2822202965516056","4"
"_078_","OK","40.26888000000002","0.34143646405695816","15.441","71.9","3.708000000000002","10.86","29.136000000000003","17.295","13.587","77.33","66.47","0","10.459999999999996","6.264999999999999","25.059999999999995","6.256","0","0","0","0","4","0","0","14.568000000000001","0","0","0","0","0","5","_482495dd8e580000_p_Net","0","1","0","1","0","0","0","0","0","0","4","_482495dd8e580000_p_odb__dbNet","3.7536","0.0","0.0","7.5072","5.0047999999999995","1.5324007830851563","20.019199999999998","4.904999999999999","4","5.249999999999998","10.459999999999996","10.459999999999996","17.71","77.52","14.26","66.64","2","1","0","1","16.215","1.2439151900350764","72.08","3.846660889654817","5"
"_079_","OK","40.36300799999992","1.3965773806926032","15.856","72.22800000000001","7.507999999999999","5.375999999999991","25.76799999999998","19.61","12.102","74.916","69.54","0","11.459999999999999","9.485","18.97","3.7536","0","0","0","0","2","0","0","12.88399999999999","0","0","0","0","0","3","_c02495dd8e580000_p_Net","0","0","0","1","0","0","0","0","0","0","2","_c02495dd8e580000_p_odb__dbNet","0.0","0.0","0.0","16.265600000000003","14.388800000000002","1.8768000000000011","28.777600000000003","9.484999999999998","2","7.509999999999998","11.459999999999999","11.459999999999999","20.93","72.08","14.26","69.36","0","0","1","1","17.595","3.335","70.72","1.3599999999999994","3"
"_080_","OK","0.13191999999999565","28.52941134515659","17.387","66.489","1.9399999999999977","0.06799999999999784","4.015999999999991","18.357","16.417","66.523","66.455","0","2.7600000000000016","2.7600000000000016","2.7600000000000016","3.7536","0","0","0","0","1","0","0","2.0079999999999956","0","0","0","0","0","2","_382595dd8e580000_p_Net","0","0","0","1","0","0","0","0","0","0","1","_382595dd8e580000_p_odb__dbNet","0.0","0.0","0.0","11.2608","11.2608","","11.2608","2.7600000000000016","1","2.7600000000000016","2.7600000000000016","2.7600000000000016","19.09","66.64","19.09","66.64","1","0","0","0","19.09","","66.64","","2"
"_081_","OK","8.46833999999997","0.29853548623760096","61.715","137.46300000000002","1.5899999999999963","5.325999999999993","13.83199999999998","62.51","60.92","140.126","134.8","0","6.130000000000031","4.330000000000016","8.660000000000032","10.0096","0","0","0","0","2","0","0","6.91599999999999","0","0","0","0","0","3","_b02595dd8e580000_p_Net","0","0","0","1","0","0","0","0","0","0","2","_b02595dd8e580000_p_odb__dbNet","0.0","0.0","0.0","8.758400000000002","6.256000000000001","2.502400000000001","12.512000000000002","4.330000000000034","2","2.530000000000001","6.130000000000031","6.130000000000031","62.33","140.08","60.49","134.64","1","0","1","0","61.41","0.9199999999999982","137.36","2.720000000000013","3"
"_082_","OK","147.07174900000012","0.39283683909282935","67.9115","146.90550000000002","7.600999999999999","19.349000000000018","53.900000000000034","71.712","64.111","156.58","137.231","0","23.639999999999986","16.729999999999993","50.18999999999998","7.5072","0","0","0","0","3","0","0","26.950000000000017","0","0","0","0","0","4","_282695dd8e580000_p_Net","0","1","0","1","0","0","0","0","0","0","3","_282695dd8e580000_p_odb__dbNet","3.7536","0.0","0.0","12.512","8.7584","3.683433065316467","26.275199999999998","15.349999999999994","3","14.519999999999996","23.639999999999986","23.639999999999986","70.38","156.4","64.63","148.24","1","2","0","0","66.62333333333333","2.658023492915156","151.86666666666667","3.392436030675039","4"
"_083_","OK","26.305621000000013","0.23136078024651932","63.0735","156.6685","2.4669999999999987","10.663000000000011","26.26000000000002","64.307","61.84","162.0","151.337","0","14.329999999999998","13.179999999999996","26.359999999999992","10.0096","0","0","0","0","2","0","0","13.13000000000001","0","0","0","0","0","3","_a02695dd8e580000_p_Net","0","0","0","1","0","0","0","0","0","0","2","_a02695dd8e580000_p_odb__dbNet","0.0","0.0","0.0","8.758400000000002","6.256000000000001","2.502400000000001","12.512000000000002","13.179999999999993","2","12.029999999999994","14.329999999999998","14.329999999999998","63.71","161.84","61.41","161.84","1","1","0","0","62.56","1.1500000000000021","161.84","0.0","3"
"_084_","OK","103.77690400000014","0.40175460425573994","67.8135","164.874","6.457000000000008","16.072000000000003","45.05800000000002","71.042","64.585","172.91","156.838","0","22.529999999999987","22.529999999999987","22.529999999999987","12.512","0","0","0","0","1","0","0","22.52900000000001","0","0","0","0","0","2","_182795dd8e580000_p_Net","0","1","0","1","0","0","0","0","0","0","1","_182795dd8e580000_p_odb__dbNet","3.7536","0.0","0.0","3.7536","3.7536","","3.7536","22.529999999999987","1","22.529999999999987","22.529999999999987","22.529999999999987","64.17","172.72","64.17","172.72","0","1","0","0","64.17","","172.72","","2"
"_085_","OK","9.185060000000016","0.33916218287102917","66.86250000000001","178.118","1.7650000000000006","5.204000000000008","13.938000000000017","67.745","65.98","180.72","175.516","0","5.900000000000006","5.0","10.0","6.256","0","0","0","0","2","0","0","6.969000000000008","0","0","0","0","0","3","_902795dd8e580000_p_Net","0","0","0","1","0","0","0","0","0","0","2","_902795dd8e580000_p_odb__dbNet","0.0","0.0","0.0","8.758400000000002","6.256000000000001","2.502400000000001","12.512000000000002","4.539999999999978","2","4.099999999999994","5.900000000000006","5.900000000000006","67.39","180.88","65.55","178.16","1","1","0","0","66.47","0.9200000000000017","179.51999999999998","1.3599999999999994","3"
"_086_","OK","29.76966500000008","0.4531770511470471","63.8865","176.8185","3.673000000000002","8.105000000000018","23.55600000000004","65.723","62.05","180.871","172.766","0","11.839999999999996","11.839999999999996","11.839999999999996","3.7536","0","0","0","0","1","0","0","11.77800000000002","0","0","0","0","0","2","_082895dd8e580000_p_Net","0","0","0","1","0","0","0","0","0","0","1","_082895dd8e580000_p_odb__dbNet","0.0","0.0","0.0","8.758400000000002","8.758400000000002","","8.758400000000002","11.839999999999996","1","11.839999999999996","11.839999999999996","11.839999999999996","61.87","172.72","61.87","172.72","0","0","1","0","61.87","","172.72","","2"
"_087_","OK","13.77156400000003","3.099146108586737","58.6635","173.964","6.533000000000001","2.108000000000004","17.28200000000001","61.93","55.397","175.018","172.91","0","10.079999999999998","10.079999999999998","10.079999999999998","15.0144","0","0","0","0","1","0","0","8.641000000000005","0","0","0","0","0","2","_802895dd8e580000_p_Net","0","1","0","1","0","0","0","0","0","0","1","_802895dd8e580000_p_odb__dbNet","5.0048","0.0","0.0","5.0048","5.0048","","5.0048","10.079999999999998","1","10.079999999999998","10.079999999999998","10.079999999999998","54.74","172.72","54.74","172.72","0","0","1","0","54.74","","172.72","","2"
"_088_","OK","387.6597750000002","0.5191948764677327","34.5085","172.45749999999998","14.186999999999998","27.325000000000017","83.02400000000003","41.602","27.415","186.12","158.795","0","27.54999999999999","19.099999999999994","95.49999999999997","6.256","0","0","0","0","5","0","0","41.512000000000015","0","0","0","0","0","6","_f82895dd8e580000_p_Net","0","0","0","1","0","0","0","0","0","0","5","_f82895dd8e580000_p_odb__dbNet","0.0","0.0","0.0","7.5072","5.75552","1.0009599999999998","28.7776","13.659999999999982","5","20.619999999999994","27.54999999999999","27.54999999999999","40.48","186.32","27.37","159.12","1","2","2","0","32.153999999999996","4.710004670910633","174.89600000000002","9.791999999999996","6"
"_089_","OK","1.6547400000001167","78.70344773307411","38.715999999999994","175.3225","11.411999999999999","0.14500000000001023","23.11400000000002","44.422","33.01","175.395","175.25","0","12.189999999999998","11.04","22.08","5.0048","0","0","0","0","2","0","0","11.55700000000001","0","0","0","0","0","3","_702995dd8e580000_p_Net","0","1","0","1","0","0","0","0","0","0","2","_702995dd8e580000_p_odb__dbNet","3.7536","0.0","0.0","8.758400000000002","6.256000000000001","2.502400000000001","12.512000000000002","11.04","2","9.89","12.189999999999998","12.189999999999998","34.73","175.44","32.43","175.44","0","2","0","0","33.58","1.1499999999999986","175.44","0.0","3"
"_090_","OK","20.49409299999999","0.7304134414328088","30.7815","172.45850000000002","3.8689999999999998","5.296999999999997","18.331999999999994","32.716","28.847","175.107","169.81","0","8.43","6.079999999999999","18.24","3.7536","0","0","0","0","3","0","0","9.165999999999997","0","0","0","0","0","4","_e82995dd8e580000_p_Net","0","0","0","1","0","0","0","0","0","0","3","_e82995dd8e580000_p_odb__dbNet","0.0","0.0","0.0","8.758400000000002","7.090133333333334","1.5605205741105188","21.270400000000002","6.079999999999998","3","5.899999999999999","8.43","8.43","32.43","175.44","28.98","170.0","1","1","1","0","30.436666666666667","1.4586828152671008","173.62666666666667","2.5644405931032113","4"
"_091_","OK","61.69576000000011","0.17099236640321197","42.171","165.7725","3.2480000000000047","18.995000000000005","44.48600000000002","43.795","40.547","175.27","156.275","0","19.039999999999992","14.673333333333325","44.019999999999975","6.256","0","0","0","0","3","0","0","22.24300000000001","0","0","0","0","0","4","_602a95dd8e580000_p_Net","0","1","0","1","0","0","0","0","0","0","3","_602a95dd8e580000_p_odb__dbNet","3.7536","0.0","0.0","6.256","4.587733333333333","1.1796426728274778","13.763200000000001","14.673333333333325","3","18.61999999999999","19.039999999999992","19.039999999999992","43.01","175.44","40.71","161.84","1","1","1","0","41.93666666666667","0.9452101471219088","170.0","5.875871566556458","4"
"_092_","OK","13.751423999999993","1.7947976872128604","45.581","173.93900000000002","4.967999999999996","2.7680000000000007","15.471999999999994","48.065","43.097","175.323","172.555","0","8.009999999999998","6.074999999999999","12.149999999999999","3.7536","0","0","0","0","2","0","0","7.735999999999997","0","0","0","0","0","3","_d82a95dd8e580000_p_Net","0","0","0","1","0","0","0","0","0","0","2","_d82a95dd8e580000_p_odb__dbNet","0.0","0.0","0.0","8.758400000000002","8.132800000000001","0.6256000000000008","16.265600000000003","6.07500000000001","2","4.140000000000001","8.009999999999998","8.009999999999998","48.3","175.44","47.15","172.72","1","0","0","1","47.724999999999994","0.5749999999999993","174.07999999999998","1.3599999999999994","3"
"_093_","OK","5.103225000000048","0.07363363362478965","47.966499999999996","179.6025","0.6130000000000067","8.324999999999989","17.87599999999999","48.273","47.66","183.765","175.44","0","9.769999999999996","9.769999999999996","9.769999999999996","8.758400000000002","0","0","0","0","1","0","0","8.937999999999995","0","0","0","0","0","2","_502b95dd8e580000_p_Net","0","1","0","1","0","0","0","0","0","0","1","_502b95dd8e580000_p_odb__dbNet","7.5072","0.0","0.0","7.5072","7.5072","","7.5072","9.769999999999996","1","9.769999999999996","9.769999999999996","9.769999999999996","48.76","183.6","48.76","183.6","1","0","0","0","48.76","","183.6","","2"
"_094_","OK","31.528970000000044","0.4271912466037489","48.897","141.3405","3.6700000000000017","8.591000000000008","24.52200000000002","50.732","47.062","145.636","137.045","0","11.61","9.016666666666666","27.049999999999997","3.7536","0","0","0","0","3","0","0","12.26100000000001","0","0","0","0","0","4","_c82b95dd8e580000_p_Net","0","0","0","1","0","0","0","0","0","0","3","_c82b95dd8e580000_p_odb__dbNet","0.0","0.0","0.0","5.0048","5.0048","0.0","15.014400000000002","9.016666666666666","3","9.769999999999996","11.61","11.61","50.6","140.08","47.38","137.36","0","0","2","1","48.913333333333334","1.3190232076132025","138.26666666666668","1.2822202965516056","4"
"_095_","OK","28.391271999999905","1.015317700261857","48.1675","153.764","5.369","5.2879999999999825","21.313999999999965","50.852","45.483","156.408","151.12","0","10.959999999999994","8.379999999999995","25.139999999999986","3.7536","0","0","0","0","3","0","0","10.656999999999982","0","0","0","0","0","4","_402c95dd8e580000_p_Net","0","0","0","1","0","0","0","0","0","0","3","_402c95dd8e580000_p_odb__dbNet","0.0","0.0","0.0","6.256","4.587733333333333","1.1796426728274778","13.763200000000001","8.379999999999995","3","9.159999999999997","10.959999999999994","10.959999999999994","51.75","153.68","47.61","150.96","0","0","1","2","50.06333333333333","1.7749616584278345","152.77333333333334","1.2822202965516056","4"
"_096_","OK","63.183375","0.1085595854877281","52.5665","163.1925","2.6189999999999998","24.125","53.488","53.876","51.257","175.255","151.13","0","16.319999999999993","13.849999999999994","27.69999999999999","3.7536","0","0","0","0","2","0","0","26.744","0","0","0","0","0","3","_b82c95dd8e580000_p_Net","0","0","0","1","0","0","0","0","0","0","2","_b82c95dd8e580000_p_odb__dbNet","0.0","0.0","0.0","6.256","5.0048","1.2512","10.0096","5.6899999999999835","2","11.379999999999995","16.319999999999993","16.319999999999993","54.05","175.44","50.83","150.96","1","0","1","0","52.44","1.6099999999999994","163.2","12.239999999999995","3"
"_097_","OK","18.000561999999945","0.09130403816741633","50.101","144.0555","1.2819999999999965","14.040999999999997","30.645999999999987","50.742","49.46","151.076","137.035","0","15.669999999999995","15.669999999999995","15.669999999999995","3.7536","0","0","0","0","1","0","0","15.322999999999993","0","0","0","0","0","2","_302d95dd8e580000_p_Net","0","0","0","1","0","0","0","0","0","0","1","_302d95dd8e580000_p_odb__dbNet","0.0","0.0","0.0","5.0048","5.0048","","5.0048","15.669999999999995","1","15.669999999999995","15.669999999999995","15.669999999999995","48.76","137.36","48.76","137.36","0","0","1","0","48.76","","137.36","","2"
"_098_","OK","9.396824999999982","0.34288443164414945","49.4595","134.6975","1.7950000000000017","5.234999999999985","14.059999999999974","50.357","48.562","137.315","132.08","0","7.74000000000003","7.74000000000003","7.74000000000003","5.0048","0","0","0","0","1","0","0","7.029999999999987","0","0","0","0","0","2","_a82d95dd8e580000_p_Net","0","0","0","1","0","0","0","0","0","0","1","_a82d95dd8e580000_p_odb__dbNet","0.0","0.0","0.0","5.0048","5.0048","","5.0048","7.74000000000003","1","7.74000000000003","7.74000000000003","7.74000000000003","51.06","131.92","51.06","131.92","0","0","0","1","51.06","","131.92","","2"
"_099_","OK","23.960509999999978","0.8716383748099116","44.394999999999996","143.0265","4.57","5.242999999999995","19.62599999999999","46.68","42.11","145.648","140.405","0","11.649999999999999","11.649999999999999","11.649999999999999","6.256","0","0","0","0","1","0","0","9.812999999999995","0","0","0","0","0","2","_202e95dd8e580000_p_Net","0","0","0","1","0","0","0","0","0","0","1","_202e95dd8e580000_p_odb__dbNet","0.0","0.0","0.0","5.0048","5.0048","","5.0048","11.649999999999999","1","11.649999999999999","11.649999999999999","11.649999999999999","47.38","140.08","47.38","140.08","0","0","0","1","47.38","","140.08","","2"
"_100_","OK","76.15286","1.097478991464889","52.583","130.478","9.142000000000003","8.329999999999998","34.944","57.154","48.012","134.643","126.313","0","18.509999999999977","18.509999999999977","18.509999999999977","8.758400000000002","0","0","0","0","1","0","0","17.472","0","0","0","0","0","2","_982e95dd8e580000_p_Net","0","0","0","1","0","0","0","0","0","0","1","_982e95dd8e580000_p_odb__dbNet","0.0","0.0","0.0","5.0048","5.0048","","5.0048","18.509999999999977","1","18.509999999999977","18.509999999999977","18.509999999999977","47.84","134.64","47.84","134.64","0","1","0","0","47.84","","134.64","","2"
"_101_","OK","2.4837999999999916","0.07794508413145294","47.357","137.3025","0.4399999999999977","5.64500000000001","12.170000000000016","47.577","47.137","140.125","134.48","0","5.900000000000027","5.900000000000027","5.900000000000027","5.0048","0","0","0","0","1","0","0","6.085000000000008","0","0","0","0","0","2","_102f95dd8e580000_p_Net","0","0","0","1","0","0","0","0","0","0","1","_102f95dd8e580000_p_odb__dbNet","0.0","0.0","0.0","5.0048","5.0048","","5.0048","5.900000000000027","1","5.900000000000027","5.900000000000027","5.900000000000027","47.84","134.64","47.84","134.64","0","0","0","1","47.84","","134.64","","2"
"_102_","OK","42.74118199999998","0.08969719180495216","49.016","161.9905","1.9579999999999984","21.829000000000008","47.57400000000001","49.995","48.037","172.905","151.076","0","23.139999999999986","13.849999999999994","27.69999999999999","3.7536","0","0","0","0","2","0","0","23.787000000000006","0","0","0","0","0","3","_882f95dd8e580000_p_Net","0","0","0","1","0","0","0","0","0","0","2","_882f95dd8e580000_p_odb__dbNet","0.0","0.0","0.0","6.256","5.0048","1.2512","10.0096","12.469999999999985","2","4.560000000000002","23.139999999999986","23.139999999999986","50.83","172.72","47.61","153.68","1","0","1","0","49.22","1.6099999999999994","163.2","9.519999999999996","3"
"_103_","OK","39.30358399999998","0.14387705710649348","48.711","145.29899999999998","2.378","16.52799999999999","37.81199999999998","49.9","47.522","153.563","137.035","0","19.309999999999995","19.309999999999995","19.309999999999995","3.7536","0","0","0","0","1","0","0","18.90599999999999","0","0","0","0","0","2","_003095dd8e580000_p_Net","0","0","0","1","0","0","0","0","0","0","1","_003095dd8e580000_p_odb__dbNet","0.0","0.0","0.0","5.0048","5.0048","","5.0048","19.309999999999995","1","19.309999999999995","19.309999999999995","19.309999999999995","50.6","137.36","50.6","137.36","0","0","0","1","50.6","","137.36","","2"
"_104_","OK","0.03659999999996668","1463.9997072013887","63.72","134.8025","7.319999999999993","0.0049999999999954525","14.649999999999977","67.38","60.06","134.805","134.8","0","5.749999999999993","5.749999999999993","5.749999999999993","7.5072","0","0","0","0","1","0","0","7.324999999999989","0","0","0","0","0","2","_783095dd8e580000_p_Net","0","0","0","1","0","0","0","0","0","0","1","_783095dd8e580000_p_odb__dbNet","0.0","0.0","0.0","3.7536","3.7536","","3.7536","5.749999999999993","1","5.749999999999993","5.749999999999993","5.749999999999993","60.49","134.64","60.49","134.64","0","0","1","0","60.49","","134.64","","2"
"_105_","OK","20.86243199999999","2.8449039871326076","56.464","136.002","7.704000000000001","2.7079999999999984","20.823999999999998","60.316","52.612","137.356","134.648","0","10.770000000000032","10.770000000000032","10.770000000000032","3.7536","0","0","0","0","1","0","0","10.411999999999999","0","0","0","0","0","2","_f03095dd8e580000_p_Net","0","0","0","1","0","0","0","0","0","0","1","_f03095dd8e580000_p_odb__dbNet","0.0","0.0","0.0","5.0048","5.0048","","5.0048","10.770000000000032","1","10.770000000000032","10.770000000000032","10.770000000000032","52.44","137.36","52.44","137.36","0","1","0","0","52.44","","137.36","","2"
"_106_","OK","0.19270000000001275","4.585365831290642","51.266999999999996","137.41750000000002","0.9400000000000048","0.2050000000000125","2.2900000000000347","51.737","50.797","137.52","137.315","0","1.8399999999999963","1.8399999999999963","1.8399999999999963","5.0048","0","0","0","0","1","0","0","1.1450000000000173","0","0","0","0","0","2","_683195dd8e580000_p_Net","0","0","0","1","0","0","0","0","0","0","1","_683195dd8e580000_p_odb__dbNet","0.0","0.0","0.0","5.0048","5.0048","","5.0048","1.8399999999999963","1","1.8399999999999963","1.8399999999999963","1.8399999999999963","52.44","137.36","52.44","137.36","0","0","0","1","52.44","","137.36","","2"
"_107_","OK","25.42548800000004","0.8206970893243453","52.681","156.26299999999998","4.568000000000005","5.5660000000000025","20.268000000000015","54.965","50.397","159.046","153.48","0","10.269999999999996","8.686666666666662","26.059999999999988","8.758400000000002","0","0","0","0","3","0","0","10.134000000000007","0","0","0","0","0","4","_e03195dd8e580000_p_Net","0","0","0","1","0","0","0","0","0","0","3","_e03195dd8e580000_p_odb__dbNet","0.0","0.0","0.0","12.512","7.924266666666667","3.2839862173211927","23.7728","8.686666666666667","3","9.619999999999997","10.269999999999996","10.269999999999996","55.89","156.4","52.44","153.68","1","1","0","1","54.050000000000004","1.4178152206828658","155.49333333333334","1.2822202965516056","4"
"_108_","OK","8.564399999999988","1.7759562833442832","46.611999999999995","152.392","3.8999999999999986","2.195999999999998","12.191999999999993","48.562","44.662","153.49","151.294","0","6.859999999999999","6.859999999999999","6.859999999999999","10.0096","0","0","0","0","1","0","0","6.0959999999999965","0","0","0","0","0","2","_583295dd8e580000_p_Net","0","1","0","1","0","0","0","0","0","0","1","_583295dd8e580000_p_odb__dbNet","5.0048","0.0","0.0","5.0048","5.0048","","5.0048","6.859999999999999","1","6.859999999999999","6.859999999999999","6.859999999999999","49.22","153.68","49.22","153.68","1","0","0","0","49.22","","153.68","","2"
"_109_","OK","84.20851400000011","0.7249025792610019","52.923500000000004","158.709","7.812999999999995","10.77800000000002","37.18200000000003","56.83","49.017","164.098","153.32","0","15.979999999999997","9.504999999999999","38.019999999999996","8.758400000000002","0","0","0","0","4","0","0","18.591000000000015","0","0","0","0","0","5","_d03295dd8e580000_p_Net","0","0","0","1","0","0","0","0","0","0","4","_d03295dd8e580000_p_odb__dbNet","0.0","0.0","0.0","12.512","8.132800000000001","2.8668593547643737","32.531200000000005","8.144999999999982","4","8.280000000000001","15.979999999999997","15.979999999999997","55.89","164.56","52.44","153.68","1","0","1","2","54.394999999999996","1.3655493400093615","157.76","4.079999999999998","5"
"_110_","OK","75.6514000000001","0.396957624020503","53.137","168.6885","5.480000000000004","13.805000000000007","38.57000000000002","55.877","50.397","175.591","161.786","0","17.96999999999999","15.92666666666666","47.77999999999998","7.5072","0","0","0","0","3","0","0","19.28500000000001","0","0","0","0","0","4","_483395dd8e580000_p_Net","0","0","0","1","0","0","0","0","0","0","3","_483395dd8e580000_p_odb__dbNet","0.0","0.0","0.0","6.256","5.838933333333333","0.5898213364137388","17.5168","15.926666666666655","3","17.779999999999994","17.96999999999999","17.96999999999999","56.58","175.44","50.83","172.72","2","1","0","0","53.81999999999999","2.3530547521608303","173.62666666666667","1.2822202965516056","4"
"_111_","OK","6.898084000000014","0.20805835355886418","54.818","156.401","1.1980000000000004","5.75800000000001","13.91200000000002","55.417","54.219","159.28","153.522","0","7.739999999999995","7.739999999999995","7.739999999999995","5.0048","0","0","0","0","1","0","0","6.95600000000001","0","0","0","0","0","2","_c03395dd8e580000_p_Net","0","0","0","1","0","0","0","0","0","0","1","_c03395dd8e580000_p_odb__dbNet","0.0","0.0","0.0","5.0048","5.0048","","5.0048","7.739999999999995","1","7.739999999999995","7.739999999999995","7.739999999999995","56.12","159.12","56.12","159.12","1","0","0","0","56.12","","159.12","","2"
"_112_","OK","16.08995200000001","0.1274474901986967","54.241","151.153","1.4320000000000022","11.23599999999999","25.335999999999984","54.957","53.525","156.771","145.535","0","12.719999999999999","9.329999999999998","18.659999999999997","12.512","0","0","0","0","2","0","0","12.667999999999992","0","0","0","0","0","3","_383495dd8e580000_p_Net","0","0","0","1","0","0","0","0","0","0","2","_383495dd8e580000_p_odb__dbNet","0.0","0.0","0.0","7.5072","6.256","1.2511999999999999","12.512","9.329999999999984","2","5.939999999999998","12.719999999999999","12.719999999999999","55.66","153.68","54.28","145.52","1","0","0","1","54.97","0.6899999999999977","149.60000000000002","4.079999999999998","3"
"_113_","OK","17.116486000000013","0.25227631416143353","53.031","149.68349999999998","2.078000000000003","8.236999999999995","20.629999999999995","54.07","51.992","153.802","145.565","0","10.689999999999998","10.689999999999998","10.689999999999998","6.256","0","0","0","0","1","0","0","10.314999999999998","0","0","0","0","0","2","_b03495dd8e580000_p_Net","0","0","0","1","0","0","0","0","0","0","1","_b03495dd8e580000_p_odb__dbNet","0.0","0.0","0.0","7.5072","7.5072","","7.5072","10.689999999999998","1","10.689999999999998","10.689999999999998","10.689999999999998","54.28","145.52","54.28","145.52","0","0","0","1","54.28","","145.52","","2"
"_114_","OK","34.779186000000074","1.1242358861696784","58.0445","142.625","6.253","5.562000000000012","23.630000000000024","61.171","54.918","145.406","139.844","0","13.489999999999995","13.489999999999995","13.489999999999995","8.758400000000002","0","0","0","0","1","0","0","11.815000000000012","0","0","0","0","0","2","_283595dd8e580000_p_Net","0","0","0","1","0","0","0","0","0","0","1","_283595dd8e580000_p_odb__dbNet","0.0","0.0","0.0","7.5072","7.5072","","7.5072","13.489999999999995","1","13.489999999999995","13.489999999999995","13.489999999999995","54.28","145.52","54.28","145.52","0","1","0","0","54.28","","145.52","","2"
"_115_","OK","11.582099999999926","1.7811764698897472","58.103","152.401","4.542000000000002","2.549999999999983","14.183999999999969","60.374","55.832","153.676","151.126","0","8.469999999999999","8.469999999999999","8.469999999999999","8.758400000000002","0","0","0","0","1","0","0","7.0919999999999845","0","0","0","0","0","2","_a03595dd8e580000_p_Net","0","0","0","1","0","0","0","0","0","0","1","_a03595dd8e580000_p_odb__dbNet","0.0","0.0","0.0","5.0048","5.0048","","5.0048","8.469999999999999","1","8.469999999999999","8.469999999999999","8.469999999999999","55.66","153.68","55.66","153.68","0","1","0","0","55.66","","153.68","","2"
"_116_","OK","77.72260000000016","1.079552150727217","65.56","157.7575","9.160000000000004","8.485000000000014","35.290000000000035","70.14","60.98","162.0","153.515","0","15.75","15.75","15.75","7.5072","0","0","0","0","1","0","0","17.645000000000017","0","0","0","0","0","2","_183695dd8e580000_p_Net","0","0","0","1","0","0","0","0","0","0","1","_183695dd8e580000_p_odb__dbNet","0.0","0.0","0.0","3.7536","3.7536","","3.7536","15.75","1","15.75","15.75","15.75","61.41","161.84","61.41","161.84","0","1","0","0","61.41","","161.84","","2"
"_117_","OK","13.507007999999985","1.809663249703636","58.763999999999996","160.48200000000003","4.9439999999999955","2.7319999999999993","15.35199999999999","61.236","56.292","161.848","159.116","0","8.009999999999998","8.009999999999998","8.009999999999998","3.7536","0","0","0","0","1","0","0","7.675999999999995","0","0","0","0","0","2","_903695dd8e580000_p_Net","0","0","0","1","0","0","0","0","0","0","1","_903695dd8e580000_p_odb__dbNet","0.0","0.0","0.0","5.0048","5.0048","","5.0048","8.009999999999998","1","8.009999999999998","8.009999999999998","8.009999999999998","56.12","159.12","56.12","159.12","0","0","1","0","56.12","","159.12","","2"
"_118_","OK","1.1385959999998858","19.93305430990556","60.169","161.7235","4.764000000000003","0.2389999999999759","10.005999999999958","62.551","57.787","161.843","161.604","0","5.75","5.75","5.75","8.758400000000002","0","0","0","0","1","0","0","5.002999999999979","0","0","0","0","0","2","_083795dd8e580000_p_Net","0","0","0","1","0","0","0","0","0","0","1","_083795dd8e580000_p_odb__dbNet","0.0","0.0","0.0","5.0048","5.0048","","5.0048","5.75","1","5.75","5.75","5.75","57.96","161.84","57.96","161.84","0","1","0","0","57.96","","161.84","","2"
"_119_","OK","11.058636000000012","0.4195559017492081","57.585","159.113","2.1539999999999964","5.1340000000000146","14.576000000000022","58.662","56.508","161.68","156.546","0","7.509999999999998","7.509999999999998","7.509999999999998","6.256","0","0","0","0","1","0","0","7.288000000000011","0","0","0","0","0","2","_803795dd8e580000_p_Net","0","0","0","1","0","0","0","0","0","0","1","_803795dd8e580000_p_odb__dbNet","0.0","0.0","0.0","5.0048","5.0048","","5.0048","7.509999999999998","1","7.509999999999998","7.509999999999998","7.509999999999998","57.96","161.84","57.96","161.84","1","0","0","0","57.96","","161.84","","2"
"_120_","OK","0.5344930000000087","0.06129359970833473","56.661500000000004","174.1995","0.1810000000000045","2.9529999999999745","6.267999999999958","56.752","56.571","175.676","172.723","0","3.8699999999999974","3.8699999999999974","3.8699999999999974","8.758400000000002","0","0","0","0","1","0","0","3.133999999999979","0","0","0","0","0","2","_f83795dd8e580000_p_Net","0","0","0","1","0","0","0","0","0","0","1","_f83795dd8e580000_p_odb__dbNet","0.0","0.0","0.0","5.0048","5.0048","","5.0048","3.8699999999999974","1","3.8699999999999974","3.8699999999999974","3.8699999999999974","56.58","172.72","56.58","172.72","0","0","1","0","56.58","","172.72","","2"
"_121_","OK","33.15692099999981","3.891401163449355","60.674499999999995","176.8665","11.359000000000002","2.9189999999999827","28.55599999999997","66.354","54.995","178.326","175.407","0","16.060000000000002","16.060000000000002","16.060000000000002","8.758400000000002","0","0","0","0","1","0","0","14.277999999999984","0","0","0","0","0","2","_703895dd8e580000_p_Net","0","0","0","1","0","0","0","0","0","0","1","_703895dd8e580000_p_odb__dbNet","0.0","0.0","0.0","6.256","6.256","","6.256","16.060000000000002","1","16.060000000000002","16.060000000000002","16.060000000000002","54.05","175.44","54.05","175.44","0","0","1","0","54.05","","175.44","","2"
"_122_","OK","31.85682400000003","0.48506910161832695","58.7455","168.43200000000002","3.9309999999999974","8.104000000000013","24.07000000000002","60.711","56.78","172.484","164.38","0","14.599999999999994","14.599999999999994","14.599999999999994","8.758400000000002","0","0","0","0","1","0","0","12.03500000000001","0","0","0","0","0","2","_e83895dd8e580000_p_Net","0","0","0","1","0","0","0","0","0","0","1","_e83895dd8e580000_p_odb__dbNet","0.0","0.0","0.0","8.758400000000002","8.758400000000002","","8.758400000000002","14.599999999999994","1","14.599999999999994","14.599999999999994","14.599999999999994","55.43","164.56","55.43","164.56","0","0","1","0","55.43","","164.56","","2"
"_123_","OK","0.7193039999999803","0.08413132692061068","51.652","174.214","0.2459999999999951","2.923999999999978","6.339999999999947","51.775","51.529","175.676","172.752","0","3.1799999999999997","3.1799999999999997","3.1799999999999997","8.758400000000002","0","0","0","0","1","0","0","3.1699999999999733","0","0","0","0","0","2","_603995dd8e580000_p_Net","0","0","0","1","0","0","0","0","0","0","1","_603995dd8e580000_p_odb__dbNet","0.0","0.0","0.0","6.256","6.256","","6.256","3.1799999999999997","1","3.1799999999999997","3.1799999999999997","3.1799999999999997","50.83","172.72","50.83","172.72","0","0","1","0","50.83","","172.72","","2"
"_124_","OK","217.6547730000001","3.435984419721574","47.298500000000004","122.3055","27.347","7.959000000000003","70.61200000000001","60.972","33.625","126.285","118.326","0","33.46000000000001","33.46000000000001","33.46000000000001","22.5216","0","0","0","0","1","0","0","35.306000000000004","0","0","0","0","0","2","_d83995dd8e580000_p_Net","0","0","0","1","0","0","0","0","0","0","1","_d83995dd8e580000_p_odb__dbNet","0.0","0.0","0.0","10.0096","10.0096","","10.0096","33.46000000000001","1","33.46000000000001","33.46000000000001","33.46000000000001","32.2","126.48","32.2","126.48","0","1","0","0","32.2","","126.48","","2"
"_125_","OK","44.61774199999996","0.5879921937104816","31.805999999999997","114.2005","5.121999999999996","8.710999999999999","27.66599999999999","34.367","29.245","118.556","109.845","0","12.759999999999994","9.719999999999995","29.159999999999986","16.265600000000003","0","0","0","0","3","0","0","13.832999999999995","0","0","0","0","0","4","_503a95dd8e580000_p_Net","0","0","0","1","0","0","0","0","0","0","3","_503a95dd8e580000_p_odb__dbNet","0.0","0.0","0.0","16.265600000000003","9.592533333333334","4.827895710923712","28.777600000000003","9.72000000000001","3","8.849999999999994","12.759999999999994","12.759999999999994","34.5","115.6","30.36","110.16","0","1","1","1","31.816666666666666","1.899725126315793","111.97333333333331","2.5644405931032113","4"
"_126_","OK","12.635205000000013","1.2758182391878523","33.9325","116.9365","4.014999999999997","3.1470000000000056","14.324000000000005","35.94","31.925","118.51","115.363","0","9.16","6.880000000000001","13.760000000000002","16.265600000000003","0","0","0","0","2","0","0","7.162000000000003","0","0","0","0","0","3","_c83a95dd8e580000_p_Net","0","1","0","1","0","0","0","0","0","0","2","_c83a95dd8e580000_p_odb__dbNet","3.7536","0.0","0.0","8.758400000000002","6.256000000000001","2.502400000000001","12.512000000000002","6.880000000000003","2","4.600000000000001","9.16","9.16","33.35","118.32","31.51","115.6","0","1","1","0","32.43","0.9199999999999999","116.96","1.3599999999999994","3"
"_127_","OK","78.43799999999999","0.48250980388372466","16.570999999999998","108.91","6.151999999999999","12.75","37.804","19.647","13.495","115.285","102.535","0","20.269999999999996","16.264999999999997","32.529999999999994","8.758400000000002","0","0","0","0","2","0","0","18.902","0","0","0","0","0","3","_f05495dd8e580000_p_Net","0","1","0","1","0","0","0","0","0","0","2","_f05495dd8e580000_p_odb__dbNet","3.7536","0.0","0.0","5.0048","4.3792","0.6256000000000002","8.7584","16.264999999999997","2","12.259999999999996","20.269999999999996","20.269999999999996","19.78","115.6","14.49","112.88","1","1","0","0","17.135","2.6450000000000005","114.24","1.3599999999999994","3"
"_128_","OK","208.41275999999993","1.6742852019651986","20.172","107.5015","18.68","11.156999999999996","59.67399999999999","29.512","10.832","113.08","101.923","0","28.4","17.91","53.73","6.256","0","0","0","0","3","0","0","29.836999999999996","0","0","0","0","0","4","_685595dd8e580000_p_Net","0","0","0","1","0","0","0","0","0","0","3","_685595dd8e580000_p_odb__dbNet","0.0","0.0","0.0","16.265600000000003","8.341333333333333","5.626536946371978","25.024","17.909999999999997","3","21.229999999999997","28.4","28.4","30.59","112.88","11.73","104.72","2","0","1","0","21.006666666666664","7.70261571733193","109.25333333333333","3.392436030675039","4"
"_129_","OK","8.111636000000011","1.358019639378878","10.1025","108.74799999999999","3.319000000000001","2.4440000000000026","11.526000000000007","11.762","8.443","109.97","107.526","0","7.549999999999999","7.549999999999999","7.549999999999999","6.256","0","0","0","0","1","0","0","5.7630000000000035","0","0","0","0","0","2","_e05595dd8e580000_p_Net","0","1","0","1","0","0","0","0","0","0","1","_e05595dd8e580000_p_odb__dbNet","5.0048","0.0","0.0","5.0048","5.0048","","5.0048","7.549999999999999","1","7.549999999999999","7.549999999999999","7.549999999999999","12.42","110.16","12.42","110.16","1","0","0","0","12.42","","110.16","","2"
"_130_","OK","10.311064000000021","1.1290536065092458","11.315999999999999","89.79400000000001","3.412000000000001","3.0220000000000056","12.868000000000013","13.022","9.61","91.305","88.283","0","7.3199999999999985","7.3199999999999985","7.3199999999999985","3.7536","0","0","0","0","1","0","0","6.434000000000006","0","0","0","0","0","2","_585695dd8e580000_p_Net","0","0","0","1","0","0","0","0","0","0","1","_585695dd8e580000_p_odb__dbNet","0.0","0.0","0.0","11.2608","11.2608","","11.2608","7.3199999999999985","1","7.3199999999999985","7.3199999999999985","7.3199999999999985","8.51","91.12","8.51","91.12","0","1","0","0","8.51","","91.12","","2"
"_131_","OK","767.0286869999999","0.4080309984452794","22.4145","115.3485","17.691000000000003","43.356999999999985","122.09599999999998","31.26","13.569","137.027","93.67","0","51.72999999999999","37.955999999999996","189.77999999999997","11.2608","0","0","0","0","5","0","0","61.04799999999999","0","0","0","0","0","6","_d05695dd8e580000_p_Net","0","1","0","1","0","0","0","0","0","0","5","_d05695dd8e580000_p_odb__dbNet","3.7536","0.0","0.0","10.0096","7.256960000000001","2.8967374265542265","36.284800000000004","36.86799999999998","5","48.16000000000001","51.72999999999999","51.72999999999999","32.2","137.36","14.95","93.84","2","2","1","0","23.322","7.463632895581081","123.21599999999998","15.134545384648987","6"
"_132_","OK","0.21925999999999737","6.073684178559629","30.662","126.385","1.154","0.18999999999999773","2.6879999999999953","31.239","30.085","126.48","126.29","0","2.530000000000001","2.530000000000001","2.530000000000001","10.0096","0","0","0","0","1","0","0","1.3439999999999976","0","0","0","0","0","2","_485795dd8e580000_p_Net","0","1","0","1","0","0","0","0","0","0","1","_485795dd8e580000_p_odb__dbNet","3.7536","0.0","0.0","3.7536","3.7536","","3.7536","2.530000000000001","1","2.530000000000001","2.530000000000001","2.530000000000001","29.67","126.48","29.67","126.48","0","1","0","0","29.67","","126.48","","2"
"_133_","OK","132.59623400000012","1.8963166704261738","40.5785","125.214","15.857","8.362000000000009","48.43800000000002","48.507","32.65","129.395","121.033","0","27.939999999999976","27.939999999999976","27.939999999999976","22.5216","0","0","0","0","1","0","0","24.21900000000001","0","0","0","0","0","2","_c05795dd8e580000_p_Net","0","0","0","1","0","0","0","0","0","0","1","_c05795dd8e580000_p_odb__dbNet","0.0","0.0","0.0","10.0096","10.0096","","10.0096","27.939999999999976","1","27.939999999999976","27.939999999999976","27.939999999999976","32.2","129.2","32.2","129.2","0","1","0","0","32.2","","129.2","","2"
"_134_","OK","0.6138360000000038","7.349480943427372","29.439","115.6275","2.1240000000000023","0.2890000000000015","4.826000000000008","30.501","28.377","115.772","115.483","0","2.0700000000000003","2.0700000000000003","2.0700000000000003","3.7536","0","0","0","0","1","0","0","2.413000000000004","0","0","0","0","0","2","_385895dd8e580000_p_Net","0","0","0","1","0","0","0","0","0","0","1","_385895dd8e580000_p_odb__dbNet","0.0","0.0","0.0","7.5072","7.5072","","7.5072","2.0700000000000003","1","2.0700000000000003","2.0700000000000003","2.0700000000000003","30.36","115.6","30.36","115.6","0","0","0","1","30.36","","115.6","","2"
"_135_","OK","4.073224000000006","0.1478376833400954","31.627000000000002","126.5745","0.7759999999999998","5.249000000000009","12.050000000000018","32.015","31.239","129.199","123.95","0","5.66999999999998","5.66999999999998","5.66999999999998","10.0096","0","0","0","0","1","0","0","6.025000000000009","0","0","0","0","0","2","_b05895dd8e580000_p_Net","0","1","0","1","0","0","0","0","0","0","1","_b05895dd8e580000_p_odb__dbNet","3.7536","0.0","0.0","3.7536","3.7536","","3.7536","5.66999999999998","1","5.66999999999998","5.66999999999998","5.66999999999998","32.43","123.76","32.43","123.76","0","0","0","1","32.43","","123.76","","2"
"_136_","OK","16.135706999999975","0.0505344451256066","25.0335","103.0105","0.9029999999999987","17.869","37.544","25.485","24.582","111.945","94.076","0","20.879999999999992","18.599999999999994","37.19999999999999","8.758400000000002","0","0","0","0","2","0","0","18.772","0","0","0","0","0","3","_285995dd8e580000_p_Net","0","0","0","1","0","0","0","0","0","0","2","_285995dd8e580000_p_odb__dbNet","0.0","0.0","0.0","6.256","6.256","0.0","12.512","18.59999999999999","2","16.319999999999993","20.879999999999992","20.879999999999992","25.53","112.88","23.69","110.16","1","1","0","0","24.61","0.9199999999999999","111.52","1.3599999999999994","3"
"_137_","OK","6.036816000000002","0.0916933694735403","28.157","81.813","0.7439999999999998","8.114000000000004","17.716000000000008","28.529","27.785","85.87","77.756","0","8.16000000000001","8.16000000000001","8.16000000000001","8.758400000000002","0","0","0","0","1","0","0","8.858000000000004","0","0","0","0","0","2","_a05995dd8e580000_p_Net","0","1","0","1","0","0","0","0","0","0","1","_a05995dd8e580000_p_odb__dbNet","3.7536","0.0","0.0","3.7536","3.7536","","3.7536","8.16000000000001","1","8.16000000000001","8.16000000000001","8.16000000000001","27.37","85.68","27.37","85.68","0","1","0","0","27.37","","85.68","","2"
"_138_","OK","30.918940000000028","0.259761686502313","21.432000000000002","109.975","2.8339999999999996","10.91000000000001","27.48800000000002","22.849","20.015","115.43","104.52","0","10.04","8.736666666666666","26.209999999999997","6.256","0","0","0","0","3","0","0","13.74400000000001","0","0","0","0","0","4","_185a95dd8e580000_p_Net","0","0","0","1","0","0","0","0","0","0","3","_185a95dd8e580000_p_odb__dbNet","0.0","0.0","0.0","6.256","5.0048","1.021600522056771","15.0144","5.109999999999985","3","9.349999999999998","10.04","10.04","22.31","115.6","19.09","104.72","1","1","1","0","20.393333333333334","1.3842527065371963","111.97333333333331","5.1288811862064225","4"
"_139_","OK","291.13724599999983","0.07500561779597756","28.813499999999998","144.10399999999998","4.672999999999998","62.30199999999999","133.95","31.15","26.477","175.255","112.953","0","69.46000000000001","62.315000000000005","124.63000000000001","6.256","0","0","0","0","2","0","0","66.975","0","0","0","0","0","3","_905a95dd8e580000_p_Net","0","0","0","1","0","0","0","0","0","0","2","_905a95dd8e580000_p_odb__dbNet","0.0","0.0","0.0","8.758400000000002","6.881600000000001","1.8768000000000007","13.763200000000001","62.31499999999999","2","55.17","69.46000000000001","69.46000000000001","32.43","175.44","31.74","161.84","2","0","0","0","32.085","0.34500000000000064","168.64","6.799999999999997","3"
"_140_","OK","112.69355999999998","0.09041212292620278","22.111","130.3875","3.192","35.30499999999999","76.99399999999999","23.707","20.515","148.04","112.735","0","34.710000000000015","19.520000000000007","39.04000000000001","3.7536","0","0","0","0","2","0","0","38.49699999999999","0","0","0","0","0","3","_085b95dd8e580000_p_Net","0","0","0","1","0","0","0","0","0","0","2","_085b95dd8e580000_p_odb__dbNet","0.0","0.0","0.0","5.0048","5.0048","0.0","10.0096","15.190000000000008","2","4.329999999999998","34.710000000000015","34.710000000000015","24.38","148.24","20.7","112.88","1","0","1","0","22.54","1.8399999999999999","130.56","17.680000000000007","3"
"_141_","OK","808.7853599999999","1.678054113069234","42.552","102.10300000000001","36.84","21.953999999999994","117.588","60.972","24.132","113.08","91.126","0","55.79999999999999","55.79999999999999","55.79999999999999","22.5216","0","0","0","0","1","0","0","58.794","0","0","0","0","0","2","_805b95dd8e580000_p_Net","0","0","0","1","0","0","0","0","0","0","1","_805b95dd8e580000_p_odb__dbNet","0.0","0.0","0.0","5.0048","5.0048","","5.0048","55.79999999999999","1","55.79999999999999","55.79999999999999","55.79999999999999","23.46","112.88","23.46","112.88","0","1","0","0","23.46","","112.88","","2"
"_142_","OK","21.002625000000002","0.03645377660973821","22.3175","125.2415","0.875","24.003","49.756","22.755","21.88","137.243","113.24","0","27.47000000000002","27.47000000000002","27.47000000000002","8.758400000000002","0","0","0","0","1","0","0","24.878","0","0","0","0","0","2","_f85b95dd8e580000_p_Net","0","0","0","1","0","0","0","0","0","0","1","_f85b95dd8e580000_p_odb__dbNet","0.0","0.0","0.0","5.0048","5.0048","","5.0048","27.47000000000002","1","27.47000000000002","27.47000000000002","27.47000000000002","23.46","112.88","23.46","112.88","0","0","0","1","23.46","","112.88","","2"
"_143_","OK","0.45154199999999356","6.05860803641544","22.234","112.9015","1.654","0.27299999999999613","3.853999999999992","23.061","21.407","113.038","112.765","0","2.7600000000000016","2.7600000000000016","2.7600000000000016","5.0048","0","0","0","0","1","0","0","1.926999999999996","0","0","0","0","0","2","_705c95dd8e580000_p_Net","0","0","0","1","0","0","0","0","0","0","1","_705c95dd8e580000_p_odb__dbNet","0.0","0.0","0.0","5.0048","5.0048","","5.0048","2.7600000000000016","1","2.7600000000000016","2.7600000000000016","2.7600000000000016","20.7","112.88","20.7","112.88","0","0","1","0","20.7","","112.88","","2"
"_144_","OK","11.78380999999999","0.16680547291293252","18.881","119.7575","1.402000000000001","8.404999999999987","19.613999999999976","19.582","18.18","123.96","115.555","0","9.080000000000013","9.080000000000013","9.080000000000013","5.0048","0","0","0","0","1","0","0","9.806999999999988","0","0","0","0","0","2","_e85c95dd8e580000_p_Net","0","0","0","1","0","0","0","0","0","0","1","_e85c95dd8e580000_p_odb__dbNet","0.0","0.0","0.0","5.0048","5.0048","","5.0048","9.080000000000013","1","9.080000000000013","9.080000000000013","9.080000000000013","18.86","123.76","18.86","123.76","0","1","0","0","18.86","","123.76","","2"
"_145_","OK","24.942600000000024","3.421481480214262","41.597","92.356","9.238","2.700000000000003","23.876000000000005","46.216","36.978","93.706","91.006","0","14.449999999999996","14.449999999999996","14.449999999999996","11.2608","0","0","0","0","1","0","0","11.938000000000002","0","0","0","0","0","2","_605d95dd8e580000_p_Net","0","0","0","1","0","0","0","0","0","0","1","_605d95dd8e580000_p_odb__dbNet","0.0","0.0","0.0","7.5072","7.5072","","7.5072","14.449999999999996","1","14.449999999999996","14.449999999999996","14.449999999999996","36.34","91.12","36.34","91.12","0","0","1","0","36.34","","91.12","","2"
"_146_","OK","33.57395399999999","4.97421092957113","45.7585","86.93100000000001","12.923000000000002","2.597999999999999","31.042","52.22","39.297","88.23","85.632","0","17.21","17.21","17.21","10.0096","0","0","0","0","1","0","0","15.521","0","0","0","0","0","2","_d85d95dd8e580000_p_Net","0","0","0","1","0","0","0","0","0","0","1","_d85d95dd8e580000_p_odb__dbNet","0.0","0.0","0.0","3.7536","3.7536","","3.7536","17.21","1","17.21","17.21","17.21","38.87","88.4","38.87","88.4","0","1","0","0","38.87","","88.4","","2"
"_147_","OK","7.643063999999995","0.9201943091879927","37.456","89.724","2.651999999999994","2.882000000000005","11.067999999999998","38.782","36.13","91.165","88.283","0","5.249999999999993","5.249999999999993","5.249999999999993","3.7536","0","0","0","0","1","0","0","5.533999999999999","0","0","0","0","0","2","_505e95dd8e580000_p_Net","0","0","0","1","0","0","0","0","0","0","1","_505e95dd8e580000_p_odb__dbNet","0.0","0.0","0.0","7.5072","7.5072","","7.5072","5.249999999999993","1","5.249999999999993","5.249999999999993","5.249999999999993","36.34","91.12","36.34","91.12","0","1","0","0","36.34","","91.12","","2"
"_148_","OK","569.43027","0.51459491956968","27.286","107.4425","17.118","33.265","100.76599999999999","35.845","18.727","124.075","90.81","0","50.120000000000005","50.120000000000005","50.120000000000005","7.5072","0","0","0","0","1","0","0","50.382999999999996","0","0","0","0","0","2","_c85e95dd8e580000_p_Net","0","0","0","1","0","0","0","0","0","0","1","_c85e95dd8e580000_p_odb__dbNet","0.0","0.0","0.0","5.0048","5.0048","","5.0048","50.120000000000005","1","50.120000000000005","50.120000000000005","50.120000000000005","18.86","123.76","18.86","123.76","0","1","0","0","18.86","","123.76","","2"
"_149_","OK","1.9708500000000075","0.005594033031135131","19.612499999999997","133.47","0.10500000000000043","18.769999999999996","37.74999999999999","19.665","19.56","142.855","124.085","0","19.960000000000008","19.960000000000008","19.960000000000008","7.5072","0","0","0","0","1","0","0","18.874999999999996","0","0","0","0","0","2","_405f95dd8e580000_p_Net","0","0","0","1","0","0","0","0","0","0","1","_405f95dd8e580000_p_odb__dbNet","0.0","0.0","0.0","5.0048","5.0048","","5.0048","19.960000000000008","1","19.960000000000008","19.960000000000008","19.960000000000008","18.86","123.76","18.86","123.76","0","0","1","0","18.86","","123.76","","2"
"_150_","OK","128.284992","0.07823381241472235","6.961","67.963","3.168","40.49399999999999","87.32399999999998","8.545","5.377","88.21","47.716","0","45.17","45.17","45.17","3.7536","0","0","0","0","1","0","0","43.66199999999999","0","0","0","0","0","2","_b85f95dd8e580000_p_Net","0","0","0","1","0","0","0","0","0","0","1","_b85f95dd8e580000_p_odb__dbNet","0.0","0.0","0.0","7.5072","7.5072","","7.5072","45.17","1","45.17","45.17","45.17","9.66","88.4","9.66","88.4","1","0","0","0","9.66","","88.4","","2"
"_151_","OK","975.0494740000001","2.0894824552314835","40.7035","77.434","45.137","21.602000000000004","133.478","63.272","18.135","88.235","66.633","0","64.31","64.31","64.31","22.5216","0","0","0","0","1","0","0","66.739","0","0","0","0","0","2","_306095dd8e580000_p_Net","0","0","0","1","0","0","0","0","0","0","1","_306095dd8e580000_p_odb__dbNet","0.0","0.0","0.0","6.256","6.256","","6.256","64.31","1","64.31","64.31","64.31","17.25","88.4","17.25","88.4","0","1","0","0","17.25","","88.4","","2"
"_152_","OK","0.6898519999999979","51.26724093735152","13.7935","88.418","5.946999999999999","0.11599999999999966","12.125999999999998","16.767","10.82","88.476","88.36","0","7.59","7.59","7.59","6.256","0","0","0","0","1","0","0","6.062999999999999","0","0","0","0","0","2","_a86095dd8e580000_p_Net","0","0","0","1","0","0","0","0","0","0","1","_a86095dd8e580000_p_odb__dbNet","0.0","0.0","0.0","7.5072","7.5072","","7.5072","7.59","1","7.59","7.59","7.59","9.66","88.4","9.66","88.4","0","0","1","0","9.66","","88.4","","2"
"_153_","OK","3538.109642","0.4936216956781835","42.3765","81.764","41.791","84.662","252.906","63.272","21.481","124.095","39.433","0","122.96000000000001","122.96000000000001","122.96000000000001","22.5216","0","0","0","0","1","0","0","126.453","0","0","0","0","0","2","_206195dd8e580000_p_Net","0","0","0","1","0","0","0","0","0","0","1","_206195dd8e580000_p_odb__dbNet","0.0","0.0","0.0","7.5072","7.5072","","7.5072","122.96000000000001","1","122.96000000000001","122.96000000000001","122.96000000000001","21.16","123.76","21.16","123.76","0","1","0","0","21.16","","123.76","","2"
"_154_","OK","0.046199999999996806","23.863635821282685","13.087","123.898","1.0500000000000007","0.04399999999999693","2.1879999999999953","13.612","12.562","123.92","123.876","0","1.379999999999999","1.379999999999999","1.379999999999999","3.7536","0","0","0","0","1","0","0","1.0939999999999976","0","0","0","0","0","2","_986195dd8e580000_p_Net","0","0","0","1","0","0","0","0","0","0","1","_986195dd8e580000_p_odb__dbNet","0.0","0.0","0.0","3.7536","3.7536","","3.7536","1.379999999999999","1","1.379999999999999","1.379999999999999","1.379999999999999","14.03","123.76","14.03","123.76","0","0","0","1","14.03","","123.76","","2"
"_155_","OK","1.4823000000000564","29.279999869865563","17.751","123.8175","6.588000000000001","0.22500000000000853","13.626000000000019","21.045","14.457","123.93","123.705","0","7.130000000000001","7.130000000000001","7.130000000000001","7.5072","0","0","0","0","1","0","0","6.8130000000000095","0","0","0","0","0","2","_106295dd8e580000_p_Net","0","0","0","1","0","0","0","0","0","0","1","_106295dd8e580000_p_odb__dbNet","0.0","0.0","0.0","3.7536","3.7536","","3.7536","7.130000000000001","1","7.130000000000001","7.130000000000001","7.130000000000001","14.03","123.76","14.03","123.76","0","0","1","0","14.03","","123.76","","2"
"_156_","OK","1314.6202999999998","1.2216497987677832","43.2345","69.448","40.075","32.803999999999995","145.75799999999998","63.272","23.197","85.85","53.046","0","69.67000000000002","69.67000000000002","69.67000000000002","22.5216","0","0","0","0","1","0","0","72.87899999999999","0","0","0","0","0","2","_886295dd8e580000_p_Net","0","0","0","1","0","0","0","0","0","0","1","_886295dd8e580000_p_odb__dbNet","0.0","0.0","0.0","3.7536","3.7536","","3.7536","69.67000000000002","1","69.67000000000002","69.67000000000002","69.67000000000002","22.77","85.68","22.77","85.68","0","1","0","0","22.77","","85.68","","2"
"_157_","OK","0.341207999999955","48.35714228146891","20.651","85.838","4.061999999999998","0.08399999999998897","8.291999999999973","22.682","18.62","85.88","85.796","0","4.829999999999998","4.829999999999998","4.829999999999998","3.7536","0","0","0","0","1","0","0","4.145999999999987","0","0","0","0","0","2","_006395dd8e580000_p_Net","0","0","0","1","0","0","0","0","0","0","1","_006395dd8e580000_p_odb__dbNet","0.0","0.0","0.0","5.0048","5.0048","","5.0048","4.829999999999998","1","4.829999999999998","4.829999999999998","4.829999999999998","17.94","85.68","17.94","85.68","0","0","1","0","17.94","","85.68","","2"
"_158_","OK","9.234959999999996","0.1546325051559742","17.4745","89.85900000000001","1.1950000000000003","7.727999999999994","17.84599999999999","18.072","16.877","93.723","85.995","0","9.309999999999999","9.309999999999999","9.309999999999999","3.7536","0","0","0","0","1","0","0","8.922999999999995","0","0","0","0","0","2","_786395dd8e580000_p_Net","0","0","0","1","0","0","0","0","0","0","1","_786395dd8e580000_p_odb__dbNet","0.0","0.0","0.0","5.0048","5.0048","","5.0048","9.309999999999999","1","9.309999999999999","9.309999999999999","9.309999999999999","17.94","85.68","17.94","85.68","0","0","0","1","17.94","","85.68","","2"
"_159_","OK","21.831480000000006","0.03035048471176918","17.647","99.41499999999999","0.8140000000000001","26.820000000000007","55.268000000000015","18.054","17.24","112.825","86.005","0","27.19999999999999","27.19999999999999","27.19999999999999","7.5072","0","0","0","0","1","0","0","27.634000000000007","0","0","0","0","0","2","_f06395dd8e580000_p_Net","0","0","0","1","0","0","0","0","0","0","1","_f06395dd8e580000_p_odb__dbNet","0.0","0.0","0.0","5.0048","5.0048","","5.0048","27.19999999999999","1","27.19999999999999","27.19999999999999","27.19999999999999","17.94","85.68","17.94","85.68","0","0","0","1","17.94","","85.68","","2"
"_160_","OK","1240.9584950000003","0.57597431974113","48.5245","106.1615","26.735000000000007","46.417","146.30400000000003","61.892","35.157","129.37","82.953","0","69.93","69.93","69.93","22.5216","0","0","0","0","1","0","0","73.15200000000002","0","0","0","0","0","2","_686495dd8e580000_p_Net","0","0","0","1","0","0","0","0","0","0","1","_686495dd8e580000_p_odb__dbNet","0.0","0.0","0.0","3.7536","3.7536","","3.7536","69.93","1","69.93","69.93","69.93","34.73","129.2","34.73","129.2","0","1","0","0","34.73","","129.2","","2"
"_161_","OK","165.57832800000003","1.3774170009688607","27.091","134.798","15.102000000000004","10.963999999999999","52.132000000000005","34.642","19.54","140.28","129.316","0","26.75000000000002","26.75000000000002","26.75000000000002","3.7536","0","0","0","0","1","0","0","26.066000000000003","0","0","0","0","0","2","_e06495dd8e580000_p_Net","0","0","0","1","0","0","0","0","0","0","1","_e06495dd8e580000_p_odb__dbNet","0.0","0.0","0.0","5.0048","5.0048","","5.0048","26.75000000000002","1","26.75000000000002","26.75000000000002","26.75000000000002","18.86","140.08","18.86","140.08","0","1","0","0","18.86","","140.08","","2"
"_162_","OK","6.3377599999999505","1.2106643351352082","20.377000000000002","141.539","2.7699999999999996","2.2879999999999825","10.115999999999964","21.762","18.992","142.683","140.395","0","5.710000000000001","5.710000000000001","5.710000000000001","3.7536","0","0","0","0","1","0","0","5.057999999999982","0","0","0","0","0","2","_586595dd8e580000_p_Net","0","0","0","1","0","0","0","0","0","0","1","_586595dd8e580000_p_odb__dbNet","0.0","0.0","0.0","5.0048","5.0048","","5.0048","5.710000000000001","1","5.710000000000001","5.710000000000001","5.710000000000001","18.86","140.08","18.86","140.08","0","0","1","0","18.86","","140.08","","2"
"_163_","OK","3.6406999999999847","0.6065306119973375","17.417","141.63","1.4860000000000007","2.4499999999999886","7.871999999999979","18.16","16.674","142.855","140.405","0","5.02","5.02","5.02","7.5072","0","0","0","0","1","0","0","3.9359999999999893","0","0","0","0","0","2","_d06595dd8e580000_p_Net","0","0","0","1","0","0","0","0","0","0","1","_d06595dd8e580000_p_odb__dbNet","0.0","0.0","0.0","5.0048","5.0048","","5.0048","5.02","1","5.02","5.02","5.02","18.86","140.08","18.86","140.08","0","0","0","1","18.86","","140.08","","2"
"_164_","OK","33.67880599999999","1.014754382743491","15.619","183.3225","5.846000000000002","5.760999999999996","23.213999999999995","18.542","12.696","186.203","180.442","0","11.189999999999996","9.024999999999997","18.049999999999994","3.7536","0","0","0","0","2","0","0","11.606999999999998","0","0","0","0","0","3","_486695dd8e580000_p_Net","0","0","0","1","0","0","0","0","0","0","2","_486695dd8e580000_p_odb__dbNet","0.0","0.0","0.0","5.0048","4.3792","0.6256000000000002","8.7584","9.024999999999983","2","6.859999999999998","11.189999999999996","11.189999999999996","14.49","183.6","12.88","180.88","0","1","1","0","13.685","0.8049999999999997","182.24","1.3599999999999994","3"
"_165_","OK","0.1486719999999988","3.6435643383982326","17.173000000000002","178.419","0.7360000000000007","0.20199999999999818","1.8759999999999977","17.541","16.805","178.52","178.318","0","1.8399999999999999","1.8399999999999999","1.8399999999999999","5.0048","0","0","0","0","1","0","0","0.9379999999999988","0","0","0","0","0","2","_c06695dd8e580000_p_Net","0","0","0","1","0","0","0","0","0","0","1","_c06695dd8e580000_p_odb__dbNet","0.0","0.0","0.0","5.0048","5.0048","","5.0048","1.8399999999999999","1","1.8399999999999999","1.8399999999999999","1.8399999999999999","16.1","178.16","16.1","178.16","0","0","1","0","16.1","","178.16","","2"
"_166_","OK","6.7507150000000085","0.746591286748721","16.0395","176.8265","2.244999999999999","3.007000000000005","10.504000000000008","17.162","14.917","178.33","175.323","0","5.479999999999999","5.479999999999999","5.479999999999999","3.7536","0","0","0","0","1","0","0","5.252000000000004","0","0","0","0","0","2","_386795dd8e580000_p_Net","0","0","0","1","0","0","0","0","0","0","1","_386795dd8e580000_p_odb__dbNet","0.0","0.0","0.0","3.7536","3.7536","","3.7536","5.479999999999999","1","5.479999999999999","5.479999999999999","5.479999999999999","14.49","178.16","14.49","178.16","0","1","0","0","14.49","","178.16","","2"
"_167_","OK","5.276779999999988","0.9130615636800916","13.3045","179.478","2.1949999999999985","2.4039999999999964","9.19799999999999","14.402","12.207","180.68","178.276","0","4.329999999999998","4.329999999999998","4.329999999999998","3.7536","0","0","0","0","1","0","0","4.598999999999995","0","0","0","0","0","2","_b06795dd8e580000_p_Net","0","0","0","1","0","0","0","0","0","0","1","_b06795dd8e580000_p_odb__dbNet","0.0","0.0","0.0","5.0048","5.0048","","5.0048","4.329999999999998","1","4.329999999999998","4.329999999999998","4.329999999999998","12.88","180.88","12.88","180.88","0","1","0","0","12.88","","180.88","","2"
"_168_","OK","2.2573279999999953","0.23672279785080264","13.950500000000002","182.06400000000002","0.7309999999999999","3.087999999999994","7.6379999999999875","14.316","13.585","183.608","180.52","0","4.329999999999998","4.329999999999998","4.329999999999998","3.7536","0","0","0","0","1","0","0","3.8189999999999937","0","0","0","0","0","2","_286895dd8e580000_p_Net","0","0","0","1","0","0","0","0","0","0","1","_286895dd8e580000_p_odb__dbNet","0.0","0.0","0.0","5.0048","5.0048","","5.0048","4.329999999999998","1","4.329999999999998","4.329999999999998","4.329999999999998","12.88","180.88","12.88","180.88","0","0","1","0","12.88","","180.88","","2"
"_169_","OK","11.69019500000002","0.019138175196474306","7.8585","89.8325","0.47300000000000075","24.715000000000003","50.376000000000005","8.095","7.622","102.19","77.475","0","25.17","19.730000000000004","39.46000000000001","5.0048","0","0","0","0","2","0","0","25.188000000000002","0","0","0","0","0","3","_a06895dd8e580000_p_Net","0","1","0","1","0","0","0","0","0","0","2","_a06895dd8e580000_p_odb__dbNet","3.7536","0.0","0.0","11.2608","7.5072","3.7535999999999996","15.0144","19.730000000000004","2","14.290000000000008","25.17","25.17","8.51","102.0","8.51","91.12","2","0","0","0","8.51","0.0","96.56","5.439999999999998","3"
"_170_","OK","18.861655999999968","0.05429767142105921","13.114","116.99600000000001","1.0119999999999987","18.63799999999999","39.29999999999998","13.62","12.608","126.315","107.677","0","22.03000000000001","22.03000000000001","22.03000000000001","16.265600000000003","0","0","0","0","1","0","0","19.64999999999999","0","0","0","0","0","2","_186995dd8e580000_p_Net","0","1","0","1","0","0","0","0","0","0","1","_186995dd8e580000_p_odb__dbNet","7.5072","0.0","0.0","7.5072","7.5072","","7.5072","22.03000000000001","1","22.03000000000001","22.03000000000001","22.03000000000001","14.72","126.48","14.72","126.48","1","0","0","0","14.72","","126.48","","2"
"_171_","OK","0.22714000000001158","2.960288797977122","24.112000000000002","153.7015","0.8199999999999967","0.27700000000001523","2.194000000000024","24.522","23.702","153.84","153.563","0","1.6099999999999994","1.6099999999999994","1.6099999999999994","3.7536","0","0","0","0","1","0","0","1.097000000000012","0","0","0","0","0","2","_906995dd8e580000_p_Net","0","0","0","1","0","0","0","0","0","0","1","_906995dd8e580000_p_odb__dbNet","0.0","0.0","0.0","5.0048","5.0048","","5.0048","1.6099999999999994","1","1.6099999999999994","1.6099999999999994","1.6099999999999994","23.0","153.68","23.0","153.68","0","0","1","0","23.0","","153.68","","2"
"_172_","OK","14.384039999999999","2.8565062375862276","27.83","103.238","6.41","2.2439999999999998","17.308","31.035","24.625","104.36","102.116","0","8.009999999999998","6.629999999999997","13.259999999999994","3.7536","0","0","0","0","2","0","0","8.654","0","0","0","0","0","3","_086a95dd8e580000_p_Net","0","0","0","1","0","0","0","0","0","0","2","_086a95dd8e580000_p_odb__dbNet","0.0","0.0","0.0","5.0048","5.0048","0.0","10.0096","4.099999999999998","2","5.2499999999999964","8.009999999999998","8.009999999999998","31.74","104.72","23.92","104.72","1","1","0","0","27.83","3.9099999999999984","104.72","0.0","3"
"_173_","OK","223.37749999999988","1.7728285076371653","24.365","82.5975","19.9","11.224999999999994","62.249999999999986","34.315","14.415","88.21","76.985","0","31.580000000000005","27.786666666666672","83.36000000000001","8.758400000000002","0","0","0","0","3","0","0","31.124999999999993","0","0","0","0","0","4","_806a95dd8e580000_p_Net","0","1","0","1","0","0","0","0","0","0","3","_806a95dd8e580000_p_odb__dbNet","3.7536","0.0","0.0","5.0048","4.587733333333333","0.5898213364137389","13.763200000000001","27.786666666666676","3","28.17000000000001","31.580000000000005","31.580000000000005","34.73","88.4","32.2","82.96","3","0","0","0","33.656666666666666","1.06784310125078","85.68","2.22087070012342","4"
"_174_","OK","9.182064000000008","0.3784003247303288","32.855","101.81899999999999","1.8640000000000008","4.926000000000002","13.580000000000005","33.787","31.923","104.282","99.356","0","7.970000000000002","7.970000000000002","7.970000000000002","6.256","0","0","0","0","1","0","0","6.790000000000003","0","0","0","0","0","2","_f86a95dd8e580000_p_Net","0","0","0","1","0","0","0","0","0","0","1","_f86a95dd8e580000_p_odb__dbNet","0.0","0.0","0.0","5.0048","5.0048","","5.0048","7.970000000000002","1","7.970000000000002","7.970000000000002","7.970000000000002","31.74","104.72","31.74","104.72","0","1","0","0","31.74","","104.72","","2"
"_175_","OK","4.146691000000018","0.11514747540157548","34.8545","112.8355","0.6910000000000025","6.001000000000005","13.384000000000015","35.2","34.509","115.836","109.835","0","6.589999999999996","6.589999999999996","6.589999999999996","8.758400000000002","0","0","0","0","1","0","0","6.692000000000007","0","0","0","0","0","2","_706b95dd8e580000_p_Net","0","0","0","1","0","0","0","0","0","0","1","_706b95dd8e580000_p_odb__dbNet","0.0","0.0","0.0","5.0048","5.0048","","5.0048","6.589999999999996","1","6.589999999999996","6.589999999999996","6.589999999999996","34.5","110.16","34.5","110.16","0","0","1","0","34.5","","110.16","","2"
"_176_","OK","10.57455","0.337801608518713","33.357","107.3175","1.8900000000000006","5.594999999999999","14.969999999999999","34.302","32.412","110.115","104.52","0","8.2","8.2","8.2","5.0048","0","0","0","0","1","0","0","7.484999999999999","0","0","0","0","0","2","_e86b95dd8e580000_p_Net","0","0","0","1","0","0","0","0","0","0","1","_e86b95dd8e580000_p_odb__dbNet","0.0","0.0","0.0","5.0048","5.0048","","5.0048","8.2","1","8.2","8.2","8.2","31.74","104.72","31.74","104.72","0","0","1","0","31.74","","104.72","","2"
"_177_","OK","2.2834740000000084","0.23593699767408027","33.272000000000006","84.15549999999999","0.7340000000000018","3.111000000000004","7.690000000000012","33.639","32.905","85.711","82.6","0","4.560000000000009","4.560000000000009","4.560000000000009","5.0048","0","0","0","0","1","0","0","3.845000000000006","0","0","0","0","0","2","_606c95dd8e580000_p_Net","0","0","0","1","0","0","0","0","0","0","1","_606c95dd8e580000_p_odb__dbNet","0.0","0.0","0.0","5.0048","5.0048","","5.0048","4.560000000000009","1","4.560000000000009","4.560000000000009","4.560000000000009","32.2","82.96","32.2","82.96","0","0","1","0","32.2","","82.96","","2"
"_178_","OK","6.1839250000000066","0.774867256362878","38.7535","95.09450000000001","2.189","2.825000000000003","10.028000000000006","39.848","37.659","96.507","93.682","0","5.480000000000004","5.480000000000004","5.480000000000004","5.0048","0","0","0","0","1","0","0","5.014000000000003","0","0","0","0","0","2","_d86c95dd8e580000_p_Net","0","0","0","1","0","0","0","0","0","0","1","_d86c95dd8e580000_p_odb__dbNet","0.0","0.0","0.0","5.0048","5.0048","","5.0048","5.480000000000004","1","5.480000000000004","5.480000000000004","5.480000000000004","40.02","96.56","40.02","96.56","1","0","0","0","40.02","","96.56","","2"
"_179_","OK","0.0584200000000045","3.622047215574166","39.126999999999995","96.6965","0.46000000000000085","0.12700000000000955","1.1740000000000208","39.357","38.897","96.76","96.633","0","2.0700000000000003","2.0700000000000003","2.0700000000000003","6.256","0","0","0","0","1","0","0","0.5870000000000104","0","0","0","0","0","2","_506d95dd8e580000_p_Net","0","0","0","1","0","0","0","0","0","0","1","_506d95dd8e580000_p_odb__dbNet","0.0","0.0","0.0","5.0048","5.0048","","5.0048","2.0700000000000003","1","2.0700000000000003","2.0700000000000003","2.0700000000000003","40.02","96.56","40.02","96.56","0","0","0","1","40.02","","96.56","","2"
"_180_","OK","3.904804000000007","0.1494815104383727","41.077","137.5555","0.7640000000000029","5.11099999999999","11.749999999999986","41.459","40.695","140.111","135.0","0","5.900000000000027","5.900000000000027","5.900000000000027","5.0048","0","0","0","0","1","0","0","5.874999999999993","0","0","0","0","0","2","_c86d95dd8e580000_p_Net","0","0","0","1","0","0","0","0","0","0","1","_c86d95dd8e580000_p_odb__dbNet","0.0","0.0","0.0","5.0048","5.0048","","5.0048","5.900000000000027","1","5.900000000000027","5.900000000000027","5.900000000000027","41.4","134.64","41.4","134.64","0","0","0","1","41.4","","134.64","","2"
"_181_","OK","0.032718000000001086","18.547618606008292","40.6115","129.37900000000002","0.7789999999999964","0.04200000000000159","1.641999999999996","41.001","40.222","129.4","129.358","0","1.8399999999999963","1.8399999999999963","1.8399999999999963","5.0048","0","0","0","0","1","0","0","0.820999999999998","0","0","0","0","0","2","_406e95dd8e580000_p_Net","0","0","0","1","0","0","0","0","0","0","1","_406e95dd8e580000_p_odb__dbNet","0.0","0.0","0.0","5.0048","5.0048","","5.0048","1.8399999999999963","1","1.8399999999999963","1.8399999999999963","1.8399999999999963","39.56","129.2","39.56","129.2","0","0","1","0","39.56","","129.2","","2"
"_182_","OK","15.51591600000001","1.6345342415986557","26.253999999999998","105.82249999999999","5.035999999999998","3.081000000000003","16.234","28.772","23.736","107.363","104.282","0","7.089999999999996","7.089999999999996","7.089999999999996","6.256","0","0","0","0","1","0","0","8.117","0","0","0","0","0","2","_b86e95dd8e580000_p_Net","0","0","0","1","0","0","0","0","0","0","1","_b86e95dd8e580000_p_odb__dbNet","0.0","0.0","0.0","5.0048","5.0048","","5.0048","7.089999999999996","1","7.089999999999996","7.089999999999996","7.089999999999996","23.92","104.72","23.92","104.72","0","0","1","0","23.92","","104.72","","2"
"_183_","OK","9.979625","1.3167453682104084","23.2675","92.4485","3.625","2.753","12.756","25.08","21.455","93.825","91.072","0","8.239999999999998","8.239999999999998","8.239999999999998","10.0096","0","0","0","0","1","0","0","6.378","0","0","0","0","0","2","_306f95dd8e580000_p_Net","0","0","0","1","0","0","0","0","0","0","1","_306f95dd8e580000_p_odb__dbNet","0.0","0.0","0.0","7.5072","7.5072","","7.5072","8.239999999999998","1","8.239999999999998","8.239999999999998","8.239999999999998","20.7","93.84","20.7","93.84","0","1","0","0","20.7","","93.84","","2"
"_184_","OK","21.291663","0.1979558383764387","22.2205","99.33449999999999","2.053000000000001","10.370999999999995","24.847999999999992","23.247","21.194","104.52","94.149","0","14.099999999999998","14.099999999999998","14.099999999999998","7.5072","0","0","0","0","1","0","0","12.423999999999996","0","0","0","0","0","2","_a86f95dd8e580000_p_Net","0","0","0","1","0","0","0","0","0","0","1","_a86f95dd8e580000_p_odb__dbNet","0.0","0.0","0.0","5.0048","5.0048","","5.0048","14.099999999999998","1","14.099999999999998","14.099999999999998","14.099999999999998","23.92","104.72","23.92","104.72","1","0","0","0","23.92","","104.72","","2"
"_185_","OK","0.241080000000002","2.2408536517046924","28.3675","93.644","0.7349999999999994","0.32800000000000296","2.1260000000000048","28.735","28.0","93.808","93.48","0","1.8399999999999999","1.8399999999999999","1.8399999999999999","5.0048","0","0","0","0","1","0","0","1.0630000000000024","0","0","0","0","0","2","_207095dd8e580000_p_Net","0","0","0","1","0","0","0","0","0","0","1","_207095dd8e580000_p_odb__dbNet","0.0","0.0","0.0","5.0048","5.0048","","5.0048","1.8399999999999999","1","1.8399999999999999","1.8399999999999999","1.8399999999999999","29.44","93.84","29.44","93.84","1","0","0","0","29.44","","93.84","","2"
"_186_","OK","6.188939999999989","0.7749469211695186","27.945999999999998","84.425","2.1900000000000013","2.8259999999999934","10.03199999999999","29.041","26.851","85.838","83.012","0","5.480000000000015","5.480000000000015","5.480000000000015","5.0048","0","0","0","0","1","0","0","5.015999999999995","0","0","0","0","0","2","_987095dd8e580000_p_Net","0","0","0","1","0","0","0","0","0","0","1","_987095dd8e580000_p_odb__dbNet","0.0","0.0","0.0","5.0048","5.0048","","5.0048","5.480000000000015","1","5.480000000000015","5.480000000000015","5.480000000000015","26.68","82.96","26.68","82.96","0","0","1","0","26.68","","82.96","","2"
"_187_","OK","0.057959999999995765","3.6507936218193784","27.572","82.82300000000001","0.46000000000000085","0.12599999999999056","1.1719999999999828","27.802","27.342","82.886","82.76","0","2.0700000000000003","2.0700000000000003","2.0700000000000003","6.256","0","0","0","0","1","0","0","0.5859999999999914","0","0","0","0","0","2","_107195dd8e580000_p_Net","0","0","0","1","0","0","0","0","0","0","1","_107195dd8e580000_p_odb__dbNet","0.0","0.0","0.0","5.0048","5.0048","","5.0048","2.0700000000000003","1","2.0700000000000003","2.0700000000000003","2.0700000000000003","26.68","82.96","26.68","82.96","0","1","0","0","26.68","","82.96","","2"
"_188_","OK","6.257088000000012","0.2394366196714713","18.307000000000002","90.924","1.2240000000000002","5.112000000000009","12.672000000000018","18.919","17.695","93.48","88.368","0","6.359999999999999","6.359999999999999","6.359999999999999","5.0048","0","0","0","0","1","0","0","6.336000000000009","0","0","0","0","0","2","_887195dd8e580000_p_Net","0","0","0","1","0","0","0","0","0","0","1","_887195dd8e580000_p_odb__dbNet","0.0","0.0","0.0","5.0048","5.0048","","5.0048","6.359999999999999","1","6.359999999999999","6.359999999999999","6.359999999999999","18.4","93.84","18.4","93.84","1","0","0","0","18.4","","93.84","","2"
"_189_","OK","5.226444000000001","0.551656919898746","15.508","73.461","1.6979999999999986","3.078000000000003","9.552000000000003","16.357","14.659","75.0","71.922","0","5.479999999999999","5.479999999999999","5.479999999999999","5.0048","0","0","0","0","1","0","0","4.776000000000002","0","0","0","0","0","2","_007295dd8e580000_p_Net","0","0","0","1","0","0","0","0","0","0","1","_007295dd8e580000_p_odb__dbNet","0.0","0.0","0.0","5.0048","5.0048","","5.0048","5.479999999999999","1","5.479999999999999","5.479999999999999","5.479999999999999","17.02","74.8","17.02","74.8","1","0","0","0","17.02","","74.8","","2"
"_190_","OK","0.10890299999992087","113.32257698967652","26.0685","170.0115","3.512999999999998","0.03099999999997749","7.087999999999951","27.825","24.312","170.027","169.996","0","4.830000000000002","3.7950000000000017","7.590000000000003","7.5072","0","0","0","0","2","0","0","3.5439999999999756","0","0","0","0","0","3","_787295dd8e580000_p_Net","0","0","0","1","0","0","0","0","0","0","2","_787295dd8e580000_p_odb__dbNet","0.0","0.0","0.0","6.256","5.6304","0.6255999999999999","11.2608","3.7950000000000017","2","2.7600000000000016","4.830000000000002","4.830000000000002","26.22","170.0","24.15","170.0","0","0","1","1","25.185","1.0350000000000001","170.0","0.0","3"
"_191_","OK","35.28025200000001","0.11668967103078615","23.764499999999998","156.776","2.029","17.388000000000005","38.83400000000001","24.779","22.75","165.47","148.082","0","18.619999999999994","17.584999999999994","35.16999999999999","5.0048","0","0","0","0","2","0","0","19.417000000000005","0","0","0","0","0","3","_f07295dd8e580000_p_Net","0","0","0","1","0","0","0","0","0","0","2","_f07295dd8e580000_p_odb__dbNet","0.0","0.0","0.0","6.256","5.6304","0.6255999999999999","11.2608","17.584999999999994","2","16.549999999999994","18.619999999999994","18.619999999999994","24.15","164.56","22.08","164.56","1","1","0","0","23.115","1.0350000000000001","164.56","0.0","3"
"_192_","OK","1115.5375","0.06863283394722228","40.145","111.515","8.75","127.48999999999998","272.47999999999996","44.52","35.77","175.26","47.77","0","112.25000000000001","62.72571428571429","439.08000000000004","11.2608","0","0","0","0","7","0","0","136.23999999999998","0","0","0","0","0","8","_687395dd8e580000_p_Net","0","1","0","1","0","0","0","0","0","0","7","_687395dd8e580000_p_odb__dbNet","5.0048","0.0","0.0","12.512","9.115885714285714","2.1891439758359375","63.8112","52.58857142857144","7","86.39000000000001","112.25000000000001","112.25000000000001","43.93","175.44","36.34","47.6","1","2","2","2","39.65857142857143","2.7376132909182487","103.94285714285714","54.082666278917266","8"
"_193_","OK","6.88357200000003","1.5743663311456826","35.411","173.9555","3.2920000000000016","2.091000000000008","10.76600000000002","37.057","33.765","175.001","172.91","0","7.089999999999996","7.089999999999996","7.089999999999996","12.512","0","0","0","0","1","0","0","5.38300000000001","0","0","0","0","0","2","_e07395dd8e580000_p_Net","0","1","0","1","0","0","0","0","0","0","1","_e07395dd8e580000_p_odb__dbNet","3.7536","0.0","0.0","3.7536","3.7536","","3.7536","7.089999999999996","1","7.089999999999996","7.089999999999996","7.089999999999996","33.35","172.72","33.35","172.72","0","0","1","0","33.35","","172.72","","2"
"_194_","OK","10.586301000000015","0.4378686189876211","22.755499999999998","166.98649999999998","2.1530000000000022","4.917000000000002","14.140000000000008","23.832","21.679","169.445","164.528","0","7.509999999999998","7.509999999999998","7.509999999999998","5.0048","0","0","0","0","1","0","0","7.070000000000004","0","0","0","0","0","2","_587495dd8e580000_p_Net","0","0","0","1","0","0","0","0","0","0","1","_587495dd8e580000_p_odb__dbNet","0.0","0.0","0.0","6.256","6.256","","6.256","7.509999999999998","1","7.509999999999998","7.509999999999998","7.509999999999998","24.15","170.0","24.15","170.0","1","0","0","0","24.15","","170.0","","2"
"_195_","OK","0.08053500000000305","0.0027938163526181324","23.2175","167.1155","0.015000000000000568","5.369","10.768","23.225","23.21","169.8","164.431","0","5.439999999999998","5.439999999999998","5.439999999999998","6.256","0","0","0","0","1","0","0","5.384","0","0","0","0","0","2","_d07495dd8e580000_p_Net","0","0","0","1","0","0","0","0","0","0","1","_d07495dd8e580000_p_odb__dbNet","0.0","0.0","0.0","6.256","6.256","","6.256","5.439999999999998","1","5.439999999999998","5.439999999999998","5.439999999999998","24.15","170.0","24.15","170.0","1","0","0","0","24.15","","170.0","","2"
"_196_","OK","0.12247199999998379","4.339285688457197","25.4545","169.88400000000001","0.7289999999999992","0.16799999999997794","1.7939999999999543","25.819","25.09","169.968","169.8","0","2.0700000000000003","2.0700000000000003","2.0700000000000003","5.0048","0","0","0","0","1","0","0","0.8969999999999771","0","0","0","0","0","2","_487595dd8e580000_p_Net","0","0","0","1","0","0","0","0","0","0","1","_487595dd8e580000_p_odb__dbNet","0.0","0.0","0.0","6.256","6.256","","6.256","2.0700000000000003","1","2.0700000000000003","2.0700000000000003","2.0700000000000003","24.15","170.0","24.15","170.0","0","1","0","0","24.15","","170.0","","2"
"_197_","OK","12.60688000000011","1.6609800356947297","36.525000000000006","160.4525","4.5760000000000005","2.755000000000024","14.662000000000049","38.813","34.237","161.83","159.075","0","8.240000000000002","8.240000000000002","8.240000000000002","5.0048","0","0","0","0","1","0","0","7.331000000000024","0","0","0","0","0","2","_c07595dd8e580000_p_Net","0","0","0","1","0","0","0","0","0","0","1","_c07595dd8e580000_p_odb__dbNet","0.0","0.0","0.0","10.0096","10.0096","","10.0096","8.240000000000002","1","8.240000000000002","8.240000000000002","8.240000000000002","39.56","161.84","39.56","161.84","1","0","0","0","39.56","","161.84","","2"
"_198_","OK","45.19392600000011","0.17310310680943794","38.8785","170.084","2.797000000000004","16.158000000000015","37.91000000000004","40.277","37.48","178.163","162.005","0","18.429999999999993","16.129999999999992","48.38999999999997","7.5072","0","0","0","0","3","0","0","18.95500000000002","0","0","0","0","0","4","_387695dd8e580000_p_Net","0","0","0","1","0","0","0","0","0","0","3","_387695dd8e580000_p_odb__dbNet","0.0","0.0","0.0","7.5072","6.256","1.0216005220567708","18.768","16.12999999999996","3","17.69999999999999","18.429999999999993","18.429999999999993","41.17","178.16","37.72","172.72","1","2","0","0","38.87","1.6263455967290608","175.43999999999997","2.220870700123414","4"
"_199_","OK","47.318207999999984","0.6530780074420722","40.7515","157.771","5.5589999999999975","8.512","28.141999999999996","43.531","37.972","162.027","153.515","0","8.43","7.759999999999998","15.519999999999996","8.758400000000002","0","0","0","0","2","0","0","14.070999999999998","0","0","0","0","0","3","_b07695dd8e580000_p_Net","0","1","0","1","0","0","0","0","0","0","2","_b07695dd8e580000_p_odb__dbNet","7.5072","0.0","0.0","10.0096","8.7584","1.2512000000000003","17.5168","5.040000000000013","2","7.089999999999996","8.43","8.43","40.94","161.84","39.56","153.68","0","1","0","1","40.25","0.6899999999999977","157.76","4.079999999999998","3"
"_200_","OK","2.290043000000002","0.3088505323874957","36.552499999999995","70.72749999999999","0.8410000000000011","2.722999999999999","7.128","36.973","36.132","72.089","69.366","0","7.780000000000001","7.780000000000001","7.780000000000001","22.5216","0","0","0","0","1","0","0","3.564","0","0","0","0","0","2","_287795dd8e580000_p_Net","0","0","0","1","0","0","0","0","0","0","1","_287795dd8e580000_p_odb__dbNet","0.0","0.0","0.0","10.0096","10.0096","","10.0096","7.780000000000001","1","7.780000000000001","7.780000000000001","7.780000000000001","37.72","72.08","37.72","72.08","1","0","0","0","37.72","","72.08","","2"
"_201_","OK","7.102888999999989","1.077911959065874","37.963499999999996","70.8435","2.767000000000003","2.566999999999993","10.667999999999992","39.347","36.58","72.127","69.56","0","5.020000000000003","5.020000000000003","5.020000000000003","10.0096","0","0","0","0","1","0","0","5.333999999999996","0","0","0","0","0","2","_a07795dd8e580000_p_Net","0","0","0","1","0","0","0","0","0","0","1","_a07795dd8e580000_p_odb__dbNet","0.0","0.0","0.0","5.0048","5.0048","","5.0048","5.020000000000003","1","5.020000000000003","5.020000000000003","5.020000000000003","40.02","69.36","40.02","69.36","0","0","0","1","40.02","","69.36","","2"
"_202_","OK","0.7057049999999871","6.5197568190890225","39.6525","69.5555","2.145000000000003","0.3289999999999935","4.947999999999993","40.725","38.58","69.72","69.391","0","1.8400000000000034","1.8400000000000034","1.8400000000000034","5.0048","0","0","0","0","1","0","0","2.4739999999999966","0","0","0","0","0","2","_187895dd8e580000_p_Net","0","0","0","1","0","0","0","0","0","0","1","_187895dd8e580000_p_odb__dbNet","0.0","0.0","0.0","5.0048","5.0048","","5.0048","1.8400000000000034","1","1.8400000000000034","1.8400000000000034","1.8400000000000034","40.02","69.36","40.02","69.36","0","0","0","1","40.02","","69.36","","2"
"_203_","OK","45.86989800000005","0.07656167013618666","37.989000000000004","51.671499999999995","1.8740000000000023","24.476999999999997","52.702","38.926","37.052","63.91","39.433","0","29.080000000000005","29.080000000000005","29.080000000000005","22.5216","0","0","0","0","1","0","0","26.351","0","0","0","0","0","2","_907895dd8e580000_p_Net","0","0","0","1","0","0","0","0","0","0","1","_907895dd8e580000_p_odb__dbNet","0.0","0.0","0.0","10.0096","10.0096","","10.0096","29.080000000000005","1","29.080000000000005","29.080000000000005","29.080000000000005","38.18","63.92","38.18","63.92","1","0","0","0","38.18","","63.92","","2"
"_204_","OK","7.123424","0.2642526964051901","40.006","61.275999999999996","1.3719999999999999","5.192","13.128","40.692","39.32","63.872","58.68","0","7.280000000000008","7.280000000000008","7.280000000000008","10.0096","0","0","0","0","1","0","0","6.564","0","0","0","0","0","2","_087995dd8e580000_p_Net","0","0","0","1","0","0","0","0","0","0","1","_087995dd8e580000_p_odb__dbNet","0.0","0.0","0.0","5.0048","5.0048","","5.0048","7.280000000000008","1","7.280000000000008","7.280000000000008","7.280000000000008","40.02","58.48","40.02","58.48","0","0","0","1","40.02","","58.48","","2"
"_205_","OK","21.956855999999984","0.840540011574929","37.167","61.3955","4.295999999999999","5.110999999999997","18.813999999999993","39.315","35.019","63.951","58.84","0","10.040000000000006","10.040000000000006","10.040000000000006","5.0048","0","0","0","0","1","0","0","9.406999999999996","0","0","0","0","0","2","_807995dd8e580000_p_Net","0","0","0","1","0","0","0","0","0","0","1","_807995dd8e580000_p_odb__dbNet","0.0","0.0","0.0","5.0048","5.0048","","5.0048","10.040000000000006","1","10.040000000000006","10.040000000000006","10.040000000000006","40.02","58.48","40.02","58.48","0","0","0","1","40.02","","58.48","","2"
"_206_","OK","193.89801600000007","0.13382723833191923","38.679","28.558","5.094000000000001","38.06400000000001","86.31600000000002","41.226","36.132","47.59","9.526","0","45.9","45.9","45.9","22.5216","0","0","0","0","1","0","0","43.15800000000001","0","0","0","0","0","2","_f87995dd8e580000_p_Net","0","0","0","1","0","0","0","0","0","0","1","_f87995dd8e580000_p_odb__dbNet","0.0","0.0","0.0","10.0096","10.0096","","10.0096","45.9","1","45.9","45.9","45.9","40.48","47.6","40.48","47.6","1","0","0","0","40.48","","47.6","","2"
"_207_","OK","1.0247359999999912","16.661290255398207","43.686","47.676","4.132000000000005","0.24799999999999756","8.760000000000005","45.752","41.62","47.8","47.552","0","4.600000000000001","4.600000000000001","4.600000000000001","10.0096","0","0","0","0","1","0","0","4.380000000000003","0","0","0","0","0","2","_707a95dd8e580000_p_Net","0","0","0","1","0","0","0","0","0","0","1","_707a95dd8e580000_p_odb__dbNet","0.0","0.0","0.0","5.0048","5.0048","","5.0048","4.600000000000001","1","4.600000000000001","4.600000000000001","4.600000000000001","45.08","47.6","45.08","47.6","0","0","0","1","45.08","","47.6","","2"
"_208_","OK","14.15356000000001","0.19352198313920477","43.5475","43.684","1.6550000000000011","8.552","20.414","44.375","42.72","47.96","39.408","0","10.920000000000002","10.920000000000002","10.920000000000002","5.0048","0","0","0","0","1","0","0","10.207","0","0","0","0","0","2","_e87a95dd8e580000_p_Net","0","0","0","1","0","0","0","0","0","0","1","_e87a95dd8e580000_p_odb__dbNet","0.0","0.0","0.0","5.0048","5.0048","","5.0048","10.920000000000002","1","10.920000000000002","10.920000000000002","10.920000000000002","45.08","47.6","45.08","47.6","1","0","0","0","45.08","","47.6","","2"
"_209_","OK","7.284277000000009","0.9867500916500757","37.932500000000005","46.2475","2.6810000000000045","2.7169999999999987","10.796000000000006","39.273","36.592","47.606","44.889","0","9.620000000000005","9.620000000000005","9.620000000000005","22.5216","0","0","0","0","1","0","0","5.398000000000003","0","0","0","0","0","2","_607b95dd8e580000_p_Net","0","0","0","1","0","0","0","0","0","0","1","_607b95dd8e580000_p_odb__dbNet","0.0","0.0","0.0","10.0096","10.0096","","10.0096","9.620000000000005","1","9.620000000000005","9.620000000000005","9.620000000000005","40.02","44.88","40.02","44.88","0","0","0","1","40.02","","44.88","","2"
"_210_","OK","2.655828999999992","0.08211710918197324","39.1135","42.0835","0.46699999999999875","5.686999999999998","12.307999999999993","39.347","38.88","44.927","39.24","0","5.440000000000005","5.440000000000005","5.440000000000005","10.0096","0","0","0","0","1","0","0","6.153999999999996","0","0","0","0","0","2","_d87b95dd8e580000_p_Net","0","0","0","1","0","0","0","0","0","0","1","_d87b95dd8e580000_p_odb__dbNet","0.0","0.0","0.0","5.0048","5.0048","","5.0048","5.440000000000005","1","5.440000000000005","5.440000000000005","5.440000000000005","40.02","39.44","40.02","39.44","0","0","0","1","40.02","","39.44","","2"
"_211_","OK","0.6381460000000023","0.11764705877301579","40.862","37.915499999999994","0.2740000000000009","2.3290000000000006","5.206000000000003","40.999","40.725","39.08","36.751","0","4.099999999999994","4.099999999999994","4.099999999999994","5.0048","0","0","0","0","1","0","0","2.6030000000000015","0","0","0","0","0","2","_507c95dd8e580000_p_Net","0","0","0","1","0","0","0","0","0","0","1","_507c95dd8e580000_p_odb__dbNet","0.0","0.0","0.0","5.0048","5.0048","","5.0048","4.099999999999994","1","4.099999999999994","4.099999999999994","4.099999999999994","40.02","39.44","40.02","39.44","0","1","0","0","40.02","","39.44","","2"
"_212_","OK","89.40887699999998","1.3437538309006065","34.2525","16.3275","10.960999999999999","8.156999999999998","38.23599999999999","39.733","28.772","20.406","12.249","0","23.339999999999996","23.339999999999996","23.339999999999996","22.5216","0","0","0","0","1","0","0","19.117999999999995","0","0","0","0","0","2","_c87c95dd8e580000_p_Net","0","0","0","1","0","0","0","0","0","0","1","_c87c95dd8e580000_p_odb__dbNet","0.0","0.0","0.0","10.0096","10.0096","","10.0096","23.339999999999996","1","23.339999999999996","23.339999999999996","23.339999999999996","40.48","12.24","40.48","12.24","0","0","0","1","40.48","","12.24","","2"
"_213_","OK","3.7657890000000247","0.0544929628227487","39.1135","16.4435","0.45300000000000296","8.313","17.532000000000007","39.34","38.887","20.6","12.287","0","9.079999999999993","9.079999999999993","9.079999999999993","10.0096","0","0","0","0","1","0","0","8.766000000000004","0","0","0","0","0","2","_407d95dd8e580000_p_Net","0","0","0","1","0","0","0","0","0","0","1","_407d95dd8e580000_p_odb__dbNet","0.0","0.0","0.0","5.0048","5.0048","","5.0048","9.079999999999993","1","9.079999999999993","9.079999999999993","9.079999999999993","39.56","20.4","39.56","20.4","1","0","0","0","39.56","","20.4","","2"
"_214_","OK","1.073034","0.03224128964599733","40.172","17.875500000000002","0.18599999999999994","5.769000000000002","11.910000000000004","40.265","40.079","20.76","14.991","0","6.359999999999992","6.359999999999992","6.359999999999992","5.0048","0","0","0","0","1","0","0","5.955000000000002","0","0","0","0","0","2","_b87d95dd8e580000_p_Net","0","0","0","1","0","0","0","0","0","0","1","_b87d95dd8e580000_p_odb__dbNet","0.0","0.0","0.0","5.0048","5.0048","","5.0048","6.359999999999992","1","6.359999999999992","6.359999999999992","6.359999999999992","39.56","20.4","39.56","20.4","0","1","0","0","39.56","","20.4","","2"
"_215_","OK","0.09622400000001081","375.8749765077721","39.138999999999996","23.121000000000002","6.014000000000003","0.01600000000000179","12.06000000000001","42.146","36.132","23.129","23.113","0","8.740000000000002","8.740000000000002","8.740000000000002","22.5216","0","0","0","0","1","0","0","6.030000000000005","0","0","0","0","0","2","_307e95dd8e580000_p_Net","0","0","0","1","0","0","0","0","0","0","1","_307e95dd8e580000_p_odb__dbNet","0.0","0.0","0.0","10.0096","10.0096","","10.0096","8.740000000000002","1","8.740000000000002","8.740000000000002","8.740000000000002","41.4","23.12","41.4","23.12","0","0","0","1","41.4","","23.12","","2"
"_216_","OK","10.617628999999987","0.32829259709367054","43.4735","20.323500000000003","1.8669999999999973","5.687000000000001","15.107999999999997","44.407","42.54","23.167","17.48","0","9.120000000000001","9.120000000000001","9.120000000000001","10.0096","0","0","0","0","1","0","0","7.5539999999999985","0","0","0","0","0","2","_a87e95dd8e580000_p_Net","0","0","0","1","0","0","0","0","0","0","1","_a87e95dd8e580000_p_odb__dbNet","0.0","0.0","0.0","5.0048","5.0048","","5.0048","9.120000000000001","1","9.120000000000001","9.120000000000001","9.120000000000001","45.08","17.68","45.08","17.68","0","0","0","1","45.08","","17.68","","2"
"_217_","OK","0.24075200000000013","2.237804871226214","46.152","17.484","0.7340000000000018","0.3279999999999994","2.1240000000000023","46.519","45.785","17.648","17.32","0","1.8400000000000034","1.8400000000000034","1.8400000000000034","5.0048","0","0","0","0","1","0","0","1.0620000000000012","0","0","0","0","0","2","_207f95dd8e580000_p_Net","0","0","0","1","0","0","0","0","0","0","1","_207f95dd8e580000_p_odb__dbNet","0.0","0.0","0.0","5.0048","5.0048","","5.0048","1.8400000000000034","1","1.8400000000000034","1.8400000000000034","1.8400000000000034","45.08","17.68","45.08","17.68","0","1","0","0","45.08","","17.68","","2"
"_218_","OK","0.10358399999998866","404.6249747109839","40.289","20.398","6.474000000000004","0.015999999999998238","12.980000000000004","43.526","37.052","20.406","20.39","0","9.200000000000003","9.200000000000003","9.200000000000003","22.5216","0","0","0","0","1","0","0","6.490000000000002","0","0","0","0","0","2","_987f95dd8e580000_p_Net","0","0","0","1","0","0","0","0","0","0","1","_987f95dd8e580000_p_odb__dbNet","0.0","0.0","0.0","10.0096","10.0096","","10.0096","9.200000000000003","1","9.200000000000003","9.200000000000003","9.200000000000003","42.78","20.4","42.78","20.4","1","0","0","0","42.78","","20.4","","2"
"_219_","OK","12.928824000000017","0.3996132207454976","42.783500000000004","23.195999999999998","2.2730000000000032","5.687999999999999","15.922000000000004","43.92","41.647","26.04","20.352","0","5.900000000000002","5.900000000000002","5.900000000000002","10.0096","0","0","0","0","1","0","0","7.961000000000002","0","0","0","0","0","2","_108095dd8e580000_p_Net","0","0","0","1","0","0","0","0","0","0","1","_108095dd8e580000_p_odb__dbNet","0.0","0.0","0.0","5.0048","5.0048","","5.0048","5.900000000000002","1","5.900000000000002","5.900000000000002","5.900000000000002","42.32","25.84","42.32","25.84","0","1","0","0","42.32","","25.84","","2"
"_220_","OK","0.36084000000000255","0.06658075598514622","43.1025","27.363999999999997","0.15500000000000114","2.3279999999999994","4.966000000000001","43.18","43.025","28.528","26.2","0","3.1799999999999997","3.1799999999999997","3.1799999999999997","5.0048","0","0","0","0","1","0","0","2.4830000000000005","0","0","0","0","0","2","_888095dd8e580000_p_Net","0","0","0","1","0","0","0","0","0","0","1","_888095dd8e580000_p_odb__dbNet","0.0","0.0","0.0","5.0048","5.0048","","5.0048","3.1799999999999997","1","3.1799999999999997","3.1799999999999997","3.1799999999999997","42.32","25.84","42.32","25.84","0","0","1","0","42.32","","25.84","","2"
"_221_","OK","17.589858000000003","2.38277511874024","40.289","51.6715","6.474000000000004","2.7169999999999987","18.382000000000005","43.526","37.052","53.03","50.313","0","11.920000000000002","11.920000000000002","11.920000000000002","22.5216","0","0","0","0","1","0","0","9.191000000000003","0","0","0","0","0","2","_008195dd8e580000_p_Net","0","0","0","1","0","0","0","0","0","0","1","_008195dd8e580000_p_odb__dbNet","0.0","0.0","0.0","10.0096","10.0096","","10.0096","11.920000000000002","1","11.920000000000002","11.920000000000002","11.920000000000002","42.78","53.04","42.78","53.04","1","0","0","0","42.78","","53.04","","2"
"_222_","OK","7.753824000000061","0.028247223561791174","43.686","61.275999999999996","0.4680000000000035","16.568000000000005","34.07200000000002","43.92","43.452","69.56","52.992","0","16.32","16.32","16.32","10.0096","0","0","0","0","1","0","0","17.03600000000001","0","0","0","0","0","2","_788195dd8e580000_p_Net","0","0","0","1","0","0","0","0","0","0","1","_788195dd8e580000_p_odb__dbNet","0.0","0.0","0.0","5.0048","5.0048","","5.0048","16.32","1","16.32","16.32","16.32","42.78","69.36","42.78","69.36","0","1","0","0","42.78","","69.36","","2"
"_223_","OK","0.9460479999999827","0.09768637528994507","42.227000000000004","68.164","0.30399999999999494","3.1119999999999948","6.831999999999979","42.379","42.075","69.72","66.608","0","2.719999999999999","2.719999999999999","2.719999999999999","5.0048","0","0","0","0","1","0","0","3.4159999999999897","0","0","0","0","0","2","_f08195dd8e580000_p_Net","0","0","0","1","0","0","0","0","0","0","1","_f08195dd8e580000_p_odb__dbNet","0.0","0.0","0.0","5.0048","5.0048","","5.0048","2.719999999999999","1","2.719999999999999","2.719999999999999","2.719999999999999","42.78","69.36","42.78","69.36","1","0","0","0","42.78","","69.36","","2"
"_224_","OK","14.761055999999943","0.1999534450419048","40.275999999999996","174.179","1.7179999999999964","8.591999999999985","20.619999999999962","41.135","39.417","178.475","169.883","0","8.850000000000001","8.850000000000001","8.850000000000001","3.7536","0","0","0","0","1","0","0","10.309999999999981","0","0","0","0","0","2","_688295dd8e580000_p_Net","0","0","0","1","0","0","0","0","0","0","1","_688295dd8e580000_p_odb__dbNet","0.0","0.0","0.0","7.5072","7.5072","","7.5072","8.850000000000001","1","8.850000000000001","8.850000000000001","8.850000000000001","40.02","178.16","40.02","178.16","0","1","0","0","40.02","","178.16","","2"
"_225_","OK","38.2196099999999","0.5369207063485938","32.425","179.54149999999998","4.529999999999998","8.436999999999983","25.933999999999962","34.69","30.16","183.76","175.323","0","9.999999999999996","7.509999999999996","15.019999999999992","8.758400000000002","0","0","0","0","2","0","0","12.966999999999981","0","0","0","0","0","3","_e08295dd8e580000_p_Net","0","0","0","1","0","0","0","0","0","0","2","_e08295dd8e580000_p_odb__dbNet","0.0","0.0","0.0","11.2608","7.5072","3.7535999999999996","15.0144","5.669999999999995","2","5.019999999999996","9.999999999999996","9.999999999999996","34.73","183.6","30.59","178.16","0","1","0","1","32.66","2.0699999999999985","180.88","2.719999999999999","3"
"_226_","OK","0.24768399999997825","42.881578383140805","31.304499999999997","178.248","3.258999999999997","0.0759999999999934","6.66999999999998","32.934","29.675","178.286","178.21","0","6.209999999999997","6.209999999999997","6.209999999999997","11.2608","0","0","0","0","1","0","0","3.33499999999999","0","0","0","0","0","2","_588395dd8e580000_p_Net","0","0","0","1","0","0","0","0","0","0","1","_588395dd8e580000_p_odb__dbNet","0.0","0.0","0.0","7.5072","7.5072","","7.5072","6.209999999999997","1","6.209999999999997","6.209999999999997","6.209999999999997","28.52","178.16","28.52","178.16","0","0","1","0","28.52","","178.16","","2"
"_227_","OK","7.240112000000033","0.24321847502873517","29.752499999999998","180.88","1.3270000000000017","5.456000000000017","13.566000000000038","30.416","29.089","183.608","178.152","0","7.509999999999998","7.509999999999998","7.509999999999998","3.7536","0","0","0","0","1","0","0","6.783000000000019","0","0","0","0","0","2","_d08395dd8e580000_p_Net","0","0","0","1","0","0","0","0","0","0","1","_d08395dd8e580000_p_odb__dbNet","0.0","0.0","0.0","7.5072","7.5072","","7.5072","7.509999999999998","1","7.509999999999998","7.509999999999998","7.509999999999998","28.52","178.16","28.52","178.16","0","0","1","0","28.52","","178.16","","2"
"_228_","OK","2.4174320000000535","0.03624341863153704","39.933","182.07850000000002","0.2960000000000065","8.167000000000002","16.926000000000016","40.081","39.785","186.162","177.995","0","8.61999999999999","8.61999999999999","8.61999999999999","5.0048","0","0","0","0","1","0","0","8.463000000000008","0","0","0","0","0","2","_488495dd8e580000_p_Net","0","0","0","1","0","0","0","0","0","0","1","_488495dd8e580000_p_odb__dbNet","0.0","0.0","0.0","7.5072","7.5072","","7.5072","8.61999999999999","1","8.61999999999999","8.61999999999999","8.61999999999999","40.02","178.16","40.02","178.16","0","0","0","1","40.02","","178.16","","2"
"_229_","OK","14.64960000000002","0.5351681956163679","37.019999999999996","159.176","2.8000000000000043","5.231999999999999","16.064000000000007","38.42","35.62","161.792","156.56","0","9.810000000000002","9.810000000000002","9.810000000000002","10.0096","0","0","0","0","1","0","0","8.032000000000004","0","0","0","0","0","2","_c08495dd8e580000_p_Net","0","0","0","1","0","0","0","0","0","0","1","_c08495dd8e580000_p_odb__dbNet","0.0","0.0","0.0","3.7536","3.7536","","3.7536","9.810000000000002","1","9.810000000000002","9.810000000000002","9.810000000000002","35.19","156.4","35.19","156.4","0","0","1","0","35.19","","156.4","","2"
"_230_","OK","18.22852799999998","0.7542717655097089","39.173","175.733","3.7079999999999984","4.915999999999997","17.24799999999999","41.027","37.319","178.191","173.275","0","8.43","8.43","8.43","5.0048","0","0","0","0","1","0","0","8.623999999999995","0","0","0","0","0","2","_388595dd8e580000_p_Net","0","0","0","1","0","0","0","0","0","0","1","_388595dd8e580000_p_odb__dbNet","0.0","0.0","0.0","6.256","6.256","","6.256","8.43","1","8.43","8.43","8.43","40.71","172.72","40.71","172.72","0","0","0","1","40.71","","172.72","","2"
"_231_","OK","1.1357250000000128","0.19866164776300121","41.8725","174.1155","0.4750000000000014","2.3910000000000196","5.732000000000042","42.11","41.635","175.311","172.92","0","3.1799999999999997","3.1799999999999997","3.1799999999999997","6.256","0","0","0","0","1","0","0","2.866000000000021","0","0","0","0","0","2","_b08595dd8e580000_p_Net","0","0","0","1","0","0","0","0","0","0","1","_b08595dd8e580000_p_odb__dbNet","0.0","0.0","0.0","6.256","6.256","","6.256","3.1799999999999997","1","3.1799999999999997","3.1799999999999997","3.1799999999999997","40.71","172.72","40.71","172.72","0","0","1","0","40.71","","172.72","","2"
"_232_","OK","0.06482799999999449","11.223684062847257","36.4915","172.94799999999998","0.8530000000000015","0.0759999999999934","1.8579999999999899","36.918","36.065","172.986","172.91","0","2.0700000000000003","2.0700000000000003","2.0700000000000003","7.5072","0","0","0","0","1","0","0","0.9289999999999949","0","0","0","0","0","2","_288695dd8e580000_p_Net","0","1","0","1","0","0","0","0","0","0","1","_288695dd8e580000_p_odb__dbNet","3.7536","0.0","0.0","3.7536","3.7536","","3.7536","2.0700000000000003","1","2.0700000000000003","2.0700000000000003","2.0700000000000003","35.65","172.72","35.65","172.72","0","0","1","0","35.65","","172.72","","2"
"_233_","OK","14.077983999999974","0.4831419043195363","31.602999999999998","177.981","2.607999999999997","5.397999999999996","16.011999999999986","32.907","30.299","180.68","175.282","0","9.119999999999997","9.119999999999997","9.119999999999997","5.0048","0","0","0","0","1","0","0","8.005999999999993","0","0","0","0","0","2","_a08695dd8e580000_p_Net","0","0","0","1","0","0","0","0","0","0","1","_a08695dd8e580000_p_odb__dbNet","0.0","0.0","0.0","5.0048","5.0048","","5.0048","9.119999999999997","1","9.119999999999997","9.119999999999997","9.119999999999997","33.58","180.88","33.58","180.88","1","0","0","0","33.58","","180.88","","2"
"_234_","OK","2.0446570000000097","0.28026656783403653","18.0935","105.9245","0.7570000000000014","2.7010000000000076","6.916000000000018","18.472","17.715","107.275","104.574","0","4.329999999999998","4.329999999999998","4.329999999999998","6.256","0","0","0","0","1","0","0","3.458000000000009","0","0","0","0","0","2","_188795dd8e580000_p_Net","0","0","0","1","0","0","0","0","0","0","1","_188795dd8e580000_p_odb__dbNet","0.0","0.0","0.0","7.5072","7.5072","","7.5072","4.329999999999998","1","4.329999999999998","4.329999999999998","4.329999999999998","17.48","107.44","17.48","107.44","0","1","0","0","17.48","","107.44","","2"
"_235_","OK","18.316687999999996","0.16001495465370455","12.759","110.06049999999999","1.7119999999999997","10.698999999999998","24.821999999999996","13.615","11.903","115.41","104.711","0","13.179999999999994","13.179999999999994","13.179999999999994","3.7536","0","0","0","0","1","0","0","12.410999999999998","0","0","0","0","0","2","_908795dd8e580000_p_Net","0","1","0","1","0","0","0","0","0","0","1","_908795dd8e580000_p_odb__dbNet","3.7536","0.0","0.0","3.7536","3.7536","","3.7536","13.179999999999994","1","13.179999999999994","13.179999999999994","13.179999999999994","14.03","115.6","14.03","115.6","1","0","0","0","14.03","","115.6","","2"
"_236_","OK","30.681196000000067","0.24096065222962032","18.5515","172.925","2.719000000000001","11.28400000000002","28.006000000000043","19.911","17.192","178.567","167.283","0","14.559999999999995","14.559999999999995","14.559999999999995","7.5072","0","0","0","0","1","0","0","14.003000000000021","0","0","0","0","0","2","_088895dd8e580000_p_Net","0","0","0","1","0","0","0","0","0","0","1","_088895dd8e580000_p_odb__dbNet","0.0","0.0","0.0","5.0048","5.0048","","5.0048","14.559999999999995","1","14.559999999999995","14.559999999999995","14.559999999999995","17.02","167.28","17.02","167.28","0","0","1","0","17.02","","167.28","","2"
"_237_","OK","0.8567159999999459","7.914893592964344","15.317","167.4755","2.603999999999999","0.3289999999999793","5.865999999999957","16.619","14.015","167.64","167.311","0","2.299999999999999","2.299999999999999","2.299999999999999","5.0048","0","0","0","0","1","0","0","2.9329999999999785","0","0","0","0","0","2","_808895dd8e580000_p_Net","0","0","0","1","0","0","0","0","0","0","1","_808895dd8e580000_p_odb__dbNet","0.0","0.0","0.0","5.0048","5.0048","","5.0048","2.299999999999999","1","2.299999999999999","2.299999999999999","2.299999999999999","14.72","167.28","14.72","167.28","0","0","1","0","14.72","","167.28","","2"
"_238_","OK","177.97349699999992","0.021081616438424898","8.493500000000001","91.2295","1.9369999999999994","91.88099999999999","187.63599999999997","9.462","7.525","137.17","45.289","0","47.85000000000001","42.3425","169.37","11.2608","0","0","0","0","4","0","0","93.81799999999998","0","0","0","0","0","5","_f88895dd8e580000_p_Net","0","1","0","1","0","0","0","0","0","0","4","_f88895dd8e580000_p_odb__dbNet","5.0048","0.0","0.0","11.2608","9.6968","2.708927463037724","38.7872","18.76249999999998","4","41.719999999999985","47.85000000000001","47.85000000000001","10.12","137.36","7.59","44.88","3","0","1","0","8.912499999999998","0.9535296272271772","109.47999999999999","37.609594520547546","5"
"_239_","OK","45.10566499999989","6.7500967091875985","20.0245","111.58250000000001","17.448999999999998","2.5849999999999937","40.067999999999984","28.749","11.3","112.875","110.29","0","24.799999999999997","24.799999999999997","24.799999999999997","16.265600000000003","0","0","0","0","1","0","0","20.033999999999992","0","0","0","0","0","2","_708995dd8e580000_p_Net","0","0","0","1","1","0","0","0","0","0","1","_708995dd8e580000_p_odb__dbNet","0.0","23.772800000000004","0.0","23.772800000000004","23.772800000000004","","23.772800000000004","24.799999999999997","1","24.799999999999997","24.799999999999997","24.799999999999997","8.51","112.88","8.51","112.88","0","1","0","0","8.51","","112.88","","2"
"_240_","OK","12.23838199999999","2.0256305931547485","33.6505","114.104","4.978999999999999","2.4579999999999984","14.873999999999995","36.14","31.161","115.333","112.875","0","5.710000000000001","5.710000000000001","5.710000000000001","7.5072","0","0","0","0","1","0","0","7.436999999999998","0","0","0","0","0","2","_e88995dd8e580000_p_Net","0","0","0","1","1","0","0","0","0","0","1","_e88995dd8e580000_p_odb__dbNet","0.0","23.772800000000004","0.0","23.772800000000004","23.772800000000004","","23.772800000000004","5.710000000000001","1","5.710000000000001","5.710000000000001","5.710000000000001","33.35","112.88","33.35","112.88","0","0","1","0","33.35","","112.88","","2"
"_241_","OK","793.14236","0.14629906287999053","15.691","76.065","10.772000000000002","73.63","168.804","21.077","10.305","112.88","39.25","0","84.25","84.25","84.25","5.0048","0","0","0","0","1","0","0","84.402","0","0","0","0","0","2","_608a95dd8e580000_p_Net","0","1","0","1","0","0","0","0","0","0","1","_608a95dd8e580000_p_odb__dbNet","3.7536","0.0","0.0","3.7536","3.7536","","3.7536","84.25","1","84.25","84.25","84.25","9.89","39.44","9.89","39.44","0","0","1","0","9.89","","39.44","","2"
"_242_","OK","37.2017799999999","1.2805194802819104","15.210999999999999","126.5","6.901999999999999","5.389999999999986","24.58399999999997","18.662","11.76","129.195","123.805","0","15.329999999999982","15.329999999999982","15.329999999999982","5.0048","0","0","0","0","1","0","0","12.291999999999986","0","0","0","0","0","2","_d88a95dd8e580000_p_Net","0","0","0","1","1","0","0","0","0","0","1","_d88a95dd8e580000_p_odb__dbNet","0.0","23.772800000000004","0.0","23.772800000000004","23.772800000000004","","23.772800000000004","15.329999999999982","1","15.329999999999982","15.329999999999982","15.329999999999982","8.97","129.2","8.97","129.2","0","1","0","0","8.97","","129.2","","2"
"_243_","OK","273.07674800000007","0.10062579183589998","7.036","114.22300000000001","5.242","52.09400000000001","114.67200000000001","9.657","4.415","140.27","88.176","0","56.510000000000005","56.510000000000005","56.510000000000005","7.5072","0","0","0","0","1","0","0","57.336000000000006","0","0","0","0","0","2","_508b95dd8e580000_p_Net","0","1","0","1","0","0","0","0","0","0","1","_508b95dd8e580000_p_odb__dbNet","3.7536","0.0","0.0","3.7536","3.7536","","3.7536","56.510000000000005","1","56.510000000000005","56.510000000000005","56.510000000000005","4.83","140.08","4.83","140.08","0","1","0","0","4.83","","140.08","","2"
"_244_","OK","14.692162000000016","0.47509440739523495","12.621","121.0955","2.6419999999999995","5.561000000000007","16.406000000000013","13.942","11.3","123.876","118.315","0","10.960000000000012","10.960000000000012","10.960000000000012","3.7536","0","0","0","0","1","0","0","8.203000000000007","0","0","0","0","0","2","_c88b95dd8e580000_p_Net","0","0","0","1","1","0","0","0","0","0","1","_c88b95dd8e580000_p_odb__dbNet","0.0","23.772800000000004","0.0","23.772800000000004","23.772800000000004","","23.772800000000004","10.960000000000012","1","10.960000000000012","10.960000000000012","10.960000000000012","8.51","118.32","8.51","118.32","0","0","1","0","8.51","","118.32","","2"
"_245_","OK","149.11496999999997","0.3134800550062596","14.7185","74.82","6.837","21.809999999999995","57.29399999999999","18.137","11.3","85.725","63.915","0","31.190000000000005","31.190000000000005","31.190000000000005","5.0048","0","0","0","0","1","0","0","28.646999999999995","0","0","0","0","0","2","_408c95dd8e580000_p_Net","0","0","0","1","1","0","0","0","0","0","1","_408c95dd8e580000_p_odb__dbNet","0.0","23.772800000000004","0.0","23.772800000000004","23.772800000000004","","23.772800000000004","31.190000000000005","1","31.190000000000005","31.190000000000005","31.190000000000005","8.51","63.92","8.51","63.92","0","0","1","0","8.51","","63.92","","2"
"_246_","OK","105.18491999999999","0.5720501474504385","15.1785","146.905","7.756999999999998","13.560000000000002","42.634","19.057","11.3","153.685","140.125","0","23.949999999999996","23.949999999999996","23.949999999999996","5.0048","0","0","0","0","1","0","0","21.317","0","0","0","0","0","2","_b88c95dd8e580000_p_Net","0","0","0","1","1","0","0","0","0","0","1","_b88c95dd8e580000_p_odb__dbNet","0.0","23.772800000000004","0.0","23.772800000000004","23.772800000000004","","23.772800000000004","23.949999999999996","1","23.949999999999996","23.949999999999996","23.949999999999996","8.51","153.68","8.51","153.68","0","1","0","0","8.51","","153.68","","2"
"ack_o","OK","511.554418","0.36172419293831504","7.2015","42.263000000000005","13.603","37.606","102.418","14.003","0.4","61.066","23.46","1","14.140000000000004","14.140000000000004","14.140000000000004","3.7536","1","0","0","0","2","1","0","51.209","0","0","0","0","0","2","_308d95dd8e580000_p_Net","1","1","0","1","0","0","0","0","0","1","2","_308d95dd8e580000_p_odb__dbNet","3.7536","0.0","0.0","3.7536","3.7536","","3.7536","14.140000000000004","1","14.140000000000004","14.140000000000004","14.140000000000004","8.51","53.04","8.51","53.04","1","0","0","0","8.51","","53.04","","3"
"adr_i[0]","OK","191.6783999999999","0.7196691176029617","6.2725","94.03","11.745","16.319999999999993","56.12999999999998","12.145","0.4","102.19","85.87","1","","","","","0","0","0","0","8","1","0","28.06499999999999","1","0","0","0","0","8","_a88d95dd8e580000_p_Net","0","8","0","1","0","0","0","0","1","0","8","_a88d95dd8e580000_p_odb__dbNet","30.028799999999997","0.0","0.0","3.7536","3.7535999999999996","4.440892098500626e-16","30.028799999999997","","8","","","","11.73","102.0","4.37","85.68","1","4","0","3","6.7275","2.3050257590751566","94.52","6.342617756100392","9"
"adr_i[1]","OK","496.4544","0.11649816176292128","4.202500000000001","71.89","7.605","65.28","145.77","8.005","0.4","104.53","39.25","1","","","","","0","0","0","0","8","1","0","72.885","1","0","0","0","0","8","_208e95dd8e580000_p_Net","0","8","0","1","0","0","0","0","1","0","8","_208e95dd8e580000_p_odb__dbNet","30.028799999999997","0.0","0.0","3.7536","3.7535999999999996","4.440892098500626e-16","30.028799999999997","","8","","","","7.59","104.72","4.37","39.44","7","0","0","1","5.635","1.1208813496530308","85.00000000000001","18.385167935050255","9"
"bcnt[0]","OK","128.92896300000012","0.3631972825028822","38.6515","168.3665","6.8430000000000035","18.841000000000008","51.36800000000002","42.073","35.23","177.787","158.946","0","22.949999999999996","15.324999999999996","61.29999999999998","20.0192","0","0","1","0","4","0","0","25.68400000000001","1","0","0","0","0","5","_988e95dd8e580000_p_Net","0","1","0","1","0","0","0","0","0","0","4","_988e95dd8e580000_p_odb__dbNet","3.7536","0.0","0.0","12.512","8.7584","3.426552319752319","35.0336","14.749999999999972","4","14.519999999999996","22.949999999999996","22.949999999999996","39.79","178.16","34.73","164.56","0","3","0","1","37.489999999999995","1.8037045212561849","172.71999999999997","5.088654046012558","5"
"bcnt[1]","OK","55.82662500000001","0.47048563293211365","38.3125","178.3265","5.125","10.893","32.036","40.875","35.75","183.773","172.88","0","15.479999999999997","12.123999999999999","60.61999999999999","20.0192","0","0","1","0","5","0","0","16.018","1","0","0","0","0","6","_108f95dd8e580000_p_Net","0","0","0","1","0","0","0","0","0","0","5","_108f95dd8e580000_p_odb__dbNet","0.0","0.0","0.0","12.512","8.50816","2.896737426554226","42.540800000000004","12.124000000000017","5","12.759999999999998","15.479999999999997","15.479999999999997","41.17","178.16","34.73","172.72","0","0","4","1","37.812","2.039621533520375","175.98399999999998","2.035461618405023","6"
"bcnt[2]","OK","32.96056100000001","0.27983046159773023","37.918499999999995","178.3465","3.036999999999999","10.853000000000009","27.780000000000015","39.437","36.4","183.773","172.92","0","13.639999999999993","10.076666666666663","30.22999999999999","20.0192","0","0","1","0","3","0","0","13.890000000000008","1","0","0","0","0","4","_888f95dd8e580000_p_Net","0","0","0","1","0","0","0","0","0","0","3","_888f95dd8e580000_p_odb__dbNet","0.0","0.0","0.0","12.512","10.426666666666668","2.126631071802431","31.28","9.923333333333353","3","10.919999999999995","13.639999999999993","13.639999999999993","37.72","178.16","34.73","172.72","0","0","3","0","36.72333333333333","1.4094995171651856","175.43999999999997","2.220870700123414","4"
"clk_i","OK","10054.8588","0.322107765449841","28.855","97.92","56.910000000000004","176.67999999999998","467.17999999999995","57.31","0.4","186.26","9.58","1","","","","","0","0","0","0","131","1","0","233.58999999999997","0","1","0","0","0","131","_009095dd8e580000_p_Net","0","0","0","1","0","0","0","0","1","0","131","_009095dd8e580000_p_odb__dbNet","0.0","0.0","0.0","30.0288","27.383132824427523","3.650761993167266","3587.1904000000054","","131","","","","62.56","186.32","8.51","9.52","36","24","28","43","34.07687022900765","16.580393280907774","92.80183206106867","53.01346206391667","132"
"clkcnt[0]","OK","150.12135000000004","1.2384196184161282","58.5475","131.8","13.634999999999998","11.010000000000005","49.290000000000006","65.365","51.73","137.305","126.295","0","13.720000000000027","9.198","45.99","30.0288","0","0","0","0","5","0","0","24.645000000000003","1","1","0","0","0","6","_789095dd8e580000_p_Net","0","0","0","1","0","0","0","0","0","0","5","_789095dd8e580000_p_odb__dbNet","0.0","0.0","0.0","10.0096","7.757440000000001","1.6599043750770706","38.787200000000006","4.445999999999998","5","8.240000000000002","13.720000000000027","13.720000000000027","66.24","137.36","51.06","126.48","3","1","1","0","60.858000000000004","5.674244971800212","133.00799999999998","3.6895875108201457","6"
"clkcnt[10]","OK","58.931749999999916","0.8137485310442134","47.5725","179.51","6.924999999999997","8.509999999999991","30.869999999999976","51.035","44.11","183.765","175.255","0","7.049999999999997","5.459999999999997","10.919999999999995","30.0288","0","0","0","0","2","0","0","15.434999999999988","1","1","0","0","0","3","_90f495dd8e580000_p_Net","0","0","0","1","0","0","0","1","0","0","2","_90f495dd8e580000_p_odb__dbNet","0.0","0.0","3.7536","8.758400000000002","6.256000000000001","2.502400000000001","12.512000000000002","2.7399999999999807","2","3.8699999999999974","7.049999999999997","7.049999999999997","50.83","183.6","50.37","175.44","1","0","0","1","50.599999999999994","0.23000000000000043","179.51999999999998","4.079999999999998","3"
"clkcnt[11]","OK","1.5424049999999803","0.18557058613056865","53.1425","182.3235","0.5349999999999966","2.8829999999999814","6.835999999999956","53.41","52.875","183.765","180.882","0","7.090000000000003","7.090000000000003","7.090000000000003","30.0288","0","0","0","0","1","0","0","3.417999999999978","1","1","0","0","0","2","_08f595dd8e580000_p_Net","0","0","0","1","0","0","0","1","0","0","1","_08f595dd8e580000_p_odb__dbNet","0.0","0.0","3.7536","3.7536","3.7536","","3.7536","7.090000000000003","1","7.090000000000003","7.090000000000003","7.090000000000003","52.67","183.6","52.67","183.6","0","1","0","0","52.67","","183.6","","2"
"clkcnt[1]","OK","75.57487499999989","0.6717262184716021","62.1075","131.7365","7.125","10.606999999999985","35.46399999999997","65.67","58.545","137.04","126.433","0","14.220000000000027","11.7475","46.99","30.0288","0","0","0","0","4","0","0","17.731999999999985","1","1","0","0","0","5","_80f595dd8e580000_p_Net","0","0","0","1","0","0","0","0","0","0","4","_80f595dd8e580000_p_odb__dbNet","0.0","0.0","0.0","10.0096","8.4456","1.0374402344231695","33.7824","10.387499999999982","4","11.959999999999994","14.220000000000027","14.220000000000027","66.24","137.36","58.19","126.48","3","0","1","0","63.3075","3.200948101734859","133.28","4.079999999999999","5"
"clkcnt[2]","OK","16.005629999999915","0.25241743058490207","65.315","133.17849999999999","2.009999999999991","7.962999999999994","19.94599999999997","66.32","64.31","137.16","129.197","0","13.680000000000028","11.100000000000009","33.300000000000026","30.0288","0","0","0","0","3","0","0","9.972999999999985","1","1","0","0","0","4","_f8f595dd8e580000_p_Net","0","0","0","1","0","0","0","0","0","0","3","_f8f595dd8e580000_p_odb__dbNet","0.0","0.0","0.0","10.0096","8.341333333333333","1.1796426728274778","25.024","11.100000000000001","3","11.419999999999995","13.680000000000028","13.680000000000028","66.24","137.36","63.02","134.64","2","1","0","0","65.01333333333334","1.4219548359760052","135.54666666666665","1.282220296551619","4"
"clkcnt[3]","OK","7.70746499999996","0.9145711329953257","63.98949999999999","138.81349999999998","2.654999999999994","2.9029999999999916","11.115999999999971","65.317","62.662","140.265","137.362","0","6.899999999999999","6.534999999999997","13.069999999999993","30.0288","0","0","0","0","2","0","0","5.557999999999986","1","1","0","0","0","3","_70f695dd8e580000_p_Net","0","0","0","1","0","0","0","0","0","0","2","_70f695dd8e580000_p_odb__dbNet","0.0","0.0","0.0","8.758400000000002","8.132800000000001","0.6256000000000008","16.265600000000003","6.535000000000018","2","6.169999999999995","6.899999999999999","6.899999999999999","65.78","140.08","62.33","137.36","0","1","0","1","64.055","1.7250000000000014","138.72000000000003","1.3599999999999994","3"
"clkcnt[4]","OK","17.396400000000003","0.5856880732870322","68.021","159.305","3.1920000000000073","5.449999999999989","17.283999999999992","69.617","66.425","162.03","156.58","0","10.539999999999992","8.354999999999997","16.709999999999994","30.0288","0","0","0","0","2","0","0","8.641999999999996","1","1","0","0","0","3","_e8f695dd8e580000_p_Net","0","1","0","1","0","0","0","0","0","0","2","_e8f695dd8e580000_p_odb__dbNet","3.7536","0.0","0.0","12.512","8.1328","4.3792","16.2656","5.634999999999991","2","6.170000000000002","10.539999999999992","10.539999999999992","70.38","161.84","66.01","156.4","0","1","0","1","68.195","2.184999999999995","159.12","2.719999999999999","3"
"clkcnt[5]","OK","30.991680000000088","1.0472426468663085","67.8885","153.86","5.6969999999999885","5.440000000000026","22.27400000000003","70.737","65.04","156.58","151.14","0","10.999999999999993","7.7933333333333294","23.37999999999999","30.0288","0","0","0","0","3","0","0","11.137000000000015","1","1","0","0","0","4","_60f795dd8e580000_p_Net","0","0","0","1","0","0","0","0","0","0","3","_60f795dd8e580000_p_odb__dbNet","0.0","0.0","0.0","12.512","10.0096","2.043201044113542","30.028800000000004","5.980000000000025","3","6.899999999999999","10.999999999999993","10.999999999999993","70.38","156.4","64.86","150.96","1","0","1","1","68.08","2.3455489762526796","153.68000000000004","2.220870700123414","4"
"clkcnt[6]","OK","26.00136000000009","0.8208955222421992","66.352","159.211","4.6200000000000045","5.628000000000014","20.496000000000038","68.662","64.042","162.025","156.397","0","7.819999999999993","7.204999999999995","14.40999999999999","30.0288","0","0","0","0","2","0","0","10.248000000000019","1","1","0","0","0","3","_d8f795dd8e580000_p_Net","0","0","0","1","0","0","0","0","0","0","2","_d8f795dd8e580000_p_odb__dbNet","0.0","0.0","0.0","12.512","10.635200000000001","1.8767999999999994","21.270400000000002","7.204999999999998","2","6.589999999999996","7.819999999999993","7.819999999999993","70.38","161.84","63.71","156.4","0","1","0","1","67.045","3.3349999999999973","159.12","2.719999999999999","3"
"clkcnt[7]","OK","64.8006560000001","0.9311915606651638","61.946","179.426","7.768000000000001","8.342000000000013","32.22000000000003","65.83","58.062","183.597","175.255","0","13.450000000000003","11.38","34.14","30.0288","0","0","0","0","3","0","0","16.110000000000014","1","1","0","0","0","4","_50f895dd8e580000_p_Net","0","0","0","1","0","0","0","0","0","0","3","_50f895dd8e580000_p_odb__dbNet","0.0","0.0","0.0","15.0144","10.0096","3.683433065316467","30.028800000000004","9.386666666666692","3","11.149999999999999","13.450000000000003","13.450000000000003","66.01","175.44","57.73","175.44","0","0","1","2","61.946666666666665","3.382034233350629","175.43999999999997","2.8421709430404007e-14","4"
"clkcnt[8]","OK","20.773290000000095","0.6572394164608251","66.0375","178.071","3.6950000000000074","5.622000000000014","18.634000000000043","67.885","64.19","180.882","175.26","0","10.769999999999996","8.393333333333329","25.179999999999986","30.0288","0","0","0","0","3","0","0","9.317000000000021","1","1","0","0","0","4","_c8f895dd8e580000_p_Net","0","0","0","1","0","0","0","0","0","0","3","_c8f895dd8e580000_p_odb__dbNet","0.0","0.0","0.0","15.0144","9.175466666666667","4.606651901568233","27.526400000000002","8.39333333333333","3","8.199999999999996","10.769999999999996","10.769999999999996","67.39","180.88","62.1","175.44","1","1","1","0","65.01333333333334","2.192720279064847","178.16","2.220870700123414","4"
"clkcnt[9]","OK","16.638336000000063","0.6031987813017521","63.786","175.531","3.1680000000000064","5.2520000000000095","16.840000000000032","65.37","62.202","178.157","172.905","0","7.049999999999997","5.805","11.61","30.0288","0","0","0","0","2","0","0","8.420000000000016","1","1","0","0","0","3","_40f995dd8e580000_p_Net","0","0","0","1","0","0","0","0","0","0","2","_40f995dd8e580000_p_odb__dbNet","0.0","0.0","0.0","15.0144","11.886400000000002","3.1279999999999992","23.772800000000004","5.805000000000014","2","4.560000000000002","7.049999999999997","7.049999999999997","62.1","175.44","61.87","172.72","0","0","2","0","61.985","0.11500000000000199","174.07999999999998","1.3599999999999994","3"
"cpha","OK","94.77759999999994","0.36728087647116037","22.14","139.76999999999998","5.899999999999999","16.063999999999993","43.92799999999998","25.09","19.19","147.802","131.738","0","20.00000000000002","9.693333333333348","29.080000000000044","25.024","0","0","1","0","3","0","0","21.96399999999999","0","0","0","0","0","4","_b8f995dd8e580000_p_Net","0","0","0","1","0","0","0","0","0","0","3","_b8f995dd8e580000_p_odb__dbNet","0.0","0.0","0.0","11.2608","8.341333333333333","2.5709716001715943","25.024","9.080000000000027","3","5.670000000000027","20.00000000000002","20.00000000000002","24.38","148.24","20.01","134.64","1","0","2","0","21.62","1.9606291507234774","140.08","5.875871566556466","4"
"cpol","OK","122.05157999999996","0.2463162623429329","23.268500000000003","153.59","5.4830000000000005","22.25999999999999","55.48599999999998","26.01","20.527","164.72","142.46","0","14.059999999999992","9.309999999999997","27.92999999999999","25.024","0","0","1","0","3","0","0","27.74299999999999","0","0","0","0","0","4","_30fa95dd8e580000_p_Net","0","0","0","1","0","0","0","0","0","0","3","_30fa95dd8e580000_p_odb__dbNet","0.0","0.0","0.0","11.2608","7.924266666666667","2.570971600171594","23.7728","1.75","3","9.999999999999996","14.059999999999992","14.059999999999992","22.08","164.56","19.78","142.8","0","1","2","0","20.776666666666667","0.9636850568981999","151.86666666666667","9.246222051314913","4"
"cyc_i","OK","210.22149999999993","0.5574150360166111","5.8125","65.28","10.825","19.419999999999995","60.48999999999999","11.225","0.4","74.99","55.57","1","","","","","0","0","0","0","3","1","0","30.244999999999994","0","0","0","0","0","3","_a8fa95dd8e580000_p_Net","0","3","0","1","0","0","0","0","1","0","3","_a8fa95dd8e580000_p_odb__dbNet","11.2608","0.0","0.0","3.7536","3.7536","0.0","11.2608","","3","","","","10.81","74.8","6.21","55.76","2","0","0","1","7.896666666666666","2.06857975969558","65.73333333333333","7.799441575451981","4"
"dat_i[0]","OK","1875.4399999999998","0.32333245797894783","12.712499999999999","99.08999999999999","24.625","76.16","201.57","25.025","0.4","137.17","61.01","1","","","","","0","0","0","0","6","1","0","100.785","1","0","0","0","0","6","_20fb95dd8e580000_p_Net","0","6","0","1","0","0","0","0","1","0","6","_20fb95dd8e580000_p_odb__dbNet","22.5216","0.0","0.0","3.7536","3.7536","0.0","22.5216","","6","","","","24.61","137.36","11.73","61.2","2","0","2","2","16.406666666666666","5.347465651024688","91.57333333333334","33.031174500597","7"
"dat_i[1]","OK","2829.3440000000005","0.2390165441154502","13.4025","93.65","26.005000000000003","108.80000000000001","269.61","26.405","0.4","148.05","39.25","1","","","","","0","0","0","0","6","1","0","134.805","1","0","0","0","0","6","_98fb95dd8e580000_p_Net","0","6","0","1","0","0","0","0","1","0","6","_98fb95dd8e580000_p_odb__dbNet","22.5216","0.0","0.0","3.7536","3.7536","0.0","22.5216","","6","","","","26.45","148.24","11.27","39.44","2","0","2","2","20.086666666666666","6.01772289897839","76.15999999999998","50.025081709078705","7"
"dat_i[2]","OK","1350.5888","0.09429311497247415","6.0425","66.45","11.285","119.68","261.93","11.685","0.4","126.29","6.61","1","","","","","0","0","0","0","6","1","0","130.965","1","0","0","0","0","6","_10fc95dd8e580000_p_Net","0","6","0","1","0","0","0","0","1","0","6","_10fc95dd8e580000_p_odb__dbNet","22.5216","0.0","0.0","3.7536","3.7536","0.0","22.5216","","6","","","","11.73","126.48","6.21","6.8","2","0","0","4","9.123333333333333","1.8716718610791678","53.03999999999999","52.367358790248986","7"
"dat_i[3]","OK","1392.2864000000002","0.1627919550155407","7.9275","94.03","15.055","92.48000000000002","215.07000000000005","15.455","0.4","140.27","47.79","1","","","","","0","0","0","0","6","1","0","107.53500000000003","1","0","0","0","0","6","_88fc95dd8e580000_p_Net","0","6","0","1","0","0","0","0","1","0","6","_88fc95dd8e580000_p_odb__dbNet","22.5216","0.0","0.0","3.7536","3.7536","0.0","22.5216","","6","","","","15.87","140.08","4.83","47.6","1","1","1","3","10.963333333333333","4.229888362067674","79.33333333333334","42.968730749490646","7"
"dat_i[4]","OK","395.7892499999999","0.20397275822465444","4.8925","28.634999999999998","8.985","44.05","106.07","9.385","0.4","50.66","6.61","1","","","","","0","0","0","0","5","1","0","53.035","1","0","0","0","0","5","_00fd95dd8e580000_p_Net","0","5","0","1","0","0","0","0","1","0","5","_00fd95dd8e580000_p_odb__dbNet","18.768","0.0","0.0","3.7536","3.7536","0.0","18.768","","5","","","","8.97","34.0","5.75","6.8","1","0","0","4","7.314","1.0326974387496082","16.592","10.40733279952169","6"
"dat_i[5]","OK","1181.1567","0.14785186842528697","7.0075","70.72","13.215","89.38","205.19","13.615","0.4","115.41","26.03","1","","","","","0","0","0","0","6","1","0","102.595","1","0","0","0","0","6","_78fd95dd8e580000_p_Net","0","6","0","1","0","0","0","0","1","0","6","_78fd95dd8e580000_p_odb__dbNet","22.5216","0.0","0.0","3.7536","3.7536","0.0","22.5216","","6","","","","14.03","115.6","7.59","25.84","2","0","0","4","10.043333333333333","2.1191088273664054","58.93333333333333","40.448411038699106","7"
"dat_i[6]","OK","2307.6399","0.12917103097314703","9.032499999999999","84.32000000000001","17.265","133.66","301.85","17.665","0.4","151.15","17.49","1","","","","","0","0","0","0","7","1","0","150.925","1","0","0","0","0","7","_f0fd95dd8e580000_p_Net","0","7","0","1","0","0","0","0","1","0","7","_f0fd95dd8e580000_p_odb__dbNet","26.275199999999998","0.0","0.0","3.7536","3.7535999999999996","4.440892098500626e-16","26.275199999999998","","7","","","","17.25","150.96","14.03","17.68","3","0","0","4","15.607142857142858","1.2258841041202444","71.69142857142857","58.47193109972179","8"
"dat_i[7]","OK","2242.2048000000004","0.15654244652275617","9.7675","109.97","18.735000000000003","119.68","276.83000000000004","19.135","0.4","169.81","50.13","1","","","","","0","0","0","0","7","1","0","138.41500000000002","1","0","0","0","0","7","_68fe95dd8e580000_p_Net","0","7","0","1","0","0","0","0","1","0","7","_68fe95dd8e580000_p_odb__dbNet","26.275199999999998","0.0","0.0","3.7536","3.7535999999999996","4.440892098500626e-16","26.275199999999998","","7","","","","19.55","170.0","6.21","50.32","2","1","0","4","13.70142857142857","4.256743988984433","103.94285714285715","53.43386986715067","8"
"dat_o[0]","OK","37.320554999999985","0.5906403320429437","2.7475","109.03450000000001","4.694999999999999","7.948999999999998","25.287999999999997","5.095","0.4","113.009","105.06","1","","","","23.772800000000004","0","0","1","0","1","1","0","12.643999999999998","1","0","0","0","0","1","_e0fe95dd8e580000_p_Net","0","0","0","1","0","0","0","0","0","1","1","_e0fe95dd8e580000_p_odb__dbNet","0.0","0.0","0.0","","","","0.0","","0","","","","","","","","0","0","0","0","","","","","2"
"dat_o[1]","OK","1198.7961149999999","0.7276602034854848","15.167499999999999","92.7145","29.535","40.589","140.248","29.935","0.4","113.009","72.42","1","","","","23.772800000000004","0","0","1","0","1","1","0","70.124","1","0","0","0","0","1","_58ff95dd8e580000_p_Net","0","0","0","1","0","0","0","0","0","1","1","_58ff95dd8e580000_p_odb__dbNet","0.0","0.0","0.0","","","","0.0","","0","","","","","","","","0","0","0","0","","","","","2"
"dat_o[2]","OK","11.779754999999966","1.8712634508285166","2.7475","35.5945","4.694999999999999","2.5089999999999932","14.407999999999985","5.095","0.4","36.849","34.34","1","","","","23.772800000000004","0","0","1","0","1","1","0","7.203999999999993","1","0","0","0","0","1","_d0ff95dd8e580000_p_Net","0","0","0","1","0","0","0","0","0","1","1","_d0ff95dd8e580000_p_odb__dbNet","0.0","0.0","0.0","","","","0.0","","0","","","","","","","","0","0","0","0","","","","","2"
"dat_o[3]","OK","15.109304999999912","1.758785396875211","2.9775","130.7945","5.154999999999999","2.930999999999983","16.171999999999965","5.555","0.4","132.26","129.329","1","","","","23.772800000000004","0","0","1","0","1","1","0","8.085999999999983","1","0","0","0","0","1","_480096dd8e580000_p_Net","0","0","0","1","0","0","0","0","0","1","1","_480096dd8e580000_p_odb__dbNet","0.0","0.0","0.0","","","","0.0","","0","","","","","","","","0","0","0","0","","","","","2"
"dat_o[4]","OK","13.761045000000053","1.601842374069648","2.7475","152.55450000000002","4.694999999999999","2.9310000000000116","15.252000000000022","5.095","0.4","154.02","151.089","1","","","","23.772800000000004","0","0","1","0","1","1","0","7.626000000000011","1","0","0","0","0","1","_c00096dd8e580000_p_Net","0","0","0","1","0","0","0","0","0","1","1","_c00096dd8e580000_p_odb__dbNet","0.0","0.0","0.0","","","","0.0","","0","","","","","","","","0","0","0","0","","","","","2"
"dat_o[5]","OK","37.320554999999985","0.5906403320429437","2.7475","114.4745","4.694999999999999","7.948999999999998","25.287999999999997","5.095","0.4","118.449","110.5","1","","","","23.772800000000004","0","0","1","0","1","1","0","12.643999999999998","1","0","0","0","0","1","_380196dd8e580000_p_Net","0","0","0","1","0","0","0","0","0","1","1","_380196dd8e580000_p_odb__dbNet","0.0","0.0","0.0","","","","0.0","","0","","","","","","","","0","0","0","0","","","","","2"
"dat_o[6]","OK","88.40215500000002","0.24934940781510692","2.7475","54.6345","4.694999999999999","18.829000000000008","47.048000000000016","5.095","0.4","64.049","45.22","1","","","","23.772800000000004","0","0","1","0","1","1","0","23.524000000000008","1","0","0","0","0","1","_b00196dd8e580000_p_Net","0","0","0","1","0","0","0","0","0","1","1","_b00196dd8e580000_p_odb__dbNet","0.0","0.0","0.0","","","","0.0","","0","","","","","","","","0","0","0","0","","","","","2"
"dat_o[7]","OK","27.74744999999998","0.7944162435204037","2.7475","156.505","4.694999999999999","5.909999999999997","21.209999999999994","5.095","0.4","159.46","153.55","1","","","","23.772800000000004","0","0","1","0","1","1","0","10.604999999999997","1","0","0","0","0","1","_280296dd8e580000_p_Net","0","0","0","1","0","0","0","0","0","1","1","_280296dd8e580000_p_odb__dbNet","0.0","0.0","0.0","","","","0.0","","0","","","","","","","","0","0","0","0","","","","","2"
"dwom","OK","26.958600000000015","0.9648127126438114","23.46","126.738","5.100000000000001","5.286000000000001","20.772000000000006","26.01","20.91","129.381","124.095","0","5.899999999999984","4.654999999999985","9.30999999999997","25.024","0","0","1","0","2","0","0","10.386000000000003","0","0","0","0","0","3","_a00296dd8e580000_p_Net","0","0","0","1","0","0","0","0","0","0","2","_a00296dd8e580000_p_odb__dbNet","0.0","0.0","0.0","11.2608","9.384","1.8767999999999998","18.768","4.654999999999983","2","3.409999999999986","5.899999999999984","5.899999999999984","21.16","126.48","20.93","123.76","0","0","2","0","21.045","0.11500000000000021","125.12","1.3599999999999994","3"
"espr[0]","OK","503.13104400000014","0.8132513166560827","37.081","138.7135","20.228","24.873000000000005","90.20200000000001","47.195","26.967","151.15","126.277","0","36.75000000000002","21.105000000000008","84.42000000000003","25.024","0","0","1","0","4","0","0","45.101000000000006","1","0","0","0","0","5","_180396dd8e580000_p_Net","0","1","0","1","0","0","0","0","0","0","4","_180396dd8e580000_p_odb__dbNet","3.7536","0.0","0.0","11.2608","8.7584","2.934324099345537","35.0336","16.890000000000036","4","7.739999999999988","36.75000000000002","36.75000000000002","47.61","150.96","26.91","126.48","2","0","2","0","37.95","8.647204750669433","140.76000000000002","10.600150942321534","5"
"espr[1]","OK","26.458119999999955","0.8509684360023376","38.5025","148.353","4.744999999999997","5.575999999999993","20.64199999999998","40.875","36.13","151.141","145.565","0","14.870000000000001","13.625","27.25","25.024","0","0","1","0","2","0","0","10.32099999999999","1","0","0","0","0","3","_900396dd8e580000_p_Net","0","1","0","1","0","0","0","0","0","0","2","_900396dd8e580000_p_odb__dbNet","5.0048","0.0","0.0","6.256","5.6304","0.6255999999999999","11.2608","13.62500000000001","2","12.379999999999999","14.870000000000001","14.870000000000001","41.4","148.24","41.17","145.52","0","0","0","2","41.285","0.11499999999999844","146.88","1.3599999999999994","3"
"espr[2]","OK","428.06848","0.4769025366997026","39.171","141.265","14.287999999999997","29.960000000000008","88.49600000000001","46.315","32.027","156.245","126.285","0","35.79000000000002","20.290000000000017","121.7400000000001","25.024","0","0","1","0","6","0","0","44.248000000000005","1","0","0","0","0","7","_080496dd8e580000_p_Net","0","1","0","1","0","0","0","0","0","0","6","_080496dd8e580000_p_odb__dbNet","3.7536","0.0","0.0","11.2608","8.341333333333333","2.5709716001715943","50.048","16.573333333333345","6","18.470000000000027","35.79000000000002","35.79000000000002","47.61","156.4","31.97","126.48","4","0","2","0","40.63333333333333","6.341589355639133","144.16","9.775615922624347","7"
"espr[3]","OK","332.1495749999999","0.5721103963240459","39.8395","141.4425","13.784999999999997","24.095","75.75999999999999","46.732","32.947","153.49","129.395","0","22.72000000000002","13.023333333333332","78.13999999999999","25.024","0","0","1","0","6","0","0","37.879999999999995","1","0","0","0","0","7","_800496dd8e580000_p_Net","0","1","0","1","0","0","0","0","0","0","6","_800496dd8e580000_p_odb__dbNet","3.7536","0.0","0.0","11.2608","7.5072","3.0648015661703125","45.0432","8.080000000000041","6","11.919999999999995","22.72000000000002","22.72000000000002","47.15","153.68","32.2","129.2","4","1","1","0","40.78666666666667","6.120862321238368","145.06666666666663","7.759816721776079","7"
"icnt[0]","OK","535.9824000000001","0.12569678407158194","13.131","145.87","8.208","65.30000000000001","147.01600000000002","17.235","9.027","178.52","113.22","0","66.32000000000001","29.783333333333335","89.35000000000001","25.024","0","0","1","0","3","0","0","73.50800000000001","1","0","0","0","0","4","_f80496dd8e580000_p_Net","0","0","0","1","0","0","0","0","0","0","3","_f80496dd8e580000_p_odb__dbNet","0.0","0.0","0.0","11.2608","7.924266666666667","2.570971600171594","23.7728","24.343333333333327","3","17.36","66.32000000000001","66.32000000000001","17.94","178.16","8.97","112.88","1","1","0","1","14.950000000000003","4.228498551495554","151.86666666666667","28.12128652027776","4"
"icnt[1]","OK","249.69317999999987","0.19417177913568964","12.0485","160.39","6.962999999999999","35.859999999999985","85.64599999999997","15.53","8.567","178.32","142.46","0","32.29999999999999","18.199999999999992","54.59999999999998","25.024","0","0","1","0","3","0","0","42.822999999999986","1","0","0","0","0","4","_700596dd8e580000_p_Net","0","0","0","1","0","0","0","0","0","0","3","_700596dd8e580000_p_odb__dbNet","0.0","0.0","0.0","11.2608","7.5072","3.0648015661703125","22.5216","10.793333333333331","3","16.629999999999995","32.29999999999999","32.29999999999999","16.56","178.16","8.51","142.8","1","1","0","1","13.186666666666667","3.413173824397983","160.93333333333334","14.449888888461693","4"
"inta_o","OK","99.95654999999995","0.22052606856643847","2.7475","132.02499999999998","4.694999999999999","21.289999999999992","51.969999999999985","5.095","0.4","142.67","121.38","1","","","","23.772800000000004","0","0","1","0","1","1","0","25.984999999999992","0","0","0","0","0","1","_e80596dd8e580000_p_Net","0","0","0","1","0","0","0","0","0","1","1","_e80596dd8e580000_p_odb__dbNet","0.0","0.0","0.0","","","","0.0","","0","","","","","","","","0","0","0","0","","","","","2"
"miso_i","OK","28.47554999999997","0.44382022466369336","2.1775","152.585","3.555","8.009999999999991","23.12999999999998","3.955","0.4","156.59","148.58","1","","","","","0","0","0","0","1","1","0","11.56499999999999","0","0","0","0","0","1","_600696dd8e580000_p_Net","0","1","0","1","0","0","0","0","1","0","1","_600696dd8e580000_p_odb__dbNet","3.7536","0.0","0.0","3.7536","3.7536","","3.7536","","1","","","","4.37","156.4","4.37","156.4","1","0","0","0","4.37","","156.4","","2"
"mosi_o","OK","236.5951379999997","9.593838097141807","24.2215","69.463","47.643","4.965999999999994","105.21799999999999","48.043","0.4","71.946","66.98","1","4.600000000000001","4.600000000000001","4.600000000000001","3.7536","1","0","0","0","2","1","0","52.608999999999995","0","0","0","0","0","2","_d80696dd8e580000_p_Net","1","1","0","1","0","0","0","0","0","1","2","_d80696dd8e580000_p_odb__dbNet","3.7536","0.0","0.0","3.7536","3.7536","","3.7536","4.600000000000001","1","4.600000000000001","4.600000000000001","4.600000000000001","43.93","72.08","43.93","72.08","1","0","0","0","43.93","","72.08","","3"
"rfifo.din[1]","OK","242.90180700000002","0.14865299457861483","37.7505","84.3185","6.009","40.423","92.864","40.755","34.746","104.53","64.107","0","41.07","15.503333333333332","46.51","20.0192","0","0","1","0","3","0","0","46.432","1","0","0","0","0","4","_500796dd8e580000_p_Net","0","1","0","1","0","0","0","0","0","0","3","_500796dd8e580000_p_odb__dbNet","3.7536","0.0","0.0","10.0096","6.256","2.702900920615972","18.768","13.689999999999998","3","2.719999999999999","41.07","41.07","41.17","104.72","38.18","63.92","1","0","0","2","39.17666666666667","1.4094995171651856","79.33333333333333","18.0879431912224","4"
"rfifo.din[2]","OK","210.7325289999999","0.362734929246868","40.4615","59.838499999999996","8.742999999999995","24.103","65.692","44.833","36.09","71.89","47.787","0","14.520000000000003","11.749999999999998","35.24999999999999","20.0192","0","0","1","0","3","0","0","32.846","1","0","0","0","0","4","_c80796dd8e580000_p_Net","0","1","0","1","0","0","0","0","0","0","3","_c80796dd8e580000_p_odb__dbNet","3.7536","0.0","0.0","10.0096","6.256","2.702900920615972","18.768","1.9166666666666714","3","12.029999999999994","14.520000000000003","14.520000000000003","42.55","72.08","35.42","47.6","1","1","0","1","39.483333333333334","2.9949104976424383","61.20000000000001","10.17730809202512","4"
"rfifo.din[3]","OK","934.5655360000001","0.23733108107729906","45.8785","70.741","14.893","62.752","155.29000000000002","53.325","38.432","102.117","39.365","0","63.18","43.626666666666665","261.76","20.0192","0","0","1","0","6","0","0","77.64500000000001","1","0","0","0","0","7","_400896dd8e580000_p_Net","0","0","0","1","0","0","0","0","0","0","6","_400896dd8e580000_p_odb__dbNet","0.0","0.0","0.0","30.0288","22.521599999999996","10.714636668283873","135.12959999999998","38.899999999999984","6","59.08","63.18","63.18","57.04","102.0","40.02","39.44","4","0","2","0","49.98666666666666","6.530632094641034","79.33333333333333","26.44919322441088","7"
"rfifo.din[4]","OK","418.1555339999997","0.08361378998156599","41.8485","47.411","5.912999999999997","70.71799999999999","153.26199999999997","44.805","38.892","82.77","12.052","0","44.71","31.032499999999995","124.12999999999998","20.0192","0","0","1","0","4","0","0","76.63099999999999","1","0","0","0","0","5","_b80896dd8e580000_p_Net","0","1","0","1","0","0","0","0","0","0","4","_b80896dd8e580000_p_odb__dbNet","3.7536","0.0","0.0","30.0288","12.199200000000001","10.55671036639729","48.796800000000005","13.352500000000006","4","29.919999999999995","44.71","44.71","45.54","82.96","40.48","12.24","2","0","2","0","42.9525","2.0787661604904013","53.04","29.8581178241362","5"
"rfifo.din[5]","OK","37.67137500000004","0.21184851891924666","42.5625","21.7025","2.825000000000003","13.335","32.32000000000001","43.975","41.15","28.37","15.035","0","14.790000000000003","7.956666666666668","23.870000000000005","20.0192","0","0","1","0","3","0","0","16.160000000000004","1","0","0","0","0","4","_300996dd8e580000_p_Net","0","1","0","1","0","0","0","0","0","0","3","_300996dd8e580000_p_odb__dbNet","3.7536","0.0","0.0","10.0096","6.256","2.702900920615972","18.768","6.143333333333334","3","6.360000000000003","14.790000000000003","14.790000000000003","44.39","28.56","40.48","14.96","1","1","1","0","42.089999999999996","1.66915148104259","22.213333333333335","5.589068696025205","4"
"rfifo.din[6]","OK","143.26603200000017","0.1944444444372812","47.006","28.705","5.278000000000006","27.144000000000002","64.84400000000002","49.645","44.367","42.277","15.133","0","31.339999999999996","21.37333333333333","128.23999999999998","20.0192","0","0","1","0","6","0","0","32.42200000000001","1","0","0","0","0","7","_a80996dd8e580000_p_Net","0","0","0","1","0","0","0","0","0","0","6","_a80996dd8e580000_p_odb__dbNet","0.0","0.0","0.0","30.0288","22.521599999999996","10.714636668283873","135.12959999999998","20.453333333333333","6","25.939999999999998","31.339999999999996","31.339999999999996","53.36","42.16","42.78","17.68","4","0","2","0","49.22","3.5432941358760113","31.733333333333334","9.345706084733363","7"
"rfifo.din[7]","OK","300.4425599999999","0.4056735503635749","46.885000000000005","39.62","11.04","27.213999999999995","76.50799999999998","52.405","41.365","53.227","26.013","0","33.67999999999999","26.213333333333328","157.27999999999997","20.0192","0","0","1","0","6","0","0","38.25399999999999","1","0","0","0","0","7","_200a96dd8e580000_p_Net","0","0","0","1","0","0","0","0","0","0","6","_200a96dd8e580000_p_odb__dbNet","0.0","0.0","0.0","30.0288","22.521599999999996","10.714636668283873","135.12959999999998","22.840000000000007","6","28.66","33.67999999999999","33.67999999999999","56.12","53.04","42.78","28.56","3","2","1","0","48.45333333333334","5.2627073725306905","47.14666666666667","8.517360050052025","7"
"rfifo.gb","OK","128.08594999999997","0.4806125573978182","32.629999999999995","107.2775","7.8459999999999965","16.325000000000003","48.342","36.553","28.707","115.44","99.115","0","18.429999999999993","10.996666666666664","32.989999999999995","20.0192","0","0","1","0","3","0","0","24.171","0","0","0","0","0","4","_980a96dd8e580000_p_Net","0","0","0","1","0","0","0","0","0","0","3","_980a96dd8e580000_p_odb__dbNet","0.0","0.0","0.0","16.265600000000003","8.758400000000002","5.405801841231944","26.275200000000005","8.416666666666647","3","10.689999999999994","18.429999999999993","18.429999999999993","34.27","115.6","28.29","99.28","0","2","0","1","31.05","2.4628980219787167","108.34666666666665","6.784872061350078","4"
"rfifo.mem[0][0]","OK","14.630790000000008","0.43060559265215115","61.355000000000004","115.7915","2.509999999999998","5.829000000000008","16.67800000000001","62.61","60.1","118.706","112.877","0","5.439999999999998","5.439999999999998","5.439999999999998","30.0288","0","0","0","0","1","0","0","8.339000000000006","1","0","0","0","0","2","_100b96dd8e580000_p_Net","0","0","0","1","0","0","0","0","0","0","1","_100b96dd8e580000_p_odb__dbNet","0.0","0.0","0.0","22.5216","22.5216","","22.5216","5.439999999999998","1","5.439999999999998","5.439999999999998","5.439999999999998","57.5","118.32","57.5","118.32","0","1","0","0","57.5","","118.32","","2"
"rfifo.mem[0][1]","OK","11.061689999999993","0.43357750931823785","50.475","118.1275","2.1899999999999977","5.051000000000002","14.482","51.57","49.38","120.653","115.602","0","10.960000000000008","10.960000000000008","10.960000000000008","30.0288","0","0","0","0","1","0","0","7.241","1","0","0","0","0","2","_880b96dd8e580000_p_Net","0","0","0","1","0","0","0","0","0","0","1","_880b96dd8e580000_p_odb__dbNet","0.0","0.0","0.0","22.5216","22.5216","","22.5216","10.960000000000008","1","10.960000000000008","10.960000000000008","10.960000000000008","51.98","121.04","51.98","121.04","1","0","0","0","51.98","","121.04","","2"
"rfifo.mem[0][2]","OK","10.354549999999989","0.40586022561752844","61.125","94.0315","2.049999999999997","5.051000000000002","14.201999999999998","62.15","60.1","96.557","91.506","0","5.899999999999999","5.899999999999999","5.899999999999999","30.0288","0","0","0","0","1","0","0","7.100999999999999","1","0","0","0","0","2","_000c96dd8e580000_p_Net","0","0","0","1","0","0","0","0","0","0","1","_000c96dd8e580000_p_odb__dbNet","0.0","0.0","0.0","22.5216","22.5216","","22.5216","5.899999999999999","1","5.899999999999999","5.899999999999999","5.899999999999999","57.5","91.12","57.5","91.12","0","0","1","0","57.5","","91.12","","2"
"rfifo.mem[0][3]","OK","6.556633999999973","1.3571428565254153","49.6185","92.21600000000001","2.982999999999997","2.1979999999999933","10.36199999999998","51.11","48.127","93.315","91.117","0","4.789999999999999","4.789999999999999","4.789999999999999","30.0288","0","0","0","0","1","0","0","5.18099999999999","1","0","0","0","0","2","_780c96dd8e580000_p_Net","0","0","0","1","0","0","0","0","0","0","1","_780c96dd8e580000_p_odb__dbNet","0.0","0.0","0.0","11.2608","11.2608","","11.2608","4.789999999999999","1","4.789999999999999","4.789999999999999","4.789999999999999","48.07","93.84","48.07","93.84","0","1","0","0","48.07","","93.84","","2"
"rfifo.mem[0][4]","OK","7.0313599999999905","1.2885273967086783","60.894999999999996","65.08500000000001","3.009999999999998","2.3359999999999985","10.691999999999993","62.4","59.39","66.253","63.917","0","8.239999999999995","8.239999999999995","8.239999999999995","30.0288","0","0","0","0","1","0","0","5.3459999999999965","1","0","0","0","0","2","_f00c96dd8e580000_p_Net","0","0","0","1","0","0","0","0","0","0","1","_f00c96dd8e580000_p_odb__dbNet","0.0","0.0","0.0","22.5216","22.5216","","22.5216","8.239999999999995","1","8.239999999999995","8.239999999999995","8.239999999999995","59.8","66.64","59.8","66.64","0","1","0","0","59.8","","66.64","","2"
"rfifo.mem[0][5]","OK","9.180479999999994","1.6823630129784413","60.435","37.885","3.9299999999999997","2.3359999999999985","12.531999999999996","62.4","58.47","39.053","36.717","0","9.159999999999997","9.159999999999997","9.159999999999997","30.0288","0","0","0","0","1","0","0","6.265999999999998","1","0","0","0","0","2","_680d96dd8e580000_p_Net","0","0","0","1","0","0","0","0","0","0","1","_680d96dd8e580000_p_odb__dbNet","0.0","0.0","0.0","22.5216","22.5216","","22.5216","9.159999999999997","1","9.159999999999997","9.159999999999997","9.159999999999997","59.8","39.44","59.8","39.44","0","1","0","0","59.8","","39.44","","2"
"rfifo.mem[0][6]","OK","3.6316800000000042","0.37693298956928767","61.815","51.874","1.1700000000000017","3.103999999999999","8.548000000000002","62.4","61.23","53.426","50.322","0","6.399999999999999","6.399999999999999","6.399999999999999","30.0288","0","0","0","0","1","0","0","4.274000000000001","1","0","0","0","0","2","_e00d96dd8e580000_p_Net","0","0","0","1","0","0","0","0","0","0","1","_e00d96dd8e580000_p_odb__dbNet","0.0","0.0","0.0","22.5216","22.5216","","22.5216","6.399999999999999","1","6.399999999999999","6.399999999999999","6.399999999999999","59.8","53.04","59.8","53.04","0","1","0","0","59.8","","53.04","","2"
"rfifo.mem[0][7]","OK","5.863359999999991","1.0744863009098944","62.275000000000006","81.405","2.509999999999998","2.3359999999999985","9.691999999999993","63.53","61.02","82.573","80.237","0","2.719999999999999","2.719999999999999","2.719999999999999","30.0288","0","0","0","0","1","0","0","4.8459999999999965","1","0","0","0","0","2","_580e96dd8e580000_p_Net","0","0","0","1","0","0","0","0","0","0","1","_580e96dd8e580000_p_odb__dbNet","0.0","0.0","0.0","22.5216","22.5216","","22.5216","2.719999999999999","1","2.719999999999999","2.719999999999999","2.719999999999999","58.42","82.96","58.42","82.96","0","1","0","0","58.42","","82.96","","2"
"rfifo.mem[1][0]","OK","13.059359999999984","1.4290439955577114","60.45","117.1135","4.32","3.022999999999996","14.685999999999993","62.61","58.29","118.625","115.602","0","2.719999999999999","2.719999999999999","2.719999999999999","30.0288","0","0","0","0","1","0","0","7.342999999999996","1","0","0","0","0","2","_d00e96dd8e580000_p_Net","0","0","0","1","0","0","0","0","0","0","1","_d00e96dd8e580000_p_odb__dbNet","0.0","0.0","0.0","22.5216","22.5216","","22.5216","2.719999999999999","1","2.719999999999999","2.719999999999999","2.719999999999999","57.5","118.32","57.5","118.32","0","1","0","0","57.5","","118.32","","2"
"rfifo.mem[1][1]","OK","18.785639999999997","0.2623493263693747","52.3","124.96600000000001","2.219999999999999","8.462000000000003","21.364000000000004","53.41","51.19","129.197","120.735","0","11.839999999999982","11.839999999999982","11.839999999999982","30.0288","0","0","0","0","1","0","0","10.682000000000002","1","0","0","0","0","2","_480f96dd8e580000_p_Net","0","0","0","1","0","0","0","0","0","0","1","_480f96dd8e580000_p_odb__dbNet","0.0","0.0","0.0","22.5216","22.5216","","22.5216","11.839999999999982","1","11.839999999999982","11.839999999999982","11.839999999999982","51.98","121.04","51.98","121.04","0","0","1","0","51.98","","121.04","","2"
"rfifo.mem[1][2]","OK","5.994160000000013","1.0260653698692332","59.53","92.6335","2.480000000000004","2.4170000000000016","9.794000000000011","60.77","58.29","93.842","91.425","0","4.560000000000002","4.560000000000002","4.560000000000002","30.0288","0","0","0","0","1","0","0","4.897000000000006","1","0","0","0","0","2","_c00f96dd8e580000_p_Net","0","0","0","1","0","0","0","0","0","0","1","_c00f96dd8e580000_p_odb__dbNet","0.0","0.0","0.0","22.5216","22.5216","","22.5216","4.560000000000002","1","4.560000000000002","4.560000000000002","4.560000000000002","57.5","91.12","57.5","91.12","0","0","1","0","57.5","","91.12","","2"
"rfifo.mem[1][3]","OK","6.31686000000001","0.1992895203908896","51.211","83.05199999999999","1.1219999999999999","5.63000000000001","13.504000000000019","51.772","50.65","85.867","80.237","0","13.260000000000012","13.260000000000012","13.260000000000012","30.0288","0","0","0","0","1","0","0","6.7520000000000095","1","0","0","0","0","2","_381096dd8e580000_p_Net","0","0","0","1","0","0","0","0","0","0","1","_381096dd8e580000_p_odb__dbNet","0.0","0.0","0.0","10.0096","10.0096","","10.0096","13.260000000000012","1","13.260000000000012","13.260000000000012","13.260000000000012","53.36","85.68","53.36","85.68","1","0","0","0","53.36","","85.68","","2"
"rfifo.mem[1][4]","OK","15.604320000000019","0.5922462496410993","59.07","63.768499999999996","3.0400000000000063","5.132999999999996","16.346000000000004","60.59","57.55","66.335","61.202","0","12.799999999999997","12.799999999999997","12.799999999999997","30.0288","0","0","0","0","1","0","0","8.173000000000002","1","0","0","0","0","2","_b01096dd8e580000_p_Net","0","0","0","1","0","0","0","0","0","0","1","_b01096dd8e580000_p_odb__dbNet","0.0","0.0","0.0","22.5216","22.5216","","22.5216","12.799999999999997","1","12.799999999999997","12.799999999999997","12.799999999999997","59.8","66.64","59.8","66.64","1","0","0","0","59.8","","66.64","","2"
"rfifo.mem[1][5]","OK","15.604320000000019","0.5922462496410993","59.07","36.5685","3.0400000000000063","5.132999999999996","16.346000000000004","60.59","57.55","39.135","34.002","0","12.799999999999997","12.799999999999997","12.799999999999997","30.0288","0","0","0","0","1","0","0","8.173000000000002","1","0","0","0","0","2","_281196dd8e580000_p_Net","0","0","0","1","0","0","0","0","0","0","1","_281196dd8e580000_p_odb__dbNet","0.0","0.0","0.0","22.5216","22.5216","","22.5216","12.799999999999997","1","12.799999999999997","12.799999999999997","12.799999999999997","59.8","39.44","59.8","39.44","1","0","0","0","59.8","","39.44","","2"
"rfifo.mem[1][6]","OK","9.541680000000017","0.28879610294210306","59.760000000000005","50.471000000000004","1.6600000000000037","5.7479999999999976","14.816000000000003","60.59","58.93","53.345","47.597","0","11.419999999999995","11.419999999999995","11.419999999999995","30.0288","0","0","0","0","1","0","0","7.408000000000001","1","0","0","0","0","2","_a01196dd8e580000_p_Net","0","0","0","1","0","0","0","0","0","0","1","_a01196dd8e580000_p_odb__dbNet","0.0","0.0","0.0","22.5216","22.5216","","22.5216","11.419999999999995","1","11.419999999999995","11.419999999999995","11.419999999999995","59.8","53.04","59.8","53.04","1","0","0","0","59.8","","53.04","","2"
"rfifo.mem[1][7]","OK","15.091019999999975","0.5727644651134299","60.68","80.08850000000001","2.9399999999999977","5.132999999999996","16.145999999999987","62.15","59.21","82.655","77.522","0","6.82","6.82","6.82","30.0288","0","0","0","0","1","0","0","8.072999999999993","1","0","0","0","0","2","_181296dd8e580000_p_Net","0","0","0","1","0","0","0","0","0","0","1","_181296dd8e580000_p_odb__dbNet","0.0","0.0","0.0","22.5216","22.5216","","22.5216","6.82","1","6.82","6.82","6.82","58.42","82.96","58.42","82.96","0","1","0","0","58.42","","82.96","","2"
"rfifo.mem[2][0]","OK","6.559648000000058","0.04970403899288832","54.1555","113.181","0.5710000000000051","11.488","24.11800000000001","54.441","53.87","118.925","107.437","0","19.619999999999997","19.619999999999997","19.619999999999997","30.0288","0","0","0","0","1","0","0","12.059000000000005","1","0","0","0","0","2","_901296dd8e580000_p_Net","0","0","0","1","0","0","0","0","0","0","1","_901296dd8e580000_p_odb__dbNet","0.0","0.0","0.0","22.5216","22.5216","","22.5216","19.619999999999997","1","19.619999999999997","19.619999999999997","19.619999999999997","57.5","118.32","57.5","118.32","1","0","0","0","57.5","","118.32","","2"
"rfifo.mem[2][1]","OK","33.164504000000015","0.5805768721115926","52.843999999999994","116.656","4.387999999999998","7.558000000000007","23.89200000000001","55.038","50.65","120.435","112.877","0","14.600000000000009","14.600000000000009","14.600000000000009","30.0288","0","0","0","0","1","0","0","11.946000000000005","1","0","0","0","0","2","_081396dd8e580000_p_Net","0","0","0","1","0","0","0","0","0","0","1","_081396dd8e580000_p_odb__dbNet","0.0","0.0","0.0","22.5216","22.5216","","22.5216","14.600000000000009","1","14.600000000000009","14.600000000000009","14.600000000000009","51.98","121.04","51.98","121.04","0","1","0","0","51.98","","121.04","","2"
"rfifo.mem[2][2]","OK","17.760288000000003","0.16832165107395605","55.3055","96.86099999999999","1.7289999999999992","10.272000000000006","24.00200000000001","56.17","54.441","101.997","91.725","0","17.319999999999993","17.319999999999993","17.319999999999993","30.0288","0","0","0","0","1","0","0","12.001000000000005","1","0","0","0","0","2","_801396dd8e580000_p_Net","0","0","0","1","0","0","0","0","0","0","1","_801396dd8e580000_p_odb__dbNet","0.0","0.0","0.0","22.5216","22.5216","","22.5216","17.319999999999993","1","17.319999999999993","17.319999999999993","17.319999999999993","57.5","91.12","57.5","91.12","0","0","0","1","57.5","","91.12","","2"
"rfifo.mem[2][3]","OK","11.118713999999999","0.38686812154693684","49.153","91.08250000000001","2.073999999999998","5.361000000000004","14.870000000000005","50.19","48.116","93.763","88.402","0","8.43","8.43","8.43","30.0288","0","0","0","0","1","0","0","7.435000000000002","1","0","0","0","0","2","_f81396dd8e580000_p_Net","0","0","0","1","0","0","0","0","0","0","1","_f81396dd8e580000_p_odb__dbNet","0.0","0.0","0.0","11.2608","11.2608","","11.2608","8.43","1","8.43","8.43","8.43","48.07","93.84","48.07","93.84","0","1","0","0","48.07","","93.84","","2"
"rfifo.mem[2][4]","OK","8.00934200000001","0.7257676096550968","55.5355","67.696","2.4110000000000014","3.3220000000000027","11.466000000000008","56.741","54.33","69.357","66.035","0","13.299999999999997","13.299999999999997","13.299999999999997","30.0288","0","0","0","0","1","0","0","5.733000000000004","1","0","0","0","0","2","_701496dd8e580000_p_Net","0","0","0","1","0","0","0","0","0","0","1","_701496dd8e580000_p_odb__dbNet","0.0","0.0","0.0","22.5216","22.5216","","22.5216","13.299999999999997","1","13.299999999999997","13.299999999999997","13.299999999999997","59.8","66.64","59.8","66.64","0","0","0","1","59.8","","66.64","","2"
"rfifo.mem[2][5]","OK","6.481221999999994","0.5872968089743246","55.7655","40.495999999999995","1.9510000000000005","3.3219999999999956","10.545999999999992","56.741","54.79","42.157","38.835","0","12.839999999999996","12.839999999999996","12.839999999999996","30.0288","0","0","0","0","1","0","0","5.272999999999996","1","0","0","0","0","2","_e81496dd8e580000_p_Net","0","0","0","1","0","0","0","0","0","0","1","_e81496dd8e580000_p_odb__dbNet","0.0","0.0","0.0","22.5216","22.5216","","22.5216","12.839999999999996","1","12.839999999999996","12.839999999999996","12.839999999999996","59.8","39.44","59.8","39.44","0","0","0","1","59.8","","39.44","","2"
"rfifo.mem[2][6]","OK","21.76897300000001","1.9714113746700541","53.4655","51.98350000000001","6.551000000000002","3.3230000000000004","19.748000000000005","56.741","50.19","53.645","50.322","0","17.439999999999998","17.439999999999998","17.439999999999998","30.0288","0","0","0","0","1","0","0","9.874000000000002","1","0","0","0","0","2","_601596dd8e580000_p_Net","0","0","0","1","0","0","0","0","0","0","1","_601596dd8e580000_p_odb__dbNet","0.0","0.0","0.0","22.5216","22.5216","","22.5216","17.439999999999998","1","17.439999999999998","17.439999999999998","17.439999999999998","59.8","53.04","59.8","53.04","1","0","0","0","59.8","","53.04","","2"
"rfifo.mem[2][7]","OK","20.54508299999998","0.8795779017422762","53.2355","79.9385","4.250999999999998","4.832999999999998","18.167999999999992","55.361","51.11","82.355","77.522","0","17.86","17.86","17.86","30.0288","0","0","0","0","1","0","0","9.083999999999996","1","0","0","0","0","2","_d81596dd8e580000_p_Net","0","0","0","1","0","0","0","0","0","0","1","_d81596dd8e580000_p_odb__dbNet","0.0","0.0","0.0","22.5216","22.5216","","22.5216","17.86","1","17.86","17.86","17.86","58.42","82.96","58.42","82.96","1","0","0","0","58.42","","82.96","","2"
"rfifo.mem[3][0]","OK","2.890340000000026","0.03999529466651082","56.0","114.4125","0.3400000000000034","8.50099999999999","17.681999999999988","56.17","55.83","118.663","110.162","0","14.599999999999994","14.599999999999994","14.599999999999994","30.0288","0","0","0","0","1","0","0","8.840999999999994","1","0","0","0","0","2","_501696dd8e580000_p_Net","0","0","0","1","0","0","0","0","0","0","1","_501696dd8e580000_p_odb__dbNet","0.0","0.0","0.0","22.5216","22.5216","","22.5216","14.599999999999994","1","14.599999999999994","14.599999999999994","14.599999999999994","57.5","118.32","57.5","118.32","1","0","0","0","57.5","","118.32","","2"
"rfifo.mem[3][1]","OK","12.034879999999992","0.3594884202627911","52.61","123.589","2.0799999999999983","5.786000000000001","15.732","53.65","51.57","126.482","120.696","0","10.959999999999994","10.959999999999994","10.959999999999994","30.0288","0","0","0","0","1","0","0","7.866","1","0","0","0","0","2","_c81696dd8e580000_p_Net","0","0","0","1","0","0","0","0","0","0","1","_c81696dd8e580000_p_odb__dbNet","0.0","0.0","0.0","22.5216","22.5216","","22.5216","10.959999999999994","1","10.959999999999994","10.959999999999994","10.959999999999994","51.98","121.04","51.98","121.04","0","0","1","0","51.98","","121.04","","2"
"rfifo.mem[3][2]","OK","24.23890000000002","0.3964701367954381","57.379999999999995","95.3725","3.1000000000000014","7.819000000000003","21.838000000000008","58.93","55.83","99.282","91.463","0","11.839999999999996","11.839999999999996","11.839999999999996","30.0288","0","0","0","0","1","0","0","10.919000000000004","1","0","0","0","0","2","_401796dd8e580000_p_Net","0","0","0","1","0","0","0","0","0","0","1","_401796dd8e580000_p_odb__dbNet","0.0","0.0","0.0","22.5216","22.5216","","22.5216","11.839999999999996","1","11.839999999999996","11.839999999999996","11.839999999999996","57.5","91.12","57.5","91.12","0","0","0","1","57.5","","91.12","","2"
"rfifo.mem[3][3]","OK","0.010521000000007519","214.71425504066727","51.8615","85.6735","1.5030000000000001","0.007000000000005002","3.0200000000000102","52.613","51.11","85.677","85.67","0","7.359999999999999","7.359999999999999","7.359999999999999","30.0288","0","0","0","0","1","0","0","1.5100000000000051","1","0","0","0","0","2","_b81796dd8e580000_p_Net","0","0","0","1","0","0","0","0","0","0","1","_b81796dd8e580000_p_odb__dbNet","0.0","0.0","0.0","10.0096","10.0096","","10.0096","7.359999999999999","1","7.359999999999999","7.359999999999999","7.359999999999999","53.36","85.68","53.36","85.68","1","0","0","0","53.36","","85.68","","2"
"rfifo.mem[3][4]","OK","0.9964799999999704","8.323699397908644","56.69","66.469","2.8800000000000026","0.3459999999999894","6.451999999999984","58.13","55.25","66.642","66.296","0","9.659999999999997","9.659999999999997","9.659999999999997","30.0288","0","0","0","0","1","0","0","3.225999999999992","1","0","0","0","0","2","_301896dd8e580000_p_Net","0","0","0","1","0","0","0","0","0","0","1","_301896dd8e580000_p_odb__dbNet","0.0","0.0","0.0","22.5216","22.5216","","22.5216","9.659999999999997","1","9.659999999999997","9.659999999999997","9.659999999999997","59.8","66.64","59.8","66.64","1","0","0","0","59.8","","66.64","","2"
"rfifo.mem[3][5]","OK","0.9964800000000114","8.323699397908303","56.69","39.269","2.8800000000000026","0.34600000000000364","6.452000000000012","58.13","55.25","39.442","39.096","0","9.659999999999997","9.659999999999997","9.659999999999997","30.0288","0","0","0","0","1","0","0","3.226000000000006","1","0","0","0","0","2","_a81896dd8e580000_p_Net","0","0","0","1","0","0","0","0","0","0","1","_a81896dd8e580000_p_odb__dbNet","0.0","0.0","0.0","22.5216","22.5216","","22.5216","9.659999999999997","1","9.659999999999997","9.659999999999997","9.659999999999997","59.8","39.44","59.8","39.44","1","0","0","0","59.8","","39.44","","2"
"rfifo.mem[3][6]","OK","0.9964800000000114","8.323699397908303","56.69","53.21","2.8800000000000026","0.34600000000000364","6.452000000000012","58.13","55.25","53.383","53.037","0","9.659999999999997","9.659999999999997","9.659999999999997","30.0288","0","0","0","0","1","0","0","3.226000000000006","1","0","0","0","0","2","_201996dd8e580000_p_Net","0","0","0","1","0","0","0","0","0","0","1","_201996dd8e580000_p_odb__dbNet","0.0","0.0","0.0","22.5216","22.5216","","22.5216","9.659999999999997","1","9.659999999999997","9.659999999999997","9.659999999999997","59.8","53.04","59.8","53.04","0","0","0","1","59.8","","53.04","","2"
"rfifo.mem[3][7]","OK","2.6584600000000274","0.043483821454983945","56.92","78.7065","0.3400000000000034","7.819000000000003","16.318000000000012","57.09","56.75","82.616","74.797","0","14.600000000000001","14.600000000000001","14.600000000000001","30.0288","0","0","0","0","1","0","0","8.159000000000006","1","0","0","0","0","2","_981996dd8e580000_p_Net","0","0","0","1","0","0","0","0","0","0","1","_981996dd8e580000_p_odb__dbNet","0.0","0.0","0.0","22.5216","22.5216","","22.5216","14.600000000000001","1","14.600000000000001","14.600000000000001","14.600000000000001","58.42","82.96","58.42","82.96","1","0","0","0","58.42","","82.96","","2"
"rfifo.rp[0]","OK","971.1432170000002","0.5850862767093326","43.9345","100.8005","23.837000000000003","40.741","129.156","55.853","32.016","121.171","80.43","0","54.45","22.158181818181824","243.74000000000007","28.777600000000003","0","0","1","0","11","0","0","64.578","1","0","0","0","0","12","_101a96dd8e580000_p_Net","0","1","0","1","0","0","0","0","0","0","11","_101a96dd8e580000_p_odb__dbNet","5.0048","0.0","0.0","22.5216","11.033309090909091","7.727997103502014","121.3664","18.48545454545455","11","14.060000000000002","51.65000000000001","54.45","57.5","121.04","32.2","80.24","2","1","6","2","42.800909090909094","9.33772938581134","97.05454545454545","14.290566731962072","12"
"rfifo.rp[1]","OK","500.38454499999995","0.6754969320396995","47.0975","107.08850000000001","18.384999999999998","27.217","91.204","56.29","37.905","120.697","93.48","0","35.36999999999999","18.179999999999996","127.25999999999996","26.2752","0","0","1","0","7","0","0","45.602","1","0","0","0","0","8","_881a96dd8e580000_p_Net","0","1","0","1","0","0","0","0","0","0","7","_881a96dd8e580000_p_odb__dbNet","5.0048","0.0","0.0","22.5216","12.690742857142856","7.247356122231677","88.8352","10.559999999999995","7","12.339999999999996","35.36999999999999","35.36999999999999","57.5","121.04","37.26","93.84","2","1","2","2","45.901428571428575","7.553427658206246","105.10857142857142","11.579167782298184","8"
"rfifo.we","OK","3.4614239999999894","0.05695228321485983","32.175","182.248","0.44399999999999906","7.795999999999992","16.479999999999983","32.397","31.953","186.146","178.35","0","11.379999999999995","11.379999999999995","11.379999999999995","20.0192","0","0","1","0","1","0","0","8.239999999999991","0","0","0","0","0","2","_001b96dd8e580000_p_Net","0","1","0","1","0","0","0","0","0","0","1","_001b96dd8e580000_p_odb__dbNet","5.0048","0.0","0.0","5.0048","5.0048","","5.0048","11.379999999999995","1","11.379999999999995","11.379999999999995","11.379999999999995","31.74","178.16","31.74","178.16","0","0","1","0","31.74","","178.16","","2"
"rfifo.wp[0]","OK","82.06212","0.3124961431464057","44.114999999999995","132.0525","5.064","16.205","42.538","46.647","41.583","140.155","123.95","0","13.830000000000005","7.724000000000018","38.62000000000009","26.2752","0","0","1","0","5","0","0","21.269","1","0","0","0","0","6","_781b96dd8e580000_p_Net","0","1","0","1","0","0","0","0","0","0","5","_781b96dd8e580000_p_odb__dbNet","5.0048","0.0","0.0","5.0048","4.75456","0.5004800000000001","23.7728","5.992000000000026","5","8.85000000000003","13.830000000000005","13.830000000000005","46.23","140.08","41.4","123.76","0","2","2","1","42.642","1.8261478581976864","131.92","5.440000000000002","6"
"rfifo.wp[1]","OK","167.40560999999988","0.27120144897278337","39.921","122.4025","6.7379999999999995","24.844999999999985","63.16599999999997","43.29","36.552","134.825","109.98","0","25.43999999999999","16.921666666666656","101.52999999999994","26.2752","0","0","1","0","6","0","0","31.582999999999984","1","0","0","0","0","7","_f01b96dd8e580000_p_Net","0","0","0","1","0","0","0","0","0","0","6","_f01b96dd8e580000_p_odb__dbNet","0.0","0.0","0.0","16.265600000000003","9.384","4.379200000000001","56.304","13.868333333333325","6","19.07999999999999","25.43999999999999","25.43999999999999","44.39","134.64","37.03","110.16","2","0","3","1","40.44166666666667","2.6338654525662886","118.32","9.932035709427007","7"
"rst_i","OK","4249.601850000001","0.34078087220971803","19.4275","109.065","38.055","111.67000000000002","299.45000000000005","38.455","0.4","164.9","53.23","1","","","","","0","0","0","0","25","1","0","149.72500000000002","0","0","0","0","1","25","_681c96dd8e580000_p_Net","0","25","0","1","0","0","0","0","1","0","25","_681c96dd8e580000_p_odb__dbNet","93.84000000000003","0.0","0.0","3.7536","3.7536000000000014","1.3322676295501878e-15","93.84000000000003","","25","","","","38.87","164.56","4.37","53.04","8","8","2","7","21.960399999999996","11.362115465000343","124.52160000000003","33.486017103262675","26"
"sck_o","OK","914.1537650000006","0.7397661650288802","13.4025","155.2765","26.005000000000003","35.15300000000002","122.31600000000005","26.405","0.4","172.853","137.7","1","8.619999999999997","8.619999999999997","8.619999999999997","3.7536","1","0","0","0","2","1","0","61.15800000000002","0","0","0","0","0","2","_e01c96dd8e580000_p_Net","1","1","0","1","0","0","0","0","0","1","2","_e01c96dd8e580000_p_odb__dbNet","3.7536","0.0","0.0","3.7536","3.7536","","3.7536","8.619999999999997","1","8.619999999999997","8.619999999999997","8.619999999999997","25.99","164.56","25.99","164.56","1","0","0","0","25.99","","164.56","","3"
"spe","OK","4798.352","0.18631605184330563","31.267","95.04","29.9","160.48","380.76","46.217","16.317","175.28","14.8","0","160.99","88.58117647058822","1505.8799999999997","28.777600000000003","0","0","1","0","17","0","0","190.38","0","0","0","0","0","18","_581d96dd8e580000_p_Net","0","1","0","1","0","0","0","0","0","0","17","_581d96dd8e580000_p_odb__dbNet","5.0048","0.0","0.0","5.0048","4.784000000000002","0.47698251540281866","81.32800000000003","80.23176470588237","17","80.11","157.26999999999998","160.99","46.92","175.44","16.79","14.96","2","3","3","9","34.161764705882355","9.820731514202414","85.67999999999999","50.9805296167076","18"
"sper[2]","OK","61.912575999999746","1.9518821019261654","14.9835","134.211","10.993","5.631999999999977","33.24999999999996","20.48","9.487","137.027","131.395","0","13.530000000000026","8.240000000000013","16.480000000000025","25.024","0","0","1","0","2","0","0","16.62499999999998","1","0","0","0","0","3","_d01d96dd8e580000_p_Net","0","0","0","1","0","0","0","0","0","0","2","_d01d96dd8e580000_p_odb__dbNet","0.0","0.0","0.0","11.2608","10.0096","1.251199999999999","20.0192","5.289999999999999","2","2.9499999999999993","13.530000000000026","13.530000000000026","20.47","137.36","9.43","131.92","1","0","1","0","14.95","5.52","134.64","2.720000000000013","3"
"sper[3]","OK","47.89575000000001","1.7377142853832928","14.9685","145.09","9.123000000000001","5.25","28.746000000000002","19.53","10.407","147.715","142.465","0","12.38","7.665","15.33","25.024","0","0","1","0","2","0","0","14.373000000000001","1","0","0","0","0","3","_481e96dd8e580000_p_Net","0","0","0","1","0","0","0","0","0","0","2","_481e96dd8e580000_p_odb__dbNet","0.0","0.0","0.0","11.2608","9.384","1.8767999999999998","18.768","4.945000000000002","2","2.9499999999999993","12.38","12.38","19.78","148.24","10.35","142.8","0","1","0","1","15.065000000000001","4.715000000000001","145.52","2.719999999999999","3"
"sper[4]","OK","17.89941300000001","0.6072941608754292","5.9985","45.0555","3.2970000000000006","5.429000000000002","17.452000000000005","7.647","4.35","47.77","42.341","0","8.890000000000004","6.380000000000005","12.76000000000001","25.024","0","0","1","0","2","0","0","8.726000000000003","1","0","0","0","0","3","_c01e96dd8e580000_p_Net","0","0","0","1","0","0","0","0","0","0","2","_c01e96dd8e580000_p_odb__dbNet","0.0","0.0","0.0","11.2608","7.5072","3.7535999999999996","15.0144","6.380000000000006","2","3.8700000000000063","8.890000000000004","8.890000000000004","7.59","47.6","5.29","44.88","0","1","0","1","6.4399999999999995","1.15","46.24","1.3599999999999994","3"
"sper[5]","OK","15.637400999999969","1.3314852636908447","10.848500000000001","122.5715","4.563000000000001","3.4269999999999925","15.979999999999986","13.13","8.567","124.285","120.858","0","6.629999999999999","4.789999999999999","9.579999999999998","25.024","0","0","1","0","2","0","0","7.989999999999993","1","0","0","0","0","3","_381f96dd8e580000_p_Net","0","0","0","1","0","0","0","0","0","0","2","_381f96dd8e580000_p_odb__dbNet","0.0","0.0","0.0","11.2608","7.5072","3.7535999999999996","15.0144","4.559999999999999","2","2.9499999999999993","6.629999999999999","6.629999999999999","12.65","123.76","8.51","123.76","1","1","0","0","10.58","2.0700000000000003","123.76","0.0","3"
"spie","OK","119.904386","0.45140508035026344","17.7535","150.789","7.356999999999999","16.298000000000002","47.31","21.432","14.075","158.938","142.64","0","21.149999999999995","14.62333333333333","43.86999999999999","25.024","0","0","1","0","3","0","0","23.655","0","0","0","0","0","4","_b01f96dd8e580000_p_Net","0","0","0","1","0","0","0","0","0","0","3","_b01f96dd8e580000_p_odb__dbNet","0.0","0.0","0.0","11.2608","7.090133333333334","3.1210411482210367","21.270400000000002","12.169999999999995","3","19.309999999999995","21.149999999999995","21.149999999999995","21.85","156.4","14.03","142.8","0","1","1","1","17.403333333333332","3.2814766323850146","147.33333333333334","6.411101482758029","4"
"spif","OK","80.41958999999991","0.12981116913901924","16.5375","154.91","3.230999999999998","24.889999999999986","56.24199999999997","18.153","14.922","167.355","142.465","0","23.599999999999987","17.023333333333326","51.06999999999998","20.0192","0","0","1","0","3","0","0","28.120999999999984","0","0","0","0","0","4","_282096dd8e580000_p_Net","0","0","0","1","0","0","0","0","0","0","3","_282096dd8e580000_p_odb__dbNet","0.0","0.0","0.0","7.5072","6.256","1.0216005220567708","18.768","14.749999999999993","3","22.449999999999992","23.599999999999987","23.599999999999987","17.02","167.28","14.03","142.8","1","0","1","1","15.87","1.3145594952936388","150.96","11.53998266896445","4"
"state[0]","OK","649.7201940000002","0.4498973738105916","33.6335","166.881","17.097","38.00200000000001","110.19800000000002","42.182","25.085","185.882","147.88","0","38.73999999999999","22.269999999999992","222.69999999999993","21.270400000000002","0","0","1","0","10","0","0","55.09900000000001","1","0","0","0","0","11","_a02096dd8e580000_p_Net","0","1","0","1","0","0","0","0","0","0","10","_a02096dd8e580000_p_odb__dbNet","3.7536","0.0","0.0","11.2608","6.00576","2.360759438485845","60.05760000000001","20.30799999999997","10","17.169999999999995","37.319999999999986","38.73999999999999","43.01","186.32","24.38","148.24","3","3","1","3","34.913999999999994","5.375115254578267","166.73600000000002","11.398065800827784","11"
"state[1]","OK","7.75089600000002","0.26345870201632404","43.2475","183.418","1.429000000000002","5.424000000000007","13.706000000000017","43.962","42.533","186.13","180.706","0","10.959999999999994","10.959999999999994","10.959999999999994","20.0192","0","0","1","0","1","0","0","6.853000000000009","1","0","0","0","0","2","_182196dd8e580000_p_Net","0","1","0","1","0","0","0","0","0","0","1","_182196dd8e580000_p_odb__dbNet","5.0048","0.0","0.0","5.0048","5.0048","","5.0048","10.959999999999994","1","10.959999999999994","10.959999999999994","10.959999999999994","44.62","186.32","44.62","186.32","1","0","0","0","44.62","","186.32","","2"
"stb_i","OK","964.0486500000001","0.11143963014609784","5.5825000000000005","123.83500000000001","10.365","93.01","206.75","10.765","0.4","170.34","77.33","1","","","","","0","0","0","0","3","1","0","103.375","0","0","0","0","0","3","_902196dd8e580000_p_Net","0","3","0","1","0","0","0","0","1","0","3","_902196dd8e580000_p_odb__dbNet","11.2608","0.0","0.0","3.7536","3.7536","0.0","11.2608","","3","","","","10.35","80.24","4.83","77.52","0","0","1","2","7.13","2.345548976252681","79.33333333333333","1.2822202965516056","4"
"tcnt[0]","OK","92.34719999999987","1.2841981130561102","20.365","179.51999999999998","10.889999999999999","8.47999999999999","38.73999999999998","25.81","14.92","183.76","175.28","0","11.609999999999996","8.324999999999996","33.29999999999998","30.0288","0","0","0","0","4","0","0","19.36999999999999","1","0","0","0","0","5","_082296dd8e580000_p_Net","0","0","0","1","0","0","0","0","0","0","4","_082296dd8e580000_p_odb__dbNet","0.0","0.0","0.0","7.5072","5.0047999999999995","1.5324007830851563","20.019199999999998","8.32500000000002","4","6.209999999999999","11.609999999999996","11.609999999999996","20.7","183.6","14.49","175.44","0","1","2","1","17.134999999999998","2.2797861741838856","178.83999999999997","2.9640512816076567","5"
"tcnt[1]","OK","50.109114999999946","0.7938325990190273","21.2765","182.1875","6.306999999999999","7.944999999999993","28.503999999999984","24.43","18.123","186.16","178.215","0","6.129999999999999","4.776666666666665","14.329999999999995","30.0288","0","0","0","0","3","0","0","14.251999999999992","1","0","0","0","0","4","_802296dd8e580000_p_Net","0","0","0","1","0","0","0","0","0","0","3","_802296dd8e580000_p_odb__dbNet","0.0","0.0","0.0","7.5072","5.421866666666666","1.5605205741105184","16.2656","0.23000000000000043","3","4.099999999999998","6.129999999999999","6.129999999999999","20.7","186.32","17.94","178.16","0","1","2","0","19.09","1.1727744881263398","180.88","3.8466608896548165","4"
"wcol","OK","36.02338500000003","0.4764807360004044","20.2215","108.8675","4.143000000000001","8.695000000000007","25.676000000000016","22.293","18.15","113.215","104.52","0","5.669999999999998","4.654999999999998","9.309999999999995","20.0192","0","0","1","0","2","0","0","12.838000000000008","0","0","0","0","0","3","_f82296dd8e580000_p_Net","0","0","0","1","0","0","0","0","0","0","2","_f82296dd8e580000_p_odb__dbNet","0.0","0.0","0.0","7.5072","6.881600000000001","0.6255999999999999","13.763200000000001","1.7049999999999983","2","3.639999999999997","5.669999999999998","5.669999999999998","19.09","112.88","17.94","104.72","0","1","1","0","18.515","0.5749999999999993","108.8","4.079999999999998","3"
"we_i","OK","80.05994999999997","1.2478152308055164","5.3975","65.545","9.995","8.009999999999998","36.00999999999999","10.395","0.4","69.55","61.54","1","","","","","0","0","0","0","4","1","0","18.004999999999995","0","0","0","0","0","4","_702396dd8e580000_p_Net","0","4","0","1","0","0","0","0","1","0","4","_702396dd8e580000_p_odb__dbNet","15.0144","0.0","0.0","3.7536","3.7536","0.0","15.0144","","4","","","","10.81","69.36","5.29","66.64","3","1","0","0","8.05","2.1819715855161816","68.0","1.3599999999999994","5"
"wfifo.gb","OK","96.51618000000003","0.8504646577630273","23.457","110.0735","9.059999999999999","10.653000000000006","39.42600000000001","27.987","18.927","115.4","104.747","0","11.839999999999996","7.137499999999998","28.549999999999994","20.0192","0","0","1","0","4","0","0","19.713000000000005","0","0","0","0","0","5","_e82396dd8e580000_p_Net","0","0","0","1","0","0","0","1","0","0","4","_e82396dd8e580000_p_odb__dbNet","0.0","0.0","3.7536","6.256","5.3176","1.037440234423169","21.2704","2.3274999999999935","4","4.829999999999998","11.839999999999996","11.839999999999996","28.29","115.6","19.09","104.72","1","1","1","1","23.1725","3.8704804288356756","109.47999999999999","4.022934252507737","5"
"wfifo.mem[0][0]","OK","0.49056000000000166","0.0898972602354896","35.364999999999995","70.91399999999999","0.21000000000000085","2.3359999999999985","5.091999999999999","35.47","35.26","72.082","69.746","0","5.019999999999996","5.019999999999996","5.019999999999996","30.0288","0","0","0","0","1","0","0","2.5459999999999994","1","0","0","0","0","2","_602496dd8e580000_p_Net","0","0","0","1","0","0","0","0","0","0","1","_602496dd8e580000_p_odb__dbNet","0.0","0.0","0.0","22.5216","22.5216","","22.5216","5.019999999999996","1","5.019999999999996","5.019999999999996","5.019999999999996","32.66","69.36","32.66","69.36","0","0","1","0","32.66","","69.36","","2"
"wfifo.mem[0][1]","OK","9.087039999999996","1.665239725314539","38.125","37.885","3.8900000000000006","2.3359999999999985","12.451999999999998","40.07","36.18","39.053","36.717","0","4.100000000000001","4.100000000000001","4.100000000000001","30.0288","0","0","0","0","1","0","0","6.225999999999999","1","0","0","0","0","2","_d82496dd8e580000_p_Net","0","0","0","1","0","0","0","0","0","0","1","_d82496dd8e580000_p_odb__dbNet","0.0","0.0","0.0","22.5216","22.5216","","22.5216","4.100000000000001","1","4.100000000000001","4.100000000000001","4.100000000000001","33.58","39.44","33.58","39.44","0","1","0","0","33.58","","39.44","","2"
"wfifo.mem[0][2]","OK","4.788800000000011","0.8775684927750151","36.285","11.074000000000002","2.0500000000000043","2.3360000000000003","8.77200000000001","37.31","35.26","12.242","9.906","0","3.1799999999999944","3.1799999999999944","3.1799999999999944","30.0288","0","0","0","0","1","0","0","4.386000000000005","1","0","0","0","0","2","_502596dd8e580000_p_Net","0","0","0","1","0","0","0","0","0","0","1","_502596dd8e580000_p_odb__dbNet","0.0","0.0","0.0","22.5216","22.5216","","22.5216","3.1799999999999944","1","3.1799999999999944","3.1799999999999944","3.1799999999999944","32.66","9.52","32.66","9.52","0","0","1","0","32.66","","9.52","","2"
"wfifo.mem[0][3]","OK","6.3632000000000115","0.6604381441171284","36.745000000000005","46.434","2.0500000000000043","3.103999999999999","10.308000000000007","37.77","35.72","47.986","44.882","0","3.1799999999999997","3.1799999999999997","3.1799999999999997","30.0288","0","0","0","0","1","0","0","5.1540000000000035","1","0","0","0","0","2","_c82596dd8e580000_p_Net","0","0","0","1","0","0","0","0","0","0","1","_c82596dd8e580000_p_odb__dbNet","0.0","0.0","0.0","22.5216","22.5216","","22.5216","3.1799999999999997","1","3.1799999999999997","3.1799999999999997","3.1799999999999997","33.12","47.6","33.12","47.6","0","1","0","0","33.12","","47.6","","2"
"wfifo.mem[0][4]","OK","17.85696","0.24461610484028365","26.854999999999997","16.514000000000003","2.09","8.544","21.268","27.9","25.81","20.786","12.242","0","12.76","12.76","12.76","30.0288","0","0","0","0","1","0","0","10.634","1","0","0","0","0","2","_402696dd8e580000_p_Net","0","0","0","1","0","0","0","0","0","0","1","_402696dd8e580000_p_odb__dbNet","0.0","0.0","0.0","22.5216","22.5216","","22.5216","12.76","1","12.76","12.76","12.76","25.3","20.4","25.3","20.4","0","1","0","0","25.3","","20.4","","2"
"wfifo.mem[0][5]","OK","9.218879999999993","0.9568298965989593","36.745","24.285","2.969999999999999","3.103999999999999","12.147999999999996","38.23","35.26","25.837","22.733","0","3.1799999999999997","3.1799999999999997","3.1799999999999997","30.0288","0","0","0","0","1","0","0","6.073999999999998","1","0","0","0","0","2","_b82696dd8e580000_p_Net","0","0","0","1","0","0","0","0","0","0","1","_b82696dd8e580000_p_odb__dbNet","0.0","0.0","0.0","22.5216","22.5216","","22.5216","3.1799999999999997","1","3.1799999999999997","3.1799999999999997","3.1799999999999997","32.66","23.12","32.66","23.12","0","0","1","0","32.66","","23.12","","2"
"wfifo.mem[0][6]","OK","14.63078999999999","0.43060559265215165","37.435","17.8715","2.509999999999998","5.829000000000001","16.677999999999997","38.69","36.18","20.786","14.957","0","5.439999999999998","5.439999999999998","5.439999999999998","30.0288","0","0","0","0","1","0","0","8.338999999999999","1","0","0","0","0","2","_302796dd8e580000_p_Net","0","0","0","1","0","0","0","0","0","0","1","_302796dd8e580000_p_odb__dbNet","0.0","0.0","0.0","22.5216","22.5216","","22.5216","5.439999999999998","1","5.439999999999998","5.439999999999998","5.439999999999998","33.58","20.4","33.58","20.4","0","1","0","0","33.58","","20.4","","2"
"wfifo.mem[0][7]","OK","12.733970000000028","0.10027509094859594","36.745000000000005","55.567499999999995","1.1300000000000026","11.268999999999998","24.798000000000002","37.31","36.18","61.202","49.933","0","12.259999999999998","12.259999999999998","12.259999999999998","30.0288","0","0","0","0","1","0","0","12.399000000000001","1","0","0","0","0","2","_a82796dd8e580000_p_Net","0","0","0","1","0","0","0","0","0","0","1","_a82796dd8e580000_p_odb__dbNet","0.0","0.0","0.0","22.5216","22.5216","","22.5216","12.259999999999998","1","12.259999999999998","12.259999999999998","12.259999999999998","33.58","50.32","33.58","50.32","0","0","1","0","33.58","","50.32","","2"
"wfifo.mem[1][0]","OK","12.306799999999948","0.098319628164254","34.0","64.071","1.0999999999999943","11.18800000000001","24.576000000000008","34.55","33.45","69.665","58.477","0","14.099999999999998","14.099999999999998","14.099999999999998","30.0288","0","0","0","0","1","0","0","12.288000000000004","1","0","0","0","0","2","_202896dd8e580000_p_Net","0","0","0","1","0","0","0","0","0","0","1","_202896dd8e580000_p_odb__dbNet","0.0","0.0","0.0","22.5216","22.5216","","22.5216","14.099999999999998","1","14.099999999999998","14.099999999999998","14.099999999999998","32.66","69.36","32.66","69.36","0","1","0","0","32.66","","69.36","","2"
"wfifo.mem[1][1]","OK","3.7984199999999704","0.14416520550474","34.0","36.5685","0.7399999999999949","5.132999999999996","11.745999999999981","34.37","33.63","39.135","34.002","0","10.499999999999996","10.499999999999996","10.499999999999996","30.0288","0","0","0","0","1","0","0","5.8729999999999905","1","0","0","0","0","2","_982896dd8e580000_p_Net","0","0","0","1","0","0","0","0","0","0","1","_982896dd8e580000_p_odb__dbNet","0.0","0.0","0.0","22.5216","22.5216","","22.5216","10.499999999999996","1","10.499999999999996","10.499999999999996","10.499999999999996","33.58","39.44","33.58","39.44","0","1","0","0","33.58","","39.44","","2"
"wfifo.mem[1][2]","OK","34.48704000000002","1.309431020789277","30.090000000000003","12.391","6.720000000000002","5.1320000000000014","23.704000000000008","33.45","26.73","14.957","9.825","0","16.479999999999997","16.479999999999997","16.479999999999997","30.0288","0","0","0","0","1","0","0","11.852000000000004","1","0","0","0","0","2","_102996dd8e580000_p_Net","0","0","0","1","0","0","0","0","0","0","1","_102996dd8e580000_p_odb__dbNet","0.0","0.0","0.0","22.5216","22.5216","","22.5216","16.479999999999997","1","16.479999999999997","16.479999999999997","16.479999999999997","32.66","9.52","32.66","9.52","0","0","0","1","32.66","","9.52","","2"
"wfifo.mem[1][3]","OK","3.2844800000000016","0.12470771626564557","34.23","50.471000000000004","0.6400000000000006","5.131999999999998","11.543999999999997","34.55","33.91","53.037","47.905","0","9.119999999999994","9.119999999999994","9.119999999999994","30.0288","0","0","0","0","1","0","0","5.7719999999999985","1","0","0","0","0","2","_882996dd8e580000_p_Net","0","0","0","1","0","0","0","0","0","0","1","_882996dd8e580000_p_odb__dbNet","0.0","0.0","0.0","22.5216","22.5216","","22.5216","9.119999999999994","1","9.119999999999994","9.119999999999994","9.119999999999994","33.12","47.6","33.12","47.6","0","0","1","0","33.12","","47.6","","2"
"wfifo.mem[1][4]","OK","8.279119999999981","0.06614229531049841","25.72","15.110999999999999","0.7399999999999984","11.187999999999999","23.855999999999995","26.09","25.35","20.705","9.517","0","15.940000000000001","15.940000000000001","15.940000000000001","30.0288","0","0","0","0","1","0","0","11.927999999999997","1","0","0","0","0","2","_002a96dd8e580000_p_Net","0","0","0","1","0","0","0","0","0","0","1","_002a96dd8e580000_p_odb__dbNet","0.0","0.0","0.0","22.5216","22.5216","","22.5216","15.940000000000001","1","15.940000000000001","15.940000000000001","15.940000000000001","25.3","20.4","25.3","20.4","0","1","0","0","25.3","","20.4","","2"
"wfifo.mem[1][5]","OK","61.446840000000016","0.3179398647447894","31.240000000000002","29.766","4.420000000000002","13.901999999999997","36.644","33.45","29.03","36.717","22.815","0","22.339999999999993","22.339999999999993","22.339999999999993","30.0288","0","0","0","0","1","0","0","18.322","1","0","0","0","0","2","_782a96dd8e580000_p_Net","0","0","0","1","0","0","0","0","0","0","1","_782a96dd8e580000_p_odb__dbNet","0.0","0.0","0.0","22.5216","22.5216","","22.5216","22.339999999999993","1","22.339999999999993","22.339999999999993","22.339999999999993","32.66","23.12","32.66","23.12","0","0","0","1","32.66","","23.12","","2"
"wfifo.mem[1][6]","OK","6.408759999999992","0.7012901089310974","33.31","19.1935","2.1199999999999974","3.0229999999999997","10.285999999999994","34.37","32.25","20.705","17.682","0","9.159999999999997","9.159999999999997","9.159999999999997","30.0288","0","0","0","0","1","0","0","5.142999999999997","1","0","0","0","0","2","_f02a96dd8e580000_p_Net","0","0","0","1","0","0","0","0","0","0","1","_f02a96dd8e580000_p_odb__dbNet","0.0","0.0","0.0","22.5216","22.5216","","22.5216","9.159999999999997","1","9.159999999999997","9.159999999999997","9.159999999999997","33.58","20.4","33.58","20.4","1","0","0","0","33.58","","20.4","","2"
"wfifo.mem[1][7]","OK","1.0344599999999984","0.03132068904970924","34.459999999999994","52.8885","0.17999999999999972","5.747","11.854","34.55","34.37","55.762","50.015","0","9.579999999999995","9.579999999999995","9.579999999999995","30.0288","0","0","0","0","1","0","0","5.927","1","0","0","0","0","2","_682b96dd8e580000_p_Net","0","0","0","1","0","0","0","0","0","0","1","_682b96dd8e580000_p_odb__dbNet","0.0","0.0","0.0","22.5216","22.5216","","22.5216","9.579999999999995","1","9.579999999999995","9.579999999999995","9.579999999999995","33.58","50.32","33.58","50.32","0","0","1","0","33.58","","50.32","","2"
"wfifo.mem[2][0]","OK","93.043853","0.46124058294295267","26.325499999999998","62.8635","6.550999999999998","14.203000000000003","41.508","29.601","23.05","69.965","55.762","0","28.319999999999997","28.319999999999997","28.319999999999997","30.0288","0","0","0","0","1","0","0","20.754","1","0","0","0","0","2","_e02b96dd8e580000_p_Net","0","0","0","1","0","0","0","0","0","0","1","_e02b96dd8e580000_p_odb__dbNet","0.0","0.0","0.0","22.5216","22.5216","","22.5216","28.319999999999997","1","28.319999999999997","28.319999999999997","28.319999999999997","32.66","69.36","32.66","69.36","1","0","0","0","32.66","","69.36","","2"
"wfifo.mem[2][1]","OK","119.046058","2.084016935421538","22.6455","35.056","15.751000000000001","7.558","46.618","30.521","14.77","38.835","31.277","0","32.08","32.08","32.08","30.0288","0","0","0","0","1","0","0","23.309","1","0","0","0","0","2","_582c96dd8e580000_p_Net","0","0","0","1","0","0","0","0","0","0","1","_582c96dd8e580000_p_odb__dbNet","0.0","0.0","0.0","22.5216","22.5216","","22.5216","32.08","1","32.08","32.08","32.08","33.58","39.44","33.58","39.44","1","0","0","0","33.58","","39.44","","2"
"wfifo.mem[2][2]","OK","71.663392","3.069329469563466","22.185499999999998","12.541","14.831","4.832000000000001","39.326","29.601","14.77","14.957","10.125","0","28.439999999999998","28.439999999999998","28.439999999999998","30.0288","0","0","0","0","1","0","0","19.663","1","0","0","0","0","2","_d02c96dd8e580000_p_Net","0","0","0","1","0","0","0","0","0","0","1","_d02c96dd8e580000_p_odb__dbNet","0.0","0.0","0.0","22.5216","22.5216","","22.5216","28.439999999999998","1","28.439999999999998","28.439999999999998","28.439999999999998","32.66","9.52","32.66","9.52","0","0","0","1","32.66","","9.52","","2"
"wfifo.mem[2][3]","OK","30.940453000000005","2.8019861562437596","25.4055","46.543499999999995","9.311","3.3230000000000004","25.268","30.061","20.75","48.205","44.882","0","20.199999999999996","20.199999999999996","20.199999999999996","30.0288","0","0","0","0","1","0","0","12.634","1","0","0","0","0","2","_482d96dd8e580000_p_Net","0","0","0","1","0","0","0","0","0","0","1","_482d96dd8e580000_p_odb__dbNet","0.0","0.0","0.0","22.5216","22.5216","","22.5216","20.199999999999996","1","20.199999999999996","20.199999999999996","20.199999999999996","33.12","47.6","33.12","47.6","1","0","0","0","33.12","","47.6","","2"
"wfifo.mem[2][4]","OK","65.46837299999999","0.8525619079250758","18.505499999999998","16.6235","7.471","8.762999999999998","32.467999999999996","22.241","14.77","21.005","12.242","0","23.799999999999997","23.799999999999997","23.799999999999997","30.0288","0","0","0","0","1","0","0","16.233999999999998","1","0","0","0","0","2","_c02d96dd8e580000_p_Net","0","0","0","1","0","0","0","0","0","0","1","_c02d96dd8e580000_p_odb__dbNet","0.0","0.0","0.0","22.5216","22.5216","","22.5216","23.799999999999997","1","23.799999999999997","23.799999999999997","23.799999999999997","25.3","20.4","25.3","20.4","1","0","0","0","25.3","","20.4","","2"
"wfifo.mem[2][5]","OK","31.41205800000003","7.002360714352041","22.185499999999998","21.456","14.831","2.118000000000002","33.898","29.601","14.77","22.515","20.397","0","25.72","25.72","25.72","30.0288","0","0","0","0","1","0","0","16.949","1","0","0","0","0","2","_382e96dd8e580000_p_Net","0","0","0","1","0","0","0","0","0","0","1","_382e96dd8e580000_p_odb__dbNet","0.0","0.0","0.0","22.5216","22.5216","","22.5216","25.72","1","25.72","25.72","25.72","32.66","23.12","32.66","23.12","1","0","0","0","32.66","","23.12","","2"
"wfifo.mem[2][6]","OK","52.34057300000001","4.739993979915741","22.6455","19.3435","15.751000000000001","3.3230000000000004","38.148","30.521","14.77","21.005","17.682","0","26.639999999999997","26.639999999999997","26.639999999999997","30.0288","0","0","0","0","1","0","0","19.074","1","0","0","0","0","2","_b02e96dd8e580000_p_Net","0","0","0","1","0","0","0","0","0","0","1","_b02e96dd8e580000_p_odb__dbNet","0.0","0.0","0.0","22.5216","22.5216","","22.5216","26.639999999999997","1","26.639999999999997","26.639999999999997","26.639999999999997","33.58","20.4","33.58","20.4","1","0","0","0","33.58","","20.4","","2"
"wfifo.mem[2][7]","OK","29.403021999999957","2.6643588191859275","26.0955","51.376000000000005","8.850999999999999","3.3219999999999956","24.34599999999999","30.521","21.67","53.037","49.715","0","19.74","19.74","19.74","30.0288","0","0","0","0","1","0","0","12.172999999999995","1","0","0","0","0","2","_282f96dd8e580000_p_Net","0","0","0","1","0","0","0","0","0","0","1","_282f96dd8e580000_p_odb__dbNet","0.0","0.0","0.0","22.5216","22.5216","","22.5216","19.74","1","19.74","19.74","19.74","33.58","50.32","33.58","50.32","0","0","0","1","33.58","","50.32","","2"
"wfifo.mem[3][0]","OK","0.9964800000000101","8.323699397908292","29.549999999999997","69.53","2.879999999999999","0.34600000000000364","6.452000000000005","30.99","28.11","69.703","69.357","0","9.659999999999997","9.659999999999997","9.659999999999997","30.0288","0","0","0","0","1","0","0","3.2260000000000026","1","0","0","0","0","2","_a02f96dd8e580000_p_Net","0","0","0","1","0","0","0","0","0","0","1","_a02f96dd8e580000_p_odb__dbNet","0.0","0.0","0.0","22.5216","22.5216","","22.5216","9.659999999999997","1","9.659999999999997","9.659999999999997","9.659999999999997","32.66","69.36","32.66","69.36","0","0","0","1","32.66","","69.36","","2"
"wfifo.mem[3][1]","OK","1.9514400000000207","16.300577987570414","29.09","39.269","5.640000000000001","0.34600000000000364","11.972000000000008","31.91","26.27","39.442","39.096","0","12.419999999999998","12.419999999999998","12.419999999999998","30.0288","0","0","0","0","1","0","0","5.986000000000004","1","0","0","0","0","2","_183096dd8e580000_p_Net","0","0","0","1","0","0","0","0","0","0","1","_183096dd8e580000_p_odb__dbNet","0.0","0.0","0.0","22.5216","22.5216","","22.5216","12.419999999999998","1","12.419999999999998","12.419999999999998","12.419999999999998","33.58","39.44","33.58","39.44","1","0","0","0","33.58","","39.44","","2"
"wfifo.mem[3][2]","OK","86.97903999999998","0.4947582773591704","27.71","16.4925","6.559999999999999","13.259","39.638","30.99","24.43","23.122","9.863","0","26.939999999999998","26.939999999999998","26.939999999999998","30.0288","0","0","0","0","1","0","0","19.819","1","0","0","0","0","2","_b03096dd8e580000_p_Net","0","0","0","1","0","0","0","0","0","0","1","_b03096dd8e580000_p_odb__dbNet","0.0","0.0","0.0","22.5216","22.5216","","22.5216","26.939999999999998","1","26.939999999999998","26.939999999999998","26.939999999999998","32.66","9.52","32.66","9.52","0","0","0","1","32.66","","9.52","","2"
"wfifo.mem[3][3]","OK","1.4739599999999846","12.3121386927396","29.32","47.769999999999996","4.259999999999998","0.34599999999999653","9.211999999999989","31.45","27.19","47.943","47.597","0","11.04","11.04","11.04","30.0288","0","0","0","0","1","0","0","4.6059999999999945","1","0","0","0","0","2","_283196dd8e580000_p_Net","0","0","0","1","0","0","0","0","0","0","1","_283196dd8e580000_p_odb__dbNet","0.0","0.0","0.0","22.5216","22.5216","","22.5216","11.04","1","11.04","11.04","11.04","33.12","47.6","33.12","47.6","0","0","0","1","33.12","","47.6","","2"
"wfifo.mem[3][4]","OK","0.9382799999999804","0.01534723110175856","23.57","24.6525","0.11999999999999744","7.819000000000003","15.878","23.63","23.51","28.562","20.743","0","15.060000000000002","15.060000000000002","15.060000000000002","30.0288","0","0","0","0","1","0","0","7.939","1","0","0","0","0","2","_a03196dd8e580000_p_Net","0","0","0","1","0","0","0","0","0","0","1","_a03196dd8e580000_p_odb__dbNet","0.0","0.0","0.0","22.5216","22.5216","","22.5216","15.060000000000002","1","15.060000000000002","15.060000000000002","15.060000000000002","25.3","20.4","25.3","20.4","0","0","0","1","25.3","","20.4","","2"
"wfifo.mem[3][5]","OK","20.080159999999996","2.143090492602714","27.71","24.3065","6.559999999999999","3.061","19.241999999999997","30.99","24.43","25.837","22.776","0","16.059999999999995","16.059999999999995","16.059999999999995","30.0288","0","0","0","0","1","0","0","9.620999999999999","1","0","0","0","0","2","_183296dd8e580000_p_Net","0","0","0","1","0","0","0","0","0","0","1","_183296dd8e580000_p_odb__dbNet","0.0","0.0","0.0","22.5216","22.5216","","22.5216","16.059999999999995","1","16.059999999999995","16.059999999999995","16.059999999999995","32.66","23.12","32.66","23.12","0","0","0","1","32.66","","23.12","","2"
"wfifo.mem[3][6]","OK","54.56612000000001","0.4917410290021129","29.32","26.009999999999998","5.18","10.534000000000002","31.428000000000004","31.91","26.73","31.277","20.743","0","22.84","22.84","22.84","30.0288","0","0","0","0","1","0","0","15.714000000000002","1","0","0","0","0","2","_903296dd8e580000_p_Net","0","0","0","1","0","0","0","0","0","0","1","_903296dd8e580000_p_odb__dbNet","0.0","0.0","0.0","22.5216","22.5216","","22.5216","22.84","1","22.84","22.84","22.84","33.58","20.4","33.58","20.4","0","0","0","1","33.58","","20.4","","2"
"wfifo.mem[3][7]","OK","1.6331200000000168","13.641618457683036","29.55","50.149","4.719999999999999","0.34600000000000364","10.132000000000005","31.91","27.19","50.322","49.976","0","11.5","11.5","11.5","30.0288","0","0","0","0","1","0","0","5.0660000000000025","1","0","0","0","0","2","_083396dd8e580000_p_Net","0","0","0","1","0","0","0","0","0","0","1","_083396dd8e580000_p_odb__dbNet","0.0","0.0","0.0","22.5216","22.5216","","22.5216","11.5","1","11.5","11.5","11.5","33.58","50.32","33.58","50.32","1","0","0","0","33.58","","50.32","","2"
"wfifo.re","OK","54.55136699999989","0.016509228815188643","26.9405","127.8315","0.9489999999999981","57.483000000000004","116.864","27.415","26.466","156.573","99.09","0","59.190000000000005","54.88000000000001","109.76000000000002","20.0192","0","0","1","0","2","0","0","58.432","0","0","0","0","0","3","_803396dd8e580000_p_Net","0","1","0","1","0","0","0","0","0","0","2","_803396dd8e580000_p_odb__dbNet","3.7536","0.0","0.0","6.256","5.0048","1.2512","10.0096","54.88000000000001","2","50.57000000000001","59.190000000000005","59.190000000000005","28.29","107.44","27.83","99.28","0","0","0","2","28.06","0.23000000000000043","103.36","4.079999999999998","3"
"wfifo.rp[0]","OK","1020.5964820000002","0.23994909380477858","27.8855","64.07900000000001","15.649000000000001","65.218","161.734","35.71","20.061","96.688","31.47","0","65.97","27.326666666666664","327.91999999999996","28.777600000000003","0","0","1","0","12","0","0","80.867","1","0","0","0","0","13","_f83396dd8e580000_p_Net","0","1","0","1","0","0","0","0","0","0","12","_f83396dd8e580000_p_odb__dbNet","5.0048","0.0","0.0","22.5216","11.8864","7.670512528725399","142.6368","26.061666666666664","12","13.530000000000001","59.19","65.97","33.58","93.84","20.7","31.28","4","4","0","4","29.248333333333335","3.969120039616953","72.76","23.029824141751497","13"
"wfifo.rp[1]","OK","157.07262000000003","0.40929045429253236","31.198","76.245","8.018","19.590000000000003","55.21600000000001","35.207","27.189","86.04","66.45","0","14.749999999999996","9.142","45.71","26.2752","0","0","1","0","5","0","0","27.608000000000004","1","0","0","0","0","6","_703496dd8e580000_p_Net","0","1","0","1","0","0","0","0","0","0","5","_703496dd8e580000_p_odb__dbNet","5.0048","0.0","0.0","22.5216","9.50912","6.649042086315892","47.5456","4.774000000000012","5","7.050000000000011","14.749999999999996","14.749999999999996","32.66","85.68","27.37","66.64","0","3","0","2","30.083999999999996","2.033387321687631","76.43199999999999","7.419170843160305","6"
"wfifo.wp[0]","OK","298.4622","0.3257350511950534","18.777","81.61500000000001","9.860000000000001","30.269999999999996","80.25999999999999","23.707","13.847","96.75","66.48","0","27.700000000000006","19.118571428571435","133.83000000000004","26.2752","0","0","1","0","7","0","0","40.129999999999995","1","0","0","0","0","8","_e83496dd8e580000_p_Net","0","1","0","1","0","0","0","0","0","0","7","_e83496dd8e580000_p_odb__dbNet","3.7536","0.0","0.0","16.265600000000003","8.222171428571428","4.378287951671876","57.5552","15.210000000000008","7","22.03000000000001","27.700000000000006","27.700000000000006","23.69","96.56","14.26","66.64","2","0","4","1","17.94","3.2988309617629272","77.52","11.35533103247734","8"
"wfifo.wp[1]","OK","5.790839999999991","1.045029736174583","25.807000000000002","76.15799999999999","2.4599999999999973","2.353999999999999","9.627999999999993","27.037","24.577","77.335","74.981","0","7.550000000000001","5.825000000000001","11.650000000000002","25.024","0","0","1","0","2","0","0","4.8139999999999965","1","0","0","0","0","3","_603596dd8e580000_p_Net","0","1","0","1","0","0","0","0","0","0","2","_603596dd8e580000_p_odb__dbNet","5.0048","0.0","0.0","8.758400000000002","6.881600000000001","1.8768000000000007","13.763200000000001","5.825000000000003","2","4.100000000000001","7.550000000000001","7.550000000000001","27.37","77.52","23.92","77.52","1","1","0","0","25.645000000000003","1.7249999999999996","77.52","0.0","3"
"VSS","OK","17271.5648","0.5048659169522877","50.14","97.92","93.38","184.96","556.6800000000001","96.83","3.45","190.4","5.44","0","","","","","0","0","0","0","0","0","0","278.34000000000003","0","0","0","0","0","514","_503696dd8e580000_p_Net","0","0","0","0","0","514","0","0","0","0","0","_503696dd8e580000_p_odb__dbNet","0.0","0.0","0.0","","","","0.0","","0","","","","","","","","0","0","0","0","","","","","514"
"net358","OK","775.744","0.26213235293635784","52.187","156.63299999999998","14.259999999999998","54.400000000000006","137.32","59.317","45.057","183.833","129.433","0","38.20000000000002","25.225000000000005","302.70000000000005","7.5072","1","0","0","0","12","0","0","68.66","0","0","0","0","0","13","_c83696dd8e580000_p_Net","1","0","0","1","0","0","0","0","0","0","12","_c83696dd8e580000_p_odb__dbNet","0.0","0.0","0.0","30.0288","30.028799999999993","7.105427357601002e-15","360.34559999999993","6.471666666666685","12","26.780000000000022","33.21999999999999","38.20000000000002","62.56","183.6","48.3","129.2","4","2","0","6","57.998333333333335","4.68906144363904","158.66666666666666","20.4402565759065","13"
"net297","OK","0.027302999999994384","8.403508624501674","17.055500000000002","162.00150000000002","0.47900000000000276","0.05699999999998795","1.0719999999999814","17.295","16.816","162.03","161.973","0","1.3800000000000026","1.3800000000000026","1.3800000000000026","3.7536","1","0","0","0","1","0","0","0.5359999999999907","0","0","0","0","0","2","_403796dd8e580000_p_Net","1","1","0","1","0","0","0","0","0","0","1","_403796dd8e580000_p_odb__dbNet","3.7536","0.0","0.0","3.7536","3.7536","","3.7536","1.3800000000000026","1","1.3800000000000026","1.3800000000000026","1.3800000000000026","17.71","161.84","17.71","161.84","0","0","0","1","17.71","","161.84","","2"
"net298","OK","13.074636000000007","0.06743751794976746","5.7855","165.94799999999998","0.9390000000000001","13.924000000000007","29.726000000000013","6.255","5.316","172.91","158.986","0","15.439999999999994","15.439999999999994","15.439999999999994","3.7536","1","0","0","0","1","0","0","14.863000000000007","0","0","0","0","0","2","_b83796dd8e580000_p_Net","1","1","0","1","0","0","0","0","0","0","1","_b83796dd8e580000_p_odb__dbNet","3.7536","0.0","0.0","3.7536","3.7536","","3.7536","15.439999999999994","1","15.439999999999994","15.439999999999994","15.439999999999994","6.67","172.72","6.67","172.72","1","0","0","0","6.67","","172.72","","2"
"net359","OK","4.915126999999989","0.7321497488490369","10.351500000000001","38.0105","1.8970000000000002","2.590999999999994","8.975999999999988","11.3","9.403","39.306","36.715","0","4.1","4.1","4.1","3.7536","1","0","0","0","1","0","0","4.487999999999994","0","0","0","0","0","2","_303896dd8e580000_p_Net","1","0","0","1","1","0","0","0","0","0","1","_303896dd8e580000_p_odb__dbNet","0.0","23.772800000000004","0.0","23.772800000000004","23.772800000000004","","23.772800000000004","4.1","1","4.1","4.1","4.1","8.51","36.72","8.51","36.72","0","0","1","0","8.51","","36.72","","2"
"net360","OK","597.4384800000001","0.22251814111041923","51.525","157.824","11.530000000000001","51.816","126.69200000000001","57.29","45.76","183.732","131.916","0","53.98000000000001","33.93900000000001","678.7800000000001","7.5072","1","0","0","0","20","0","0","63.346000000000004","0","0","0","0","0","21","_a83896dd8e580000_p_Net","1","0","0","1","0","0","0","0","0","0","20","_a83896dd8e580000_p_odb__dbNet","0.0","0.0","0.0","10.0096","6.256000000000002","1.6313652098779114","125.12000000000005","32.996","20","31.83999999999999","49.88","49.91999999999998","57.96","175.44","45.08","131.92","5","4","7","4","51.428","3.6564936756406397","153.272","13.109017354477794","21"
"net361","OK","150.25500000000014","0.5725308641621888","39.822500000000005","167.20600000000002","9.274999999999999","16.200000000000017","50.95000000000003","44.46","35.185","175.306","159.106","0","25.519999999999996","16.923333333333332","50.769999999999996","3.7536","1","0","0","0","3","0","0","25.475000000000016","0","0","0","0","0","4","_203996dd8e580000_p_Net","1","0","0","1","0","0","0","0","0","0","3","_203996dd8e580000_p_odb__dbNet","0.0","0.0","0.0","8.758400000000002","6.673066666666667","2.1266310718024313","20.0192","16.923333333333332","3","15.21","25.519999999999996","25.519999999999996","43.93","170.0","36.34","159.12","0","1","1","1","39.86666666666667","3.1217552042970227","163.65333333333334","4.623111025657456","4"
"net296","OK","4.85546599999997","0.1675645550496816","22.734","137.5215","0.9019999999999975","5.382999999999981","12.569999999999958","23.185","22.283","140.213","134.83","0","5.440000000000026","5.440000000000026","5.440000000000026","3.7536","1","0","0","0","1","0","0","6.284999999999979","0","0","0","0","0","2","_983996dd8e580000_p_Net","1","1","0","1","0","0","0","0","0","0","1","_983996dd8e580000_p_odb__dbNet","3.7536","0.0","0.0","3.7536","3.7536","","3.7536","5.440000000000026","1","5.440000000000026","5.440000000000026","5.440000000000026","22.77","134.64","22.77","134.64","0","0","0","1","22.77","","134.64","","2"
"net365","OK","18.841540000000006","0.6138989168566973","14.3765","25.656","3.4010000000000016","5.539999999999999","17.882","16.077","12.676","28.426","22.886","0","12.569999999999999","9.543333333333331","28.629999999999995","3.7536","1","0","0","0","3","0","0","8.941","0","0","0","0","0","4","_103a96dd8e580000_p_Net","1","0","0","1","0","0","0","0","0","0","3","_103a96dd8e580000_p_odb__dbNet","0.0","0.0","0.0","30.0288","30.0288","0.0","90.0864","9.543333333333331","3","9.85","12.569999999999999","12.569999999999999","19.32","28.56","18.4","23.12","2","0","0","1","19.013333333333332","0.43369215912774994","25.84","2.220870700123414","4"
"net366","OK","54.73188399999999","0.11428440869519808","7.6674999999999995","22.948","2.5009999999999994","21.884","48.769999999999996","8.918","6.417","33.89","12.006","0","22.22","15.148000000000001","75.74000000000001","5.0048","1","0","0","0","5","0","0","24.384999999999998","0","0","0","0","0","6","_883a96dd8e580000_p_Net","1","0","0","1","0","0","0","0","0","0","5","_883a96dd8e580000_p_odb__dbNet","0.0","0.0","0.0","30.0288","30.0288","0.0","150.144","15.148","5","16.78","22.22","22.22","9.66","31.28","9.66","12.24","1","0","0","4","9.66","0.0","19.312","6.573177009635447","6"
"net377","OK","152.58826000000013","0.09015556635658356","41.6665","32.64","3.709000000000003","41.14","89.69800000000001","43.521","39.812","53.21","12.07","0","38.120000000000005","20.788000000000004","103.94000000000003","5.0048","1","0","0","0","5","0","0","44.849000000000004","0","0","0","0","0","6","_003b96dd8e580000_p_Net","1","0","0","1","0","0","0","0","0","0","5","_003b96dd8e580000_p_odb__dbNet","0.0","0.0","0.0","10.0096","10.0096","0.0","50.048","18.612000000000002","5","26.320000000000004","38.120000000000005","38.120000000000005","42.78","53.04","40.02","12.24","1","1","2","1","41.492000000000004","1.1416899754311591","30.735999999999997","15.52069276804357","6"
"net368","OK","777.5122399999999","0.2615362042355378","24.587","39.268","14.259999999999998","54.524","137.56799999999998","31.717","17.457","66.53","12.006","0","61.760000000000005","44.60285714285715","312.22","5.0048","1","0","0","0","7","0","0","68.78399999999999","0","0","0","0","0","8","_783b96dd8e580000_p_Net","1","0","0","1","0","0","0","0","0","0","7","_783b96dd8e580000_p_odb__dbNet","0.0","0.0","0.0","30.0288","30.028799999999997","3.552713678800501e-15","210.20159999999998","43.42","7","49.08","61.760000000000005","61.760000000000005","34.96","61.2","20.7","12.24","2","0","1","4","31.345714285714287","4.435592590923231","29.725714285714282","17.377442567998365","8"
"net283","OK","0.027302999999994183","8.403508624501612","27.1755","162.00150000000002","0.4789999999999992","0.05699999999998795","1.0719999999999743","27.415","26.936","162.03","161.973","0","1.379999999999999","1.379999999999999","1.379999999999999","3.7536","1","0","0","0","1","0","0","0.5359999999999872","0","0","0","0","0","2","_f03b96dd8e580000_p_Net","1","1","0","1","0","0","0","0","0","0","1","_f03b96dd8e580000_p_odb__dbNet","3.7536","0.0","0.0","3.7536","3.7536","","3.7536","1.379999999999999","1","1.379999999999999","1.379999999999999","1.379999999999999","27.83","161.84","27.83","161.84","0","0","0","1","27.83","","161.84","","2"
"net282","OK","3.133967999999982","0.5459098495217435","5.069","146.90800000000002","1.3079999999999998","2.3959999999999866","7.407999999999973","5.723","4.415","148.106","145.71","0","4.099999999999999","4.099999999999999","4.099999999999999","3.7536","1","0","0","0","1","0","0","3.7039999999999864","0","0","0","0","0","2","_683c96dd8e580000_p_Net","1","1","0","1","0","0","0","0","0","0","1","_683c96dd8e580000_p_odb__dbNet","3.7536","0.0","0.0","3.7536","3.7536","","3.7536","4.099999999999999","1","4.099999999999999","4.099999999999999","4.099999999999999","4.83","145.52","4.83","145.52","0","0","1","0","4.83","","145.52","","2"
"net371","OK","20.482718999999847","2.9680243612607646","61.808499999999995","174.16649999999998","7.796999999999997","2.626999999999981","20.847999999999956","65.707","57.91","175.48","172.853","0","9.160000000000004","6.170000000000002","18.510000000000005","3.7536","1","0","0","0","3","0","0","10.423999999999978","0","0","0","0","0","4","_e03c96dd8e580000_p_Net","1","0","0","1","0","0","0","0","0","0","3","_e03c96dd8e580000_p_odb__dbNet","0.0","0.0","0.0","15.0144","10.0096","3.683433065316467","30.028800000000004","4.943333333333307","3","4.789999999999999","9.160000000000004","9.160000000000004","66.01","175.44","57.73","175.44","2","1","0","0","61.946666666666665","3.3820342333506295","175.43999999999997","2.8421709430404007e-14","4"
"net281","OK","22.18042699999995","2.3953335516282244","20.4605","127.8115","7.2890000000000015","3.042999999999992","20.663999999999987","24.105","16.816","129.333","126.29","0","10.079999999999988","10.079999999999988","10.079999999999988","3.7536","1","0","0","0","1","0","0","10.331999999999994","0","0","0","0","0","2","_583d96dd8e580000_p_Net","1","1","0","1","0","0","0","0","0","0","1","_583d96dd8e580000_p_odb__dbNet","3.7536","0.0","0.0","3.7536","3.7536","","3.7536","10.079999999999988","1","10.079999999999988","10.079999999999988","10.079999999999988","23.69","126.48","23.69","126.48","0","0","0","1","23.69","","126.48","","2"
"net369","OK","210.3630749999999","0.5352332912718675","27.557499999999997","174.2725","10.611","19.82499999999999","60.87199999999998","32.863","22.252","184.185","164.36","0","19.43","14.954999999999998","59.81999999999999","3.7536","1","0","0","0","4","0","0","30.43599999999999","0","0","0","0","0","5","_d03d96dd8e580000_p_Net","1","0","0","1","0","0","0","0","0","0","4","_d03d96dd8e580000_p_odb__dbNet","0.0","0.0","0.0","6.256","5.6304","0.6255999999999999","22.5216","8.15499999999998","4","16.859999999999996","19.43","19.43","29.9","183.6","22.08","164.56","1","1","2","0","25.875","2.992210721189269","172.04000000000002","8.017081763335081","5"
"net280","OK","14.997943999999993","0.20841683364276595","6.679","43.4915","1.7679999999999998","8.482999999999997","20.501999999999995","7.563","5.795","47.733","39.25","0","10.000000000000004","10.000000000000004","10.000000000000004","3.7536","1","0","0","0","1","0","0","10.250999999999998","0","0","0","0","0","2","_483e96dd8e580000_p_Net","1","1","0","1","0","0","0","0","0","0","1","_483e96dd8e580000_p_odb__dbNet","3.7536","0.0","0.0","3.7536","3.7536","","3.7536","10.000000000000004","1","10.000000000000004","10.000000000000004","10.000000000000004","6.21","39.44","6.21","39.44","0","0","1","0","6.21","","39.44","","2"
"net370","OK","31.755022999999966","0.2697944510766161","36.6185","93.6905","2.9269999999999996","10.84899999999999","27.55199999999998","38.082","35.155","99.115","88.266","0","11.380000000000003","10.229999999999997","30.68999999999999","3.7536","1","0","0","0","3","0","0","13.77599999999999","0","0","0","0","0","4","_c03e96dd8e580000_p_Net","1","0","0","1","0","0","0","0","0","0","3","_c03e96dd8e580000_p_odb__dbNet","0.0","0.0","0.0","6.256","5.838933333333333","0.5898213364137388","17.5168","9.923333333333332","3","11.33999999999999","11.380000000000003","11.380000000000003","37.95","99.28","34.27","93.84","2","1","0","0","36.49333333333333","1.5971711102933064","96.56","2.220870700123414","4"
"net372","OK","72.67820599999999","0.10134807124607527","19.553","90.7755","2.7139999999999986","26.77900000000001","58.98600000000002","20.91","18.196","104.165","77.386","0","28.580000000000002","19.347500000000004","77.39000000000001","3.7536","1","0","0","0","4","0","0","29.49300000000001","0","0","0","0","0","5","_383f96dd8e580000_p_Net","1","0","0","1","0","0","0","0","0","0","4","_383f96dd8e580000_p_odb__dbNet","0.0","0.0","0.0","7.5072","5.9432","1.0374402344231688","23.7728","19.347500000000018","4","17.010000000000005","28.580000000000002","28.580000000000002","20.7","104.72","18.4","88.4","1","2","1","0","19.377499999999998","0.8352357451642022","95.20000000000002","5.9281025632153135","5"
"net279","OK","18.25495700000004","1.9714097923196117","17.5155","89.7315","5.9990000000000006","3.0430000000000064","18.084000000000014","20.515","14.516","91.253","88.21","0","9.62","9.62","9.62","3.7536","1","0","0","0","1","0","0","9.042000000000007","0","0","0","0","0","2","_b03f96dd8e580000_p_Net","1","1","0","1","0","0","0","0","0","0","1","_b03f96dd8e580000_p_odb__dbNet","3.7536","0.0","0.0","3.7536","3.7536","","3.7536","9.62","1","9.62","9.62","9.62","20.93","88.4","20.93","88.4","0","0","0","1","20.93","","88.4","","2"
"net21","OK","5.071025999999997","0.16727206680579862","31.9425","118.153","0.9209999999999994","5.506","12.854","32.403","31.482","120.906","115.4","0","7.970000000000013","7.970000000000013","7.970000000000013","3.7536","1","0","0","0","1","0","0","6.427","0","0","0","0","0","2","_284096dd8e580000_p_Net","1","0","0","1","0","0","0","0","0","0","1","_284096dd8e580000_p_odb__dbNet","0.0","0.0","0.0","7.5072","7.5072","","7.5072","7.970000000000013","1","7.970000000000013","7.970000000000013","7.970000000000013","30.36","115.6","30.36","115.6","0","0","1","0","30.36","","115.6","","2"
"net22","OK","1.1837270000000113","0.12783437393104427","33.1105","122.3715","0.3890000000000029","3.0430000000000064","6.8640000000000185","33.305","32.916","123.893","120.85","0","3.1799999999999997","3.1799999999999997","3.1799999999999997","3.7536","1","0","0","0","1","0","0","3.4320000000000093","0","0","0","0","0","2","_a04096dd8e580000_p_Net","1","1","0","1","0","0","0","0","0","0","1","_a04096dd8e580000_p_odb__dbNet","3.7536","0.0","0.0","3.7536","3.7536","","3.7536","3.1799999999999997","1","3.1799999999999997","3.1799999999999997","3.1799999999999997","32.89","121.04","32.89","121.04","0","0","1","0","32.89","","121.04","","2"
"net373","OK","422.90559999999977","0.08455882352821603","44.827","77.753","5.979999999999997","70.72","153.39999999999998","47.817","41.837","113.113","42.393","0","67.62","32.291428571428575","226.04000000000002","5.0048","1","0","0","0","7","0","0","76.69999999999999","0","0","0","0","0","8","_184196dd8e580000_p_Net","1","0","0","1","0","0","0","0","0","0","7","_184196dd8e580000_p_odb__dbNet","0.0","0.0","0.0","30.0288","30.028799999999997","3.552713678800501e-15","210.20159999999998","29.960000000000008","7","28.580000000000005","67.62","67.62","51.06","112.88","45.08","42.16","3","0","0","4","47.38","2.3326257430507065","77.52","23.978352141641665","8"
"net374","OK","1077.6438400000002","0.13273550563645636","48.277","78.818","11.96","90.10400000000001","204.12800000000004","54.257","42.297","123.87","33.766","0","96.2","58.525714285714294","409.68000000000006","5.0048","1","0","0","0","7","0","0","102.06400000000002","0","0","0","0","0","8","_904196dd8e580000_p_Net","1","0","0","1","0","0","0","0","0","0","7","_904196dd8e580000_p_odb__dbNet","0.0","0.0","0.0","30.0288","30.028799999999997","3.552713678800501e-15","210.20159999999998","58.394285714285715","7","57.28000000000001","96.2","96.2","57.5","115.6","45.54","34.0","2","1","0","4","53.49142857142857","3.758949049825453","72.85714285714286","25.710394626235022","8"
"net278","OK","3.980244000000008","0.4298389745547677","22.549","78.8515","1.3079999999999998","3.0430000000000064","8.702000000000012","23.203","21.895","80.373","77.33","0","4.100000000000001","4.100000000000001","4.100000000000001","3.7536","1","0","0","0","1","0","0","4.351000000000006","0","0","0","0","0","2","_084296dd8e580000_p_Net","1","1","0","1","0","0","0","0","0","0","1","_084296dd8e580000_p_odb__dbNet","3.7536","0.0","0.0","3.7536","3.7536","","3.7536","4.100000000000001","1","4.100000000000001","4.100000000000001","4.100000000000001","22.31","77.52","22.31","77.52","0","0","1","0","22.31","","77.52","","2"
"net378","OK","408.74732700000015","0.46516884254410223","21.7905","141.1685","13.788999999999998","29.643000000000015","86.86400000000003","28.685","14.896","155.99","126.347","0","37.09","25.926249999999996","207.40999999999997","7.5072","1","0","0","0","8","0","0","43.432000000000016","0","0","0","0","0","9","_804296dd8e580000_p_Net","1","0","0","1","0","0","0","0","0","0","8","_804296dd8e580000_p_odb__dbNet","0.0","0.0","0.0","11.2608","9.5404","2.996192971088478","76.3232","25.926250000000024","8","27.510000000000005","37.09","37.09","28.75","156.4","16.33","126.48","3","2","2","1","22.62625","3.773923480610067","144.50000000000003","10.35186939639407","9"
"net380","OK","10.266857999999997","0.14284029250497252","30.4175","114.214","1.2109999999999985","8.478000000000009","19.378000000000014","31.023","29.812","118.453","109.975","0","9.079999999999998","6.475","12.95","3.7536","1","0","0","0","2","0","0","9.689000000000007","0","0","0","0","0","3","_f84296dd8e580000_p_Net","1","0","0","1","0","0","0","0","0","0","2","_f84296dd8e580000_p_odb__dbNet","0.0","0.0","0.0","16.265600000000003","11.886400000000002","4.379200000000001","23.772800000000004","6.474999999999998","2","3.870000000000001","9.079999999999998","9.079999999999998","30.59","115.6","30.36","110.16","0","1","0","1","30.475","0.11500000000000021","112.88","2.719999999999999","3"
"net384","OK","1011.9443400000002","0.1524356566865197","48.967","77.6915","12.420000000000002","81.477","187.794","55.177","42.757","118.43","36.953","0","90.34","52.40857142857142","366.85999999999996","5.0048","1","0","0","0","7","0","0","93.897","0","0","0","0","0","8","_704396dd8e580000_p_Net","1","0","0","1","0","0","0","0","0","0","7","_704396dd8e580000_p_odb__dbNet","0.0","0.0","0.0","30.0288","30.028799999999997","3.552713678800501e-15","210.20159999999998","52.40857142857143","7","51.88","90.34","90.34","58.42","112.88","46.0","36.72","3","1","0","3","54.674285714285716","3.9065470948244863","75.96571428571428","25.007824408225776","8"
"net382","OK","37.19736500000015","1.1942304244410957","65.0975","150.8965","6.665000000000006","5.581000000000017","24.492000000000047","68.43","61.765","153.687","148.106","0","9.810000000000002","7.875","15.75","3.7536","1","0","0","0","2","0","0","12.246000000000024","0","0","0","0","0","3","_e84396dd8e580000_p_Net","1","0","0","1","0","0","0","0","0","0","2","_e84396dd8e580000_p_odb__dbNet","0.0","0.0","0.0","8.758400000000002","8.132800000000001","0.6256000000000008","16.265600000000003","4.654999999999987","2","5.939999999999998","9.810000000000002","9.810000000000002","69.0","153.68","61.41","150.96","1","1","0","0","65.205","3.7950000000000017","152.32","1.3599999999999994","3"
"net383","OK","553.0304","0.11057692307535949","46.667","74.566","7.82","70.72","157.07999999999998","50.577","42.757","109.926","39.206","0","72.64","38.385714285714286","268.7","5.0048","1","0","0","0","7","0","0","78.53999999999999","0","0","0","0","0","8","_604496dd8e580000_p_Net","1","0","0","1","0","0","0","0","0","0","7","_604496dd8e580000_p_odb__dbNet","0.0","0.0","0.0","30.0288","30.028799999999997","3.552713678800501e-15","210.20159999999998","36.83142857142858","7","39.12","72.64","72.64","53.82","110.16","46.0","39.44","3","1","0","3","50.46857142857143","2.2090167726934116","75.57714285714285","23.158335564596367","8"
"net381","OK","34.873343999999754","3.474747473650672","37.072","160.426","11.008","3.167999999999978","28.351999999999954","42.576","31.568","162.01","158.842","0","10.350000000000005","6.886666666666667","20.66","3.7536","1","0","0","0","3","0","0","14.175999999999977","0","0","0","0","0","4","_d84496dd8e580000_p_Net","1","0","0","1","0","0","0","0","0","0","3","_d84496dd8e580000_p_odb__dbNet","0.0","0.0","0.0","8.758400000000002","7.090133333333334","1.5605205741105188","21.270400000000002","5.659999999999975","3","5.75","10.350000000000005","10.350000000000005","43.93","161.84","31.74","159.12","0","2","0","1","37.336666666666666","5.0262002436123545","160.93333333333337","1.2822202965516056","4"
"net387","OK","59.95544999999989","0.22428134555203147","47.573499999999996","153.865","3.6669999999999945","16.349999999999994","40.03399999999998","49.407","45.74","162.04","145.69","0","17.50999999999999","11.179999999999994","55.89999999999997","3.7536","1","0","0","0","5","0","0","20.01699999999999","0","0","0","0","0","6","_504596dd8e580000_p_Net","1","0","0","1","0","0","0","0","0","0","5","_504596dd8e580000_p_odb__dbNet","0.0","0.0","0.0","8.758400000000002","5.75552","2.032959370376103","28.7776","9.907999999999994","5","11.569999999999993","17.50999999999999","17.50999999999999","49.68","161.84","45.31","145.52","2","2","1","0","47.518","1.6106570088010663","156.4","5.705520134045622","6"
"net389","OK","413.02915500000006","0.4665098302649469","37.9605","171.3325","13.881000000000004","29.754999999999995","87.27199999999999","44.901","31.02","186.21","156.455","0","37.77999999999999","23.67999999999999","165.75999999999993","5.0048","1","0","0","0","7","0","0","43.635999999999996","0","0","0","0","0","8","_c84596dd8e580000_p_Net","1","0","0","1","0","0","0","0","0","0","7","_c84596dd8e580000_p_odb__dbNet","0.0","0.0","0.0","11.2608","6.0772571428571425","2.4507985817205102","42.5408","23.679999999999993","7","28.04999999999999","37.77999999999999","37.77999999999999","43.01","186.32","30.59","156.4","2","1","2","2","37.26","4.332660020950508","170.0","11.989176070820827","8"
"net388","OK","44.73232500000003","0.1699229583870614","39.7685","170.1225","2.756999999999998","16.225000000000023","37.96400000000004","41.147","38.39","178.235","162.01","0","15.669999999999995","10.29333333333333","30.87999999999999","3.7536","1","0","0","0","3","0","0","18.98200000000002","0","0","0","0","0","4","_404696dd8e580000_p_Net","1","0","0","1","0","0","0","0","0","0","3","_404696dd8e580000_p_odb__dbNet","0.0","0.0","0.0","10.0096","7.090133333333334","2.126631071802431","21.270400000000002","7.560000000000024","3","12.259999999999998","15.669999999999995","15.669999999999995","41.17","178.16","37.72","161.84","1","1","1","0","39.483333333333334","1.4094995171651858","171.81333333333336","7.139100472437373","4"
"net391","OK","1672.4536859999998","0.3537076625459374","33.641","143.9435","24.322","68.76299999999999","186.17","45.802","21.48","178.325","109.562","0","79.04","53.873000000000005","538.73","5.0048","1","0","0","0","10","0","0","93.085","0","0","0","0","0","11","_b84696dd8e580000_p_Net","1","0","0","1","0","0","0","0","0","0","10","_b84696dd8e580000_p_odb__dbNet","0.0","0.0","0.0","12.512","6.13088","2.4677521353653002","61.308800000000005","49.962999999999994","10","58.620000000000005","75.36","79.04","46.23","178.16","20.7","110.16","0","2","0","8","36.82299999999999","8.041090784215784","133.28","24.966281260932718","11"
"net390","OK","0.7745979999999962","0.08526874582439559","38.5115","155.053","0.2569999999999979","3.01400000000001","6.542000000000016","38.64","38.383","156.56","153.546","0","3.6400000000000006","3.6400000000000006","3.6400000000000006","3.7536","1","0","0","0","1","0","0","3.271000000000008","0","0","0","0","0","2","_304796dd8e580000_p_Net","1","0","0","1","0","0","0","0","0","0","1","_304796dd8e580000_p_odb__dbNet","0.0","0.0","0.0","11.2608","11.2608","","11.2608","3.6400000000000006","1","3.6400000000000006","3.6400000000000006","3.6400000000000006","39.79","156.4","39.79","156.4","1","0","0","0","39.79","","156.4","","2"
"net400","OK","182.17656000000005","0.37632942458065954","27.793","20.389","8.280000000000001","22.002000000000002","60.56400000000001","31.933","23.653","31.39","9.388","0","22.219999999999995","15.219999999999999","60.879999999999995","5.0048","1","0","0","0","4","0","0","30.282000000000004","0","0","0","0","0","5","_a84796dd8e580000_p_Net","1","0","0","1","0","0","0","0","0","0","4","_a84796dd8e580000_p_odb__dbNet","0.0","0.0","0.0","22.5216","22.5216","0.0","90.0864","14.070000000000007","4","12.259999999999998","22.219999999999995","22.219999999999995","33.58","23.12","25.3","9.52","2","1","0","1","31.049999999999997","3.340942980656807","18.36","5.223179108550654","5"
"net401","OK","150.31498500000004","0.5695906432397911","37.6435","115.7475","9.253","16.245000000000005","50.99600000000001","42.27","33.017","123.87","107.625","0","17.470000000000006","15.610000000000008","78.05000000000004","5.0048","1","0","0","0","5","0","0","25.498000000000005","0","0","0","0","0","6","_204896dd8e580000_p_Net","1","0","0","1","0","0","0","0","0","0","5","_204896dd8e580000_p_odb__dbNet","0.0","0.0","0.0","16.265600000000003","11.2608","3.064801566170313","56.304","15.426000000000023","5","16.820000000000007","17.470000000000006","17.470000000000006","42.78","118.32","33.35","107.44","0","1","1","3","38.318","3.553034759188264","112.33599999999998","3.997567260222145","6"
"net398","OK","57.65551999999997","0.8233747608958688","22.028","92.509","6.890000000000001","8.367999999999995","30.51599999999999","25.473","18.583","96.693","88.325","0","12.109999999999996","7.059999999999998","28.23999999999999","3.7536","1","0","0","0","4","0","0","15.257999999999996","0","0","0","0","0","5","_984896dd8e580000_p_Net","1","0","0","1","0","0","0","0","0","0","4","_984896dd8e580000_p_odb__dbNet","0.0","0.0","0.0","10.0096","6.881600000000001","2.0748804688463385","27.526400000000002","6.36999999999999","4","3.870000000000001","12.109999999999996","12.109999999999996","26.22","93.84","18.4","88.4","0","2","1","1","21.16","3.0339083704027714","91.80000000000001","2.2553048574416708","5"
"net399","OK","469.21103999999985","0.146114209074855","28.229999999999997","38.196","8.279999999999998","56.668","129.896","32.37","24.09","66.53","9.862","0","57.58","38.365714285714276","268.55999999999995","5.0048","1","0","0","0","7","0","0","64.948","0","0","0","0","0","8","_104996dd8e580000_p_Net","1","0","0","1","0","0","0","0","0","0","7","_104996dd8e580000_p_odb__dbNet","0.0","0.0","0.0","22.5216","22.521600000000003","3.552713678800501e-15","157.65120000000002","36.657142857142865","7","43.97999999999999","57.58","57.58","33.58","50.32","25.3","9.52","3","0","1","3","32.068571428571424","2.789569493521118","30.114285714285717","14.455692756185174","8"
"net274","OK","0.027302999999994283","8.403508624501642","8.775500000000001","172.88150000000002","0.479000000000001","0.05699999999998795","1.0719999999999779","9.015","8.536","172.91","172.853","0","1.379999999999999","1.379999999999999","1.379999999999999","3.7536","1","0","0","0","1","0","0","0.5359999999999889","0","0","0","0","0","2","_884996dd8e580000_p_Net","1","1","0","1","0","0","0","0","0","0","1","_884996dd8e580000_p_odb__dbNet","3.7536","0.0","0.0","3.7536","3.7536","","3.7536","1.379999999999999","1","1.379999999999999","1.379999999999999","1.379999999999999","9.43","172.72","9.43","172.72","0","0","0","1","9.43","","172.72","","2"
"net259","OK","4.8509839999999995","0.16734769684856093","18.2055","123.59800000000001","0.9009999999999998","5.384","12.57","18.656","17.755","126.29","120.906","0","5.439999999999998","5.439999999999998","5.439999999999998","3.7536","1","0","0","0","1","0","0","6.285","0","0","0","0","0","2","_004a96dd8e580000_p_Net","1","1","0","1","0","0","0","0","0","0","1","_004a96dd8e580000_p_odb__dbNet","3.7536","0.0","0.0","3.7536","3.7536","","3.7536","5.439999999999998","1","5.439999999999998","5.439999999999998","5.439999999999998","18.17","126.48","18.17","126.48","0","1","0","0","18.17","","126.48","","2"
"net409","OK","127.72147000000002","0.3664167112819274","18.8565","133.295","6.841000000000001","18.67","51.022000000000006","22.277","15.436","142.63","123.96","0","20.500000000000025","16.86000000000001","50.580000000000034","3.7536","1","0","0","0","3","0","0","25.511000000000003","0","0","0","0","0","4","_784a96dd8e580000_p_Net","1","0","0","1","0","0","0","0","0","0","3","_784a96dd8e580000_p_odb__dbNet","0.0","0.0","0.0","7.5072","6.256","1.7694640092412166","18.768","13.233333333333363","3","18.430000000000025","20.500000000000025","20.500000000000025","21.85","142.8","19.78","123.76","2","0","0","1","20.930000000000003","0.8605811989580066","136.45333333333335","8.975542075861245","4"
"net408","OK","22.26456800000002","0.7381646029245871","11.023","104.87899999999999","4.054","5.492000000000004","19.09200000000001","13.05","8.996","107.625","102.133","0","8.659999999999998","7.299999999999999","14.599999999999998","3.7536","1","0","0","0","2","0","0","9.546000000000005","0","0","0","0","0","3","_f04a96dd8e580000_p_Net","1","0","0","1","0","0","0","0","0","0","2","_f04a96dd8e580000_p_odb__dbNet","0.0","0.0","0.0","16.265600000000003","10.0096","6.256000000000001","20.0192","7.299999999999999","2","5.9399999999999995","8.659999999999998","8.659999999999998","11.73","107.44","11.73","104.72","1","0","0","1","11.73","0.0","106.08","1.3599999999999994","3"
"net412","OK","1043.7250800000004","0.4817703297780261","24.373","106.1225","22.424","46.545000000000016","137.93800000000005","35.585","13.161","129.395","82.85","0","68.08999999999999","42.51375","340.11","5.0048","1","0","0","0","8","0","0","68.96900000000002","0","0","0","0","0","9","_684b96dd8e580000_p_Net","1","0","0","1","0","0","0","0","0","0","8","_684b96dd8e580000_p_odb__dbNet","0.0","0.0","0.0","10.0096","6.7252","2.3355500594078475","53.8016","42.513749999999995","8","40.5","68.08999999999999","68.08999999999999","36.34","129.2","17.25","85.68","3","2","2","1","27.51375","6.694676873270286","110.83999999999999","18.080840688419325","9"
"net397","OK","95.012715","0.7916932906625568","19.3015","71.9325","8.673000000000002","10.954999999999998","39.256","23.638","14.965","77.41","66.455","0","17.82","13.972","69.86","5.0048","1","0","0","0","5","0","0","19.628","0","0","0","0","0","6","_e04b96dd8e580000_p_Net","1","0","0","1","0","0","0","0","0","0","5","_e04b96dd8e580000_p_odb__dbNet","0.0","0.0","0.0","16.265600000000003","10.51008","3.9248610382534572","52.5504","13.972000000000005","5","15.1","17.82","17.82","20.93","72.08","14.26","66.64","1","2","2","0","17.02","2.6464995749102247","70.448","2.1759999999999993","6"
"net411","OK","381.2580819999998","0.4355291175031086","21.419","127.8065","12.885999999999997","29.58699999999999","84.94599999999997","27.862","14.976","142.6","113.013","0","31.990000000000016","17.320000000000004","51.960000000000015","3.7536","1","0","0","0","3","0","0","42.472999999999985","0","0","0","0","0","4","_584c96dd8e580000_p_Net","1","0","0","1","0","0","0","0","0","0","3","_584c96dd8e580000_p_odb__dbNet","0.0","0.0","0.0","7.5072","6.256","1.7694640092412166","18.768","17.319999999999993","3","16.519999999999996","31.990000000000016","31.990000000000016","28.29","142.8","16.56","112.88","0","1","1","1","20.929999999999996","5.234711071300879","123.75999999999999","13.50902907934789","4"
"net414","OK","202.54535999999993","0.7615894039268101","48.495","72.203","12.420000000000002","16.307999999999993","57.45599999999999","54.705","42.285","80.357","64.049","0","30.349999999999994","20.515999999999995","102.57999999999997","23.772800000000004","0","0","1","0","5","0","0","28.727999999999994","0","0","0","0","0","6","_d04c96dd8e580000_p_Net","0","1","0","1","0","0","0","0","0","0","5","_d04c96dd8e580000_p_odb__dbNet","3.7536","0.0","0.0","30.0288","24.773760000000003","10.51008","123.86880000000001","20.51599999999999","5","18.46999999999999","30.349999999999994","30.349999999999994","58.42","80.24","46.0","72.08","3","1","0","1","52.394000000000005","4.772486144558201","76.43199999999999","2.773866615394474","6"
"net393","OK","233.539139","0.13858371293906158","47.7205","48.9515","5.689","41.051","93.48","50.565","44.876","69.477","28.426","0","45.629999999999995","43.849999999999994","175.39999999999998","3.7536","1","0","0","0","4","0","0","46.74","0","0","0","0","0","5","_484d96dd8e580000_p_Net","1","0","0","1","0","0","0","0","0","0","4","_484d96dd8e580000_p_odb__dbNet","0.0","0.0","0.0","30.0288","30.0288","0.0","120.1152","43.85","4","43.83","45.629999999999995","45.629999999999995","54.28","69.36","49.22","61.2","4","0","0","0","51.52","1.9785348114198047","65.28","3.0410524493997126","5"
"net394","OK","21.347117999999977","0.3017477112945249","42.634","87.0315","2.5379999999999967","8.411000000000001","21.897999999999996","43.903","41.365","91.237","82.826","0","9.77000000000001","6.743333333333344","20.230000000000032","3.7536","1","0","0","0","3","0","0","10.948999999999998","0","0","0","0","0","4","_c04d96dd8e580000_p_Net","1","0","0","1","0","0","0","0","0","0","3","_c04d96dd8e580000_p_odb__dbNet","0.0","0.0","0.0","30.0288","30.0288","0.0","90.0864","6.743333333333354","3","6.13000000000001","9.77000000000001","9.77000000000001","46.0","91.12","45.08","85.68","2","0","0","1","45.69333333333333","0.43369215912774994","88.40000000000002","2.220870700123414","4"
"net51","OK","2.8201680000000047","0.31065383328554413","12.224","89.7465","0.9359999999999999","3.0130000000000052","7.89800000000001","12.692","11.756","91.253","88.24","0","4.559999999999999","4.559999999999999","4.559999999999999","3.7536","1","0","0","0","1","0","0","3.949000000000005","0","0","0","0","0","2","_384e96dd8e580000_p_Net","1","0","0","1","0","0","0","0","0","0","1","_384e96dd8e580000_p_odb__dbNet","0.0","0.0","0.0","3.7536","3.7536","","3.7536","4.559999999999999","1","4.559999999999999","4.559999999999999","4.559999999999999","13.11","88.4","13.11","88.4","0","0","0","1","13.11","","88.4","","2"
"net52","OK","5.7510720000000095","0.19206871341519186","9.5215","99.429","1.0510000000000002","5.472000000000008","13.046000000000017","10.047","8.996","102.165","96.693","0","7.279999999999998","7.279999999999998","7.279999999999998","3.7536","1","0","0","0","1","0","0","6.523000000000009","0","0","0","0","0","2","_b04e96dd8e580000_p_Net","1","0","0","1","0","0","0","0","0","0","1","_b04e96dd8e580000_p_odb__dbNet","0.0","0.0","0.0","6.256","6.256","","6.256","7.279999999999998","1","7.279999999999998","7.279999999999998","7.279999999999998","10.35","102.0","10.35","102.0","1","0","0","0","10.35","","102.0","","2"
"net53","OK","2.4061010000000014","0.2939531631268944","7.1955","106.01650000000001","0.8409999999999993","2.861000000000004","7.404000000000007","7.616","6.775","107.447","104.586","0","3.179999999999999","3.179999999999999","3.179999999999999","3.7536","1","0","0","0","1","0","0","3.7020000000000035","0","0","0","0","0","2","_284f96dd8e580000_p_Net","1","0","0","1","0","0","0","0","0","0","1","_284f96dd8e580000_p_odb__dbNet","0.0","0.0","0.0","6.256","6.256","","6.256","3.179999999999999","1","3.179999999999999","3.179999999999999","3.179999999999999","7.59","107.44","7.59","107.44","1","0","0","0","7.59","","107.44","","2"
"net54","OK","0.10954799999999898","0.011830430492332922","10.818000000000001","84.2915","0.03599999999999959","3.0430000000000064","6.158000000000012","10.836","10.8","85.813","82.77","0","3.180000000000012","3.180000000000012","3.180000000000012","3.7536","1","0","0","0","1","0","0","3.079000000000006","0","0","0","0","0","2","_a04f96dd8e580000_p_Net","1","0","0","1","0","0","0","0","0","0","1","_a04f96dd8e580000_p_odb__dbNet","0.0","0.0","0.0","8.758400000000002","8.758400000000002","","8.758400000000002","3.180000000000012","1","3.180000000000012","3.180000000000012","3.180000000000012","9.89","82.96","9.89","82.96","0","0","1","0","9.89","","82.96","","2"
"net55","OK","0.061048000000007846","22.576922642748567","11.423","96.719","1.1739999999999995","0.05200000000000671","2.4520000000000124","12.01","10.836","96.745","96.693","0","2.76","2.76","2.76","3.7536","1","0","0","0","1","0","0","1.2260000000000062","0","0","0","0","0","2","_185096dd8e580000_p_Net","1","0","0","1","0","0","0","0","0","0","1","_185096dd8e580000_p_odb__dbNet","0.0","0.0","0.0","11.2608","11.2608","","11.2608","2.76","1","2.76","2.76","2.76","13.11","96.56","13.11","96.56","0","0","0","1","13.11","","96.56","","2"
"net56","OK","3.9578760000000033","0.4980489533529442","11.078","100.5555","1.404","2.8190000000000026","8.446000000000005","11.78","10.376","101.965","99.146","0","5.939999999999998","5.939999999999998","5.939999999999998","3.7536","1","0","0","0","1","0","0","4.2230000000000025","0","0","0","0","0","2","_905096dd8e580000_p_Net","1","0","0","1","0","0","0","0","0","0","1","_905096dd8e580000_p_odb__dbNet","0.0","0.0","0.0","8.758400000000002","8.758400000000002","","8.758400000000002","5.939999999999998","1","5.939999999999998","5.939999999999998","5.939999999999998","13.11","102.0","13.11","102.0","1","0","0","0","13.11","","102.0","","2"
"net57","OK","4.753877999999993","1.0246053848539456","10.1395","86.89","2.2070000000000007","2.1539999999999964","8.721999999999994","11.243","9.036","87.967","85.813","0","4.789999999999999","4.789999999999999","4.789999999999999","3.7536","1","0","0","0","1","0","0","4.360999999999997","0","0","0","0","0","2","_085196dd8e580000_p_Net","1","0","0","1","0","0","0","0","0","0","1","_085196dd8e580000_p_odb__dbNet","0.0","0.0","0.0","7.5072","7.5072","","7.5072","4.789999999999999","1","4.789999999999999","4.789999999999999","4.789999999999999","9.66","88.4","9.66","88.4","0","1","0","0","9.66","","88.4","","2"
"net58","OK","2.060086000000005","0.22379696762564336","10.0365","106.10300000000001","0.6790000000000003","3.034000000000006","7.426000000000013","10.376","9.697","107.62","104.586","0","4.559999999999999","4.559999999999999","4.559999999999999","3.7536","1","0","0","0","1","0","0","3.7130000000000063","0","0","0","0","0","2","_805196dd8e580000_p_Net","1","0","0","1","0","0","0","0","0","0","1","_805196dd8e580000_p_odb__dbNet","0.0","0.0","0.0","16.265600000000003","16.265600000000003","","16.265600000000003","4.559999999999999","1","4.559999999999999","4.559999999999999","4.559999999999999","11.73","107.44","11.73","107.44","1","0","0","0","11.73","","107.44","","2"
"net59","OK","3.9672709999999967","0.05544390589248792","9.2305","97.9355","0.4689999999999994","8.459000000000003","17.856000000000005","9.465","8.996","102.165","93.706","0","9.999999999999996","9.999999999999996","9.999999999999996","3.7536","1","0","0","0","1","0","0","8.928000000000003","0","0","0","0","0","2","_f85196dd8e580000_p_Net","1","0","0","1","0","0","0","0","0","0","1","_f85196dd8e580000_p_odb__dbNet","0.0","0.0","0.0","6.256","6.256","","6.256","9.999999999999996","1","9.999999999999996","9.999999999999996","9.999999999999996","10.35","102.0","10.35","102.0","1","0","0","0","10.35","","102.0","","2"
"net60","OK","11.464629999999998","1.3726643593866206","10.9795","106.031","3.9669999999999987","2.8900000000000006","13.713999999999999","12.963","8.996","107.476","104.586","0","5.9399999999999995","5.9399999999999995","5.9399999999999995","3.7536","1","0","0","0","1","0","0","6.856999999999999","0","0","0","0","0","2","_705296dd8e580000_p_Net","1","0","0","1","0","0","0","0","0","0","1","_705296dd8e580000_p_odb__dbNet","0.0","0.0","0.0","16.265600000000003","16.265600000000003","","16.265600000000003","5.9399999999999995","1","5.9399999999999995","5.9399999999999995","5.9399999999999995","11.73","107.44","11.73","107.44","1","0","0","0","11.73","","107.44","","2"
"net61","OK","0.012852000000000486","17.62962897667974","5.945","47.7465","0.476","0.027000000000001023","1.006000000000002","6.183","5.707","47.76","47.733","0","1.38","1.38","1.38","3.7536","1","0","0","0","1","0","0","0.503000000000001","0","0","0","0","0","2","_e85296dd8e580000_p_Net","1","0","0","1","0","0","0","0","0","0","1","_e85296dd8e580000_p_odb__dbNet","0.0","0.0","0.0","3.7536","3.7536","","3.7536","1.38","1","1.38","1.38","1.38","5.29","47.6","5.29","47.6","0","0","1","0","5.29","","47.6","","2"
"net62","OK","6.891615999999991","0.7437582126334571","12.888","100.668","2.2639999999999993","3.043999999999997","10.615999999999993","14.02","11.756","102.19","99.146","0","4.559999999999999","4.559999999999999","4.559999999999999","3.7536","1","0","0","0","1","0","0","5.307999999999996","0","0","0","0","0","2","_605396dd8e580000_p_Net","1","0","0","1","0","0","0","0","0","0","1","_605396dd8e580000_p_odb__dbNet","0.0","0.0","0.0","8.758400000000002","8.758400000000002","","8.758400000000002","4.559999999999999","1","4.559999999999999","4.559999999999999","4.559999999999999","13.11","102.0","13.11","102.0","1","0","0","0","13.11","","102.0","","2"
"net63","OK","0.06013699999999579","0.002012072434239466","7.6105","104.8665","0.010999999999999233","5.466999999999999","10.955999999999996","7.616","7.605","107.6","102.133","0","5.899999999999998","5.899999999999998","5.899999999999998","3.7536","1","0","0","0","1","0","0","5.477999999999998","0","0","0","0","0","2","_d85396dd8e580000_p_Net","1","0","0","1","0","0","0","0","0","0","1","_d85396dd8e580000_p_odb__dbNet","0.0","0.0","0.0","6.256","6.256","","6.256","5.899999999999998","1","5.899999999999998","5.899999999999998","5.899999999999998","7.59","107.44","7.59","107.44","0","1","0","0","7.59","","107.44","","2"
"net64","OK","2.349311999999997","0.3417238747743231","9.008","81.684","0.895999999999999","2.622","7.035999999999998","9.456","8.56","82.995","80.373","0","3.639999999999999","3.639999999999999","3.639999999999999","3.7536","1","0","0","0","1","0","0","3.517999999999999","0","0","0","0","0","2","_505496dd8e580000_p_Net","1","0","0","1","0","0","0","0","0","0","1","_505496dd8e580000_p_odb__dbNet","0.0","0.0","0.0","8.758400000000002","8.758400000000002","","8.758400000000002","3.639999999999999","1","3.639999999999999","3.639999999999999","3.639999999999999","9.89","82.96","9.89","82.96","1","0","0","0","9.89","","82.96","","2"
"net65","OK","9.135234000000006","0.9891411645313779","12.339","95.22550000000001","3.0060000000000002","3.0390000000000015","12.090000000000003","13.842","10.836","96.745","93.706","0","5.479999999999999","5.479999999999999","5.479999999999999","3.7536","1","0","0","0","1","0","0","6.045000000000002","0","0","0","0","0","2","_c85496dd8e580000_p_Net","1","0","0","1","0","0","0","0","0","0","1","_c85496dd8e580000_p_odb__dbNet","0.0","0.0","0.0","11.2608","11.2608","","11.2608","5.479999999999999","1","5.479999999999999","5.479999999999999","5.479999999999999","13.11","96.56","13.11","96.56","1","0","0","0","13.11","","96.56","","2"
"net66","OK","1.2122230000000032","0.1326496856987603","13.336500000000001","89.7415","0.4010000000000016","3.022999999999996","6.847999999999995","13.537","13.136","91.253","88.23","0","3.179999999999998","3.179999999999998","3.179999999999998","3.7536","1","0","0","0","1","0","0","3.4239999999999977","0","0","0","0","0","2","_405596dd8e580000_p_Net","1","0","0","1","0","0","0","0","0","0","1","_405596dd8e580000_p_odb__dbNet","0.0","0.0","0.0","3.7536","3.7536","","3.7536","3.179999999999998","1","3.179999999999998","3.179999999999998","3.179999999999998","13.11","88.4","13.11","88.4","0","0","1","0","13.11","","88.4","","2"
"net67","OK","85.45941599999999","0.7185035759473224","9.165","61.053","7.836","10.905999999999999","37.483999999999995","13.083","5.247","66.506","55.6","0","19.620000000000005","19.620000000000005","19.620000000000005","3.7536","1","0","0","0","1","0","0","18.741999999999997","0","0","0","0","0","2","_b85596dd8e580000_p_Net","1","0","0","1","0","0","0","0","0","0","1","_b85596dd8e580000_p_odb__dbNet","0.0","0.0","0.0","3.7536","3.7536","","3.7536","19.620000000000005","1","19.620000000000005","19.620000000000005","19.620000000000005","4.83","55.76","4.83","55.76","0","0","1","0","4.83","","55.76","","2"
"net68","OK","1.156253000000003","0.10175022245572495","11.0715","78.6875","0.34299999999999997","3.3710000000000093","7.428000000000019","11.243","10.9","80.373","77.002","0","4.1","4.1","4.1","3.7536","1","0","0","0","1","0","0","3.7140000000000093","0","0","0","0","0","2","_305696dd8e580000_p_Net","1","0","0","1","0","0","0","0","0","0","1","_305696dd8e580000_p_odb__dbNet","0.0","0.0","0.0","8.758400000000002","8.758400000000002","","8.758400000000002","4.1","1","4.1","4.1","4.1","10.35","77.52","10.35","77.52","0","0","1","0","10.35","","77.52","","2"
"net69","OK","4.353887999999975","0.7641390863996109","6.228","76.1265","1.8239999999999998","2.3869999999999862","8.421999999999972","7.14","5.316","77.32","74.933","0","5.709999999999999","5.709999999999999","5.709999999999999","3.7536","1","0","0","0","1","0","0","4.210999999999986","0","0","0","0","0","2","_a85696dd8e580000_p_Net","1","0","0","1","0","0","0","0","0","0","1","_a85696dd8e580000_p_odb__dbNet","0.0","0.0","0.0","5.0048","5.0048","","5.0048","5.709999999999999","1","5.709999999999999","5.709999999999999","5.709999999999999","7.82","77.52","7.82","77.52","1","0","0","0","7.82","","77.52","","2"
"net70","OK","2.792529000000003","0.10096976609603171","7.4215","74.5755","0.5310000000000006","5.259","11.580000000000002","7.687","7.156","77.205","71.946","0","6.589999999999998","6.589999999999998","6.589999999999998","3.7536","1","0","0","0","1","0","0","5.790000000000001","0","0","0","0","0","2","_205796dd8e580000_p_Net","1","0","0","1","0","0","0","0","0","0","1","_205796dd8e580000_p_odb__dbNet","0.0","0.0","0.0","5.0048","5.0048","","5.0048","6.589999999999998","1","6.589999999999998","6.589999999999998","6.589999999999998","7.82","77.52","7.82","77.52","1","0","0","0","7.82","","77.52","","2"
"net71","OK","27.385475999999997","0.9132578522802672","6.9025","58.328","5.001","5.475999999999999","20.954","9.403","4.402","61.066","55.59","0","10.500000000000005","10.500000000000005","10.500000000000005","3.7536","1","0","0","0","1","0","0","10.477","0","0","0","0","0","2","_985796dd8e580000_p_Net","1","0","0","1","0","0","0","0","0","0","1","_985796dd8e580000_p_odb__dbNet","0.0","0.0","0.0","3.7536","3.7536","","3.7536","10.500000000000005","1","10.500000000000005","10.500000000000005","10.500000000000005","4.83","55.76","4.83","55.76","0","0","1","0","4.83","","55.76","","2"
"net72","OK","0.990092999999995","0.23173681653036476","10.1555","75.9665","0.4789999999999992","2.066999999999993","5.0919999999999845","10.395","9.916","77.0","74.933","0","3.639999999999999","3.639999999999999","3.639999999999999","3.7536","1","0","0","0","1","0","0","2.5459999999999923","0","0","0","0","0","2","_105896dd8e580000_p_Net","1","0","0","1","0","0","0","0","0","0","1","_105896dd8e580000_p_odb__dbNet","0.0","0.0","0.0","8.758400000000002","8.758400000000002","","8.758400000000002","3.639999999999999","1","3.639999999999999","3.639999999999999","3.639999999999999","10.35","77.52","10.35","77.52","1","0","0","0","10.35","","77.52","","2"
"net73","OK","0.12323200000000008","0.0020773824977827365","8.527999999999999","73.344","0.016000000000000014","7.701999999999998","15.435999999999996","8.536","8.52","77.195","69.493","0","8.389999999999997","8.389999999999997","8.389999999999997","3.7536","1","0","0","0","1","0","0","7.717999999999998","0","0","0","0","0","2","_885896dd8e580000_p_Net","1","0","0","1","0","0","0","0","0","0","1","_885896dd8e580000_p_odb__dbNet","0.0","0.0","0.0","5.0048","5.0048","","5.0048","8.389999999999997","1","8.389999999999997","8.389999999999997","8.389999999999997","7.82","77.52","7.82","77.52","0","1","0","0","7.82","","77.52","","2"
"net74","OK","24.572576","0.8476968794859403","12.658","74.638","4.564","5.384","19.896","14.94","10.376","77.33","71.946","0","9.579999999999997","9.579999999999997","9.579999999999997","3.7536","1","0","0","0","1","0","0","9.948","0","0","0","0","0","2","_005996dd8e580000_p_Net","1","0","0","1","0","0","0","0","0","0","1","_005996dd8e580000_p_odb__dbNet","0.0","0.0","0.0","8.758400000000002","8.758400000000002","","8.758400000000002","9.579999999999997","1","9.579999999999997","9.579999999999997","9.579999999999997","14.03","77.52","14.03","77.52","1","0","0","0","14.03","","77.52","","2"
"net75","OK","5.117111999999999","0.17120907258620652","11.304","72.22649999999999","0.9359999999999999","5.466999999999999","12.805999999999997","11.772","10.836","74.96","69.493","0","7.279999999999998","7.279999999999998","7.279999999999998","3.7536","1","0","0","0","1","0","0","6.402999999999999","0","0","0","0","0","2","_785996dd8e580000_p_Net","1","0","0","1","0","0","0","0","0","0","1","_785996dd8e580000_p_odb__dbNet","0.0","0.0","0.0","3.7536","3.7536","","3.7536","7.279999999999998","1","7.279999999999998","7.279999999999998","7.279999999999998","12.19","74.8","12.19","74.8","1","0","0","0","12.19","","74.8","","2"
"net76","OK","21.282979000000033","2.60013981034598","9.4955","73.3765","7.439","2.861000000000004","20.60000000000001","13.215","5.776","74.807","71.946","0","11.459999999999997","11.459999999999997","11.459999999999997","3.7536","1","0","0","0","1","0","0","10.300000000000004","0","0","0","0","0","2","_f05996dd8e580000_p_Net","1","0","0","1","0","0","0","0","0","0","1","_f05996dd8e580000_p_odb__dbNet","0.0","0.0","0.0","6.256","6.256","","6.256","11.459999999999997","1","11.459999999999997","11.459999999999997","11.459999999999997","14.03","74.8","14.03","74.8","1","0","0","0","14.03","","74.8","","2"
"net77","OK","0.04686400000001566","183.06248855853335","12.7605","55.634","2.9290000000000003","0.016000000000005343","5.890000000000011","14.225","11.296","55.642","55.626","0","7.130000000000001","7.130000000000001","7.130000000000001","3.7536","1","0","0","0","1","0","0","2.9450000000000056","0","0","0","0","0","2","_685a96dd8e580000_p_Net","1","0","0","1","0","0","0","0","0","0","1","_685a96dd8e580000_p_odb__dbNet","0.0","0.0","0.0","30.0288","30.0288","","30.0288","7.130000000000001","1","7.130000000000001","7.130000000000001","7.130000000000001","17.94","55.76","17.94","55.76","1","0","0","0","17.94","","55.76","","2"
"net78","OK","2.0737580000000038","0.23493773132449067","26.994","73.4475","0.6980000000000004","2.9710000000000036","7.338000000000008","27.343","26.645","74.933","71.962","0","5.25","5.25","5.25","3.7536","1","0","0","0","1","0","0","3.669000000000004","0","0","0","0","0","2","_e05a96dd8e580000_p_Net","1","0","0","1","0","0","0","0","0","0","1","_e05a96dd8e580000_p_odb__dbNet","0.0","0.0","0.0","30.0288","30.0288","","30.0288","5.25","1","5.25","5.25","5.25","30.36","72.08","30.36","72.08","0","0","0","1","30.36","","72.08","","2"
"net79","OK","3.2391900000000056","0.04623655913426089","27.1495","130.531","0.38700000000000045","8.370000000000005","17.51400000000001","27.343","26.956","134.716","126.346","0","9.07999999999998","9.07999999999998","9.07999999999998","3.7536","1","0","0","0","1","0","0","8.757000000000005","0","0","0","0","0","2","_585b96dd8e580000_p_Net","1","0","0","1","0","0","0","0","0","0","1","_585b96dd8e580000_p_odb__dbNet","0.0","0.0","0.0","11.2608","11.2608","","11.2608","9.07999999999998","1","9.07999999999998","9.07999999999998","9.07999999999998","26.91","134.64","26.91","134.64","0","1","0","0","26.91","","134.64","","2"
"net80","OK","25.75799999999995","0.40754716976005734","30.396","133.308","3.2399999999999984","7.949999999999989","22.379999999999974","32.016","28.776","137.283","129.333","0","11.840000000000025","11.840000000000025","11.840000000000025","3.7536","1","0","0","0","1","0","0","11.189999999999987","0","0","0","0","0","2","_d05b96dd8e580000_p_Net","1","0","0","1","0","0","0","0","0","0","1","_d05b96dd8e580000_p_odb__dbNet","0.0","0.0","0.0","11.2608","11.2608","","11.2608","11.840000000000025","1","11.840000000000025","11.840000000000025","11.840000000000025","31.97","137.36","31.97","137.36","1","0","0","0","31.97","","137.36","","2"
"net81","OK","1.8542189999999952","0.30417172932192205","26.1005","59.831500000000005","0.7509999999999977","2.469000000000001","6.439999999999998","26.476","25.725","61.066","58.597","0","6.170000000000009","6.170000000000009","6.170000000000009","3.7536","1","0","0","0","1","0","0","3.219999999999999","0","0","0","0","0","2","_485c96dd8e580000_p_Net","1","0","0","1","0","0","0","0","0","0","1","_485c96dd8e580000_p_odb__dbNet","0.0","0.0","0.0","30.0288","30.0288","","30.0288","6.170000000000009","1","6.170000000000009","6.170000000000009","6.170000000000009","29.44","58.48","29.44","58.48","0","0","0","1","29.44","","58.48","","2"
"net82","OK","2.3015190000000008","0.03679352635771996","19.430500000000002","73.4315","0.29100000000000037","7.908999999999992","16.399999999999984","19.576","19.285","77.386","69.477","0","12.069999999999997","12.069999999999997","12.069999999999997","3.7536","1","0","0","0","1","0","0","8.199999999999992","0","0","0","0","0","2","_c05c96dd8e580000_p_Net","1","0","0","1","0","0","0","0","0","0","1","_c05c96dd8e580000_p_odb__dbNet","0.0","0.0","0.0","30.0288","30.0288","","30.0288","12.069999999999997","1","12.069999999999997","12.069999999999997","12.069999999999997","23.0","69.36","23.0","69.36","0","0","0","1","23.0","","69.36","","2"
"net83","OK","6.095961000000002","0.999999999594977","16.2105","38.087500000000006","2.4689999999999994","2.469000000000001","9.876000000000001","17.445","14.976","39.322","36.853","0","9.389999999999999","9.389999999999999","9.389999999999999","3.7536","1","0","0","0","1","0","0","4.938000000000001","0","0","0","0","0","2","_385d96dd8e580000_p_Net","1","0","0","1","0","0","0","0","0","0","1","_385d96dd8e580000_p_odb__dbNet","0.0","0.0","0.0","30.0288","30.0288","","30.0288","9.389999999999999","1","9.389999999999999","9.389999999999999","9.389999999999999","21.16","39.44","21.16","39.44","1","0","0","0","21.16","","39.44","","2"
"net84","OK","4.960220999999989","0.8136897526068511","30.2405","38.0715","2.0090000000000003","2.468999999999994","8.955999999999989","31.245","29.236","39.306","36.837","0","8.93","8.93","8.93","3.7536","1","0","0","0","1","0","0","4.477999999999994","0","0","0","0","0","2","_b05d96dd8e580000_p_Net","1","0","0","1","0","0","0","0","0","0","1","_b05d96dd8e580000_p_odb__dbNet","0.0","0.0","0.0","30.0288","30.0288","","30.0288","8.93","1","8.93","8.93","8.93","34.96","36.72","34.96","36.72","0","0","0","1","34.96","","36.72","","2"
"net85","OK","2.5838399999999933","0.08916960800870007","28.555999999999997","150.8545","0.4800000000000004","5.382999999999981","11.725999999999964","28.796","28.316","153.546","148.163","0","6.359999999999999","6.359999999999999","6.359999999999999","3.7536","1","0","0","0","1","0","0","5.862999999999982","0","0","0","0","0","2","_285e96dd8e580000_p_Net","1","0","0","1","0","0","0","0","0","0","1","_285e96dd8e580000_p_odb__dbNet","0.0","0.0","0.0","11.2608","11.2608","","11.2608","6.359999999999999","1","6.359999999999999","6.359999999999999","6.359999999999999","28.75","148.24","28.75","148.24","0","0","0","1","28.75","","148.24","","2"
"net86","OK","0.13223999999997205","40.70175367190767","31.776","145.6245","2.3200000000000003","0.05699999999998795","4.7539999999999765","32.936","30.616","145.653","145.596","0","2.7600000000000016","2.7600000000000016","2.7600000000000016","3.7536","1","0","0","0","1","0","0","2.3769999999999882","0","0","0","0","0","2","_a05e96dd8e580000_p_Net","1","0","0","1","0","0","0","0","0","0","1","_a05e96dd8e580000_p_odb__dbNet","0.0","0.0","0.0","11.2608","11.2608","","11.2608","2.7600000000000016","1","2.7600000000000016","2.7600000000000016","2.7600000000000016","32.89","145.52","32.89","145.52","0","0","0","1","32.89","","145.52","","2"
"net87","OK","0.03214399999999647","125.56249215235809","23.8005","33.873999999999995","2.0090000000000003","0.015999999999998238","4.049999999999997","24.805","22.796","33.882","33.866","0","6.210000000000001","6.210000000000001","6.210000000000001","3.7536","1","0","0","0","1","0","0","2.0249999999999986","0","0","0","0","0","2","_185f96dd8e580000_p_Net","1","0","0","1","0","0","0","0","0","0","1","_185f96dd8e580000_p_odb__dbNet","0.0","0.0","0.0","30.0288","30.0288","","30.0288","6.210000000000001","1","6.210000000000001","6.210000000000001","6.210000000000001","28.52","34.0","28.52","34.0","1","0","0","0","28.52","","34.0","","2"
"net88","OK","0.6595620000000013","0.07472231569346284","5.834","29.911499999999997","0.22200000000000042","2.971","6.386000000000001","5.945","5.723","31.397","28.426","0","6.170000000000003","6.170000000000003","6.170000000000003","3.7536","1","0","0","0","1","0","0","3.1930000000000005","0","0","0","0","0","2","_905f96dd8e580000_p_Net","1","0","0","1","0","0","0","0","0","0","1","_905f96dd8e580000_p_odb__dbNet","0.0","0.0","0.0","30.0288","30.0288","","30.0288","6.170000000000003","1","6.170000000000003","6.170000000000003","6.170000000000003","9.66","31.28","9.66","31.28","1","0","0","0","9.66","","31.28","","2"
"net89","OK","0.06894399999999243","269.3124831679995","13.4505","22.994","4.309000000000001","0.015999999999998238","8.649999999999999","15.605","11.296","23.002","22.986","0","8.51","8.51","8.51","3.7536","1","0","0","0","1","0","0","4.324999999999999","0","0","0","0","0","2","_086096dd8e580000_p_Net","1","0","0","1","0","0","0","0","0","0","1","_086096dd8e580000_p_odb__dbNet","0.0","0.0","0.0","30.0288","30.0288","","30.0288","8.51","1","8.51","8.51","8.51","19.32","23.12","19.32","23.12","1","0","0","0","19.32","","23.12","","2"
"net90","OK","45.82737599999999","1.5577064893883281","24.2605","14.834","8.448999999999998","5.4239999999999995","27.745999999999995","28.485","20.036","17.546","12.122","0","18.090000000000003","18.090000000000003","18.090000000000003","3.7536","1","0","0","0","1","0","0","13.872999999999998","0","0","0","0","0","2","_806096dd8e580000_p_Net","1","0","0","1","0","0","0","0","0","0","1","_806096dd8e580000_p_odb__dbNet","0.0","0.0","0.0","30.0288","30.0288","","30.0288","18.090000000000003","1","18.090000000000003","18.090000000000003","18.090000000000003","32.2","12.24","32.2","12.24","0","0","0","1","32.2","","12.24","","2"
"net91","OK","12.188800000000029","1.4197952213584284","17.976","133.251","4.16","2.930000000000007","14.180000000000014","20.056","15.896","134.716","131.786","0","7.32","7.32","7.32","3.7536","1","0","0","0","1","0","0","7.090000000000007","0","0","0","0","0","2","_f86096dd8e580000_p_Net","1","0","0","1","0","0","0","0","0","0","1","_f86096dd8e580000_p_odb__dbNet","0.0","0.0","0.0","11.2608","11.2608","","11.2608","7.32","1","7.32","7.32","7.32","20.01","134.64","20.01","134.64","1","0","0","0","20.01","","134.64","","2"
"net92","OK","0.1322399999999721","40.70175367190768","8.316","131.8145","2.320000000000001","0.05699999999998795","4.753999999999978","9.476","7.156","131.843","131.786","0","2.76","2.76","2.76","3.7536","1","0","0","0","1","0","0","2.376999999999989","0","0","0","0","0","2","_706196dd8e580000_p_Net","1","0","0","1","0","0","0","0","0","0","1","_706196dd8e580000_p_odb__dbNet","0.0","0.0","0.0","11.2608","11.2608","","11.2608","2.76","1","2.76","2.76","2.76","9.43","131.92","9.43","131.92","1","0","0","0","9.43","","131.92","","2"
"net93","OK","18.381936000000003","0.6248156341030947","16.2105","12.365","3.389000000000001","5.4239999999999995","17.626","17.905","14.516","15.077","9.653","0","13.030000000000003","13.030000000000003","13.030000000000003","3.7536","1","0","0","0","1","0","0","8.813","0","0","0","0","0","2","_e86196dd8e580000_p_Net","1","0","0","1","0","0","0","0","0","0","1","_e86196dd8e580000_p_odb__dbNet","0.0","0.0","0.0","30.0288","30.0288","","30.0288","13.030000000000003","1","13.030000000000003","13.030000000000003","13.030000000000003","21.62","14.96","21.62","14.96","1","0","0","0","21.62","","14.96","","2"
"net94","OK","75.51395799999999","1.0674117226171191","10.434000000000001","10.871500000000001","8.978","8.411","34.778","14.923","5.945","15.077","6.666","0","13.91","13.91","13.91","3.7536","1","0","0","0","1","0","0","17.389","0","0","0","0","0","2","_606296dd8e580000_p_Net","1","0","0","1","0","0","0","0","0","0","1","_606296dd8e580000_p_odb__dbNet","0.0","0.0","0.0","30.0288","30.0288","","30.0288","13.91","1","13.91","13.91","13.91","9.66","14.96","9.66","14.96","0","1","0","0","9.66","","14.96","","2"
"net95","OK","0.10574399999998836","413.0624741836409","8.6205","44.754000000000005","6.609000000000001","0.015999999999998238","13.249999999999998","11.925","5.316","44.762","44.746","0","10.81","10.81","10.81","3.7536","1","0","0","0","1","0","0","6.624999999999999","0","0","0","0","0","2","_d86296dd8e580000_p_Net","1","0","0","1","0","0","0","0","0","0","1","_d86296dd8e580000_p_odb__dbNet","0.0","0.0","0.0","30.0288","30.0288","","30.0288","10.81","1","10.81","10.81","10.81","15.64","44.88","15.64","44.88","1","0","0","0","15.64","","44.88","","2"
"net96","OK","0.07630399999999157","298.06248137112766","15.9805","47.724999999999994","4.768999999999998","0.015999999999998238","9.569999999999993","18.365","13.596","47.733","47.717","0","8.969999999999999","8.969999999999999","8.969999999999999","3.7536","1","0","0","0","1","0","0","4.784999999999997","0","0","0","0","0","2","_506396dd8e580000_p_Net","1","0","0","1","0","0","0","0","0","0","1","_506396dd8e580000_p_odb__dbNet","0.0","0.0","0.0","30.0288","30.0288","","30.0288","8.969999999999999","1","8.969999999999999","8.969999999999999","8.969999999999999","22.08","47.6","22.08","47.6","0","0","0","1","22.08","","47.6","","2"
"net97","OK","21.000144000000013","0.705461876703544","23.8005","55.885","3.849","5.456000000000003","18.610000000000007","25.725","21.876","58.613","53.157","0","13.489999999999998","13.489999999999998","13.489999999999998","3.7536","1","0","0","0","1","0","0","9.305000000000003","0","0","0","0","0","2","_c86396dd8e580000_p_Net","1","0","0","1","0","0","0","0","0","0","1","_c86396dd8e580000_p_odb__dbNet","0.0","0.0","0.0","30.0288","30.0288","","30.0288","13.489999999999998","1","13.489999999999998","13.489999999999998","13.489999999999998","29.44","53.04","29.44","53.04","0","0","0","1","29.44","","53.04","","2"
"net98","OK","0.05422399999999402","211.81248676174286","27.250500000000002","44.754000000000005","3.3889999999999993","0.015999999999998238","6.809999999999995","28.945","25.556","44.762","44.746","0","7.589999999999996","7.589999999999996","7.589999999999996","3.7536","1","0","0","0","1","0","0","3.4049999999999976","0","0","0","0","0","2","_406496dd8e580000_p_Net","1","0","0","1","0","0","0","0","0","0","1","_406496dd8e580000_p_odb__dbNet","0.0","0.0","0.0","30.0288","30.0288","","30.0288","7.589999999999996","1","7.589999999999996","7.589999999999996","7.589999999999996","32.66","44.88","32.66","44.88","1","0","0","0","32.66","","44.88","","2"
"net99","OK","0.132240000000038","40.701753671887374","9.236","148.1345","2.3200000000000003","0.05700000000001637","4.754000000000033","10.396","8.076","148.163","148.106","0","2.76","2.76","2.76","3.7536","1","0","0","0","1","0","0","2.3770000000000167","0","0","0","0","0","2","_b86496dd8e580000_p_Net","1","0","0","1","0","0","0","0","0","0","1","_b86496dd8e580000_p_odb__dbNet","0.0","0.0","0.0","11.2608","11.2608","","11.2608","2.76","1","2.76","2.76","2.76","10.35","148.24","10.35","148.24","1","0","0","0","10.35","","148.24","","2"
"net100","OK","1.1044000000000118","0.17529880471103548","20.735999999999997","146.90800000000002","0.4400000000000013","2.5100000000000193","5.900000000000041","20.956","20.516","148.163","145.653","0","2.719999999999999","2.719999999999999","2.719999999999999","3.7536","1","0","0","0","1","0","0","2.9500000000000206","0","0","0","0","0","2","_306596dd8e580000_p_Net","1","0","0","1","0","0","0","0","0","0","1","_306596dd8e580000_p_odb__dbNet","0.0","0.0","0.0","11.2608","11.2608","","11.2608","2.719999999999999","1","2.719999999999999","2.719999999999999","2.719999999999999","20.47","148.24","20.47","148.24","0","1","0","0","20.47","","148.24","","2"
"net101","OK","3.431824000000002","0.11528592373253566","5.6305","23.244999999999997","0.6290000000000004","5.4559999999999995","12.17","5.945","5.316","25.973","20.517","0","10.270000000000001","10.270000000000001","10.270000000000001","3.7536","1","0","0","0","1","0","0","6.085","0","0","0","0","0","2","_a86596dd8e580000_p_Net","1","0","0","1","0","0","0","0","0","0","1","_a86596dd8e580000_p_odb__dbNet","0.0","0.0","0.0","30.0288","30.0288","","30.0288","10.270000000000001","1","10.270000000000001","10.270000000000001","10.270000000000001","9.66","20.4","9.66","20.4","0","0","0","1","9.66","","20.4","","2"
"net102","OK","0.054223999999994076","211.8124867617431","27.7105","25.965","3.389000000000003","0.015999999999998238","6.810000000000002","29.405","26.016","25.973","25.957","0","7.589999999999996","7.589999999999996","7.589999999999996","3.7536","1","0","0","0","1","0","0","3.405000000000001","0","0","0","0","0","2","_206696dd8e580000_p_Net","1","0","0","1","0","0","0","0","0","0","1","_206696dd8e580000_p_odb__dbNet","0.0","0.0","0.0","30.0288","30.0288","","30.0288","7.589999999999996","1","7.589999999999996","7.589999999999996","7.589999999999996","33.12","25.84","33.12","25.84","0","0","0","1","33.12","","25.84","","2"
"net103","OK","2.3594000000000035","0.37450199188266753","8.085999999999999","125.09100000000001","0.9399999999999995","2.510000000000005","6.900000000000009","8.556","7.616","126.346","123.836","0","4.099999999999999","4.099999999999999","4.099999999999999","3.7536","1","0","0","0","1","0","0","3.4500000000000046","0","0","0","0","0","2","_986696dd8e580000_p_Net","1","0","0","1","0","0","0","0","0","0","1","_986696dd8e580000_p_odb__dbNet","0.0","0.0","0.0","11.2608","11.2608","","11.2608","4.099999999999999","1","4.099999999999999","4.099999999999999","4.099999999999999","8.51","123.76","8.51","123.76","0","0","0","1","8.51","","123.76","","2"
"net104","OK","0.13224000000000502","40.70175367189752","19.816","126.37450000000001","2.3200000000000003","0.05700000000000216","4.754000000000005","20.976","18.656","126.403","126.346","0","2.759999999999998","2.759999999999998","2.759999999999998","3.7536","1","0","0","0","1","0","0","2.3770000000000024","0","0","0","0","0","2","_106796dd8e580000_p_Net","1","0","0","1","0","0","0","0","0","0","1","_106796dd8e580000_p_odb__dbNet","0.0","0.0","0.0","11.2608","11.2608","","11.2608","2.759999999999998","1","2.759999999999998","2.759999999999998","2.759999999999998","20.93","126.48","20.93","126.48","1","0","0","0","20.93","","126.48","","2"
"net105","OK","0.03214399999999641","125.56249215235788","19.200499999999998","36.845","2.008999999999997","0.015999999999998238","4.04999999999999","20.205","18.196","36.853","36.837","0","6.210000000000001","6.210000000000001","6.210000000000001","3.7536","1","0","0","0","1","0","0","2.024999999999995","0","0","0","0","0","2","_886796dd8e580000_p_Net","1","0","0","1","0","0","0","0","0","0","1","_886796dd8e580000_p_odb__dbNet","0.0","0.0","0.0","30.0288","30.0288","","30.0288","6.210000000000001","1","6.210000000000001","6.210000000000001","6.210000000000001","23.92","36.72","23.92","36.72","0","0","0","1","23.92","","36.72","","2"
"net106","OK","10.638920999999993","1.7452409875474946","13.4505","27.191499999999998","4.309000000000001","2.4689999999999976","13.555999999999997","15.605","11.296","28.426","25.957","0","11.229999999999999","11.229999999999999","11.229999999999999","3.7536","1","0","0","0","1","0","0","6.777999999999999","0","0","0","0","0","2","_006896dd8e580000_p_Net","1","0","0","1","0","0","0","0","0","0","1","_006896dd8e580000_p_odb__dbNet","0.0","0.0","0.0","30.0288","30.0288","","30.0288","11.229999999999999","1","11.229999999999999","11.229999999999999","11.229999999999999","19.32","25.84","19.32","25.84","0","0","0","1","19.32","","25.84","","2"
"net107","OK","4.960221000000003","0.8136897526068487","16.9005","32.6315","2.0090000000000003","2.469000000000001","8.956000000000003","17.905","15.896","33.866","31.397","0","8.93","8.93","8.93","3.7536","1","0","0","0","1","0","0","4.4780000000000015","0","0","0","0","0","2","_786896dd8e580000_p_Net","1","0","0","1","0","0","0","0","0","0","1","_786896dd8e580000_p_odb__dbNet","0.0","0.0","0.0","30.0288","30.0288","","30.0288","8.93","1","8.93","8.93","8.93","21.62","31.28","21.62","31.28","0","0","0","1","21.62","","31.28","","2"
"net108","OK","20.86058099999999","3.4220332104406506","25.6405","16.3115","8.448999999999998","2.4689999999999994","21.835999999999995","29.865","21.416","17.546","15.077","0","15.369999999999997","15.369999999999997","15.369999999999997","3.7536","1","0","0","0","1","0","0","10.917999999999997","0","0","0","0","0","2","_f06896dd8e580000_p_Net","1","0","0","1","0","0","0","0","0","0","1","_f06896dd8e580000_p_odb__dbNet","0.0","0.0","0.0","30.0288","30.0288","","30.0288","15.369999999999997","1","15.369999999999997","15.369999999999997","15.369999999999997","33.58","14.96","33.58","14.96","0","0","0","1","33.58","","14.96","","2"
"net109","OK","0.10993999999999794","0.0036383481892598097","9.006","161.7345","0.019999999999999574","5.497000000000014","11.034000000000027","9.016","8.996","164.483","158.986","0","5.899999999999999","5.899999999999999","5.899999999999999","3.7536","1","0","0","0","1","0","0","5.517000000000014","0","0","0","0","0","2","_686996dd8e580000_p_Net","1","0","0","1","0","0","0","0","0","0","1","_686996dd8e580000_p_odb__dbNet","0.0","0.0","0.0","11.2608","11.2608","","11.2608","5.899999999999999","1","5.899999999999999","5.899999999999999","5.899999999999999","8.97","164.56","8.97","164.56","0","1","0","0","8.97","","164.56","","2"
"net110","OK","0.16785599999988401","248.30768275756836","20.964","153.53300000000002","6.4559999999999995","0.025999999999982037","12.963999999999963","24.192","17.736","153.546","153.52","0","7.359999999999999","7.359999999999999","7.359999999999999","3.7536","1","0","0","0","1","0","0","6.4819999999999816","0","0","0","0","0","2","_e06996dd8e580000_p_Net","1","0","0","1","0","0","0","0","0","0","1","_e06996dd8e580000_p_odb__dbNet","0.0","0.0","0.0","3.7536","3.7536","","3.7536","7.359999999999999","1","7.359999999999999","7.359999999999999","7.359999999999999","24.61","153.68","24.61","153.68","1","0","0","0","24.61","","153.68","","2"
"net111","OK","2.916667999999992","0.11178543459048787","16.6415","110.459","0.570999999999998","5.108000000000004","11.358000000000004","16.927","16.356","113.013","107.905","0","7.049999999999999","7.049999999999999","7.049999999999999","3.7536","1","0","0","0","1","0","0","5.679000000000002","0","0","0","0","0","2","_586a96dd8e580000_p_Net","1","0","0","1","0","0","0","0","0","0","1","_586a96dd8e580000_p_odb__dbNet","0.0","0.0","0.0","7.5072","7.5072","","7.5072","7.049999999999999","1","7.049999999999999","7.049999999999999","7.049999999999999","17.48","107.44","17.48","107.44","0","0","0","1","17.48","","107.44","","2"
"net112","OK","8.702059000000006","0.9858633453430288","21.9605","19.0475","2.929000000000002","2.971","11.800000000000004","23.425","20.496","20.533","17.562","0","9.849999999999998","9.849999999999998","9.849999999999998","3.7536","1","0","0","0","1","0","0","5.900000000000002","0","0","0","0","0","2","_d06a96dd8e580000_p_Net","1","0","0","1","0","0","0","0","0","0","1","_d06a96dd8e580000_p_odb__dbNet","0.0","0.0","0.0","30.0288","30.0288","","30.0288","9.849999999999998","1","9.849999999999998","9.849999999999998","9.849999999999998","27.14","17.68","27.14","17.68","0","0","0","1","27.14","","17.68","","2"
"net113","OK","11.865744000000005","0.09994493391153225","5.4005","12.114","1.0890000000000004","10.896","23.970000000000002","5.945","4.856","17.562","6.666","0","16.169999999999998","16.169999999999998","16.169999999999998","3.7536","1","0","0","0","1","0","0","11.985000000000001","0","0","0","0","0","2","_486b96dd8e580000_p_Net","1","0","0","1","0","0","0","0","0","0","1","_486b96dd8e580000_p_odb__dbNet","0.0","0.0","0.0","30.0288","30.0288","","30.0288","16.169999999999998","1","16.169999999999998","16.169999999999998","16.169999999999998","9.66","17.68","9.66","17.68","1","0","0","0","9.66","","17.68","","2"
"net114","OK","8.132399999999969","1.290836652872181","6.936","163.171","3.2399999999999993","2.509999999999991","11.49999999999998","8.556","5.316","164.426","161.916","0","6.399999999999999","6.399999999999999","6.399999999999999","3.7536","1","0","0","0","1","0","0","5.74999999999999","0","0","0","0","0","2","_c06b96dd8e580000_p_Net","1","0","0","1","0","0","0","0","0","0","1","_c06b96dd8e580000_p_odb__dbNet","0.0","0.0","0.0","11.2608","11.2608","","11.2608","6.399999999999999","1","6.399999999999999","6.399999999999999","6.399999999999999","8.51","161.84","8.51","161.84","0","0","0","1","8.51","","161.84","","2"
"net115","OK","3.0615519999999967","0.09279247909248033","15.1695","164.84500000000003","0.5329999999999995","5.744","12.553999999999998","15.436","14.903","167.717","161.973","0","5.669999999999996","5.669999999999996","5.669999999999996","3.7536","1","0","0","0","1","0","0","6.276999999999999","0","0","0","0","0","2","_386c96dd8e580000_p_Net","1","0","0","1","0","0","0","0","0","0","1","_386c96dd8e580000_p_odb__dbNet","0.0","0.0","0.0","5.0048","5.0048","","5.0048","5.669999999999996","1","5.669999999999996","5.669999999999996","5.669999999999996","14.72","167.28","14.72","167.28","0","1","0","0","14.72","","167.28","","2"
"net116","OK","0.13223999999997216","40.7017536719077","15.216000000000001","156.5045","2.320000000000002","0.05699999999998795","4.75399999999998","16.376","14.056","156.533","156.476","0","2.759999999999998","2.759999999999998","2.759999999999998","3.7536","1","0","0","0","1","0","0","2.37699999999999","0","0","0","0","0","2","_105c22df8e580000_p_Net","1","0","0","1","0","0","0","0","0","0","1","_105c22df8e580000_p_odb__dbNet","0.0","0.0","0.0","11.2608","11.2608","","11.2608","2.759999999999998","1","2.759999999999998","2.759999999999998","2.759999999999998","16.33","156.4","16.33","156.4","0","0","0","1","16.33","","156.4","","2"
"net117","OK","1.8687590000000018","0.211713227798145","12.5305","51.671499999999995","0.6290000000000013","2.9709999999999965","7.199999999999996","12.845","12.216","53.157","50.186","0","7.549999999999997","7.549999999999997","7.549999999999997","3.7536","1","0","0","0","1","0","0","3.599999999999998","0","0","0","0","0","2","_885c22df8e580000_p_Net","1","0","0","1","0","0","0","0","0","0","1","_885c22df8e580000_p_odb__dbNet","0.0","0.0","0.0","30.0288","30.0288","","30.0288","7.549999999999997","1","7.549999999999997","7.549999999999997","7.549999999999997","16.56","53.04","16.56","53.04","1","0","0","0","16.56","","53.04","","2"
"net118","OK","5.290518999999982","0.07478302222389901","18.0505","54.4075","0.6289999999999978","8.411000000000001","18.08","18.365","17.736","58.613","50.202","0","12.989999999999995","12.989999999999995","12.989999999999995","3.7536","1","0","0","0","1","0","0","9.04","0","0","0","0","0","2","_005d22df8e580000_p_Net","1","0","0","1","0","0","0","0","0","0","1","_005d22df8e580000_p_odb__dbNet","0.0","0.0","0.0","30.0288","30.0288","","30.0288","12.989999999999995","1","12.989999999999995","12.989999999999995","12.989999999999995","22.08","50.32","22.08","50.32","0","0","0","1","22.08","","50.32","","2"
"net119","OK","7.335398999999995","0.8310333218340528","24.4905","57.1275","2.469000000000001","2.9709999999999965","10.879999999999995","25.725","23.256","58.613","55.642","0","9.39","9.39","9.39","3.7536","1","0","0","0","1","0","0","5.439999999999998","0","0","0","0","0","2","_785d22df8e580000_p_Net","1","0","0","1","0","0","0","0","0","0","1","_785d22df8e580000_p_odb__dbNet","0.0","0.0","0.0","30.0288","30.0288","","30.0288","9.39","1","9.39","9.39","9.39","29.44","55.76","29.44","55.76","0","0","0","1","29.44","","55.76","","2"
"net120","OK","0.05422399999999402","211.81248676174286","26.7905","61.074","3.3889999999999993","0.015999999999998238","6.809999999999995","28.485","25.096","61.082","61.066","0","7.590000000000003","7.590000000000003","7.590000000000003","3.7536","1","0","0","0","1","0","0","3.4049999999999976","0","0","0","0","0","2","_f05d22df8e580000_p_Net","1","0","0","1","0","0","0","0","0","0","1","_f05d22df8e580000_p_odb__dbNet","0.0","0.0","0.0","30.0288","30.0288","","30.0288","7.590000000000003","1","7.590000000000003","7.590000000000003","7.590000000000003","32.2","61.2","32.2","61.2","1","0","0","0","32.2","","61.2","","2"
"net121","OK","1.6904019999999957","0.06403269753522106","10.0805","170.284","0.32899999999999885","5.138000000000005","10.934000000000008","10.245","9.916","172.853","167.715","0","6.129999999999997","6.129999999999997","6.129999999999997","3.7536","1","0","0","0","1","0","0","5.467000000000004","0","0","0","0","0","2","_685e22df8e580000_p_Net","1","0","0","1","0","0","0","0","0","0","1","_685e22df8e580000_p_odb__dbNet","0.0","0.0","0.0","25.024","25.024","","25.024","6.129999999999997","1","6.129999999999997","6.129999999999997","6.129999999999997","8.74","167.28","8.74","167.28","0","0","1","0","8.74","","167.28","","2"
"net122","OK","1.9437990000000045","0.1796898752874159","21.1205","89.91050000000001","0.5910000000000011","3.2890000000000015","7.760000000000005","21.416","20.825","91.555","88.266","0","4.099999999999998","4.099999999999998","4.099999999999998","3.7536","1","0","0","0","1","0","0","3.8800000000000026","0","0","0","0","0","2","_e05e22df8e580000_p_Net","1","0","0","1","0","0","0","0","0","0","1","_e05e22df8e580000_p_odb__dbNet","0.0","0.0","0.0","26.2752","26.2752","","26.2752","4.099999999999998","1","4.099999999999998","4.099999999999998","4.099999999999998","19.55","91.12","19.55","91.12","0","1","0","0","19.55","","91.12","","2"
"net123","OK","6.8871809999999964","0.0903883606266023","9.8505","54.5505","0.7889999999999997","8.729","19.035999999999998","10.245","9.456","58.915","50.186","0","8.619999999999996","8.619999999999996","8.619999999999996","3.7536","1","0","0","0","1","0","0","9.517999999999999","0","0","0","0","0","2","_585f22df8e580000_p_Net","1","0","0","1","0","0","0","0","0","0","1","_585f22df8e580000_p_odb__dbNet","0.0","0.0","0.0","28.777600000000003","28.777600000000003","","28.777600000000003","8.619999999999996","1","8.619999999999996","8.619999999999996","8.619999999999996","9.43","58.48","9.43","58.48","0","1","0","0","9.43","","58.48","","2"
"net124","OK","0.25654199999999705","0.02371541501255223","23.164","127.9905","0.0779999999999994","3.2889999999999873","6.733999999999973","23.203","23.125","129.635","126.346","0","4.789999999999985","4.789999999999985","4.789999999999985","3.7536","1","0","0","0","1","0","0","3.3669999999999867","0","0","0","0","0","2","_d05f22df8e580000_p_Net","1","0","0","1","0","0","0","0","0","0","1","_d05f22df8e580000_p_odb__dbNet","0.0","0.0","0.0","25.024","25.024","","25.024","4.789999999999985","1","4.789999999999985","4.789999999999985","4.789999999999985","21.62","129.2","21.62","129.2","0","1","0","0","21.62","","129.2","","2"
"net125","OK","1.7694820000000016","0.16357555483016858","10.514","122.2485","0.5380000000000003","3.2890000000000015","7.6540000000000035","10.783","10.245","123.893","120.604","0","5.249999999999998","5.249999999999998","5.249999999999998","3.7536","1","0","0","0","1","0","0","3.8270000000000017","0","0","0","0","0","2","_486022df8e580000_p_Net","1","0","0","1","0","0","0","0","0","0","1","_486022df8e580000_p_odb__dbNet","0.0","0.0","0.0","25.024","25.024","","25.024","5.249999999999998","1","5.249999999999998","5.249999999999998","5.249999999999998","8.74","121.04","8.74","121.04","0","0","1","0","8.74","","121.04","","2"
"net126","OK","1.7694820000000016","0.16357555483016858","6.965","40.9505","0.5380000000000003","3.2890000000000015","7.6540000000000035","7.234","6.696","42.595","39.306","0","5.249999999999999","5.249999999999999","5.249999999999999","3.7536","1","0","0","0","1","0","0","3.8270000000000017","0","0","0","0","0","2","_c06022df8e580000_p_Net","1","0","0","1","0","0","0","0","0","0","1","_c06022df8e580000_p_odb__dbNet","0.0","0.0","0.0","25.024","25.024","","25.024","5.249999999999999","1","5.249999999999999","5.249999999999999","5.249999999999999","8.74","42.16","8.74","42.16","1","0","0","0","8.74","","42.16","","2"
"net127","OK","4.66551900000002","1.008368200368024","10.0805","136.1505","2.1689999999999987","2.1510000000000105","8.640000000000018","11.165","8.996","137.226","135.075","0","3.8700000000000276","3.8700000000000276","3.8700000000000276","3.7536","1","0","0","0","1","0","0","4.320000000000009","0","0","0","0","0","2","_386122df8e580000_p_Net","1","0","0","1","0","0","0","0","0","0","1","_386122df8e580000_p_odb__dbNet","0.0","0.0","0.0","25.024","25.024","","25.024","3.8700000000000276","1","3.8700000000000276","3.8700000000000276","3.8700000000000276","9.66","134.64","9.66","134.64","0","0","1","0","9.66","","134.64","","2"
"net128","OK","2.686599","0.5806601577960689","23.4205","76.31049999999999","1.2490000000000023","2.1509999999999962","6.799999999999997","24.045","22.796","77.386","75.235","0","2.9499999999999993","2.9499999999999993","2.9499999999999993","3.7536","1","0","0","0","1","0","0","3.3999999999999986","0","0","0","0","0","2","_b06122df8e580000_p_Net","1","0","0","1","0","0","0","0","0","0","1","_b06122df8e580000_p_odb__dbNet","0.0","0.0","0.0","25.024","25.024","","25.024","2.9499999999999993","1","2.9499999999999993","2.9499999999999993","2.9499999999999993","22.54","74.8","22.54","74.8","0","0","1","0","22.54","","74.8","","2"
"net129","OK","0.2565420000000087","0.023715415012553313","22.244","133.1285","0.07800000000000296","3.2889999999999873","6.7339999999999804","22.283","22.205","134.773","131.484","0","4.789999999999999","4.789999999999999","4.789999999999999","3.7536","1","0","0","0","1","0","0","3.3669999999999902","0","0","0","0","0","2","_286222df8e580000_p_Net","1","0","0","1","0","0","0","0","0","0","1","_286222df8e580000_p_odb__dbNet","0.0","0.0","0.0","25.024","25.024","","25.024","4.789999999999999","1","4.789999999999999","4.789999999999999","4.789999999999999","20.7","131.92","20.7","131.92","0","0","1","0","20.7","","131.92","","2"
"net130","OK","1.943798999999981","0.17968987528741376","32.6205","79.03049999999999","0.590999999999994","3.2890000000000015","7.759999999999991","32.916","32.325","80.675","77.386","0","4.099999999999998","4.099999999999998","4.099999999999998","3.7536","1","0","0","0","1","0","0","3.8799999999999955","0","0","0","0","0","2","_a06222df8e580000_p_Net","1","0","0","1","0","0","0","0","0","0","1","_a06222df8e580000_p_odb__dbNet","0.0","0.0","0.0","26.2752","26.2752","","26.2752","4.099999999999998","1","4.099999999999998","4.099999999999998","4.099999999999998","31.05","80.24","31.05","80.24","0","1","0","0","31.05","","80.24","","2"
"net131","OK","1.943798999999981","0.17968987528741376","32.6205","95.35050000000001","0.590999999999994","3.2890000000000015","7.759999999999991","32.916","32.325","96.995","93.706","0","3.639999999999997","3.639999999999997","3.639999999999997","3.7536","1","0","0","0","1","0","0","3.8799999999999955","0","0","0","0","0","2","_186322df8e580000_p_Net","1","0","0","1","0","0","0","0","0","0","1","_186322df8e580000_p_odb__dbNet","0.0","0.0","0.0","28.777600000000003","28.777600000000003","","28.777600000000003","3.639999999999997","1","3.639999999999997","3.639999999999997","3.639999999999997","31.51","96.56","31.51","96.56","0","1","0","0","31.51","","96.56","","2"
"net132","OK","0.01724200000000277","12.594594254197998","25.789","102.1515","0.4659999999999975","0.03700000000000614","1.0060000000000073","26.022","25.556","102.17","102.133","0","1.379999999999999","1.379999999999999","1.379999999999999","3.7536","1","0","0","0","1","0","0","0.5030000000000037","0","0","0","0","0","2","_906322df8e580000_p_Net","1","0","0","1","0","0","0","0","0","0","1","_906322df8e580000_p_odb__dbNet","0.0","0.0","0.0","3.7536","3.7536","","3.7536","1.379999999999999","1","1.379999999999999","1.379999999999999","1.379999999999999","26.45","102.0","26.45","102.0","0","0","0","1","26.45","","102.0","","2"
"net133","OK","10.159721000000047","0.9391912432535097","8.7005","171.20850000000002","3.0889999999999995","3.2890000000000157","12.75600000000003","10.245","7.156","172.853","169.564","0","4.789999999999999","4.789999999999999","4.789999999999999","3.7536","1","0","0","0","1","0","0","6.378000000000015","0","0","0","0","0","2","_086422df8e580000_p_Net","1","0","0","1","0","0","0","0","0","0","1","_086422df8e580000_p_odb__dbNet","0.0","0.0","0.0","25.024","25.024","","25.024","4.789999999999999","1","4.789999999999999","4.789999999999999","4.789999999999999","8.74","170.0","8.74","170.0","0","0","0","1","8.74","","170.0","","2"
"net134","OK","0.6730780000000018","0.025496302058097272","35.1505","137.644","0.13100000000000023","5.138000000000005","10.538000000000011","35.216","35.085","140.213","135.075","0","6.590000000000025","6.590000000000025","6.590000000000025","3.7536","1","0","0","0","1","0","0","5.2690000000000055","0","0","0","0","0","2","_806422df8e580000_p_Net","1","0","0","1","0","0","0","0","0","0","1","_806422df8e580000_p_odb__dbNet","0.0","0.0","0.0","25.024","25.024","","25.024","6.590000000000025","1","6.590000000000025","6.590000000000025","6.590000000000025","33.58","134.64","33.58","134.64","0","0","1","0","33.58","","134.64","","2"
"net135","OK","1.6971390000000115","0.36680613651008437","36.9905","146.7285","0.7890000000000015","2.1510000000000105","5.880000000000024","37.385","36.596","147.804","145.653","0","2.9499999999999957","2.9499999999999957","2.9499999999999957","3.7536","1","0","0","0","1","0","0","2.940000000000012","0","0","0","0","0","2","_f86422df8e580000_p_Net","1","0","0","1","0","0","0","0","0","0","1","_f86422df8e580000_p_odb__dbNet","0.0","0.0","0.0","25.024","25.024","","25.024","2.9499999999999957","1","2.9499999999999957","2.9499999999999957","2.9499999999999957","35.88","148.24","35.88","148.24","0","1","0","0","35.88","","148.24","","2"
"net136","OK","2.146698000000005","0.46397024618132143","38.935","130.4085","0.9979999999999976","2.1510000000000105","6.298000000000016","39.434","38.436","131.484","129.333","0","5.479999999999997","5.479999999999997","5.479999999999997","3.7536","1","0","0","0","1","0","0","3.149000000000008","0","0","0","0","0","2","_706522df8e580000_p_Net","1","0","0","1","0","0","0","0","0","0","1","_706522df8e580000_p_odb__dbNet","0.0","0.0","0.0","26.2752","26.2752","","26.2752","5.479999999999997","1","5.479999999999997","5.479999999999997","5.479999999999997","40.71","131.92","40.71","131.92","1","0","0","0","40.71","","131.92","","2"
"net137","OK","0.281781","0.06090190606187752","39.2905","81.4485","0.13100000000000023","2.1509999999999962","4.563999999999993","39.356","39.225","82.524","80.373","0","3.1799999999999997","3.1799999999999997","3.1799999999999997","3.7536","1","0","0","0","1","0","0","2.2819999999999965","0","0","0","0","0","2","_e86522df8e580000_p_Net","1","0","0","1","0","0","0","0","0","0","1","_e86522df8e580000_p_odb__dbNet","0.0","0.0","0.0","28.777600000000003","28.777600000000003","","28.777600000000003","3.1799999999999997","1","3.1799999999999997","3.1799999999999997","3.1799999999999997","38.41","82.96","38.41","82.96","0","1","0","0","38.41","","82.96","","2"
"net138","OK","0.7076790000000001","0.15295211522410462","42.2805","97.76849999999999","0.3290000000000006","2.1509999999999962","4.959999999999994","42.445","42.116","98.844","96.693","0","3.1799999999999997","3.1799999999999997","3.1799999999999997","3.7536","1","0","0","0","1","0","0","2.479999999999997","0","0","0","0","0","2","_606622df8e580000_p_Net","1","0","0","1","0","0","0","0","0","0","1","_606622df8e580000_p_odb__dbNet","0.0","0.0","0.0","26.2752","26.2752","","26.2752","3.1799999999999997","1","3.1799999999999997","3.1799999999999997","3.1799999999999997","41.17","99.28","41.17","99.28","0","1","0","0","41.17","","99.28","","2"
"net139","OK","8.646780999999983","0.7993311034359026","42.0505","138.5685","2.629000000000005","3.2889999999999873","11.835999999999984","43.365","40.736","140.213","136.924","0","4.560000000000002","4.560000000000002","4.560000000000002","3.7536","1","0","0","0","1","0","0","5.917999999999992","0","0","0","0","0","2","_d86622df8e580000_p_Net","1","0","0","1","0","0","0","0","0","0","1","_d86622df8e580000_p_odb__dbNet","0.0","0.0","0.0","26.2752","26.2752","","26.2752","4.560000000000002","1","4.560000000000002","4.560000000000002","4.560000000000002","42.09","137.36","42.09","137.36","0","0","0","1","42.09","","137.36","","2"
"net140","OK","0.2817809999999981","0.060901906061877925","33.3105","152.47050000000002","0.13100000000000023","2.150999999999982","4.5639999999999645","33.376","33.245","153.546","151.395","0","3.870000000000001","3.870000000000001","3.870000000000001","3.7536","1","0","0","0","1","0","0","2.2819999999999823","0","0","0","0","0","2","_506722df8e580000_p_Net","1","0","0","1","0","0","0","0","0","0","1","_506722df8e580000_p_odb__dbNet","0.0","0.0","0.0","25.024","25.024","","25.024","3.870000000000001","1","3.870000000000001","3.870000000000001","3.870000000000001","31.74","150.96","31.74","150.96","0","0","1","0","31.74","","150.96","","2"
"net141","OK","2.686599000000018","0.5806601577960651","30.7805","130.4085","1.2490000000000023","2.1510000000000105","6.800000000000026","31.405","30.156","131.484","129.333","0","2.9499999999999957","2.9499999999999957","2.9499999999999957","3.7536","1","0","0","0","1","0","0","3.400000000000013","0","0","0","0","0","2","_c86722df8e580000_p_Net","1","0","0","1","0","0","0","0","0","0","1","_c86722df8e580000_p_odb__dbNet","0.0","0.0","0.0","25.024","25.024","","25.024","2.9499999999999957","1","2.9499999999999957","2.9499999999999957","2.9499999999999957","29.9","131.92","29.9","131.92","0","1","0","0","29.9","","131.92","","2"
"net142","OK","0.4308590000000028","0.03982973546979929","28.2505","160.32850000000002","0.13100000000000023","3.2890000000000157","6.840000000000032","28.316","28.185","161.973","158.684","0","3.179999999999996","3.179999999999996","3.179999999999996","3.7536","1","0","0","0","1","0","0","3.420000000000016","0","0","0","0","0","2","_406822df8e580000_p_Net","1","0","0","1","0","0","0","0","0","0","1","_406822df8e580000_p_odb__dbNet","0.0","0.0","0.0","28.777600000000003","28.777600000000003","","28.777600000000003","3.179999999999996","1","3.179999999999996","3.179999999999996","3.179999999999996","27.37","159.12","27.37","159.12","0","0","1","0","27.37","","159.12","","2"
"net143","OK","1.905318000000132","20.890728407645145","8.4705","145.804","6.309","0.3020000000000209","13.222000000000042","11.625","5.316","145.955","145.653","0","5.289999999999999","5.289999999999999","5.289999999999999","3.7536","1","0","0","0","1","0","0","6.611000000000021","0","0","0","0","0","2","_b86822df8e580000_p_Net","1","0","0","1","0","0","0","0","0","0","1","_b86822df8e580000_p_odb__dbNet","0.0","0.0","0.0","25.024","25.024","","25.024","5.289999999999999","1","5.289999999999999","5.289999999999999","5.289999999999999","10.12","145.52","10.12","145.52","0","0","0","1","10.12","","145.52","","2"
"net144","OK","2.686598999999975","0.5806601577960712","22.500500000000002","152.47050000000002","1.2489999999999988","2.150999999999982","6.799999999999962","23.125","21.876","153.546","151.395","0","2.9499999999999993","2.9499999999999993","2.9499999999999993","3.7536","1","0","0","0","1","0","0","3.399999999999981","0","0","0","0","0","2","_306922df8e580000_p_Net","1","0","0","1","0","0","0","0","0","0","1","_306922df8e580000_p_odb__dbNet","0.0","0.0","0.0","25.024","25.024","","25.024","2.9499999999999993","1","2.9499999999999993","2.9499999999999993","2.9499999999999993","21.62","150.96","21.62","150.96","0","0","1","0","21.62","","150.96","","2"
"net145","OK","1.0820809999999956","0.10003040434781547","18.360500000000002","160.32850000000002","0.3289999999999971","3.2890000000000157","7.2360000000000255","18.525","18.196","161.973","158.684","0","3.41","3.41","3.41","3.7536","1","0","0","0","1","0","0","3.6180000000000128","0","0","0","0","0","2","_a86922df8e580000_p_Net","1","0","0","1","0","0","0","0","0","0","1","_a86922df8e580000_p_odb__dbNet","0.0","0.0","0.0","25.024","25.024","","25.024","3.41","1","3.41","3.41","3.41","17.02","159.12","17.02","159.12","0","0","1","0","17.02","","159.12","","2"
"net413","OK","0.03766700000002692","0.0013008734433570207","43.4465","69.2555","0.007000000000005002","5.381","10.77600000000001","43.45","43.443","71.946","66.565","0","6.589999999999996","6.589999999999996","6.589999999999996","3.7536","1","0","0","0","1","0","0","5.388000000000005","0","0","0","0","0","2","_206a22df8e580000_p_Net","1","0","0","1","0","0","0","0","0","0","1","_206a22df8e580000_p_odb__dbNet","0.0","0.0","0.0","5.0048","5.0048","","5.0048","6.589999999999996","1","6.589999999999996","6.589999999999996","6.589999999999996","42.78","66.64","42.78","66.64","0","0","1","0","42.78","","66.64","","2"
"net147","OK","18.290369999999985","2.9031872498393696","11.2795","43.548","7.287","2.509999999999998","19.593999999999994","14.923","7.636","44.803","42.293","0","10.540000000000006","10.540000000000006","10.540000000000006","3.7536","1","0","0","0","1","0","0","9.796999999999997","0","0","0","0","0","2","_986a22df8e580000_p_Net","1","0","0","1","0","0","0","0","0","0","1","_986a22df8e580000_p_odb__dbNet","0.0","0.0","0.0","11.2608","11.2608","","11.2608","10.540000000000006","1","10.540000000000006","10.540000000000006","10.540000000000006","7.59","44.88","7.59","44.88","0","1","0","0","7.59","","44.88","","2"
"net148","OK","13.470863999999995","0.4525293254302548","15.750499999999999","9.394","2.4689999999999994","5.4559999999999995","15.849999999999998","16.985","14.516","12.122","6.666","0","12.11","12.11","12.11","3.7536","1","0","0","0","1","0","0","7.924999999999999","0","0","0","0","0","2","_106b22df8e580000_p_Net","1","0","0","1","0","0","0","0","0","0","1","_106b22df8e580000_p_odb__dbNet","0.0","0.0","0.0","30.0288","30.0288","","30.0288","12.11","1","12.11","12.11","12.11","20.7","12.24","20.7","12.24","1","0","0","0","20.7","","12.24","","2"
"net149","OK","0.07630400000000004","298.0624813710946","14.1405","9.645","4.768999999999998","0.016000000000000014","9.569999999999997","16.525","11.756","9.653","9.637","0","8.969999999999999","8.969999999999999","8.969999999999999","3.7536","1","0","0","0","1","0","0","4.784999999999998","0","0","0","0","0","2","_886b22df8e580000_p_Net","1","0","0","1","0","0","0","0","0","0","1","_886b22df8e580000_p_odb__dbNet","0.0","0.0","0.0","30.0288","30.0288","","30.0288","8.969999999999999","1","8.969999999999999","8.969999999999999","8.969999999999999","20.24","9.52","20.24","9.52","0","0","0","1","20.24","","9.52","","2"
"net150","OK","38.568464","1.2956378296745534","11.150500000000001","25.714","7.069000000000001","5.4559999999999995","25.05","14.685","7.616","28.442","22.986","0","16.709999999999997","16.709999999999997","16.709999999999997","3.7536","1","0","0","0","1","0","0","12.525","0","0","0","0","0","2","_006c22df8e580000_p_Net","1","0","0","1","0","0","0","0","0","0","1","_006c22df8e580000_p_odb__dbNet","0.0","0.0","0.0","30.0288","30.0288","","30.0288","16.709999999999997","1","16.709999999999997","16.709999999999997","16.709999999999997","18.4","28.56","18.4","28.56","1","0","0","0","18.4","","28.56","","2"
"net151","OK","33.925408","1.139662756389358","9.054","9.394","6.218","5.4559999999999995","23.348","12.163","5.945","12.122","6.666","0","8.43","8.43","8.43","3.7536","1","0","0","0","1","0","0","11.674","0","0","0","0","0","2","_786c22df8e580000_p_Net","1","0","0","1","0","0","0","0","0","0","1","_786c22df8e580000_p_odb__dbNet","0.0","0.0","0.0","30.0288","30.0288","","30.0288","8.43","1","8.43","8.43","8.43","9.66","12.24","9.66","12.24","1","0","0","0","9.66","","12.24","","2"
"net258","OK","24.115872000000024","0.20583887655156674","7.829","120.878","2.2279999999999998","10.824000000000012","26.104000000000024","8.943","6.715","126.29","115.466","0","13.18000000000001","13.18000000000001","13.18000000000001","3.7536","1","0","0","0","1","0","0","13.052000000000012","0","0","0","0","0","2","_f06c22df8e580000_p_Net","1","1","0","1","0","0","0","0","0","0","1","_f06c22df8e580000_p_odb__dbNet","3.7536","0.0","0.0","3.7536","3.7536","","3.7536","13.18000000000001","1","13.18000000000001","13.18000000000001","13.18000000000001","7.13","126.48","7.13","126.48","0","1","0","0","7.13","","126.48","","2"
"net255","OK","0.07455600000000281","22.947368018466356","25.769","26.0015","1.3079999999999998","0.05700000000000216","2.730000000000004","26.423","25.115","26.03","25.973","0","1.379999999999999","1.379999999999999","1.379999999999999","3.7536","1","0","0","0","1","0","0","1.365000000000002","0","0","0","0","0","2","_686d22df8e580000_p_Net","1","1","0","1","0","0","0","0","0","0","1","_686d22df8e580000_p_odb__dbNet","3.7536","0.0","0.0","3.7536","3.7536","","3.7536","1.379999999999999","1","1.379999999999999","1.379999999999999","1.379999999999999","25.53","25.84","25.53","25.84","0","0","1","0","25.53","","25.84","","2"
"net254","OK","0.07455600000000281","22.947368018466356","5.069","26.0015","1.3079999999999998","0.05700000000000216","2.730000000000004","5.723","4.415","26.03","25.973","0","1.38","1.38","1.38","3.7536","1","0","0","0","1","0","0","1.365000000000002","0","0","0","0","0","2","_e06d22df8e580000_p_Net","1","1","0","1","0","0","0","0","0","0","1","_e06d22df8e580000_p_odb__dbNet","3.7536","0.0","0.0","3.7536","3.7536","","3.7536","1.38","1","1.38","1.38","1.38","4.83","25.84","4.83","25.84","0","0","1","0","4.83","","25.84","","2"
"net410","OK","681.0762","0.6428264208711882","23.163","126.32499999999999","20.924","32.55","106.948","33.625","12.701","142.6","110.05","0","40.000000000000014","29.86000000000001","209.02000000000007","5.0048","1","0","0","0","7","0","0","53.474","0","0","0","0","0","8","_586e22df8e580000_p_Net","1","0","0","1","0","0","0","0","0","0","7","_586e22df8e580000_p_odb__dbNet","0.0","0.0","0.0","10.0096","7.864685714285714","1.9742793863863861","55.0528","29.860000000000007","7","36.10000000000001","40.000000000000014","40.000000000000014","32.2","142.8","12.65","112.88","2","3","2","0","21.685714285714287","7.05243191518836","130.75428571428571","10.162461536940548","8"
"net407","OK","64.34802000000013","0.5483245637821156","64.875","156.5565","5.939999999999998","10.833000000000027","33.54600000000005","67.845","61.905","161.973","151.14","0","15.480000000000004","12.886666666666665","38.66","3.7536","1","0","0","0","3","0","0","16.773000000000025","0","0","0","0","0","4","_d06e22df8e580000_p_Net","1","0","0","1","0","0","0","0","0","0","3","_d06e22df8e580000_p_odb__dbNet","0.0","0.0","0.0","10.0096","8.7584","1.021600522056771","26.2752","10.893333333333345","3","12.030000000000001","15.480000000000004","15.480000000000004","69.0","153.68","61.41","150.96","0","0","2","1","65.08999999999999","3.1028696395433712","151.86666666666667","1.2822202965516056","4"
"net406","OK","62.58985200000017","1.011313079825686","52.074","155.0265","7.956000000000003","7.867000000000019","31.646000000000043","56.052","48.096","158.96","151.093","0","14.599999999999994","9.254999999999999","37.019999999999996","3.7536","1","0","0","0","4","0","0","15.823000000000022","0","0","0","0","0","5","_486f22df8e580000_p_Net","1","0","0","1","0","0","0","0","0","0","4","_486f22df8e580000_p_odb__dbNet","0.0","0.0","0.0","6.256","5.0048","1.2512","20.0192","9.25500000000001","4","6.859999999999999","14.599999999999994","14.599999999999994","55.89","159.12","49.45","150.96","2","0","2","0","52.785","2.4204699956826556","155.04000000000002","3.0410524493997126","5"
"net405","OK","934.9817450000007","0.7661809749873704","42.1895","146.86849999999998","26.765000000000004","34.93300000000002","123.39600000000004","55.572","28.807","164.335","129.402","0","30.349999999999994","20.115555555555556","181.04","5.0048","1","0","0","0","9","0","0","61.69800000000002","0","0","0","0","0","10","_c06f22df8e580000_p_Net","1","0","0","1","0","0","0","0","0","0","9","_c06f22df8e580000_p_odb__dbNet","0.0","0.0","0.0","12.512","7.507200000000001","3.0648015661703125","67.5648","11.028888888888865","9","19.199999999999996","30.349999999999994","30.349999999999994","55.89","164.56","28.75","129.2","7","1","1","0","48.19777777777777","9.681947437000446","152.4711111111111","9.3444843439497","10"
"net404","OK","208.07787000000013","0.8138211381604861","21.933500000000002","178.155","13.013000000000002","15.990000000000009","58.00600000000002","28.44","15.427","186.15","170.16","0","19.349999999999994","10.669999999999996","96.02999999999997","5.0048","1","0","0","0","9","0","0","29.00300000000001","0","0","0","0","0","10","_387022df8e580000_p_Net","1","0","0","1","0","0","0","1","0","0","9","_387022df8e580000_p_odb__dbNet","0.0","0.0","3.7536","7.5072","5.143822222222223","1.243452557087883","46.2944","7.203333333333362","9","9.849999999999998","19.349999999999994","19.349999999999994","28.52","186.32","16.1","170.0","3","3","1","2","22.616666666666664","4.85367214934562","178.16000000000003","4.441741400246827","10"
"net257","OK","2.250783000000002","0.39173967442981206","9.9255","27.1715","0.9390000000000001","2.397000000000002","6.672000000000004","10.395","9.456","28.37","25.973","0","4.559999999999999","4.559999999999999","4.559999999999999","3.7536","1","0","0","0","1","0","0","3.336000000000002","0","0","0","0","0","2","_b07022df8e580000_p_Net","1","1","0","1","0","0","0","0","0","0","1","_b07022df8e580000_p_odb__dbNet","3.7536","0.0","0.0","3.7536","3.7536","","3.7536","4.559999999999999","1","4.559999999999999","4.559999999999999","4.559999999999999","10.81","28.56","10.81","28.56","1","0","0","0","10.81","","28.56","","2"
"net256","OK","0.027302999999997787","8.403508624500626","17.055500000000002","36.8815","0.47900000000000276","0.056999999999995055","1.0719999999999956","17.295","16.816","36.91","36.853","0","1.3800000000000026","1.3800000000000026","1.3800000000000026","3.7536","1","0","0","0","1","0","0","0.5359999999999978","0","0","0","0","0","2","_287122df8e580000_p_Net","1","1","0","1","0","0","0","0","0","0","1","_287122df8e580000_p_odb__dbNet","3.7536","0.0","0.0","3.7536","3.7536","","3.7536","1.3800000000000026","1","1.3800000000000026","1.3800000000000026","1.3800000000000026","17.71","36.72","17.71","36.72","0","0","0","1","17.71","","36.72","","2"
"net270","OK","0.15562400000001247","49.62499911383532","22.805500000000002","61.038","2.779","0.05600000000000449","5.670000000000009","24.195","21.416","61.066","61.01","0","3.6799999999999997","3.6799999999999997","3.6799999999999997","3.7536","1","0","0","0","1","0","0","2.8350000000000044","0","0","0","0","0","2","_a07122df8e580000_p_Net","1","1","0","1","0","0","0","0","0","0","1","_a07122df8e580000_p_odb__dbNet","3.7536","0.0","0.0","3.7536","3.7536","","3.7536","3.6799999999999997","1","3.6799999999999997","3.6799999999999997","3.6799999999999997","24.61","61.2","24.61","61.2","1","0","0","0","24.61","","61.2","","2"
"net269","OK","0.10596300000000411","32.61403451554205","21.4255","58.6415","1.8590000000000018","0.05700000000000216","3.832000000000008","22.355","20.496","58.67","58.613","0","2.759999999999998","2.759999999999998","2.759999999999998","3.7536","1","0","0","0","1","0","0","1.916000000000004","0","0","0","0","0","2","_187222df8e580000_p_Net","1","1","0","1","0","0","0","0","0","0","1","_187222df8e580000_p_odb__dbNet","3.7536","0.0","0.0","3.7536","3.7536","","3.7536","2.759999999999998","1","2.759999999999998","2.759999999999998","2.759999999999998","22.77","58.48","22.77","58.48","0","0","0","1","22.77","","58.48","","2"
"net268","OK","27.479676000000012","0.38177746341563207","15.2155","54.428","3.2390000000000008","8.484000000000002","23.446000000000005","16.835","13.596","58.67","50.186","0","12.299999999999997","12.299999999999997","12.299999999999997","3.7536","1","0","0","0","1","0","0","11.723000000000003","0","0","0","0","0","2","_907222df8e580000_p_Net","1","1","0","1","0","0","0","0","0","0","1","_907222df8e580000_p_odb__dbNet","3.7536","0.0","0.0","3.7536","3.7536","","3.7536","12.299999999999997","1","12.299999999999997","12.299999999999997","12.299999999999997","17.25","58.48","17.25","58.48","1","0","0","0","17.25","","58.48","","2"
"net263","OK","0.10410399999999514","33.19642797863676","14.0655","33.838","1.859","0.055999999999997385","3.8299999999999947","14.995","13.136","33.866","33.81","0","2.76","2.76","2.76","3.7536","1","0","0","0","1","0","0","1.9149999999999974","0","0","0","0","0","2","_087322df8e580000_p_Net","1","1","0","1","0","0","0","0","0","0","1","_087322df8e580000_p_odb__dbNet","3.7536","0.0","0.0","3.7536","3.7536","","3.7536","2.76","1","2.76","2.76","2.76","15.41","34.0","15.41","34.0","1","0","0","0","15.41","","34.0","","2"
"net262","OK","0.027302999999999286","8.40350862450004","19.3555","20.561500000000002","0.4789999999999992","0.05699999999999861","1.0719999999999956","19.595","19.116","20.59","20.533","0","1.3800000000000026","1.3800000000000026","1.3800000000000026","3.7536","1","0","0","0","1","0","0","0.5359999999999978","0","0","0","0","0","2","_807322df8e580000_p_Net","1","1","0","1","0","0","0","0","0","0","1","_807322df8e580000_p_odb__dbNet","3.7536","0.0","0.0","3.7536","3.7536","","3.7536","1.3800000000000026","1","1.3800000000000026","1.3800000000000026","1.3800000000000026","20.01","20.4","20.01","20.4","0","0","0","1","20.01","","20.4","","2"
"net261","OK","38.02682400000002","1.258915574734549","17.055500000000002","20.238","6.9190000000000005","5.496000000000002","24.830000000000005","20.515","13.596","22.986","17.49","0","13.260000000000002","13.260000000000002","13.260000000000002","3.7536","1","0","0","0","1","0","0","12.415000000000003","0","0","0","0","0","2","_f87322df8e580000_p_Net","1","1","0","1","0","0","0","0","0","0","1","_f87322df8e580000_p_odb__dbNet","3.7536","0.0","0.0","3.7536","3.7536","","3.7536","13.260000000000002","1","13.260000000000002","13.260000000000002","13.260000000000002","20.93","17.68","20.93","17.68","0","0","0","1","20.93","","17.68","","2"
"net260","OK","0.3823680000000003","121.92856925127543","7.369","6.638","6.827999999999999","0.05600000000000005","13.767999999999999","10.783","3.955","6.666","6.61","0","6.8999999999999995","6.8999999999999995","6.8999999999999995","3.7536","1","0","0","0","1","0","0","6.8839999999999995","0","0","0","0","0","2","_707422df8e580000_p_Net","1","1","0","1","0","0","0","0","0","0","1","_707422df8e580000_p_odb__dbNet","3.7536","0.0","0.0","3.7536","3.7536","","3.7536","6.8999999999999995","1","6.8999999999999995","6.8999999999999995","6.8999999999999995","4.37","6.8","4.37","6.8","0","1","0","0","4.37","","6.8","","2"
"net403","OK","256.4198399999998","0.13538602940865374","55.207","61.330999999999996","5.891999999999996","43.519999999999996","98.82399999999998","58.153","52.261","83.091","39.571","0","48.62","28.554999999999993","114.21999999999997","5.0048","1","0","0","0","4","0","0","49.41199999999999","0","0","0","0","0","5","_e87422df8e580000_p_Net","1","0","0","1","0","0","0","0","0","0","4","_e87422df8e580000_p_odb__dbNet","0.0","0.0","0.0","22.5216","22.5216","0.0","90.0864","27.195","4","21.419999999999995","48.62","48.62","59.8","82.96","58.42","39.44","2","0","0","2","59.455","0.5975575286112608","60.519999999999996","16.134782304078353","5"
"net402","OK","443.8302570000002","0.13389957097712651","54.7355","67.8835","7.709000000000003","57.573","130.56400000000002","58.59","50.881","96.67","39.097","0","66.32","34.26","205.56","5.0048","1","0","0","0","6","0","0","65.28200000000001","0","0","0","0","0","7","_607522df8e580000_p_Net","1","0","0","1","0","0","0","0","0","0","6","_607522df8e580000_p_odb__dbNet","0.0","0.0","0.0","22.5216","20.43626666666667","4.662947089079561","122.61760000000001","34.260000000000005","6","21.42000000000001","66.32","66.32","59.8","91.12","53.36","39.44","2","1","0","3","58.11333333333334","2.29488319722135","69.81333333333333","18.674912464468356","7"
"net267","OK","2.0326559999999922","0.35377555262671145","4.839","163.1715","0.8479999999999999","2.3969999999999914","6.4899999999999824","5.263","4.415","164.37","161.973","0","3.639999999999999","3.639999999999999","3.639999999999999","3.7536","1","0","0","0","1","0","0","3.2449999999999912","0","0","0","0","0","2","_d87522df8e580000_p_Net","1","1","0","1","0","0","0","0","0","0","1","_d87522df8e580000_p_odb__dbNet","3.7536","0.0","0.0","3.7536","3.7536","","3.7536","3.639999999999999","1","3.639999999999999","3.639999999999999","3.639999999999999","4.83","164.56","4.83","164.56","0","1","0","0","4.83","","164.56","","2"
"net266","OK","2.424177000000004","0.08022557757318086","15.6755","110.32149999999999","0.4410000000000007","5.497","11.876000000000001","15.896","15.455","113.07","107.573","0","5.899999999999997","5.899999999999997","5.899999999999997","3.7536","1","0","0","0","1","0","0","5.938000000000001","0","0","0","0","0","2","_507622df8e580000_p_Net","1","1","0","1","0","0","0","0","0","0","1","_507622df8e580000_p_odb__dbNet","3.7536","0.0","0.0","3.7536","3.7536","","3.7536","5.899999999999997","1","5.899999999999997","5.899999999999997","5.899999999999997","15.87","112.88","15.87","112.88","1","0","0","0","15.87","","112.88","","2"
"net265","OK","0.026823999999991896","8.55357127583164","16.5955","153.518","0.4789999999999992","0.055999999999983174","1.0699999999999648","16.835","16.356","153.546","153.49","0","1.3800000000000008","1.3800000000000008","1.3800000000000008","3.7536","1","0","0","0","1","0","0","0.5349999999999824","0","0","0","0","0","2","_c87622df8e580000_p_Net","1","1","0","1","0","0","0","0","0","0","1","_c87622df8e580000_p_odb__dbNet","3.7536","0.0","0.0","3.7536","3.7536","","3.7536","1.3800000000000008","1","1.3800000000000008","1.3800000000000008","1.3800000000000008","17.25","153.68","17.25","153.68","1","0","0","0","17.25","","153.68","","2"
"net264","OK","1.2752040000000127","0.22194409669505732","7.829000000000001","157.73149999999998","0.5320000000000009","2.39700000000002","5.858000000000041","8.095","7.563","158.93","156.533","0","3.179999999999998","3.179999999999998","3.179999999999998","3.7536","1","0","0","0","1","0","0","2.9290000000000207","0","0","0","0","0","2","_407722df8e580000_p_Net","1","1","0","1","0","0","0","0","0","0","1","_407722df8e580000_p_odb__dbNet","3.7536","0.0","0.0","3.7536","3.7536","","3.7536","3.179999999999998","1","3.179999999999998","3.179999999999998","3.179999999999998","8.51","159.12","8.51","159.12","1","0","0","0","8.51","","159.12","","2"
"net273","OK","0.027302999999994283","8.403508624501642","14.2955","162.00150000000002","0.479000000000001","0.05699999999998795","1.0719999999999779","14.535","14.056","162.03","161.973","0","1.379999999999999","1.379999999999999","1.379999999999999","3.7536","1","0","0","0","1","0","0","0.5359999999999889","0","0","0","0","0","2","_b87722df8e580000_p_Net","1","1","0","1","0","0","0","0","0","0","1","_b87722df8e580000_p_odb__dbNet","3.7536","0.0","0.0","3.7536","3.7536","","3.7536","1.379999999999999","1","1.379999999999999","1.379999999999999","1.379999999999999","14.95","161.84","14.95","161.84","0","0","0","1","14.95","","161.84","","2"
"net272","OK","2.5813120000000116","0.27858081462595824","13.579","155.06799999999998","0.8480000000000008","3.044000000000011","7.784000000000024","14.003","13.155","156.59","153.546","0","3.639999999999999","3.639999999999999","3.639999999999999","3.7536","1","0","0","0","1","0","0","3.892000000000012","0","0","0","0","0","2","_307822df8e580000_p_Net","1","1","0","1","0","0","0","0","0","0","1","_307822df8e580000_p_odb__dbNet","3.7536","0.0","0.0","3.7536","3.7536","","3.7536","3.639999999999999","1","3.639999999999999","3.639999999999999","3.639999999999999","13.57","156.4","13.57","156.4","0","1","0","0","13.57","","156.4","","2"
"net271","OK","0.2586639999999879","82.48214138425132","9.0055","50.158","4.619","0.055999999999997385","9.349999999999994","11.315","6.696","50.186","50.13","0","5.5200000000000005","5.5200000000000005","5.5200000000000005","3.7536","1","0","0","0","1","0","0","4.674999999999997","0","0","0","0","0","2","_a87822df8e580000_p_Net","1","1","0","1","0","0","0","0","0","0","1","_a87822df8e580000_p_odb__dbNet","3.7536","0.0","0.0","3.7536","3.7536","","3.7536","5.5200000000000005","1","5.5200000000000005","5.5200000000000005","5.5200000000000005","11.73","50.32","11.73","50.32","1","0","0","0","11.73","","50.32","","2"
"net178","OK","21.46238100000001","0.08008063037810266","28.5275","118.1605","1.311","16.37100000000001","35.36400000000002","29.183","27.872","126.346","109.975","0","17.240000000000006","17.240000000000006","17.240000000000006","3.7536","1","0","0","0","1","0","0","17.68200000000001","0","0","0","0","0","2","_207922df8e580000_p_Net","1","0","0","1","0","0","0","0","0","0","1","_207922df8e580000_p_odb__dbNet","0.0","0.0","0.0","16.265600000000003","16.265600000000003","","16.265600000000003","17.240000000000006","1","17.240000000000006","17.240000000000006","17.240000000000006","30.59","110.16","30.59","110.16","0","0","0","1","30.59","","110.16","","2"
"net275","OK","0.02682400000000561","8.55357127582733","7.8555","137.19799999999998","0.479000000000001","0.056000000000011596","1.0700000000000252","8.095","7.616","137.226","137.17","0","1.38","1.38","1.38","3.7536","1","0","0","0","1","0","0","0.5350000000000126","0","0","0","0","0","2","_987922df8e580000_p_Net","1","1","0","1","0","0","0","0","0","0","1","_987922df8e580000_p_odb__dbNet","3.7536","0.0","0.0","3.7536","3.7536","","3.7536","1.38","1","1.38","1.38","1.38","8.51","137.36","8.51","137.36","1","0","0","0","8.51","","137.36","","2"
"net392","OK","45.03013499999998","0.16009778783852488","28.7695","90.76050000000001","2.6849999999999987","16.771","38.912","30.112","27.427","99.146","82.375","0","17.24000000000001","11.2925","45.17","3.7536","1","0","0","0","4","0","0","19.456","0","0","0","0","0","5","_107a22df8e580000_p_Net","1","0","0","1","0","0","0","0","0","0","4","_107a22df8e580000_p_odb__dbNet","0.0","0.0","0.0","6.256","5.3176","0.5417854926075447","21.2704","11.177499999999988","4","7.050000000000001","17.24000000000001","17.24000000000001","29.44","93.84","27.6","82.96","1","1","1","1","28.807499999999997","0.7519100677607662","89.08000000000001","4.85617133140914","5"
"net385","OK","1874.7299999999998","0.28217396638103087","29.22","115.755","23.0","81.50999999999999","209.01999999999998","40.72","17.72","156.51","75.0","0","101.38000000000001","60.46000000000001","362.76000000000005","5.0048","1","0","0","0","6","0","0","104.50999999999999","0","0","0","0","0","7","_887a22df8e580000_p_Net","1","0","0","1","0","0","0","0","0","0","6","_887a22df8e580000_p_odb__dbNet","0.0","0.0","0.0","7.5072","5.421866666666667","0.9325894178159122","32.531200000000005","58.46666666666667","6","63.06000000000001","101.38000000000001","101.38000000000001","40.02","153.68","17.02","74.8","1","1","3","1","27.293333333333333","9.425947638772927","107.44","27.063658289300065","7"
"net379","OK","112.59894399999997","0.1472587877857927","25.771","99.63900000000001","4.071999999999999","27.652","63.448","27.807","23.735","113.465","85.813","0","29.03999999999999","21.263333333333325","63.78999999999998","3.7536","1","0","0","0","3","0","0","31.724","0","0","0","0","0","4","_007b22df8e580000_p_Net","1","0","0","1","0","0","0","0","0","0","3","_007b22df8e580000_p_odb__dbNet","0.0","0.0","0.0","10.0096","7.5072","1.7694640092412166","22.5216","21.263333333333314","3","28.15999999999999","29.03999999999999","29.03999999999999","26.22","112.88","23.69","91.12","0","2","0","1","25.146666666666665","1.0678431012507816","104.71999999999998","9.680550948508385","4"
"net376","OK","110.4315249999999","0.030958560066455254","15.4405","137.6175","1.8489999999999984","59.724999999999994","123.14799999999998","16.365","14.516","167.48","107.755","0","52.370000000000005","31.990000000000002","63.980000000000004","3.7536","1","0","0","0","2","0","0","61.57399999999999","0","0","0","0","0","3","_787b22df8e580000_p_Net","1","0","0","1","0","0","0","0","0","0","2","_787b22df8e580000_p_odb__dbNet","0.0","0.0","0.0","7.5072","6.256","1.2511999999999999","12.512","23.83000000000002","2","11.609999999999998","52.370000000000005","52.370000000000005","17.48","167.28","14.72","107.44","0","1","0","1","16.1","1.38","137.36","29.92","3"
"net375","OK","675.7892199999999","0.8795411089548854","20.635","151.1095","24.380000000000003","27.718999999999994","104.198","32.825","8.445","164.969","137.25","0","30.93","23.665999999999997","118.32999999999998","5.0048","1","0","0","0","5","0","0","52.099","0","0","0","0","0","6","_f07b22df8e580000_p_Net","1","0","0","1","0","0","0","0","0","0","5","_f07b22df8e580000_p_odb__dbNet","0.0","0.0","0.0","11.2608","11.2608","0.0","56.304","22.561999999999976","5","26.08999999999999","30.93","30.93","32.89","164.56","8.51","137.36","0","2","1","2","18.538","11.362651803166372","151.504","10.235298920891363","6"
"net277","OK","11.256056999999997","1.2155767330872245","6.7055","51.6515","3.699","3.0429999999999993","13.483999999999998","8.555","4.856","53.173","50.13","0","7.319999999999999","7.319999999999999","7.319999999999999","3.7536","1","0","0","0","1","0","0","6.741999999999999","0","0","0","0","0","2","_687c22df8e580000_p_Net","1","1","0","1","0","0","0","0","0","0","1","_687c22df8e580000_p_odb__dbNet","3.7536","0.0","0.0","3.7536","3.7536","","3.7536","7.319999999999999","1","7.319999999999999","7.319999999999999","7.319999999999999","8.97","50.32","8.97","50.32","0","0","0","1","8.97","","50.32","","2"
"net276","OK","0.31059300000001183","95.59648955093517","8.9605","123.92150000000001","5.449000000000001","0.05700000000000216","11.012000000000006","11.685","6.236","123.95","123.893","0","5.52","5.52","5.52","3.7536","1","0","0","0","1","0","0","5.506000000000003","0","0","0","0","0","2","_e07c22df8e580000_p_Net","1","1","0","1","0","0","0","0","0","0","1","_e07c22df8e580000_p_odb__dbNet","3.7536","0.0","0.0","3.7536","3.7536","","3.7536","5.52","1","5.52","5.52","5.52","11.27","123.76","11.27","123.76","0","0","0","1","11.27","","123.76","","2"
"net295","OK","0.026823999999992094","8.553571275831704","20.735500000000002","153.518","0.47900000000000276","0.055999999999983174","1.0699999999999719","20.975","20.496","153.546","153.49","0","1.379999999999999","1.379999999999999","1.379999999999999","3.7536","1","0","0","0","1","0","0","0.5349999999999859","0","0","0","0","0","2","_587d22df8e580000_p_Net","1","1","0","1","0","0","0","0","0","0","1","_587d22df8e580000_p_odb__dbNet","3.7536","0.0","0.0","3.7536","3.7536","","3.7536","1.379999999999999","1","1.379999999999999","1.379999999999999","1.379999999999999","21.39","153.68","21.39","153.68","1","0","0","0","21.39","","153.68","","2"
"net287","OK","0.026823999999998703","8.55357127582947","31.7755","77.358","0.4789999999999992","0.055999999999997385","1.0699999999999932","32.015","31.536","77.386","77.33","0","1.379999999999999","1.379999999999999","1.379999999999999","3.7536","1","0","0","0","1","0","0","0.5349999999999966","0","0","0","0","0","2","_d07d22df8e580000_p_Net","1","1","0","1","0","0","0","0","0","0","1","_d07d22df8e580000_p_odb__dbNet","3.7536","0.0","0.0","3.7536","3.7536","","3.7536","1.379999999999999","1","1.379999999999999","1.379999999999999","1.379999999999999","32.43","77.52","32.43","77.52","1","0","0","0","32.43","","77.52","","2"
"net286","OK","0.02730300000000119","8.403508624499578","24.4155","102.16149999999999","0.47900000000000276","0.05700000000000216","1.0720000000000098","24.655","24.176","102.19","102.133","0","1.379999999999999","1.379999999999999","1.379999999999999","3.7536","1","0","0","0","1","0","0","0.5360000000000049","0","0","0","0","0","2","_487e22df8e580000_p_Net","1","1","0","1","0","0","0","0","0","0","1","_487e22df8e580000_p_odb__dbNet","3.7536","0.0","0.0","3.7536","3.7536","","3.7536","1.379999999999999","1","1.379999999999999","1.379999999999999","1.379999999999999","25.07","102.0","25.07","102.0","0","0","0","1","25.07","","102.0","","2"
"net285","OK","4.258555999999999","0.4595926411105157","40.5155","95.22800000000001","1.399000000000001","3.043999999999997","8.885999999999996","41.215","39.816","96.75","93.706","0","5.020000000000003","5.020000000000003","5.020000000000003","3.7536","1","0","0","0","1","0","0","4.442999999999998","0","0","0","0","0","2","_c07e22df8e580000_p_Net","1","1","0","1","0","0","0","0","0","0","1","_c07e22df8e580000_p_odb__dbNet","3.7536","0.0","0.0","3.7536","3.7536","","3.7536","5.020000000000003","1","5.020000000000003","5.020000000000003","5.020000000000003","41.63","96.56","41.63","96.56","1","0","0","0","41.63","","96.56","","2"
"net284","OK","0.10596299999997749","32.61403451555012","28.325499999999998","129.36149999999998","1.8589999999999982","0.05699999999998795","3.8319999999999723","29.255","27.396","129.39","129.333","0","2.7600000000000016","2.7600000000000016","2.7600000000000016","3.7536","1","0","0","0","1","0","0","1.9159999999999862","0","0","0","0","0","2","_387f22df8e580000_p_Net","1","1","0","1","0","0","0","0","0","0","1","_387f22df8e580000_p_odb__dbNet","3.7536","0.0","0.0","3.7536","3.7536","","3.7536","2.7600000000000016","1","2.7600000000000016","2.7600000000000016","2.7600000000000016","29.67","129.2","29.67","129.2","0","0","0","1","29.67","","129.2","","2"
"net363","OK","64.28012800000012","0.5570657232771294","8.308","145.584","5.984000000000001","10.742000000000019","33.45200000000004","11.3","5.316","150.955","140.213","0","14.559999999999995","14.559999999999995","14.559999999999995","3.7536","1","0","0","0","1","0","0","16.72600000000002","0","0","0","0","0","2","_b07f22df8e580000_p_Net","1","0","0","1","1","0","0","0","0","0","1","_b07f22df8e580000_p_odb__dbNet","0.0","23.772800000000004","0.0","23.772800000000004","23.772800000000004","","23.772800000000004","14.559999999999995","1","14.559999999999995","14.559999999999995","14.559999999999995","8.51","150.96","8.51","150.96","1","0","0","0","8.51","","150.96","","2"
"net362","OK","13.744739999999988","0.4478339349372138","24.9565","55.943","2.480999999999998","5.539999999999999","16.041999999999994","26.197","23.716","58.713","53.173","0","11.649999999999999","8.93","26.79","3.7536","1","0","0","0","3","0","0","8.020999999999997","0","0","0","0","0","4","_288022df8e580000_p_Net","1","0","0","1","0","0","0","0","0","0","3","_288022df8e580000_p_odb__dbNet","0.0","0.0","0.0","30.0288","30.0288","0.0","90.0864","8.93","3","8.93","11.649999999999999","11.649999999999999","29.44","58.48","29.44","53.04","1","0","0","2","29.44","0.0","55.76","2.220870700123414","4"
"net294","OK","0.0745560000000214","22.947368018460633","36.349000000000004","145.6815","1.3079999999999998","0.05700000000001637","2.7300000000000324","37.003","35.695","145.71","145.653","0","1.3800000000000026","1.3800000000000026","1.3800000000000026","3.7536","1","0","0","0","1","0","0","1.3650000000000162","0","0","0","0","0","2","_a08022df8e580000_p_Net","1","1","0","1","0","0","0","0","0","0","1","_a08022df8e580000_p_odb__dbNet","3.7536","0.0","0.0","3.7536","3.7536","","3.7536","1.3800000000000026","1","1.3800000000000026","1.3800000000000026","1.3800000000000026","36.11","145.52","36.11","145.52","0","0","1","0","36.11","","145.52","","2"
"net293","OK","0.026823999999992094","8.553571275831704","32.2355","153.518","0.47900000000000276","0.055999999999983174","1.0699999999999719","32.475","31.996","153.546","153.49","0","1.379999999999999","1.379999999999999","1.379999999999999","3.7536","1","0","0","0","1","0","0","0.5349999999999859","0","0","0","0","0","2","_188122df8e580000_p_Net","1","1","0","1","0","0","0","0","0","0","1","_188122df8e580000_p_odb__dbNet","3.7536","0.0","0.0","3.7536","3.7536","","3.7536","1.379999999999999","1","1.379999999999999","1.379999999999999","1.379999999999999","32.89","153.68","32.89","153.68","1","0","0","0","32.89","","153.68","","2"
"net292","OK","5.402512000000075","0.027865555872747735","34.509","133.308","0.38800000000000523","13.924000000000007","28.624000000000024","34.703","34.315","140.27","126.346","0","14.06000000000001","14.06000000000001","14.06000000000001","3.7536","1","0","0","0","1","0","0","14.312000000000012","0","0","0","0","0","2","_908122df8e580000_p_Net","1","1","0","1","0","0","0","0","0","0","1","_908122df8e580000_p_odb__dbNet","3.7536","0.0","0.0","3.7536","3.7536","","3.7536","14.06000000000001","1","14.06000000000001","14.06000000000001","14.06000000000001","34.73","140.08","34.73","140.08","1","0","0","0","34.73","","140.08","","2"
"net291","OK","0.10444299999999121","0.003456430779796593","39.825500000000005","137.5215","0.01899999999999835","5.497000000000014","11.032000000000025","39.835","39.816","140.27","134.773","0","6.360000000000028","6.360000000000028","6.360000000000028","3.7536","1","0","0","0","1","0","0","5.5160000000000124","0","0","0","0","0","2","_088222df8e580000_p_Net","1","1","0","1","0","0","0","0","0","0","1","_088222df8e580000_p_odb__dbNet","3.7536","0.0","0.0","3.7536","3.7536","","3.7536","6.360000000000028","1","6.360000000000028","6.360000000000028","6.360000000000028","40.25","140.08","40.25","140.08","1","0","0","0","40.25","","140.08","","2"
"net290","OK","0.027302999999994183","8.403508624501612","37.2955","129.36149999999998","0.4789999999999992","0.05699999999998795","1.0719999999999743","37.535","37.056","129.39","129.333","0","1.3800000000000026","1.3800000000000026","1.3800000000000026","3.7536","1","0","0","0","1","0","0","0.5359999999999872","0","0","0","0","0","2","_808222df8e580000_p_Net","1","1","0","1","0","0","0","0","0","0","1","_808222df8e580000_p_odb__dbNet","3.7536","0.0","0.0","3.7536","3.7536","","3.7536","1.3800000000000026","1","1.3800000000000026","1.3800000000000026","1.3800000000000026","37.95","129.2","37.95","129.2","0","0","0","1","37.95","","129.2","","2"
"net289","OK","0.02730300000000099","8.403508624499516","38.2155","80.4015","0.4789999999999992","0.05700000000000216","1.0720000000000027","38.455","37.976","80.43","80.373","0","1.3799999999999955","1.3799999999999955","1.3799999999999955","3.7536","1","0","0","0","1","0","0","0.5360000000000014","0","0","0","0","0","2","_f88222df8e580000_p_Net","1","1","0","1","0","0","0","0","0","0","1","_f88222df8e580000_p_odb__dbNet","3.7536","0.0","0.0","3.7536","3.7536","","3.7536","1.3799999999999955","1","1.3799999999999955","1.3799999999999955","1.3799999999999955","38.87","80.24","38.87","80.24","0","0","0","1","38.87","","80.24","","2"
"net288","OK","12.745223999999984","0.4219432313642755","30.8555","96.398","2.318999999999999","5.495999999999995","15.629999999999988","32.015","29.696","99.146","93.65","0","8.659999999999997","8.659999999999997","8.659999999999997","3.7536","1","0","0","0","1","0","0","7.814999999999994","0","0","0","0","0","2","_708322df8e580000_p_Net","1","1","0","1","0","0","0","0","0","0","1","_708322df8e580000_p_odb__dbNet","3.7536","0.0","0.0","3.7536","3.7536","","3.7536","8.659999999999997","1","8.659999999999997","8.659999999999997","8.659999999999997","32.43","93.84","32.43","93.84","0","0","0","1","32.43","","93.84","","2"
"net356","OK","1593.7160000000001","0.08298216244239608","41.342","84.255","11.5","138.584","300.168","47.092","35.592","153.547","14.963","0","141.98000000000002","113.08250000000002","1809.3200000000004","7.5072","1","0","0","0","16","0","0","150.084","0","0","0","0","0","17","_e88322df8e580000_p_Net","1","0","0","1","0","0","0","0","0","0","16","_e88322df8e580000_p_odb__dbNet","0.0","0.0","0.0","5.0048","5.004800000000001","8.881784197001252e-16","80.07680000000002","111.4725","16","115.16","140.14","141.98000000000002","46.92","69.36","35.42","14.96","0","0","7","9","41.57249999999999","2.744985200324402","42.84","20.13764633714675","17"
"net357","OK","11.427485000000093","1.3729636043767817","51.4815","155.0125","3.9610000000000056","2.8850000000000193","13.69200000000005","53.462","49.501","156.455","153.57","0","5.939999999999998","5.939999999999998","5.939999999999998","5.0048","1","0","0","0","1","0","0","6.846000000000025","0","0","0","0","0","2","_608422df8e580000_p_Net","1","0","0","1","0","0","0","0","0","0","1","_608422df8e580000_p_odb__dbNet","0.0","0.0","0.0","12.512","12.512","","12.512","5.939999999999998","1","5.939999999999998","5.939999999999998","5.939999999999998","52.44","156.4","52.44","156.4","1","0","0","0","52.44","","156.4","","2"
"net299","OK","38.42403600000001","0.5338283827753619","13.5605","38.108000000000004","4.529","8.484000000000002","26.026000000000003","15.825","11.296","42.35","33.866","0","12.759999999999996","12.759999999999996","12.759999999999996","3.7536","1","0","0","0","1","0","0","13.013000000000002","0","0","0","0","0","2","_d88422df8e580000_p_Net","1","1","0","1","0","0","0","0","0","0","1","_d88422df8e580000_p_odb__dbNet","3.7536","0.0","0.0","3.7536","3.7536","","3.7536","12.759999999999996","1","12.759999999999996","12.759999999999996","12.759999999999996","15.41","42.16","15.41","42.16","1","0","0","0","15.41","","42.16","","2"
"net300","OK","0.18132800000000024","57.82142753890305","14.684000000000001","6.638","3.2380000000000013","0.05600000000000005","6.588000000000003","16.303","13.065","6.666","6.61","0","4.139999999999999","4.139999999999999","4.139999999999999","3.7536","1","0","0","0","1","0","0","3.2940000000000014","0","0","0","0","0","2","_508522df8e580000_p_Net","1","1","0","1","0","0","0","0","0","0","1","_508522df8e580000_p_odb__dbNet","3.7536","0.0","0.0","3.7536","3.7536","","3.7536","4.139999999999999","1","4.139999999999999","4.139999999999999","4.139999999999999","12.65","6.8","12.65","6.8","0","1","0","0","12.65","","6.8","","2"
"net301","OK","0.1813840000000002","57.839284681441306","11.9955","6.638","3.2390000000000008","0.05600000000000005","6.590000000000002","13.615","10.376","6.666","6.61","0","4.139999999999999","4.139999999999999","4.139999999999999","3.7536","1","0","0","0","1","0","0","3.295000000000001","0","0","0","0","0","2","_c88522df8e580000_p_Net","1","1","0","1","0","0","0","0","0","0","1","_c88522df8e580000_p_odb__dbNet","3.7536","0.0","0.0","3.7536","3.7536","","3.7536","4.139999999999999","1","4.139999999999999","4.139999999999999","4.139999999999999","14.03","6.8","14.03","6.8","1","0","0","0","14.03","","6.8","","2"
"net302","OK","0.31572300000000214","97.17543689165836","8.0855","9.6815","5.539000000000001","0.057000000000000384","11.192000000000002","10.855","5.316","9.71","9.653","0","6.4399999999999995","6.4399999999999995","6.4399999999999995","3.7536","1","0","0","0","1","0","0","5.596000000000001","0","0","0","0","0","2","_408622df8e580000_p_Net","1","1","0","1","0","0","0","0","0","0","1","_408622df8e580000_p_odb__dbNet","3.7536","0.0","0.0","3.7536","3.7536","","3.7536","6.4399999999999995","1","6.4399999999999995","6.4399999999999995","6.4399999999999995","11.27","9.52","11.27","9.52","0","0","0","1","11.27","","9.52","","2"
"net303","OK","7.688903999999998","0.2545487626902204","6.015499999999999","25.677999999999997","1.399","5.495999999999999","13.789999999999997","6.715","5.316","28.426","22.93","0","7.7399999999999975","7.7399999999999975","7.7399999999999975","3.7536","1","0","0","0","1","0","0","6.894999999999999","0","0","0","0","0","2","_b88622df8e580000_p_Net","1","1","0","1","0","0","0","0","0","0","1","_b88622df8e580000_p_odb__dbNet","3.7536","0.0","0.0","3.7536","3.7536","","3.7536","7.7399999999999975","1","7.7399999999999975","7.7399999999999975","7.7399999999999975","7.13","23.12","7.13","23.12","0","0","0","1","7.13","","23.12","","2"
"net304","OK","7.763883000000018","1.3512724232994242","7.855499999999999","97.89150000000001","3.239","2.3970000000000056","11.272000000000011","9.475","6.236","99.09","96.693","0","6.859999999999999","6.859999999999999","6.859999999999999","3.7536","1","0","0","0","1","0","0","5.6360000000000054","0","0","0","0","0","2","_308722df8e580000_p_Net","1","1","0","1","0","0","0","0","0","0","1","_308722df8e580000_p_odb__dbNet","3.7536","0.0","0.0","3.7536","3.7536","","3.7536","6.859999999999999","1","6.859999999999999","6.859999999999999","6.859999999999999","9.89","99.28","9.89","99.28","1","0","0","0","9.89","","99.28","","2"
"net305","OK","10.218923","0.3381844641917074","9.005500000000001","83.1215","1.859","5.497","14.712","9.935","8.076","85.87","80.373","0","8.200000000000012","8.200000000000012","8.200000000000012","3.7536","1","0","0","0","1","0","0","7.356","0","0","0","0","0","2","_a88722df8e580000_p_Net","1","1","0","1","0","0","0","0","0","0","1","_a88722df8e580000_p_odb__dbNet","3.7536","0.0","0.0","3.7536","3.7536","","3.7536","8.200000000000012","1","8.200000000000012","8.200000000000012","8.200000000000012","10.35","85.68","10.35","85.68","1","0","0","0","10.35","","85.68","","2"
"net306","OK","39.18759600000005","0.5444365864516217","8.5455","87.068","4.619000000000001","8.484000000000009","26.206000000000017","10.855","6.236","91.31","82.826","0","13.68000000000001","13.68000000000001","13.68000000000001","3.7536","1","0","0","0","1","0","0","13.103000000000009","0","0","0","0","0","2","_208822df8e580000_p_Net","1","1","0","1","0","0","0","0","0","0","1","_208822df8e580000_p_odb__dbNet","3.7536","0.0","0.0","3.7536","3.7536","","3.7536","13.68000000000001","1","13.68000000000001","13.68000000000001","13.68000000000001","11.27","91.12","11.27","91.12","1","0","0","0","11.27","","91.12","","2"
"net307","OK","12.386036000000043","1.3367279890483759","10.1105","84.348","4.068999999999999","3.044000000000011","14.22600000000002","12.145","8.076","85.87","82.826","0","6.860000000000014","6.860000000000014","6.860000000000014","3.7536","1","0","0","0","1","0","0","7.11300000000001","0","0","0","0","0","2","_988822df8e580000_p_Net","1","1","0","1","0","0","0","0","0","0","1","_988822df8e580000_p_odb__dbNet","3.7536","0.0","0.0","3.7536","3.7536","","3.7536","6.860000000000014","1","6.860000000000014","6.860000000000014","6.860000000000014","11.73","85.68","11.73","85.68","1","0","0","0","11.73","","85.68","","2"
"net308","OK","1.4580760000000015","0.15735873845027684","7.8555","95.22800000000001","0.479000000000001","3.043999999999997","7.045999999999996","8.095","7.616","96.75","93.706","0","4.099999999999999","4.099999999999999","4.099999999999999","3.7536","1","0","0","0","1","0","0","3.522999999999998","0","0","0","0","0","2","_108922df8e580000_p_Net","1","1","0","1","0","0","0","0","0","0","1","_108922df8e580000_p_odb__dbNet","3.7536","0.0","0.0","3.7536","3.7536","","3.7536","4.099999999999999","1","4.099999999999999","4.099999999999999","4.099999999999999","8.51","96.56","8.51","96.56","1","0","0","0","8.51","","96.56","","2"
"net309","OK","43.090235999999976","0.5986562941302861","7.3955","92.50800000000001","5.079000000000001","8.483999999999995","27.12599999999999","9.935","4.856","96.75","88.266","0","14.139999999999997","14.139999999999997","14.139999999999997","3.7536","1","0","0","0","1","0","0","13.562999999999995","0","0","0","0","0","2","_888922df8e580000_p_Net","1","1","0","1","0","0","0","0","0","0","1","_888922df8e580000_p_odb__dbNet","3.7536","0.0","0.0","3.7536","3.7536","","3.7536","14.139999999999997","1","14.139999999999997","14.139999999999997","14.139999999999997","10.35","96.56","10.35","96.56","1","0","0","0","10.35","","96.56","","2"
"net310","OK","14.568983000000006","0.23720811531999375","8.5455","100.6115","1.859","7.837000000000003","19.392000000000007","9.475","7.616","104.53","96.693","0","10.919999999999998","10.919999999999998","10.919999999999998","3.7536","1","0","0","0","1","0","0","9.696000000000003","0","0","0","0","0","2","_008a22df8e580000_p_Net","1","1","0","1","0","0","0","0","0","0","1","_008a22df8e580000_p_odb__dbNet","3.7536","0.0","0.0","3.7536","3.7536","","3.7536","10.919999999999998","1","10.919999999999998","10.919999999999998","10.919999999999998","9.89","104.72","9.89","104.72","1","0","0","0","9.89","","104.72","","2"
"net311","OK","1.148163000000003","0.19983312465588896","6.4755","103.3315","0.4790000000000001","2.3970000000000056","5.752000000000011","6.715","6.236","104.53","102.133","0","4.099999999999999","4.099999999999999","4.099999999999999","3.7536","1","0","0","0","1","0","0","2.8760000000000057","0","0","0","0","0","2","_788a22df8e580000_p_Net","1","1","0","1","0","0","0","0","0","0","1","_788a22df8e580000_p_odb__dbNet","3.7536","0.0","0.0","3.7536","3.7536","","3.7536","4.099999999999999","1","4.099999999999999","4.099999999999999","4.099999999999999","7.13","104.72","7.13","104.72","1","0","0","0","7.13","","104.72","","2"
"net312","OK","24.631556","0.12704682561569616","6.2005","40.828","1.7690000000000001","13.924","31.386","7.085","5.316","47.79","33.866","0","15.440000000000001","15.440000000000001","15.440000000000001","3.7536","1","0","0","0","1","0","0","15.693","0","0","0","0","0","2","_f08a22df8e580000_p_Net","1","1","0","1","0","0","0","0","0","0","1","_f08a22df8e580000_p_odb__dbNet","3.7536","0.0","0.0","3.7536","3.7536","","3.7536","15.440000000000001","1","15.440000000000001","15.440000000000001","15.440000000000001","6.67","47.6","6.67","47.6","1","0","0","0","6.67","","47.6","","2"
"net313","OK","49.01107199999998","0.41832963780318455","10.359","99.118","4.527999999999999","10.823999999999998","30.703999999999994","12.623","8.095","104.53","93.706","0","15.479999999999995","15.479999999999995","15.479999999999995","3.7536","1","0","0","0","1","0","0","15.351999999999997","0","0","0","0","0","2","_688b22df8e580000_p_Net","1","1","0","1","0","0","0","0","0","0","1","_688b22df8e580000_p_odb__dbNet","3.7536","0.0","0.0","3.7536","3.7536","","3.7536","15.479999999999995","1","15.479999999999995","15.479999999999995","15.479999999999995","8.51","104.72","8.51","104.72","0","1","0","0","8.51","","104.72","","2"
"net314","OK","5.238823","0.043796287826296416","6.4755","96.72149999999999","0.4790000000000001","10.936999999999998","22.831999999999994","6.715","6.236","102.19","91.253","0","12.259999999999994","12.259999999999994","12.259999999999994","3.7536","1","0","0","0","1","0","0","11.415999999999997","0","0","0","0","0","2","_e08b22df8e580000_p_Net","1","1","0","1","0","0","0","0","0","0","1","_e08b22df8e580000_p_odb__dbNet","3.7536","0.0","0.0","3.7536","3.7536","","3.7536","12.259999999999994","1","12.259999999999994","12.259999999999994","12.259999999999994","7.13","102.0","7.13","102.0","1","0","0","0","7.13","","102.0","","2"
"net315","OK","67.43388300000001","0.3825412366963515","8.3155","92.45150000000001","5.079000000000001","13.277000000000001","36.712","10.855","5.776","99.09","85.813","0","19.579999999999995","19.579999999999995","19.579999999999995","3.7536","1","0","0","0","1","0","0","18.356","0","0","0","0","0","2","_588c22df8e580000_p_Net","1","1","0","1","0","0","0","0","0","0","1","_588c22df8e580000_p_odb__dbNet","3.7536","0.0","0.0","3.7536","3.7536","","3.7536","19.579999999999995","1","19.579999999999995","19.579999999999995","19.579999999999995","11.27","99.28","11.27","99.28","1","0","0","0","11.27","","99.28","","2"
"net316","OK","0.07324799999999657","23.357142440052115","10.589","93.678","1.3079999999999998","0.055999999999997385","2.7279999999999944","11.243","9.935","93.706","93.65","0","1.3800000000000008","1.3800000000000008","1.3800000000000008","3.7536","1","0","0","0","1","0","0","1.3639999999999972","0","0","0","0","0","2","_d08c22df8e580000_p_Net","1","1","0","1","0","0","0","0","0","0","1","_d08c22df8e580000_p_odb__dbNet","3.7536","0.0","0.0","3.7536","3.7536","","3.7536","1.3800000000000008","1","1.3800000000000008","1.3800000000000008","1.3800000000000008","10.35","93.84","10.35","93.84","0","1","0","0","10.35","","93.84","","2"
"net317","OK","0.33084799999998454","105.49999811607638","11.049","93.678","5.9079999999999995","0.055999999999997385","11.927999999999994","14.003","8.095","93.706","93.65","0","5.98","5.98","5.98","3.7536","1","0","0","0","1","0","0","5.963999999999997","0","0","0","0","0","2","_488d22df8e580000_p_Net","1","1","0","1","0","0","0","0","0","0","1","_488d22df8e580000_p_odb__dbNet","3.7536","0.0","0.0","3.7536","3.7536","","3.7536","5.98","1","5.98","5.98","5.98","8.51","93.84","8.51","93.84","0","1","0","0","8.51","","93.84","","2"
"net318","OK","62.60343600000006","0.8697548325236018","8.5455","87.068","7.379","8.484000000000009","31.726000000000017","12.235","4.856","91.31","82.826","0","16.440000000000012","16.440000000000012","16.440000000000012","3.7536","1","0","0","0","1","0","0","15.863000000000008","0","0","0","0","0","2","_c08d22df8e580000_p_Net","1","1","0","1","0","0","0","0","0","0","1","_c08d22df8e580000_p_odb__dbNet","3.7536","0.0","0.0","3.7536","3.7536","","3.7536","16.440000000000012","1","16.440000000000012","16.440000000000012","16.440000000000012","12.65","91.12","12.65","91.12","1","0","0","0","12.65","","91.12","","2"
"net319","OK","5.658796000000021","0.6107095924406319","7.6255","78.908","1.859","3.044000000000011","9.806000000000022","8.555","6.696","80.43","77.386","0","5.4799999999999995","5.4799999999999995","5.4799999999999995","3.7536","1","0","0","0","1","0","0","4.903000000000011","0","0","0","0","0","2","_388e22df8e580000_p_Net","1","1","0","1","0","0","0","0","0","0","1","_388e22df8e580000_p_odb__dbNet","3.7536","0.0","0.0","3.7536","3.7536","","3.7536","5.4799999999999995","1","5.4799999999999995","5.4799999999999995","5.4799999999999995","8.97","80.24","8.97","80.24","1","0","0","0","8.97","","80.24","","2"
"net320","OK","29.947703999999973","0.9914483258749193","11.2605","69.19800000000001","5.449","5.495999999999995","21.88999999999999","13.985","8.536","71.946","66.45","0","10.959999999999997","10.959999999999997","10.959999999999997","3.7536","1","0","0","0","1","0","0","10.944999999999995","0","0","0","0","0","2","_b08e22df8e580000_p_Net","1","1","0","1","0","0","0","0","0","0","1","_b08e22df8e580000_p_odb__dbNet","3.7536","0.0","0.0","3.7536","3.7536","","3.7536","10.959999999999997","1","10.959999999999997","10.959999999999997","10.959999999999997","13.57","66.64","13.57","66.64","0","0","0","1","13.57","","66.64","","2"
"net321","OK","22.367292999999993","0.7402219391049258","10.1105","77.6815","4.068999999999999","5.497","19.131999999999998","12.145","8.076","80.43","74.933","0","9.579999999999998","9.579999999999998","9.579999999999998","3.7536","1","0","0","0","1","0","0","9.565999999999999","0","0","0","0","0","2","_288f22df8e580000_p_Net","1","1","0","1","0","0","0","0","0","0","1","_288f22df8e580000_p_odb__dbNet","3.7536","0.0","0.0","3.7536","3.7536","","3.7536","9.579999999999998","1","9.579999999999998","9.579999999999998","9.579999999999998","11.73","80.24","11.73","80.24","1","0","0","0","11.73","","80.24","","2"
"net322","OK","0.07455599999998423","22.947368018472076","5.069","74.9615","1.3079999999999998","0.05699999999998795","2.7299999999999756","5.723","4.415","74.99","74.933","0","1.38","1.38","1.38","3.7536","1","0","0","0","1","0","0","1.3649999999999878","0","0","0","0","0","2","_a08f22df8e580000_p_Net","1","1","0","1","0","0","0","0","0","0","1","_a08f22df8e580000_p_odb__dbNet","3.7536","0.0","0.0","3.7536","3.7536","","3.7536","1.38","1","1.38","1.38","1.38","4.83","74.8","4.83","74.8","0","0","1","0","4.83","","74.8","","2"
"net323","OK","7.042272","0.24294205047493642","6.909","69.19800000000001","1.3079999999999998","5.384","13.384","7.563","6.255","71.89","66.506","0","6.8199999999999985","6.8199999999999985","6.8199999999999985","3.7536","1","0","0","0","1","0","0","6.692","0","0","0","0","0","2","_189022df8e580000_p_Net","1","1","0","1","0","0","0","0","0","0","1","_189022df8e580000_p_odb__dbNet","3.7536","0.0","0.0","3.7536","3.7536","","3.7536","6.8199999999999985","1","6.8199999999999985","6.8199999999999985","6.8199999999999985","6.67","72.08","6.67","72.08","0","1","0","0","6.67","","72.08","","2"
"net324","OK","27.47967599999999","0.3817774634156324","7.3955","70.74799999999999","3.2390000000000008","8.483999999999995","23.44599999999999","9.015","5.776","74.99","66.506","0","12.299999999999997","12.299999999999997","12.299999999999997","3.7536","1","0","0","0","1","0","0","11.722999999999995","0","0","0","0","0","2","_909022df8e580000_p_Net","1","1","0","1","0","0","0","0","0","0","1","_909022df8e580000_p_odb__dbNet","3.7536","0.0","0.0","3.7536","3.7536","","3.7536","12.299999999999997","1","12.299999999999997","12.299999999999997","12.299999999999997","9.43","74.8","9.43","74.8","1","0","0","0","9.43","","74.8","","2"
"net325","OK","31.888752999999983","0.5192037768892176","8.2705","57.091499999999996","4.069","7.836999999999996","23.81199999999999","10.305","6.236","61.01","53.173","0","12.300000000000004","12.300000000000004","12.300000000000004","3.7536","1","0","0","0","1","0","0","11.905999999999995","0","0","0","0","0","2","_089122df8e580000_p_Net","1","1","0","1","0","0","0","0","0","0","1","_089122df8e580000_p_odb__dbNet","3.7536","0.0","0.0","3.7536","3.7536","","3.7536","12.300000000000004","1","12.300000000000004","12.300000000000004","12.300000000000004","9.89","61.2","9.89","61.2","1","0","0","0","9.89","","61.2","","2"
"net326","OK","4.0638359999999984","0.05645921734365172","7.3955","65.30799999999999","0.4790000000000001","8.483999999999995","17.925999999999988","7.635","7.156","69.55","61.066","0","9.539999999999997","9.539999999999997","9.539999999999997","3.7536","1","0","0","0","1","0","0","8.962999999999994","0","0","0","0","0","2","_809122df8e580000_p_Net","1","1","0","1","0","0","0","0","0","0","1","_809122df8e580000_p_odb__dbNet","3.7536","0.0","0.0","3.7536","3.7536","","3.7536","9.539999999999997","1","9.539999999999997","9.539999999999997","9.539999999999997","8.05","69.36","8.05","69.36","1","0","0","0","8.05","","69.36","","2"
"net327","OK","10.163735999999998","0.08675166296316043","9.0055","66.47800000000001","0.9390000000000001","10.823999999999998","23.525999999999996","9.475","8.536","71.89","61.066","0","12.719999999999995","12.719999999999995","12.719999999999995","3.7536","1","0","0","0","1","0","0","11.762999999999998","0","0","0","0","0","2","_f89122df8e580000_p_Net","1","1","0","1","0","0","0","0","0","0","1","_f89122df8e580000_p_odb__dbNet","3.7536","0.0","0.0","3.7536","3.7536","","3.7536","12.719999999999995","1","12.719999999999995","12.719999999999995","12.719999999999995","9.89","72.08","9.89","72.08","1","0","0","0","9.89","","72.08","","2"
"net328","OK","35.28495599999999","0.4902168787729593","7.8555","65.30799999999999","4.159000000000001","8.483999999999995","25.28599999999999","9.935","5.776","69.55","61.066","0","13.219999999999995","13.219999999999995","13.219999999999995","3.7536","1","0","0","0","1","0","0","12.642999999999995","0","0","0","0","0","2","_709222df8e580000_p_Net","1","1","0","1","0","0","0","0","0","0","1","_709222df8e580000_p_odb__dbNet","3.7536","0.0","0.0","3.7536","3.7536","","3.7536","13.219999999999995","1","13.219999999999995","13.219999999999995","13.219999999999995","10.35","69.36","10.35","69.36","1","0","0","0","10.35","","69.36","","2"
"net329","OK","36.761952","1.2682020800021911","8.289","69.19800000000001","6.827999999999999","5.384","24.424","11.703","4.875","71.89","66.506","0","12.339999999999996","12.339999999999996","12.339999999999996","3.7536","1","0","0","0","1","0","0","12.212","0","0","0","0","0","2","_e89222df8e580000_p_Net","1","1","0","1","0","0","0","0","0","0","1","_e89222df8e580000_p_odb__dbNet","3.7536","0.0","0.0","3.7536","3.7536","","3.7536","12.339999999999996","1","12.339999999999996","12.339999999999996","12.339999999999996","5.29","72.08","5.29","72.08","0","1","0","0","5.29","","72.08","","2"
"net330","OK","37.251896","1.2851040116483834","15.2155","74.638","6.9190000000000005","5.384","24.606","18.675","11.756","77.33","71.946","0","13.259999999999998","13.259999999999998","13.259999999999998","3.7536","1","0","0","0","1","0","0","12.303","0","0","0","0","0","2","_609322df8e580000_p_Net","1","1","0","1","0","0","0","0","0","0","1","_609322df8e580000_p_odb__dbNet","3.7536","0.0","0.0","3.7536","3.7536","","3.7536","13.259999999999998","1","13.259999999999998","13.259999999999998","13.259999999999998","19.09","77.52","19.09","77.52","1","0","0","0","19.09","","77.52","","2"
"net331","OK","0.07834399999999629","24.98214241103432","9.6955","55.598","1.3989999999999991","0.055999999999997385","2.909999999999993","10.395","8.996","55.626","55.57","0","2.3000000000000007","2.3000000000000007","2.3000000000000007","3.7536","1","0","0","0","1","0","0","1.4549999999999965","0","0","0","0","0","2","_d89322df8e580000_p_Net","1","1","0","1","0","0","0","0","0","0","1","_d89322df8e580000_p_odb__dbNet","3.7536","0.0","0.0","3.7536","3.7536","","3.7536","2.3000000000000007","1","2.3000000000000007","2.3000000000000007","2.3000000000000007","10.81","55.76","10.81","55.76","1","0","0","0","10.81","","55.76","","2"
"net332","OK","0.027245999999994126","8.385964765160251","28.484","74.9615","0.477999999999998","0.05699999999998795","1.0699999999999719","28.723","28.245","74.99","74.933","0","1.3800000000000026","1.3800000000000026","1.3800000000000026","3.7536","1","0","0","0","1","0","0","0.5349999999999859","0","0","0","0","0","2","_509422df8e580000_p_Net","1","1","0","1","0","0","0","0","0","0","1","_509422df8e580000_p_odb__dbNet","3.7536","0.0","0.0","3.7536","3.7536","","3.7536","1.3800000000000026","1","1.3800000000000026","1.3800000000000026","1.3800000000000026","27.83","74.8","27.83","74.8","0","0","1","0","27.83","","74.8","","2"
"net333","OK","0.12986400000001036","41.41071354623392","24.4155","61.038","2.318999999999999","0.05600000000000449","4.750000000000007","25.575","23.256","61.066","61.01","0","3.219999999999999","3.219999999999999","3.219999999999999","3.7536","1","0","0","0","1","0","0","2.3750000000000036","0","0","0","0","0","2","_c89422df8e580000_p_Net","1","1","0","1","0","0","0","0","0","0","1","_c89422df8e580000_p_odb__dbNet","3.7536","0.0","0.0","3.7536","3.7536","","3.7536","3.219999999999999","1","3.219999999999999","3.219999999999999","3.219999999999999","25.99","61.2","25.99","61.2","1","0","0","0","25.99","","61.2","","2"
"net334","OK","3.040368000000018","0.04951505869710132","28.069000000000003","133.308","0.3880000000000017","7.836000000000013","16.44800000000003","28.263","27.875","137.226","129.39","0","8.620000000000026","8.620000000000026","8.620000000000026","3.7536","1","0","0","0","1","0","0","8.224000000000014","0","0","0","0","0","2","_409522df8e580000_p_Net","1","1","0","1","0","0","0","0","0","0","1","_409522df8e580000_p_odb__dbNet","3.7536","0.0","0.0","3.7536","3.7536","","3.7536","8.620000000000026","1","8.620000000000026","8.620000000000026","8.620000000000026","28.29","129.2","28.29","129.2","0","0","0","1","28.29","","129.2","","2"
"net335","OK","30.61514699999998","0.4254391134710087","26.4405","130.5315","3.6090000000000018","8.48299999999999","24.183999999999983","28.245","24.636","134.773","126.29","0","11.839999999999982","11.839999999999982","11.839999999999982","3.7536","1","0","0","0","1","0","0","12.091999999999992","0","0","0","0","0","2","_b89522df8e580000_p_Net","1","1","0","1","0","0","0","0","0","0","1","_b89522df8e580000_p_odb__dbNet","3.7536","0.0","0.0","3.7536","3.7536","","3.7536","11.839999999999982","1","11.839999999999982","11.839999999999982","11.839999999999982","27.83","126.48","27.83","126.48","0","0","0","1","27.83","","126.48","","2"
"net336","OK","0.026767999999998737","8.535714133291213","6.864","28.398","0.47799999999999976","0.055999999999997385","1.0679999999999943","7.103","6.625","28.426","28.37","0","1.38","1.38","1.38","3.7536","1","0","0","0","1","0","0","0.5339999999999971","0","0","0","0","0","2","_309622df8e580000_p_Net","1","1","0","1","0","0","0","0","0","0","1","_309622df8e580000_p_odb__dbNet","3.7536","0.0","0.0","3.7536","3.7536","","3.7536","1.38","1","1.38","1.38","1.38","6.21","28.56","6.21","28.56","0","1","0","0","6.21","","28.56","","2"
"net337","OK","0.026823999999998703","8.55357127582947","28.0955","39.278","0.4789999999999992","0.055999999999997385","1.0699999999999932","28.335","27.856","39.306","39.25","0","1.379999999999999","1.379999999999999","1.379999999999999","3.7536","1","0","0","0","1","0","0","0.5349999999999966","0","0","0","0","0","2","_a89622df8e580000_p_Net","1","1","0","1","0","0","0","0","0","0","1","_a89622df8e580000_p_odb__dbNet","3.7536","0.0","0.0","3.7536","3.7536","","3.7536","1.379999999999999","1","1.379999999999999","1.379999999999999","1.379999999999999","28.75","39.44","28.75","39.44","1","0","0","0","28.75","","39.44","","2"
"net338","OK","0.026823999999998703","8.55357127582947","21.6555","33.838","0.4789999999999992","0.055999999999997385","1.0699999999999932","21.895","21.416","33.866","33.81","0","1.379999999999999","1.379999999999999","1.379999999999999","3.7536","1","0","0","0","1","0","0","0.5349999999999966","0","0","0","0","0","2","_209722df8e580000_p_Net","1","1","0","1","0","0","0","0","0","0","1","_209722df8e580000_p_odb__dbNet","3.7536","0.0","0.0","3.7536","3.7536","","3.7536","1.379999999999999","1","1.379999999999999","1.379999999999999","1.379999999999999","22.31","34.0","22.31","34.0","1","0","0","0","22.31","","34.0","","2"
"net339","OK","1.0566360000000021","0.18405676119196318","14.2955","38.108","0.4410000000000007","2.396000000000001","5.674000000000003","14.516","14.075","39.306","36.91","0","3.1799999999999997","3.1799999999999997","3.1799999999999997","3.7536","1","0","0","0","1","0","0","2.8370000000000015","0","0","0","0","0","2","_989722df8e580000_p_Net","1","1","0","1","0","0","0","0","0","0","1","_989722df8e580000_p_odb__dbNet","3.7536","0.0","0.0","3.7536","3.7536","","3.7536","3.1799999999999997","1","3.1799999999999997","3.1799999999999997","3.1799999999999997","14.49","36.72","14.49","36.72","0","0","0","1","14.49","","36.72","","2"
"net340","OK","0.05352300000001538","16.473683921509586","29.2455","145.6815","0.9390000000000001","0.05700000000001637","1.9920000000000329","29.715","28.776","145.71","145.653","0","1.8399999999999999","1.8399999999999999","1.8399999999999999","3.7536","1","0","0","0","1","0","0","0.9960000000000164","0","0","0","0","0","2","_60c613de8e580000_p_Net","1","1","0","1","0","0","0","0","0","0","1","_60c613de8e580000_p_odb__dbNet","3.7536","0.0","0.0","3.7536","3.7536","","3.7536","1.8399999999999999","1","1.8399999999999999","1.8399999999999999","1.8399999999999999","30.13","145.52","30.13","145.52","0","0","0","1","30.13","","145.52","","2"
"net341","OK","14.568983000000019","0.2372081153199931","26.485500000000002","149.57150000000001","1.8589999999999982","7.8370000000000175","19.39200000000003","27.415","25.556","153.49","145.653","0","10.919999999999995","10.919999999999995","10.919999999999995","3.7536","1","0","0","0","1","0","0","9.696000000000016","0","0","0","0","0","2","_d8c613de8e580000_p_Net","1","1","0","1","0","0","0","0","0","0","1","_d8c613de8e580000_p_odb__dbNet","3.7536","0.0","0.0","3.7536","3.7536","","3.7536","10.919999999999995","1","10.919999999999995","10.919999999999995","10.919999999999995","27.83","153.68","27.83","153.68","1","0","0","0","27.83","","153.68","","2"
"net342","OK","7.042271999999991","0.2429420504749374","15.649000000000001","129.038","1.3080000000000016","5.383999999999986","13.383999999999975","16.303","14.995","131.73","126.346","0","6.8199999999999825","6.8199999999999825","6.8199999999999825","3.7536","1","0","0","0","1","0","0","6.691999999999988","0","0","0","0","0","2","_50c713de8e580000_p_Net","1","1","0","1","0","0","0","0","0","0","1","_50c713de8e580000_p_odb__dbNet","3.7536","0.0","0.0","3.7536","3.7536","","3.7536","6.8199999999999825","1","6.8199999999999825","6.8199999999999825","6.8199999999999825","15.41","131.92","15.41","131.92","0","1","0","0","15.41","","131.92","","2"
"net343","OK","16.94883199999996","0.5846953936506897","7.829000000000001","129.038","3.1480000000000006","5.383999999999986","17.06399999999997","9.403","6.255","131.73","126.346","0","8.659999999999984","8.659999999999984","8.659999999999984","3.7536","1","0","0","0","1","0","0","8.531999999999986","0","0","0","0","0","2","_c8c713de8e580000_p_Net","1","1","0","1","0","0","0","0","0","0","1","_c8c713de8e580000_p_odb__dbNet","3.7536","0.0","0.0","3.7536","3.7536","","3.7536","8.659999999999984","1","8.659999999999984","8.659999999999984","8.659999999999984","6.67","131.92","6.67","131.92","0","1","0","0","6.67","","131.92","","2"
"net344","OK","0.5369840000000003","171.2321397994259","11.0305","6.638","9.588999999999999","0.05600000000000005","19.29","15.825","6.236","6.666","6.61","0","9.66","9.66","9.66","3.7536","1","0","0","0","1","0","0","9.645","0","0","0","0","0","2","_40c813de8e580000_p_Net","1","1","0","1","0","0","0","0","0","0","1","_40c813de8e580000_p_odb__dbNet","3.7536","0.0","0.0","3.7536","3.7536","","3.7536","9.66","1","9.66","9.66","9.66","15.41","6.8","15.41","6.8","1","0","0","0","15.41","","6.8","","2"
"net345","OK","0.02730300000000024","8.403508624499809","13.375499999999999","9.6815","0.479000000000001","0.057000000000000384","1.0720000000000027","13.615","13.136","9.71","9.653","0","1.379999999999999","1.379999999999999","1.379999999999999","3.7536","1","0","0","0","1","0","0","0.5360000000000014","0","0","0","0","0","2","_b8c813de8e580000_p_Net","1","1","0","1","0","0","0","0","0","0","1","_b8c813de8e580000_p_odb__dbNet","3.7536","0.0","0.0","3.7536","3.7536","","3.7536","1.379999999999999","1","1.379999999999999","1.379999999999999","1.379999999999999","14.03","9.52","14.03","9.52","0","0","0","1","14.03","","9.52","","2"
"net346","OK","8.456497000000008","0.9132435093942668","17.7455","19.011499999999998","2.779","3.043000000000003","11.644000000000005","19.135","16.356","20.533","17.49","0","6.4","6.4","6.4","3.7536","1","0","0","0","1","0","0","5.822000000000003","0","0","0","0","0","2","_30c913de8e580000_p_Net","1","1","0","1","0","0","0","0","0","0","1","_30c913de8e580000_p_odb__dbNet","3.7536","0.0","0.0","3.7536","3.7536","","3.7536","6.4","1","6.4","6.4","6.4","19.55","17.68","19.55","17.68","0","0","0","1","19.55","","17.68","","2"
"net347","OK","0.3101840000000052","98.9107125194499","7.6255","22.958","5.539","0.05600000000000094","11.190000000000001","10.395","4.856","22.986","22.93","0","6.44","6.44","6.44","3.7536","1","0","0","0","1","0","0","5.595000000000001","0","0","0","0","0","2","_a8c913de8e580000_p_Net","1","1","0","1","0","0","0","0","0","0","1","_a8c913de8e580000_p_odb__dbNet","3.7536","0.0","0.0","3.7536","3.7536","","3.7536","6.44","1","6.44","6.44","6.44","10.81","23.12","10.81","23.12","1","0","0","0","10.81","","23.12","","2"
"net348","OK","0.027303000000007797","8.403508624497421","19.8155","145.6815","0.4789999999999992","0.05700000000001637","1.0720000000000312","20.055","19.576","145.71","145.653","0","1.379999999999999","1.379999999999999","1.379999999999999","3.7536","1","0","0","0","1","0","0","0.5360000000000156","0","0","0","0","0","2","_20ca13de8e580000_p_Net","1","1","0","1","0","0","0","0","0","0","1","_20ca13de8e580000_p_odb__dbNet","3.7536","0.0","0.0","3.7536","3.7536","","3.7536","1.379999999999999","1","1.379999999999999","1.379999999999999","1.379999999999999","20.47","145.52","20.47","145.52","0","0","0","1","20.47","","145.52","","2"
"net349","OK","0.02730300000000109","8.403508624499548","12.4555","47.7615","0.479000000000001","0.05700000000000216","1.0720000000000063","12.695","12.216","47.79","47.733","0","1.379999999999999","1.379999999999999","1.379999999999999","3.7536","1","0","0","0","1","0","0","0.5360000000000031","0","0","0","0","0","2","_98ca13de8e580000_p_Net","1","1","0","1","0","0","0","0","0","0","1","_98ca13de8e580000_p_odb__dbNet","3.7536","0.0","0.0","3.7536","3.7536","","3.7536","1.379999999999999","1","1.379999999999999","1.379999999999999","1.379999999999999","13.11","47.6","13.11","47.6","0","0","0","1","13.11","","47.6","","2"
"net350","OK","39.187596000000006","0.5444365864516222","18.6655","54.428","4.619","8.484000000000002","26.206000000000003","20.975","16.356","58.67","50.186","0","13.679999999999998","13.679999999999998","13.679999999999998","3.7536","1","0","0","0","1","0","0","13.103000000000002","0","0","0","0","0","2","_10cb13de8e580000_p_Net","1","1","0","1","0","0","0","0","0","0","1","_10cb13de8e580000_p_odb__dbNet","3.7536","0.0","0.0","3.7536","3.7536","","3.7536","13.679999999999998","1","13.679999999999998","13.679999999999998","13.679999999999998","21.39","58.48","21.39","58.48","1","0","0","0","21.39","","58.48","","2"
"net351","OK","0.12986400000001055","41.410713546233985","23.4955","44.718","2.3190000000000026","0.05600000000000449","4.750000000000014","24.655","22.336","44.746","44.69","0","3.219999999999999","3.219999999999999","3.219999999999999","3.7536","1","0","0","0","1","0","0","2.375000000000007","0","0","0","0","0","2","_88cb13de8e580000_p_Net","1","1","0","1","0","0","0","0","0","0","1","_88cb13de8e580000_p_odb__dbNet","3.7536","0.0","0.0","3.7536","3.7536","","3.7536","3.219999999999999","1","3.219999999999999","3.219999999999999","3.219999999999999","25.07","44.88","25.07","44.88","1","0","0","0","25.07","","44.88","","2"
"net352","OK","4.8509839999999995","0.16734769684856093","4.8655","41.998","0.9009999999999998","5.384","12.57","5.316","4.415","44.69","39.306","0","5.440000000000005","5.440000000000005","5.440000000000005","3.7536","1","0","0","0","1","0","0","6.285","0","0","0","0","0","2","_00cc13de8e580000_p_Net","1","1","0","1","0","0","0","0","0","0","1","_00cc13de8e580000_p_odb__dbNet","3.7536","0.0","0.0","3.7536","3.7536","","3.7536","5.440000000000005","1","5.440000000000005","5.440000000000005","5.440000000000005","4.83","44.88","4.83","44.88","0","1","0","0","4.83","","44.88","","2"
"net353","OK","3.0407560000000062","0.049508740583193864","7.369","144.13150000000002","0.3879999999999999","7.8370000000000175","16.450000000000035","7.563","7.175","148.05","140.213","0","8.619999999999997","8.619999999999997","8.619999999999997","3.7536","1","0","0","0","1","0","0","8.225000000000017","0","0","0","0","0","2","_78cc13de8e580000_p_Net","1","1","0","1","0","0","0","0","0","0","1","_78cc13de8e580000_p_odb__dbNet","3.7536","0.0","0.0","3.7536","3.7536","","3.7536","8.619999999999997","1","8.619999999999997","8.619999999999997","8.619999999999997","7.59","148.24","7.59","148.24","1","0","0","0","7.59","","148.24","","2"
"net354","OK","1262.6002239999998","0.664983705864392","21.644","93.679","28.976","43.574","145.1","36.132","7.156","115.466","71.892","0","74.57","74.57","74.57","3.7536","1","0","0","0","1","0","0","72.55","0","0","0","0","0","2","_f0cc13de8e580000_p_Net","1","0","0","1","0","0","0","0","0","0","1","_f0cc13de8e580000_p_odb__dbNet","0.0","0.0","0.0","10.0096","10.0096","","10.0096","74.57","1","74.57","74.57","74.57","37.72","72.08","37.72","72.08","0","0","0","1","37.72","","72.08","","2"
"net355","OK","13.409762999999966","0.2328370008917063","34.2795","176.6475","1.766999999999996","7.588999999999999","18.71199999999999","35.163","33.396","180.442","172.853","0","10.229999999999997","10.229999999999997","10.229999999999997","3.7536","1","0","0","0","1","0","0","9.355999999999995","0","0","0","0","0","2","_68cd13de8e580000_p_Net","1","0","0","1","0","0","0","0","0","0","1","_68cd13de8e580000_p_odb__dbNet","0.0","0.0","0.0","5.0048","5.0048","","5.0048","10.229999999999997","1","10.229999999999997","10.229999999999997","10.229999999999997","33.58","180.88","33.58","180.88","0","1","0","0","33.58","","180.88","","2"
"net364","OK","71.22251499999989","2.0356720199432528","48.4375","175.78750000000002","12.040999999999997","5.914999999999992","35.91199999999998","54.458","42.417","178.745","172.83","0","17.630000000000003","10.862000000000004","54.31000000000002","5.0048","1","0","0","0","5","0","0","17.95599999999999","0","0","0","0","0","6","_e0cd13de8e580000_p_Net","1","0","0","1","0","0","0","0","0","0","5","_e0cd13de8e580000_p_odb__dbNet","0.0","0.0","0.0","8.758400000000002","7.256960000000001","1.4591374021660886","36.284800000000004","10.862000000000002","5","10.310000000000002","17.630000000000003","17.630000000000003","50.37","178.16","42.55","172.72","0","1","3","1","46.598","2.7469357473373854","175.44","1.7202790471315976","6"
"net367","OK","42.00768","0.35487132349679473","12.7665","50.086","3.860999999999999","10.880000000000003","29.482000000000003","14.697","10.836","55.526","44.646","0","15.749999999999998","11.803333333333333","35.41","3.7536","1","0","0","0","3","0","0","14.741000000000001","0","0","0","0","0","4","_58ce13de8e580000_p_Net","1","0","0","1","0","0","0","0","0","0","3","_58ce13de8e580000_p_odb__dbNet","0.0","0.0","0.0","30.0288","30.0288","0.0","90.0864","9.99","3","11.649999999999997","15.749999999999998","15.749999999999998","17.94","55.76","15.64","44.88","2","0","0","1","16.713333333333335","0.9452101471219101","51.22666666666667","4.623111025657456","4"
"net386","OK","38.39287999999996","0.5321403342910119","47.14","157.793","4.519999999999996","8.494","26.02799999999999","49.4","44.88","162.04","153.546","0","11.61","6.644","33.22","3.7536","1","0","0","0","5","0","0","13.013999999999996","0","0","0","0","0","6","_d0ce13de8e580000_p_Net","1","0","0","1","0","0","0","0","0","0","5","_d0ce13de8e580000_p_odb__dbNet","0.0","0.0","0.0","8.758400000000002","6.756480000000002","2.032959370376103","33.78240000000001","6.275999999999989","5","5.670000000000002","11.61","11.61","49.68","161.84","45.31","156.4","2","1","1","1","47.61","1.6001124960451993","158.576","2.0354616184050234","6"
"net395","OK","158.34395999999992","0.04810792909225724","43.205","100.6315","2.759999999999998","57.37100000000001","120.26200000000001","44.585","41.825","129.317","71.946","0","62.86999999999999","53.099999999999994","212.39999999999998","3.7536","1","0","0","0","4","0","0","60.13100000000001","0","0","0","0","0","5","_48cf13de8e580000_p_Net","1","0","0","1","0","0","0","0","0","0","4","_48cf13de8e580000_p_odb__dbNet","0.0","0.0","0.0","30.0288","30.0288","0.0","120.1152","53.099999999999994","4","47.43","62.86999999999999","62.86999999999999","48.3","129.2","45.54","112.88","4","0","0","0","46.69","1.0025467570143538","121.03999999999999","6.934666538486187","5"
"net396","OK","132.15758399999999","1.1131607928493792","47.7205","110.03399999999999","12.128999999999998","10.896","46.05","53.785","41.656","115.482","104.586","0","27.209999999999994","19.334999999999994","77.33999999999997","3.7536","1","0","0","0","4","0","0","23.025","0","0","0","0","0","5","_c0cf13de8e580000_p_Net","1","0","0","1","0","0","0","0","0","0","4","_c0cf13de8e580000_p_odb__dbNet","0.0","0.0","0.0","30.0288","30.0288","0.0","120.1152","19.334999999999994","4","15.329999999999998","27.209999999999994","27.209999999999994","57.5","115.6","48.76","107.44","3","0","0","1","53.705","3.8811435170578275","111.52","3.0410524493997126","5"
"net415","OK","0.09416199999999854","11.88764031586939","24.974","164.4705","1.0579999999999998","0.08899999999999864","2.293999999999997","25.503","24.445","164.515","164.426","0","1.8399999999999999","1.8399999999999999","1.8399999999999999","3.7536","1","0","0","0","1","0","0","1.1469999999999985","0","0","0","0","0","2","_38d013de8e580000_p_Net","1","0","0","1","0","0","0","0","0","0","1","_38d013de8e580000_p_odb__dbNet","0.0","0.0","0.0","6.256","6.256","","6.256","1.8399999999999999","1","1.8399999999999999","1.8399999999999999","1.8399999999999999","24.15","164.56","24.15","164.56","0","1","0","0","24.15","","164.56","","2"
"net416","OK","1.3532460000000133","0.0447191419660576","26.767","170.15949999999998","0.24600000000000222","5.501000000000005","11.494000000000014","26.89","26.644","172.91","167.409","0","8.659999999999997","7.184999999999997","14.369999999999994","23.772800000000004","0","0","1","0","2","0","0","5.747000000000007","0","0","0","0","0","3","_b0d013de8e580000_p_Net","0","1","0","1","0","0","0","0","0","0","2","_b0d013de8e580000_p_odb__dbNet","3.7536","0.0","0.0","5.0048","4.3792","0.6256000000000002","8.7584","7.185000000000013","2","5.709999999999997","8.659999999999997","8.659999999999997","26.45","172.72","26.22","170.0","0","1","1","0","26.335","0.11500000000000021","171.36","1.3599999999999994","3"
"net417","OK","0.009039000000000358","0.0009956853630947306","8.0215","51.6665","0.0030000000000001137","3.0130000000000052","6.032000000000011","8.023","8.02","53.173","50.16","0","3.639999999999999","3.639999999999999","3.639999999999999","3.7536","1","0","0","0","1","0","0","3.0160000000000053","0","0","0","0","0","2","_28d113de8e580000_p_Net","1","0","0","1","0","0","0","0","0","0","1","_28d113de8e580000_p_odb__dbNet","0.0","0.0","0.0","3.7536","3.7536","","3.7536","3.639999999999999","1","3.639999999999999","3.639999999999999","3.639999999999999","7.59","50.32","7.59","50.32","0","0","1","0","7.59","","50.32","","2"
"net418","OK","59.76179999999998","0.16603415558897133","13.33","68.094","3.1499999999999986","18.972","44.244","14.905","11.755","77.58","58.608","0","19.96","13.870000000000005","27.74000000000001","28.777600000000003","0","0","1","0","2","0","0","22.122","0","0","0","0","0","3","_a0d113de8e580000_p_Net","0","1","0","1","0","0","0","0","0","0","2","_a0d113de8e580000_p_odb__dbNet","3.7536","0.0","0.0","8.758400000000002","6.256000000000001","2.502400000000001","12.512000000000002","13.870000000000003","2","7.7800000000000065","19.96","19.96","14.49","77.52","10.35","61.2","0","1","0","1","12.42","2.0700000000000003","69.36","8.159999999999997","3"
"net419","OK","0.18456600000000697","56.807016547243165","8.244","26.0015","3.2379999999999995","0.05700000000000216","6.590000000000003","9.863","6.625","26.03","25.973","0","4.14","4.14","4.14","3.7536","1","0","0","0","1","0","0","3.2950000000000017","0","0","0","0","0","2","_18d213de8e580000_p_Net","1","1","0","1","0","0","0","0","0","0","1","_18d213de8e580000_p_odb__dbNet","3.7536","0.0","0.0","3.7536","3.7536","","3.7536","4.14","1","4.14","4.14","4.14","6.21","25.84","6.21","25.84","0","0","1","0","6.21","","25.84","","2"
"net420","OK","1.0971930000000416","337.70174846136","17.700499999999998","26.0015","19.249","0.05700000000000216","38.612","27.325","8.076","26.03","25.973","0","19.32","19.32","19.32","3.7536","1","0","0","0","1","0","0","19.306","0","0","0","0","0","2","_90d213de8e580000_p_Net","1","1","0","1","0","0","0","0","0","0","1","_90d213de8e580000_p_odb__dbNet","3.7536","0.0","0.0","3.7536","3.7536","","3.7536","19.32","1","19.32","19.32","19.32","26.91","25.84","26.91","25.84","0","0","0","1","26.91","","25.84","","2"
"net421","OK","0.9296479999999987","0.1619365608673054","8.748999999999999","27.228","0.3879999999999999","2.3959999999999972","5.567999999999994","8.943","8.555","28.426","26.03","0","3.179999999999998","3.179999999999998","3.179999999999998","3.7536","1","0","0","0","1","0","0","2.783999999999997","0","0","0","0","0","2","_08d313de8e580000_p_Net","1","1","0","1","0","0","0","0","0","0","1","_08d313de8e580000_p_odb__dbNet","3.7536","0.0","0.0","3.7536","3.7536","","3.7536","3.179999999999998","1","3.179999999999998","3.179999999999998","3.179999999999998","8.97","25.84","8.97","25.84","0","0","0","1","8.97","","25.84","","2"
"net422","OK","49.635096","1.7122956906180726","13.145499999999998","118.15799999999999","9.219","5.384","29.206","17.755","8.536","120.85","115.466","0","15.560000000000013","15.560000000000013","15.560000000000013","3.7536","1","0","0","0","1","0","0","14.603","0","0","0","0","0","2","_80d313de8e580000_p_Net","1","1","0","1","0","0","0","0","0","0","1","_80d313de8e580000_p_odb__dbNet","3.7536","0.0","0.0","3.7536","3.7536","","3.7536","15.560000000000013","1","15.560000000000013","15.560000000000013","15.560000000000013","18.17","121.04","18.17","121.04","1","0","0","0","18.17","","121.04","","2"
"net423","OK","0.026767999999998737","8.535714133291213","10.084","115.43799999999999","0.47799999999999976","0.055999999999997385","1.0679999999999943","10.323","9.845","115.466","115.41","0","1.3800000000000008","1.3800000000000008","1.3800000000000008","3.7536","1","0","0","0","1","0","0","0.5339999999999971","0","0","0","0","0","2","_f8d313de8e580000_p_Net","1","1","0","1","0","0","0","0","0","0","1","_f8d313de8e580000_p_odb__dbNet","3.7536","0.0","0.0","3.7536","3.7536","","3.7536","1.3800000000000008","1","1.3800000000000008","1.3800000000000008","1.3800000000000008","9.43","115.6","9.43","115.6","0","1","0","0","9.43","","115.6","","2"
"net424","OK","7.530816999999999","0.2598922533420223","15.215499999999999","39.6015","1.3989999999999991","5.383000000000003","13.564000000000004","15.915","14.516","42.293","36.91","0","7.739999999999997","7.739999999999997","7.739999999999997","3.7536","1","0","0","0","1","0","0","6.782000000000002","0","0","0","0","0","2","_70d413de8e580000_p_Net","1","1","0","1","0","0","0","0","0","0","1","_70d413de8e580000_p_odb__dbNet","3.7536","0.0","0.0","3.7536","3.7536","","3.7536","7.739999999999997","1","7.739999999999997","7.739999999999997","7.739999999999997","16.33","36.72","16.33","36.72","0","0","0","1","16.33","","36.72","","2"
"net425","OK","40.441327999999984","0.33814923186373896","13.533999999999999","12.078","3.6979999999999986","10.936","29.267999999999997","15.383","11.685","17.546","6.61","0","15.479999999999999","15.479999999999999","15.479999999999999","3.7536","1","0","0","0","1","0","0","14.633999999999999","0","0","0","0","0","2","_e8d413de8e580000_p_Net","1","1","0","1","0","0","0","0","0","0","1","_e8d413de8e580000_p_odb__dbNet","3.7536","0.0","0.0","3.7536","3.7536","","3.7536","15.479999999999999","1","15.479999999999999","15.479999999999999","15.479999999999999","11.27","6.8","11.27","6.8","0","0","1","0","11.27","","6.8","","2"
"net426","OK","21.90211200000001","0.7555720652385641","14.729000000000001","20.238","4.068000000000001","5.384","18.904000000000003","16.763","12.695","22.93","17.546","0","9.580000000000002","9.580000000000002","9.580000000000002","3.7536","1","0","0","0","1","0","0","9.452000000000002","0","0","0","0","0","2","_60d513de8e580000_p_Net","1","1","0","1","0","0","0","0","0","0","1","_60d513de8e580000_p_odb__dbNet","3.7536","0.0","0.0","3.7536","3.7536","","3.7536","9.580000000000002","1","9.580000000000002","9.580000000000002","9.580000000000002","13.11","23.12","13.11","23.12","0","1","0","0","13.11","","23.12","","2"
"net427","OK","0.027302999999999286","8.40350862450004","17.9755","20.561500000000002","0.4789999999999992","0.05699999999999861","1.0719999999999956","18.215","17.736","20.59","20.533","0","1.379999999999999","1.379999999999999","1.379999999999999","3.7536","1","0","0","0","1","0","0","0.5359999999999978","0","0","0","0","0","2","_d8d513de8e580000_p_Net","1","1","0","1","0","0","0","0","0","0","1","_d8d513de8e580000_p_odb__dbNet","3.7536","0.0","0.0","3.7536","3.7536","","3.7536","1.379999999999999","1","1.379999999999999","1.379999999999999","1.379999999999999","18.63","20.4","18.63","20.4","0","0","0","1","18.63","","20.4","","2"
"net428","OK","0.07324799999999657","23.357142440052115","12.889","33.838","1.3079999999999998","0.055999999999997385","2.7279999999999944","13.543","12.235","33.866","33.81","0","1.379999999999999","1.379999999999999","1.379999999999999","3.7536","1","0","0","0","1","0","0","1.3639999999999972","0","0","0","0","0","2","_50d613de8e580000_p_Net","1","1","0","1","0","0","0","0","0","0","1","_50d613de8e580000_p_odb__dbNet","3.7536","0.0","0.0","3.7536","3.7536","","3.7536","1.379999999999999","1","1.379999999999999","1.379999999999999","1.379999999999999","12.65","34.0","12.65","34.0","0","1","0","0","12.65","","34.0","","2"
"net429","OK","38.028246000000095","1.258504638664995","11.924","153.8415","6.917999999999999","5.497000000000014","24.830000000000027","15.383","8.465","156.59","151.093","0","13.259999999999996","13.259999999999996","13.259999999999996","3.7536","1","0","0","0","1","0","0","12.415000000000013","0","0","0","0","0","2","_c8d613de8e580000_p_Net","1","1","0","1","0","0","0","0","0","0","1","_c8d613de8e580000_p_odb__dbNet","3.7536","0.0","0.0","3.7536","3.7536","","3.7536","13.259999999999996","1","13.259999999999996","13.259999999999996","13.259999999999996","8.05","156.4","8.05","156.4","0","1","0","0","8.05","","156.4","","2"
"net430","OK","1.1481630000000076","0.1998331246558874","15.2155","152.29149999999998","0.4789999999999992","2.39700000000002","5.752000000000038","15.455","14.976","153.49","151.093","0","4.099999999999998","4.099999999999998","4.099999999999998","3.7536","1","0","0","0","1","0","0","2.876000000000019","0","0","0","0","0","2","_40d713de8e580000_p_Net","1","1","0","1","0","0","0","0","0","0","1","_40d713de8e580000_p_odb__dbNet","3.7536","0.0","0.0","3.7536","3.7536","","3.7536","4.099999999999998","1","4.099999999999998","4.099999999999998","4.099999999999998","15.87","153.68","15.87","153.68","1","0","0","0","15.87","","153.68","","2"
"net431","OK","0.04552399999999607","0.007929883135253949","14.9855","108.828","0.01899999999999835","2.396000000000001","4.829999999999998","14.995","14.976","110.026","107.63","0","3.639999999999999","3.639999999999999","3.639999999999999","3.7536","1","0","0","0","1","0","0","2.414999999999999","0","0","0","0","0","2","_b8d713de8e580000_p_Net","1","1","0","1","0","0","0","0","0","0","1","_b8d713de8e580000_p_odb__dbNet","3.7536","0.0","0.0","3.7536","3.7536","","3.7536","3.639999999999999","1","3.639999999999999","3.639999999999999","3.639999999999999","15.41","107.44","15.41","107.44","0","0","0","1","15.41","","107.44","","2"
"net432","OK","6.370263999999991","0.023754274546668598","14.7105","161.678","0.38899999999999935","16.376000000000005","33.53000000000001","14.905","14.516","169.866","153.49","0","16.779999999999994","16.779999999999994","16.779999999999994","3.7536","1","0","0","0","1","0","0","16.765000000000004","0","0","0","0","0","2","_30d813de8e580000_p_Net","1","1","0","1","0","0","0","0","0","0","1","_30d813de8e580000_p_odb__dbNet","3.7536","0.0","0.0","3.7536","3.7536","","3.7536","16.779999999999994","1","16.779999999999994","16.779999999999994","16.779999999999994","14.49","153.68","14.49","153.68","0","0","1","0","14.49","","153.68","","2"
"net433","OK","0.027302999999994183","8.403508624501612","12.9155","162.00150000000002","0.4789999999999992","0.05699999999998795","1.0719999999999743","13.155","12.676","162.03","161.973","0","1.3800000000000008","1.3800000000000008","1.3800000000000008","3.7536","1","0","0","0","1","0","0","0.5359999999999872","0","0","0","0","0","2","_a8d813de8e580000_p_Net","1","1","0","1","0","0","0","0","0","0","1","_a8d813de8e580000_p_odb__dbNet","3.7536","0.0","0.0","3.7536","3.7536","","3.7536","1.3800000000000008","1","1.3800000000000008","1.3800000000000008","1.3800000000000008","13.57","161.84","13.57","161.84","0","0","0","1","13.57","","161.84","","2"
"net434","OK","1.0590319999999944","0.18447412346224062","5.944","163.228","0.44200000000000017","2.3959999999999866","5.6759999999999735","6.165","5.723","164.426","162.03","0","3.179999999999999","3.179999999999999","3.179999999999999","3.7536","1","0","0","0","1","0","0","2.8379999999999868","0","0","0","0","0","2","_20d913de8e580000_p_Net","1","1","0","1","0","0","0","0","0","0","1","_20d913de8e580000_p_odb__dbNet","3.7536","0.0","0.0","3.7536","3.7536","","3.7536","3.179999999999999","1","3.179999999999999","3.179999999999999","3.179999999999999","5.75","161.84","5.75","161.84","0","0","1","0","5.75","","161.84","","2"
"net435","OK","18.90012399999999","0.2626429328937118","13.809000000000001","54.3715","2.2279999999999998","8.482999999999997","21.421999999999993","14.923","12.695","58.613","50.13","0","10.459999999999997","10.459999999999997","10.459999999999997","3.7536","1","0","0","0","1","0","0","10.710999999999997","0","0","0","0","0","2","_98d913de8e580000_p_Net","1","1","0","1","0","0","0","0","0","0","1","_98d913de8e580000_p_odb__dbNet","3.7536","0.0","0.0","3.7536","3.7536","","3.7536","10.459999999999997","1","10.459999999999997","10.459999999999997","10.459999999999997","13.11","50.32","13.11","50.32","0","0","1","0","13.11","","50.32","","2"
"net436","OK","0.10410400000000845","33.196427978632585","19.5855","61.038","1.8590000000000018","0.05600000000000449","3.8300000000000125","20.515","18.656","61.066","61.01","0","2.759999999999998","2.759999999999998","2.759999999999998","3.7536","1","0","0","0","1","0","0","1.9150000000000063","0","0","0","0","0","2","_10da13de8e580000_p_Net","1","1","0","1","0","0","0","0","0","0","1","_10da13de8e580000_p_odb__dbNet","3.7536","0.0","0.0","3.7536","3.7536","","3.7536","2.759999999999998","1","2.759999999999998","2.759999999999998","2.759999999999998","20.93","61.2","20.93","61.2","1","0","0","0","20.93","","61.2","","2"
"net437","OK","1.0566360000000063","0.18405676119196393","19.8155","59.868","0.4410000000000025","2.396000000000001","5.674000000000007","20.036","19.595","61.066","58.67","0","3.180000000000007","3.180000000000007","3.180000000000007","3.7536","1","0","0","0","1","0","0","2.8370000000000033","0","0","0","0","0","2","_88da13de8e580000_p_Net","1","1","0","1","0","0","0","0","0","0","1","_88da13de8e580000_p_odb__dbNet","3.7536","0.0","0.0","3.7536","3.7536","","3.7536","3.180000000000007","1","3.180000000000007","3.180000000000007","3.180000000000007","20.01","58.48","20.01","58.48","0","0","0","1","20.01","","58.48","","2"
"net438","OK","0.22780799999998935","72.64285584566667","7.829","50.158","4.068","0.055999999999997385","8.247999999999994","9.863","5.795","50.186","50.13","0","4.14","4.14","4.14","3.7536","1","0","0","0","1","0","0","4.123999999999997","0","0","0","0","0","2","_00db13de8e580000_p_Net","1","1","0","1","0","0","0","0","0","0","1","_00db13de8e580000_p_odb__dbNet","3.7536","0.0","0.0","3.7536","3.7536","","3.7536","4.14","1","4.14","4.14","4.14","6.21","50.32","6.21","50.32","0","1","0","0","6.21","","50.32","","2"
"net439","OK","30.39392299999995","0.254091615593482","6.2455","167.44150000000002","2.779","10.936999999999983","27.431999999999967","7.635","4.856","172.91","161.973","0","14.559999999999995","14.559999999999995","14.559999999999995","3.7536","1","0","0","0","1","0","0","13.715999999999983","0","0","0","0","0","2","_78db13de8e580000_p_Net","1","1","0","1","0","0","0","0","0","0","1","_78db13de8e580000_p_odb__dbNet","3.7536","0.0","0.0","3.7536","3.7536","","3.7536","14.559999999999995","1","14.559999999999995","14.559999999999995","14.559999999999995","8.05","172.72","8.05","172.72","1","0","0","0","8.05","","172.72","","2"
"net440","OK","6.359203999999999","0.03608014461915638","5.0954999999999995","130.588","0.4790000000000001","13.275999999999996","27.50999999999999","5.335","4.856","137.226","123.95","0","14.980000000000008","14.980000000000008","14.980000000000008","3.7536","1","0","0","0","1","0","0","13.754999999999995","0","0","0","0","0","2","_f0db13de8e580000_p_Net","1","1","0","1","0","0","0","0","0","0","1","_f0db13de8e580000_p_odb__dbNet","3.7536","0.0","0.0","3.7536","3.7536","","3.7536","14.980000000000008","1","14.980000000000008","14.980000000000008","14.980000000000008","5.75","123.76","5.75","123.76","0","0","0","1","5.75","","123.76","","2"
"net441","OK","3.040368000000018","0.04951505869710132","16.109","133.308","0.3880000000000017","7.836000000000013","16.44800000000003","16.303","15.915","137.226","129.39","0","8.620000000000026","8.620000000000026","8.620000000000026","3.7536","1","0","0","0","1","0","0","8.224000000000014","0","0","0","0","0","2","_68dc13de8e580000_p_Net","1","1","0","1","0","0","0","0","0","0","1","_68dc13de8e580000_p_odb__dbNet","3.7536","0.0","0.0","3.7536","3.7536","","3.7536","8.620000000000026","1","8.620000000000026","8.620000000000026","8.620000000000026","16.33","129.2","16.33","129.2","0","0","0","1","16.33","","129.2","","2"
"net442","OK","28.48364800000001","4.9616026690477435","19.559","92.50800000000001","11.888","2.396000000000001","28.568","25.503","13.615","93.706","91.31","0","14.679999999999998","14.679999999999998","14.679999999999998","3.7536","1","0","0","0","1","0","0","14.284","0","0","0","0","0","2","_e0dc13de8e580000_p_Net","1","1","0","1","0","0","0","0","0","0","1","_e0dc13de8e580000_p_odb__dbNet","3.7536","0.0","0.0","3.7536","3.7536","","3.7536","14.679999999999998","1","14.679999999999998","14.679999999999998","14.679999999999998","14.03","91.12","14.03","91.12","0","0","1","0","14.03","","91.12","","2"
"net443","OK","2.423735999999992","0.08024017465788923","30.8555","80.078","0.44099999999999895","5.495999999999995","11.873999999999988","31.076","30.635","82.826","77.33","0","5.899999999999999","5.899999999999999","5.899999999999999","3.7536","1","0","0","0","1","0","0","5.936999999999994","0","0","0","0","0","2","_58dd13de8e580000_p_Net","1","1","0","1","0","0","0","0","0","0","1","_58dd13de8e580000_p_odb__dbNet","3.7536","0.0","0.0","3.7536","3.7536","","3.7536","5.899999999999999","1","5.899999999999999","5.899999999999999","5.899999999999999","31.05","77.52","31.05","77.52","0","0","0","1","31.05","","77.52","","2"
"net444","OK","27.340257","0.943525914742055","34.5355","83.1215","5.079000000000004","5.382999999999996","20.924","37.075","31.996","85.813","80.43","0","11.420000000000012","11.420000000000012","11.420000000000012","3.7536","1","0","0","0","1","0","0","10.462","0","0","0","0","0","2","_d0dd13de8e580000_p_Net","1","1","0","1","0","0","0","0","0","0","1","_d0dd13de8e580000_p_odb__dbNet","3.7536","0.0","0.0","3.7536","3.7536","","3.7536","11.420000000000012","1","11.420000000000012","11.420000000000012","11.420000000000012","37.49","80.24","37.49","80.24","0","0","0","1","37.49","","80.24","","2"
"net445","OK","1.0590319999999944","0.18447412346224062","23.884","81.628","0.44200000000000017","2.3959999999999866","5.6759999999999735","24.105","23.663","82.826","80.43","0","3.179999999999996","3.179999999999996","3.179999999999996","3.7536","1","0","0","0","1","0","0","2.8379999999999868","0","0","0","0","0","2","_48de13de8e580000_p_Net","1","1","0","1","0","0","0","0","0","0","1","_48de13de8e580000_p_odb__dbNet","3.7536","0.0","0.0","3.7536","3.7536","","3.7536","3.179999999999996","1","3.179999999999996","3.179999999999996","3.179999999999996","23.69","80.24","23.69","80.24","0","0","1","0","23.69","","80.24","","2"
"net446","OK","0.31053599999997306","95.57894569160574","6.679","53.201499999999996","5.448","0.056999999999995055","11.009999999999991","9.403","3.955","53.23","53.173","0","5.5200000000000005","5.5200000000000005","5.5200000000000005","3.7536","1","0","0","0","1","0","0","5.5049999999999955","0","0","0","0","0","2","_c0de13de8e580000_p_Net","1","1","0","1","0","0","0","0","0","0","1","_c0de13de8e580000_p_odb__dbNet","3.7536","0.0","0.0","3.7536","3.7536","","3.7536","5.5200000000000005","1","5.5200000000000005","5.5200000000000005","5.5200000000000005","4.37","53.04","4.37","53.04","0","0","1","0","4.37","","53.04","","2"
"net447","OK","4.570167000000003","0.15771874416538753","8.0405","50.4815","0.8490000000000002","5.383000000000003","12.464000000000006","8.465","7.616","53.173","47.79","0","6.3599999999999985","6.3599999999999985","6.3599999999999985","3.7536","1","0","0","0","1","0","0","6.232000000000003","0","0","0","0","0","2","_38df13de8e580000_p_Net","1","1","0","1","0","0","0","0","0","0","1","_38df13de8e580000_p_odb__dbNet","3.7536","0.0","0.0","3.7536","3.7536","","3.7536","6.3599999999999985","1","6.3599999999999985","6.3599999999999985","6.3599999999999985","8.05","47.6","8.05","47.6","0","0","0","1","8.05","","47.6","","2"
"net448","OK","4.2361280000000034","0.7378964938489581","24.159","103.388","1.7680000000000007","2.396000000000001","8.328000000000003","25.043","23.275","104.586","102.19","0","4.559999999999999","4.559999999999999","4.559999999999999","3.7536","1","0","0","0","1","0","0","4.1640000000000015","0","0","0","0","0","2","_b0df13de8e580000_p_Net","1","1","0","1","0","0","0","0","0","0","1","_b0df13de8e580000_p_odb__dbNet","3.7536","0.0","0.0","3.7536","3.7536","","3.7536","4.559999999999999","1","4.559999999999999","4.559999999999999","4.559999999999999","23.69","102.0","23.69","102.0","0","0","1","0","23.69","","102.0","","2"
"net449","OK","43.083143999999955","1.4263100434086053","34.9955","96.398","7.838999999999999","5.495999999999995","26.669999999999987","38.915","31.076","99.146","93.65","0","14.179999999999996","14.179999999999996","14.179999999999996","3.7536","1","0","0","0","1","0","0","13.334999999999994","0","0","0","0","0","2","_28e013de8e580000_p_Net","1","1","0","1","0","0","0","0","0","0","1","_28e013de8e580000_p_odb__dbNet","3.7536","0.0","0.0","3.7536","3.7536","","3.7536","14.179999999999996","1","14.179999999999996","14.179999999999996","14.179999999999996","39.33","93.84","39.33","93.84","0","0","0","1","39.33","","93.84","","2"
"net450","OK","0.15052799999999292","47.99999914285938","30.139000000000003","99.118","2.687999999999999","0.055999999999997385","5.487999999999992","31.483","28.795","99.146","99.09","0","2.759999999999998","2.759999999999998","2.759999999999998","3.7536","1","0","0","0","1","0","0","2.743999999999996","0","0","0","0","0","2","_a0e013de8e580000_p_Net","1","1","0","1","0","0","0","0","0","0","1","_a0e013de8e580000_p_odb__dbNet","3.7536","0.0","0.0","3.7536","3.7536","","3.7536","2.759999999999998","1","2.759999999999998","2.759999999999998","2.759999999999998","29.21","99.28","29.21","99.28","0","1","0","0","29.21","","99.28","","2"
"net451","OK","3.04036799999999","0.04951505869710087","26.689","133.308","0.3879999999999981","7.836000000000013","16.44800000000002","26.883","26.495","137.226","129.39","0","8.620000000000026","8.620000000000026","8.620000000000026","3.7536","1","0","0","0","1","0","0","8.22400000000001","0","0","0","0","0","2","_18e113de8e580000_p_Net","1","1","0","1","0","0","0","0","0","0","1","_18e113de8e580000_p_odb__dbNet","3.7536","0.0","0.0","3.7536","3.7536","","3.7536","8.620000000000026","1","8.620000000000026","8.620000000000026","8.620000000000026","26.91","129.2","26.91","129.2","0","0","0","1","26.91","","129.2","","2"
"net452","OK","0.39021600000002743","0.012918486169411688","35.6405","129.038","0.07100000000000506","5.495999999999995","11.134","35.676","35.605","131.786","126.29","0","5.4399999999999835","5.4399999999999835","5.4399999999999835","3.7536","1","0","0","0","1","0","0","5.567","0","0","0","0","0","2","_90e113de8e580000_p_Net","1","1","0","1","0","0","0","0","0","0","1","_90e113de8e580000_p_odb__dbNet","3.7536","0.0","0.0","3.7536","3.7536","","3.7536","5.4399999999999835","1","5.4399999999999835","5.4399999999999835","5.4399999999999835","35.19","126.48","35.19","126.48","0","0","1","0","35.19","","126.48","","2"
"net453","OK","0.14888399999998733","0.0024247064825897923","36.1455","133.308","0.01899999999999835","7.836000000000013","15.710000000000022","36.155","36.136","137.226","129.39","0","9.080000000000027","9.080000000000027","9.080000000000027","3.7536","1","0","0","0","1","0","0","7.855000000000011","0","0","0","0","0","2","_08e213de8e580000_p_Net","1","1","0","1","0","0","0","0","0","0","1","_08e213de8e580000_p_odb__dbNet","3.7536","0.0","0.0","3.7536","3.7536","","3.7536","9.080000000000027","1","9.080000000000027","9.080000000000027","9.080000000000027","36.57","129.2","36.57","129.2","0","0","0","1","36.57","","129.2","","2"
"net454","OK","7.05599200000003","0.7614980286591638","24.344","138.748","2.3180000000000014","3.044000000000011","10.724000000000025","25.503","23.185","140.27","137.226","0","5.939999999999998","5.939999999999998","5.939999999999998","3.7536","1","0","0","0","1","0","0","5.3620000000000125","0","0","0","0","0","2","_80e213de8e580000_p_Net","1","1","0","1","0","0","0","0","0","0","1","_80e213de8e580000_p_odb__dbNet","3.7536","0.0","0.0","3.7536","3.7536","","3.7536","5.939999999999998","1","5.939999999999998","5.939999999999998","5.939999999999998","22.77","140.08","22.77","140.08","0","1","0","0","22.77","","140.08","","2"
"net455","OK","0.02682400000000556","8.553571275827315","6.4755","137.19799999999998","0.4790000000000001","0.056000000000011596","1.0700000000000234","6.715","6.236","137.226","137.17","0","1.38","1.38","1.38","3.7536","1","0","0","0","1","0","0","0.5350000000000117","0","0","0","0","0","2","_f8e213de8e580000_p_Net","1","1","0","1","0","0","0","0","0","0","1","_f8e213de8e580000_p_odb__dbNet","3.7536","0.0","0.0","3.7536","3.7536","","3.7536","1.38","1","1.38","1.38","1.38","7.13","137.36","7.13","137.36","1","0","0","0","7.13","","137.36","","2"
"net456","OK","0.07330399999997798","23.37499958259632","5.9704999999999995","148.078","1.3090000000000002","0.055999999999983174","2.7299999999999667","6.625","5.316","148.106","148.05","0","1.38","1.38","1.38","3.7536","1","0","0","0","1","0","0","1.3649999999999833","0","0","0","0","0","2","_70e313de8e580000_p_Net","1","1","0","1","0","0","0","0","0","0","1","_70e313de8e580000_p_odb__dbNet","3.7536","0.0","0.0","3.7536","3.7536","","3.7536","1.38","1","1.38","1.38","1.38","6.21","148.24","6.21","148.24","1","0","0","0","6.21","","148.24","","2"
"net457","OK","4.7729430000000175","0.040746558251802345","39.1355","140.2415","0.4410000000000025","10.822999999999979","22.527999999999963","39.356","38.915","145.653","134.83","0","11.340000000000025","11.340000000000025","11.340000000000025","3.7536","1","0","0","0","1","0","0","11.263999999999982","0","0","0","0","0","2","_e8e313de8e580000_p_Net","1","1","0","1","0","0","0","0","0","0","1","_e8e313de8e580000_p_odb__dbNet","3.7536","0.0","0.0","3.7536","3.7536","","3.7536","11.340000000000025","1","11.340000000000025","11.340000000000025","11.340000000000025","39.33","134.64","39.33","134.64","0","0","0","1","39.33","","134.64","","2"
"net458","OK","2.3792859999999925","0.08211034737467794","37.684","148.4015","0.44200000000000017","5.382999999999981","11.649999999999963","37.905","37.463","151.093","145.71","0","5.899999999999999","5.899999999999999","5.899999999999999","3.7536","1","0","0","0","1","0","0","5.8249999999999815","0","0","0","0","0","2","_60e413de8e580000_p_Net","1","1","0","1","0","0","0","0","0","0","1","_60e413de8e580000_p_odb__dbNet","3.7536","0.0","0.0","3.7536","3.7536","","3.7536","5.899999999999999","1","5.899999999999999","5.899999999999999","5.899999999999999","37.49","145.52","37.49","145.52","0","0","1","0","37.49","","145.52","","2"
"net459","OK","0.026823999999991896","8.55357127583164","30.8555","153.518","0.4789999999999992","0.055999999999983174","1.0699999999999648","31.095","30.616","153.546","153.49","0","1.3800000000000026","1.3800000000000026","1.3800000000000026","3.7536","1","0","0","0","1","0","0","0.5349999999999824","0","0","0","0","0","2","_d8e413de8e580000_p_Net","1","1","0","1","0","0","0","0","0","0","1","_d8e413de8e580000_p_odb__dbNet","3.7536","0.0","0.0","3.7536","3.7536","","3.7536","1.3800000000000026","1","1.3800000000000026","1.3800000000000026","1.3800000000000026","31.51","153.68","31.51","153.68","1","0","0","0","31.51","","153.68","","2"
"net460","OK","0.026823999999991896","8.55357127583164","19.3555","153.518","0.4789999999999992","0.055999999999983174","1.0699999999999648","19.595","19.116","153.546","153.49","0","1.3800000000000026","1.3800000000000026","1.3800000000000026","3.7536","1","0","0","0","1","0","0","0.5349999999999824","0","0","0","0","0","2","_50e513de8e580000_p_Net","1","1","0","1","0","0","0","0","0","0","1","_50e513de8e580000_p_odb__dbNet","3.7536","0.0","0.0","3.7536","3.7536","","3.7536","1.3800000000000026","1","1.3800000000000026","1.3800000000000026","1.3800000000000026","20.01","153.68","20.01","153.68","1","0","0","0","20.01","","153.68","","2"
"net461","OK","12.169283999999934","2.11978297073466","23.4955","163.228","5.079000000000001","2.3959999999999866","14.949999999999974","26.035","20.956","164.426","162.03","0","8.7","8.7","8.7","3.7536","1","0","0","0","1","0","0","7.474999999999987","0","0","0","0","0","2","_c8e513de8e580000_p_Net","1","1","0","1","0","0","0","0","0","0","1","_c8e513de8e580000_p_odb__dbNet","3.7536","0.0","0.0","3.7536","3.7536","","3.7536","8.7","1","8.7","8.7","8.7","26.45","161.84","26.45","161.84","0","0","0","1","26.45","","161.84","","2"
"net462","OK","6.44044799999997","1.1218697825034005","17.259","163.228","2.6880000000000024","2.3959999999999866","10.167999999999978","18.603","15.915","164.426","162.03","0","5.48","5.48","5.48","3.7536","1","0","0","0","1","0","0","5.083999999999989","0","0","0","0","0","2","_40e613de8e580000_p_Net","1","1","0","1","0","0","0","0","0","0","1","_40e613de8e580000_p_odb__dbNet","3.7536","0.0","0.0","3.7536","3.7536","","3.7536","5.48","1","5.48","5.48","5.48","16.33","161.84","16.33","161.84","0","0","1","0","16.33","","161.84","","2"
"net463","OK","0.07324799999997798","23.35714244005804","5.069","158.958","1.3079999999999998","0.055999999999983174","2.727999999999966","5.723","4.415","158.986","158.93","0","1.38","1.38","1.38","3.7536","1","0","0","0","1","0","0","1.363999999999983","0","0","0","0","0","2","_b8e613de8e580000_p_Net","1","1","0","1","0","0","0","0","0","0","1","_b8e613de8e580000_p_odb__dbNet","3.7536","0.0","0.0","3.7536","3.7536","","3.7536","1.38","1","1.38","1.38","1.38","4.83","159.12","4.83","159.12","0","1","0","0","4.83","","159.12","","2"
"net464","OK","0.5369840000000003","171.2321397994259","12.410499999999999","6.638","9.588999999999999","0.05600000000000005","19.29","17.205","7.616","6.666","6.61","0","9.66","9.66","9.66","3.7536","1","0","0","0","1","0","0","9.645","0","0","0","0","0","2","_30e713de8e580000_p_Net","1","1","0","1","0","0","0","0","0","0","1","_30e713de8e580000_p_odb__dbNet","3.7536","0.0","0.0","3.7536","3.7536","","3.7536","9.66","1","9.66","9.66","9.66","16.79","6.8","16.79","6.8","1","0","0","0","16.79","","6.8","","2"
"net465","OK","4.257156999999998","0.4597436738548325","8.775500000000001","8.1315","1.3989999999999991","3.043","8.883999999999999","9.475","8.076","9.653","6.61","0","5.0200000000000005","5.0200000000000005","5.0200000000000005","3.7536","1","0","0","0","1","0","0","4.441999999999999","0","0","0","0","0","2","_a8e713de8e580000_p_Net","1","1","0","1","0","0","0","0","0","0","1","_a8e713de8e580000_p_odb__dbNet","3.7536","0.0","0.0","3.7536","3.7536","","3.7536","5.0200000000000005","1","5.0200000000000005","5.0200000000000005","5.0200000000000005","9.89","6.8","9.89","6.8","0","0","0","1","9.89","","6.8","","2"
"net466","OK","0.23187600000000158","71.36841980055357","6.449","9.6815","4.0680000000000005","0.057000000000000384","8.250000000000002","8.483","4.415","9.71","9.653","0","4.140000000000001","4.140000000000001","4.140000000000001","3.7536","1","0","0","0","1","0","0","4.125000000000001","0","0","0","0","0","2","_20e813de8e580000_p_Net","1","1","0","1","0","0","0","0","0","0","1","_20e813de8e580000_p_odb__dbNet","3.7536","0.0","0.0","3.7536","3.7536","","3.7536","4.140000000000001","1","4.140000000000001","4.140000000000001","4.140000000000001","4.83","9.52","4.83","9.52","0","0","1","0","4.83","","9.52","","2"
"net467","OK","4.565632","0.15750371468099852","4.839","25.678","0.8479999999999999","5.384","12.464","5.263","4.415","28.37","22.986","0","6.359999999999998","6.359999999999998","6.359999999999998","3.7536","1","0","0","0","1","0","0","6.232","0","0","0","0","0","2","_98e813de8e580000_p_Net","1","1","0","1","0","0","0","0","0","0","1","_98e813de8e580000_p_odb__dbNet","3.7536","0.0","0.0","3.7536","3.7536","","3.7536","6.359999999999998","1","6.359999999999998","6.359999999999998","6.359999999999998","4.83","28.56","4.83","28.56","0","1","0","0","4.83","","28.56","","2"
"net468","OK","0.15562399999999274","49.62499911384162","9.0055","33.838","2.779","0.055999999999997385","5.669999999999995","10.395","7.616","33.866","33.81","0","3.6800000000000006","3.6800000000000006","3.6800000000000006","3.7536","1","0","0","0","1","0","0","2.8349999999999973","0","0","0","0","0","2","_10e913de8e580000_p_Net","1","1","0","1","0","0","0","0","0","0","1","_10e913de8e580000_p_odb__dbNet","3.7536","0.0","0.0","3.7536","3.7536","","3.7536","3.6800000000000006","1","3.6800000000000006","3.6800000000000006","3.6800000000000006","10.81","34.0","10.81","34.0","1","0","0","0","10.81","","34.0","","2"
"net469","OK","0.10442400000000061","0.0034570596791381157","6.7055","96.398","0.019000000000000128","5.495999999999995","11.02999999999999","6.715","6.696","99.146","93.65","0","6.359999999999998","6.359999999999998","6.359999999999998","3.7536","1","0","0","0","1","0","0","5.514999999999995","0","0","0","0","0","2","_88e913de8e580000_p_Net","1","1","0","1","0","0","0","0","0","0","1","_88e913de8e580000_p_odb__dbNet","3.7536","0.0","0.0","3.7536","3.7536","","3.7536","6.359999999999998","1","6.359999999999998","6.359999999999998","6.359999999999998","7.13","93.84","7.13","93.84","0","0","0","1","7.13","","93.84","","2"
"net470","OK","0.929648","0.16193656086730518","6.909","97.94800000000001","0.3879999999999999","2.396000000000001","5.568000000000001","7.103","6.715","99.146","96.75","0","3.179999999999999","3.179999999999999","3.179999999999999","3.7536","1","0","0","0","1","0","0","2.7840000000000007","0","0","0","0","0","2","_00ea13de8e580000_p_Net","1","1","0","1","0","0","0","0","0","0","1","_00ea13de8e580000_p_odb__dbNet","3.7536","0.0","0.0","3.7536","3.7536","","3.7536","3.179999999999999","1","3.179999999999999","3.179999999999999","3.179999999999999","7.13","96.56","7.13","96.56","0","0","0","1","7.13","","96.56","","2"
"net471","OK","0.04552400000000032","0.00792988313525469","5.3255","97.94800000000001","0.019000000000000128","2.396000000000001","4.830000000000002","5.335","5.316","99.146","96.75","0","3.639999999999999","3.639999999999999","3.639999999999999","3.7536","1","0","0","0","1","0","0","2.415000000000001","0","0","0","0","0","2","_78ea13de8e580000_p_Net","1","1","0","1","0","0","0","0","0","0","1","_78ea13de8e580000_p_odb__dbNet","3.7536","0.0","0.0","3.7536","3.7536","","3.7536","3.639999999999999","1","3.639999999999999","3.639999999999999","3.639999999999999","5.75","96.56","5.75","96.56","0","0","0","1","5.75","","96.56","","2"
"net472","OK","0.6107760000000009","0.008487563361017619","3.919","92.4515","0.07200000000000006","8.483000000000004","17.110000000000007","3.955","3.883","96.693","88.21","0","8.159999999999997","8.159999999999997","8.159999999999997","3.7536","1","0","0","0","1","0","0","8.555000000000003","0","0","0","0","0","2","_f0ea13de8e580000_p_Net","1","1","0","1","0","0","0","0","0","0","1","_f0ea13de8e580000_p_odb__dbNet","3.7536","0.0","0.0","3.7536","3.7536","","3.7536","8.159999999999997","1","8.159999999999997","8.159999999999997","8.159999999999997","4.37","88.4","4.37","88.4","0","0","0","1","4.37","","88.4","","2"
"net473","OK","31.876848","0.5191424195355869","9.209","84.34800000000001","4.0680000000000005","7.8359999999999985","23.808","11.243","7.175","88.266","80.43","0","12.300000000000011","12.300000000000011","12.300000000000011","3.7536","1","0","0","0","1","0","0","11.904","0","0","0","0","0","2","_68eb13de8e580000_p_Net","1","1","0","1","0","0","0","0","0","0","1","_68eb13de8e580000_p_odb__dbNet","3.7536","0.0","0.0","3.7536","3.7536","","3.7536","12.300000000000011","1","12.300000000000011","12.300000000000011","12.300000000000011","7.59","80.24","7.59","80.24","0","0","1","0","7.59","","80.24","","2"
"net474","OK","1.180684000000002","0.12750575086181182","7.369","84.2915","0.3879999999999999","3.0430000000000064","6.8620000000000125","7.563","7.175","85.813","82.77","0","3.180000000000014","3.180000000000014","3.180000000000014","3.7536","1","0","0","0","1","0","0","3.4310000000000063","0","0","0","0","0","2","_e0eb13de8e580000_p_Net","1","1","0","1","0","0","0","0","0","0","1","_e0eb13de8e580000_p_odb__dbNet","3.7536","0.0","0.0","3.7536","3.7536","","3.7536","3.180000000000014","1","3.180000000000014","3.180000000000014","3.180000000000014","7.59","82.96","7.59","82.96","0","0","0","1","7.59","","82.96","","2"
"net475","OK","2.580464000000005","0.27867236270828977","5.759","84.2915","0.8479999999999999","3.0430000000000064","7.7820000000000125","6.183","5.335","85.813","82.77","0","3.640000000000013","3.640000000000013","3.640000000000013","3.7536","1","0","0","0","1","0","0","3.8910000000000062","0","0","0","0","0","2","_58ec13de8e580000_p_Net","1","1","0","1","0","0","0","0","0","0","1","_58ec13de8e580000_p_odb__dbNet","3.7536","0.0","0.0","3.7536","3.7536","","3.7536","3.640000000000013","1","3.640000000000013","3.640000000000013","3.640000000000013","5.75","82.96","5.75","82.96","0","0","1","0","5.75","","82.96","","2"
"net476","OK","0.027303000000001038","8.403508624499532","5.0954999999999995","102.16149999999999","0.4790000000000001","0.05700000000000216","1.0720000000000045","5.335","4.856","102.19","102.133","0","1.38","1.38","1.38","3.7536","1","0","0","0","1","0","0","0.5360000000000023","0","0","0","0","0","2","_d0ec13de8e580000_p_Net","1","1","0","1","0","0","0","0","0","0","1","_d0ec13de8e580000_p_odb__dbNet","3.7536","0.0","0.0","3.7536","3.7536","","3.7536","1.38","1","1.38","1.38","1.38","5.75","102.0","5.75","102.0","0","0","0","1","5.75","","102.0","","2"
"net477","OK","1.4575970000000034","0.157410450161876","5.5555","78.8515","0.4790000000000001","3.0430000000000064","7.044000000000013","5.795","5.316","80.373","77.33","0","4.099999999999999","4.099999999999999","4.099999999999999","3.7536","1","0","0","0","1","0","0","3.5220000000000065","0","0","0","0","0","2","_48ed13de8e580000_p_Net","1","1","0","1","0","0","0","0","0","0","1","_48ed13de8e580000_p_odb__dbNet","3.7536","0.0","0.0","3.7536","3.7536","","3.7536","4.099999999999999","1","4.099999999999999","4.099999999999999","4.099999999999999","6.21","77.52","6.21","77.52","0","0","0","1","6.21","","77.52","","2"
"net478","OK","18.499968","0.03887055372025711","4.379","93.678","0.8479999999999999","21.816000000000003","45.328","4.803","3.955","104.586","82.77","0","22.680000000000007","22.680000000000007","22.680000000000007","3.7536","1","0","0","0","1","0","0","22.664","0","0","0","0","0","2","_c0ed13de8e580000_p_Net","1","1","0","1","0","0","0","0","0","0","1","_c0ed13de8e580000_p_odb__dbNet","3.7536","0.0","0.0","3.7536","3.7536","","3.7536","22.680000000000007","1","22.680000000000007","22.680000000000007","22.680000000000007","4.37","82.96","4.37","82.96","0","0","1","0","4.37","","82.96","","2"
"net479","OK","0.027303000000001038","8.403508624499532","5.0954999999999995","91.2815","0.4790000000000001","0.05700000000000216","1.0720000000000045","5.335","4.856","91.31","91.253","0","1.38","1.38","1.38","3.7536","1","0","0","0","1","0","0","0.5360000000000023","0","0","0","0","0","2","_38ee13de8e580000_p_Net","1","1","0","1","0","0","0","0","0","0","1","_38ee13de8e580000_p_odb__dbNet","3.7536","0.0","0.0","3.7536","3.7536","","3.7536","1.38","1","1.38","1.38","1.38","5.75","91.12","5.75","91.12","0","0","0","1","5.75","","91.12","","2"
"net480","OK","0.40818399999998095","130.16071196142192","8.500499999999999","93.678","7.289","0.055999999999997385","14.689999999999994","12.145","4.856","93.706","93.65","0","7.36","7.36","7.36","3.7536","1","0","0","0","1","0","0","7.344999999999997","0","0","0","0","0","2","_b0ee13de8e580000_p_Net","1","1","0","1","0","0","0","0","0","0","1","_b0ee13de8e580000_p_odb__dbNet","3.7536","0.0","0.0","3.7536","3.7536","","3.7536","7.36","1","7.36","7.36","7.36","11.73","93.84","11.73","93.84","1","0","0","0","11.73","","93.84","","2"
"net481","OK","0.40818399999998095","130.16071196142195","9.8805","93.678","7.289000000000001","0.055999999999997385","14.689999999999996","13.525","6.236","93.706","93.65","0","7.359999999999999","7.359999999999999","7.359999999999999","3.7536","1","0","0","0","1","0","0","7.344999999999998","0","0","0","0","0","2","_28ef13de8e580000_p_Net","1","1","0","1","0","0","0","0","0","0","1","_28ef13de8e580000_p_odb__dbNet","3.7536","0.0","0.0","3.7536","3.7536","","3.7536","7.359999999999999","1","7.359999999999999","7.359999999999999","7.359999999999999","13.11","93.84","13.11","93.84","1","0","0","0","13.11","","93.84","","2"
"net482","OK","39.243976","1.3538261513087246","11.2605","90.958","7.289","5.384","25.346","14.905","7.616","93.65","88.266","0","12.799999999999997","12.799999999999997","12.799999999999997","3.7536","1","0","0","0","1","0","0","12.673","0","0","0","0","0","2","_a0ef13de8e580000_p_Net","1","1","0","1","0","0","0","0","0","0","1","_a0ef13de8e580000_p_odb__dbNet","3.7536","0.0","0.0","3.7536","3.7536","","3.7536","12.799999999999997","1","12.799999999999997","12.799999999999997","12.799999999999997","14.49","93.84","14.49","93.84","1","0","0","0","14.49","","93.84","","2"
"net483","OK","0.929648","0.16193656086730518","5.069","87.06800000000001","0.3879999999999999","2.396000000000001","5.568000000000001","5.263","4.875","88.266","85.87","0","3.179999999999999","3.179999999999999","3.179999999999999","3.7536","1","0","0","0","1","0","0","2.7840000000000007","0","0","0","0","0","2","_18f013de8e580000_p_Net","1","1","0","1","0","0","0","0","0","0","1","_18f013de8e580000_p_odb__dbNet","3.7536","0.0","0.0","3.7536","3.7536","","3.7536","3.179999999999999","1","3.179999999999999","3.179999999999999","3.179999999999999","5.29","85.68","5.29","85.68","0","0","0","1","5.29","","85.68","","2"
"net484","OK","14.773247999999985","0.4890829693433259","5.759","36.558","2.6879999999999997","5.495999999999995","16.367999999999988","7.103","4.415","39.306","33.81","0","8.199999999999998","8.199999999999998","8.199999999999998","3.7536","1","0","0","0","1","0","0","8.183999999999994","0","0","0","0","0","2","_90f013de8e580000_p_Net","1","1","0","1","0","0","0","0","0","0","1","_90f013de8e580000_p_odb__dbNet","3.7536","0.0","0.0","3.7536","3.7536","","3.7536","8.199999999999998","1","8.199999999999998","8.199999999999998","8.199999999999998","4.83","34.0","4.83","34.0","0","0","1","0","4.83","","34.0","","2"
"net485","OK","18.90012400000001","0.2626429328937116","8.748999999999999","76.1315","2.2279999999999998","8.483000000000004","21.422000000000008","9.863","7.635","80.373","71.89","0","10.459999999999996","10.459999999999996","10.459999999999996","3.7536","1","0","0","0","1","0","0","10.711000000000004","0","0","0","0","0","2","_08f113de8e580000_p_Net","1","1","0","1","0","0","0","0","0","0","1","_08f113de8e580000_p_odb__dbNet","3.7536","0.0","0.0","3.7536","3.7536","","3.7536","10.459999999999996","1","10.459999999999996","10.459999999999996","10.459999999999996","8.05","72.08","8.05","72.08","0","0","1","0","8.05","","72.08","","2"
"net486","OK","2.578457000000005","0.08898383799201474","6.935499999999999","77.6815","0.4790000000000001","5.38300000000001","11.72400000000002","7.175","6.696","80.373","74.99","0","6.819999999999998","6.819999999999998","6.819999999999998","3.7536","1","0","0","0","1","0","0","5.86200000000001","0","0","0","0","0","2","_80f113de8e580000_p_Net","1","1","0","1","0","0","0","0","0","0","1","_80f113de8e580000_p_odb__dbNet","3.7536","0.0","0.0","3.7536","3.7536","","3.7536","6.819999999999998","1","6.819999999999998","6.819999999999998","6.819999999999998","7.59","74.8","7.59","74.8","0","0","0","1","7.59","","74.8","","2"
"net487","OK","3.1363640000000013","0.5463272117920169","5.9704999999999995","76.18799999999999","1.3090000000000002","2.396000000000001","7.410000000000002","6.625","5.316","77.386","74.99","0","4.099999999999999","4.099999999999999","4.099999999999999","3.7536","1","0","0","0","1","0","0","3.705000000000001","0","0","0","0","0","2","_f8f113de8e580000_p_Net","1","1","0","1","0","0","0","0","0","0","1","_f8f113de8e580000_p_odb__dbNet","3.7536","0.0","0.0","3.7536","3.7536","","3.7536","4.099999999999999","1","4.099999999999999","4.099999999999999","4.099999999999999","6.21","74.8","6.21","74.8","0","0","0","1","6.21","","74.8","","2"
"net488","OK","0.07324799999999657","23.357142440052115","5.529","66.47800000000001","1.3079999999999998","0.055999999999997385","2.7279999999999944","6.183","4.875","66.506","66.45","0","1.38","1.38","1.38","3.7536","1","0","0","0","1","0","0","1.3639999999999972","0","0","0","0","0","2","_70f213de8e580000_p_Net","1","1","0","1","0","0","0","0","0","0","1","_70f213de8e580000_p_odb__dbNet","3.7536","0.0","0.0","3.7536","3.7536","","3.7536","1.38","1","1.38","1.38","1.38","5.29","66.64","5.29","66.64","0","1","0","0","5.29","","66.64","","2"
"net489","OK","15.761414000000013","0.21902628784403788","9.394","70.6915","1.8580000000000005","8.483000000000004","20.68200000000001","10.323","8.465","74.933","66.45","0","10.919999999999996","10.919999999999996","10.919999999999996","3.7536","1","0","0","0","1","0","0","10.341000000000005","0","0","0","0","0","2","_e8f213de8e580000_p_Net","1","1","0","1","0","0","0","0","0","0","1","_e8f213de8e580000_p_odb__dbNet","3.7536","0.0","0.0","3.7536","3.7536","","3.7536","10.919999999999996","1","10.919999999999996","10.919999999999996","10.919999999999996","8.05","66.64","8.05","66.64","0","0","1","0","8.05","","66.64","","2"
"net490","OK","0.929648","0.16193656086730518","5.529","54.428","0.3879999999999999","2.396000000000001","5.568000000000001","5.723","5.335","55.626","53.23","0","3.179999999999999","3.179999999999999","3.179999999999999","3.7536","1","0","0","0","1","0","0","2.7840000000000007","0","0","0","0","0","2","_60f313de8e580000_p_Net","1","1","0","1","0","0","0","0","0","0","1","_60f313de8e580000_p_odb__dbNet","3.7536","0.0","0.0","3.7536","3.7536","","3.7536","3.179999999999999","1","3.179999999999999","3.179999999999999","3.179999999999999","5.75","53.04","5.75","53.04","0","0","0","1","5.75","","53.04","","2"
"net491","OK","0.6107760000000003","0.008487563361017627","4.839","65.2515","0.07200000000000006","8.482999999999997","17.109999999999992","4.875","4.803","69.493","61.01","0","8.159999999999997","8.159999999999997","8.159999999999997","3.7536","1","0","0","0","1","0","0","8.554999999999996","0","0","0","0","0","2","_d8f313de8e580000_p_Net","1","1","0","1","0","0","0","0","0","0","1","_d8f313de8e580000_p_odb__dbNet","3.7536","0.0","0.0","3.7536","3.7536","","3.7536","8.159999999999997","1","8.159999999999997","8.159999999999997","8.159999999999997","5.29","61.2","5.29","61.2","0","0","0","1","5.29","","61.2","","2"
"net492","OK","0.6107760000000003","0.008487563361017627","6.218999999999999","65.2515","0.07200000000000006","8.482999999999997","17.109999999999992","6.255","6.183","69.493","61.01","0","8.159999999999997","8.159999999999997","8.159999999999997","3.7536","1","0","0","0","1","0","0","8.554999999999996","0","0","0","0","0","2","_50f413de8e580000_p_Net","1","1","0","1","0","0","0","0","0","0","1","_50f413de8e580000_p_odb__dbNet","3.7536","0.0","0.0","3.7536","3.7536","","3.7536","8.159999999999997","1","8.159999999999997","8.159999999999997","8.159999999999997","6.67","61.2","6.67","61.2","0","0","0","1","6.67","","61.2","","2"
"net493","OK","0.07330399999999664","23.374999582590405","11.9505","66.47800000000001","1.309000000000001","0.055999999999997385","2.729999999999997","12.605","11.296","66.506","66.45","0","1.379999999999999","1.379999999999999","1.379999999999999","3.7536","1","0","0","0","1","0","0","1.3649999999999984","0","0","0","0","0","2","_c8f413de8e580000_p_Net","1","1","0","1","0","0","0","0","0","0","1","_c8f413de8e580000_p_odb__dbNet","3.7536","0.0","0.0","3.7536","3.7536","","3.7536","1.379999999999999","1","1.379999999999999","1.379999999999999","1.379999999999999","12.19","66.64","12.19","66.64","1","0","0","0","12.19","","66.64","","2"
"net494","OK","7.188768000000002","0.2379912663322431","8.289","63.757999999999996","1.3079999999999998","5.496000000000002","13.608000000000004","8.943","7.635","66.506","61.01","0","6.819999999999997","6.819999999999997","6.819999999999997","3.7536","1","0","0","0","1","0","0","6.804000000000002","0","0","0","0","0","2","_40f513de8e580000_p_Net","1","1","0","1","0","0","0","0","0","0","1","_40f513de8e580000_p_odb__dbNet","3.7536","0.0","0.0","3.7536","3.7536","","3.7536","6.819999999999997","1","6.819999999999997","6.819999999999997","6.819999999999997","8.05","61.2","8.05","61.2","0","0","1","0","8.05","","61.2","","2"
"net495","OK","0.3051440000000631","97.3035696909875","26.4405","137.19799999999998","5.448999999999998","0.056000000000011596","11.01000000000002","29.165","23.716","137.226","137.17","0","5.52","5.52","5.52","3.7536","1","0","0","0","1","0","0","5.50500000000001","0","0","0","0","0","2","_b8f513de8e580000_p_Net","1","1","0","1","0","0","0","0","0","0","1","_b8f513de8e580000_p_odb__dbNet","3.7536","0.0","0.0","3.7536","3.7536","","3.7536","5.52","1","5.52","5.52","5.52","28.75","137.36","28.75","137.36","1","0","0","0","28.75","","137.36","","2"
"net496","OK","0.9296479999999988","0.16193656086730687","23.929000000000002","136.02800000000002","0.3880000000000017","2.3959999999999866","5.5679999999999765","24.123","23.735","137.226","134.83","0","3.180000000000028","3.180000000000028","3.180000000000028","3.7536","1","0","0","0","1","0","0","2.7839999999999883","0","0","0","0","0","2","_30f613de8e580000_p_Net","1","1","0","1","0","0","0","0","0","0","1","_30f613de8e580000_p_odb__dbNet","3.7536","0.0","0.0","3.7536","3.7536","","3.7536","3.180000000000028","1","3.180000000000028","3.180000000000028","3.180000000000028","24.15","134.64","24.15","134.64","0","0","0","1","24.15","","134.64","","2"
"net497","OK","24.885888","0.8238719066914346","10.359","58.318","4.527999999999999","5.496000000000002","20.048000000000002","12.623","8.095","61.066","55.57","0","10.040000000000004","10.040000000000004","10.040000000000004","3.7536","1","0","0","0","1","0","0","10.024000000000001","0","0","0","0","0","2","_a8f613de8e580000_p_Net","1","1","0","1","0","0","0","0","0","0","1","_a8f613de8e580000_p_odb__dbNet","3.7536","0.0","0.0","3.7536","3.7536","","3.7536","10.040000000000004","1","10.040000000000004","10.040000000000004","10.040000000000004","8.51","55.76","8.51","55.76","0","0","1","0","8.51","","55.76","","2"
"net498","OK","0.5677840000000456","181.0535681954575","17.2855","61.038","10.139000000000001","0.05600000000000449","20.39000000000001","22.355","12.216","61.066","61.01","0","11.04","11.04","11.04","3.7536","1","0","0","0","1","0","0","10.195000000000006","0","0","0","0","0","2","_20f713de8e580000_p_Net","1","1","0","1","0","0","0","0","0","0","1","_20f713de8e580000_p_odb__dbNet","3.7536","0.0","0.0","3.7536","3.7536","","3.7536","11.04","1","11.04","11.04","11.04","22.77","61.2","22.77","61.2","1","0","0","0","22.77","","61.2","","2"
"net499","OK","0.07324799999999657","23.357142440052115","11.509","71.918","1.3079999999999998","0.055999999999997385","2.7279999999999944","12.163","10.855","71.946","71.89","0","1.3800000000000008","1.3800000000000008","1.3800000000000008","3.7536","1","0","0","0","1","0","0","1.3639999999999972","0","0","0","0","0","2","_98f713de8e580000_p_Net","1","1","0","1","0","0","0","0","0","0","1","_98f713de8e580000_p_odb__dbNet","3.7536","0.0","0.0","3.7536","3.7536","","3.7536","1.3800000000000008","1","1.3800000000000008","1.3800000000000008","1.3800000000000008","11.27","72.08","11.27","72.08","0","1","0","0","11.27","","72.08","","2"
"net500","OK","86.28410700000016","2.9777075974405096","21.610500000000002","77.6815","16.029","5.38300000000001","42.82400000000002","29.625","13.596","80.373","74.99","0","21.54","21.54","21.54","3.7536","1","0","0","0","1","0","0","21.41200000000001","0","0","0","0","0","2","_10f813de8e580000_p_Net","1","1","0","1","0","0","0","0","0","0","1","_10f813de8e580000_p_odb__dbNet","3.7536","0.0","0.0","3.7536","3.7536","","3.7536","21.54","1","21.54","21.54","21.54","29.21","74.8","29.21","74.8","0","0","0","1","29.21","","74.8","","2"
"net501","OK","30.380207999999975","0.25402340890142433","9.394","33.838","2.7779999999999987","10.935999999999996","27.42799999999999","10.783","8.005","39.306","28.37","0","14.559999999999999","14.559999999999999","14.559999999999999","3.7536","1","0","0","0","1","0","0","13.713999999999995","0","0","0","0","0","2","_88f813de8e580000_p_Net","1","1","0","1","0","0","0","0","0","0","1","_88f813de8e580000_p_odb__dbNet","3.7536","0.0","0.0","3.7536","3.7536","","3.7536","14.559999999999999","1","14.559999999999999","14.559999999999999","14.559999999999999","7.59","28.56","7.59","28.56","0","0","1","0","7.59","","28.56","","2"
"net502","OK","0.026823999999998804","8.553571275829501","13.375499999999999","39.278","0.479000000000001","0.055999999999997385","1.0699999999999967","13.615","13.136","39.306","39.25","0","1.379999999999999","1.379999999999999","1.379999999999999","3.7536","1","0","0","0","1","0","0","0.5349999999999984","0","0","0","0","0","2","_00f913de8e580000_p_Net","1","1","0","1","0","0","0","0","0","0","1","_00f913de8e580000_p_odb__dbNet","3.7536","0.0","0.0","3.7536","3.7536","","3.7536","1.379999999999999","1","1.379999999999999","1.379999999999999","1.379999999999999","14.03","39.44","14.03","39.44","1","0","0","0","14.03","","39.44","","2"
"net503","OK","3.291403999999983","0.04573853588992806","20.709","38.051500000000004","0.3879999999999981","8.482999999999997","17.74199999999999","20.903","20.515","42.293","33.81","0","8.619999999999997","8.619999999999997","8.619999999999997","3.7536","1","0","0","0","1","0","0","8.870999999999995","0","0","0","0","0","2","_78f913de8e580000_p_Net","1","1","0","1","0","0","0","0","0","0","1","_78f913de8e580000_p_odb__dbNet","3.7536","0.0","0.0","3.7536","3.7536","","3.7536","8.619999999999997","1","8.619999999999997","8.619999999999997","8.619999999999997","20.93","34.0","20.93","34.0","0","0","0","1","20.93","","34.0","","2"
"net504","OK","11.256056999999991","1.2155767330872238","25.1055","40.7715","3.698999999999998","3.0429999999999993","13.483999999999995","26.955","23.256","42.293","39.25","0","7.32","7.32","7.32","3.7536","1","0","0","0","1","0","0","6.741999999999997","0","0","0","0","0","2","_f0f913de8e580000_p_Net","1","1","0","1","0","0","0","0","0","0","1","_f0f913de8e580000_p_odb__dbNet","3.7536","0.0","0.0","3.7536","3.7536","","3.7536","7.32","1","7.32","7.32","7.32","27.37","39.44","27.37","39.44","0","0","0","1","27.37","","39.44","","2"
"net505","OK","2.031807999999986","0.3539232051945244","25.079","146.90800000000002","0.847999999999999","2.3959999999999866","6.487999999999971","25.503","24.655","148.106","145.71","0","3.639999999999997","3.639999999999997","3.639999999999997","3.7536","1","0","0","0","1","0","0","3.2439999999999856","0","0","0","0","0","2","_68fa13de8e580000_p_Net","1","1","0","1","0","0","0","0","0","0","1","_68fa13de8e580000_p_odb__dbNet","3.7536","0.0","0.0","3.7536","3.7536","","3.7536","3.639999999999997","1","3.639999999999997","3.639999999999997","3.639999999999997","25.07","145.52","25.07","145.52","0","0","1","0","25.07","","145.52","","2"
"net506","OK","0.05352300000001538","16.473683921509586","27.4055","145.6815","0.9390000000000001","0.05700000000001637","1.9920000000000329","27.875","26.936","145.71","145.653","0","1.8399999999999999","1.8399999999999999","1.8399999999999999","3.7536","1","0","0","0","1","0","0","0.9960000000000164","0","0","0","0","0","2","_e0fa13de8e580000_p_Net","1","1","0","1","0","0","0","0","0","0","1","_e0fa13de8e580000_p_odb__dbNet","3.7536","0.0","0.0","3.7536","3.7536","","3.7536","1.8399999999999999","1","1.8399999999999999","1.8399999999999999","1.8399999999999999","28.29","145.52","28.29","145.52","0","0","0","1","28.29","","145.52","","2"
"net507","OK","17.435537","0.6017090840420383","13.8355","23.2815","3.2390000000000008","5.382999999999999","17.244","15.455","12.216","25.973","20.59","0","9.58","9.58","9.58","3.7536","1","0","0","0","1","0","0","8.622","0","0","0","0","0","2","_58fb13de8e580000_p_Net","1","1","0","1","0","0","0","0","0","0","1","_58fb13de8e580000_p_odb__dbNet","3.7536","0.0","0.0","3.7536","3.7536","","3.7536","9.58","1","9.58","9.58","9.58","15.87","20.4","15.87","20.4","0","0","0","1","15.87","","20.4","","2"
"net508","OK","1.1806839999999998","0.12750575086181207","5.529","8.1315","0.3879999999999999","3.043","6.862","5.723","5.335","9.653","6.61","0","3.1799999999999997","3.1799999999999997","3.1799999999999997","3.7536","1","0","0","0","1","0","0","3.431","0","0","0","0","0","2","_d0fb13de8e580000_p_Net","1","1","0","1","0","0","0","0","0","0","1","_d0fb13de8e580000_p_odb__dbNet","3.7536","0.0","0.0","3.7536","3.7536","","3.7536","3.1799999999999997","1","3.1799999999999997","3.1799999999999997","3.1799999999999997","5.75","6.8","5.75","6.8","0","0","0","1","5.75","","6.8","","2"
"net509","OK","9.859516","1.0640604464309915","10.6155","8.188","3.238999999999999","3.0440000000000005","12.565999999999999","12.235","8.996","9.71","6.666","0","6.86","6.86","6.86","3.7536","1","0","0","0","1","0","0","6.2829999999999995","0","0","0","0","0","2","_48fc13de8e580000_p_Net","1","1","0","1","0","0","0","0","0","0","1","_48fc13de8e580000_p_odb__dbNet","3.7536","0.0","0.0","3.7536","3.7536","","3.7536","6.86","1","6.86","6.86","6.86","12.65","9.52","12.65","9.52","1","0","0","0","12.65","","9.52","","2"
"net510","OK","0.22780800000000379","72.64285584566207","5.989","22.958","4.068","0.05600000000000094","8.248000000000001","8.023","3.955","22.986","22.93","0","4.14","4.14","4.14","3.7536","1","0","0","0","1","0","0","4.1240000000000006","0","0","0","0","0","2","_c0fc13de8e580000_p_Net","1","1","0","1","0","0","0","0","0","0","1","_c0fc13de8e580000_p_odb__dbNet","3.7536","0.0","0.0","3.7536","3.7536","","3.7536","4.14","1","4.14","4.14","4.14","4.37","23.12","4.37","23.12","0","1","0","0","4.37","","23.12","","2"
"net511","OK","0.4597039999999784","146.58928309662676","13.1005","126.31800000000001","8.208999999999998","0.055999999999997385","16.52999999999999","17.205","8.996","126.346","126.29","0","8.28","8.28","8.28","3.7536","1","0","0","0","1","0","0","8.264999999999995","0","0","0","0","0","2","_38fd13de8e580000_p_Net","1","1","0","1","0","0","0","0","0","0","1","_38fd13de8e580000_p_odb__dbNet","3.7536","0.0","0.0","3.7536","3.7536","","3.7536","8.28","1","8.28","8.28","8.28","16.79","126.48","16.79","126.48","1","0","0","0","16.79","","126.48","","2"
"net512","OK","0.026767999999998737","8.535714133291213","10.544","126.31800000000001","0.47799999999999976","0.055999999999997385","1.0679999999999943","10.783","10.305","126.346","126.29","0","1.379999999999999","1.379999999999999","1.379999999999999","3.7536","1","0","0","0","1","0","0","0.5339999999999971","0","0","0","0","0","2","_b0fd13de8e580000_p_Net","1","1","0","1","0","0","0","0","0","0","1","_b0fd13de8e580000_p_odb__dbNet","3.7536","0.0","0.0","3.7536","3.7536","","3.7536","1.379999999999999","1","1.379999999999999","1.379999999999999","1.379999999999999","9.89","126.48","9.89","126.48","0","1","0","0","9.89","","126.48","","2"
"net513","OK","0.026823999999998703","8.55357127582947","15.2155","50.158","0.4789999999999992","0.055999999999997385","1.0699999999999932","15.455","14.976","50.186","50.13","0","1.379999999999999","1.379999999999999","1.379999999999999","3.7536","1","0","0","0","1","0","0","0.5349999999999966","0","0","0","0","0","2","_28fe13de8e580000_p_Net","1","1","0","1","0","0","0","0","0","0","1","_28fe13de8e580000_p_odb__dbNet","3.7536","0.0","0.0","3.7536","3.7536","","3.7536","1.379999999999999","1","1.379999999999999","1.379999999999999","1.379999999999999","15.87","50.32","15.87","50.32","1","0","0","0","15.87","","50.32","","2"
"net514","OK","15.455396999999987","1.6690765686266584","18.8955","46.2115","5.078999999999997","3.0429999999999993","16.243999999999993","21.435","16.356","47.733","44.69","0","8.700000000000001","8.700000000000001","8.700000000000001","3.7536","1","0","0","0","1","0","0","8.121999999999996","0","0","0","0","0","2","_a0fe13de8e580000_p_Net","1","1","0","1","0","0","0","0","0","0","1","_a0fe13de8e580000_p_odb__dbNet","3.7536","0.0","0.0","3.7536","3.7536","","3.7536","8.700000000000001","1","8.700000000000001","8.700000000000001","8.700000000000001","21.85","44.88","21.85","44.88","0","0","0","1","21.85","","44.88","","2"
"net515","OK","0.15321600000000585","47.15789390950886","12.658999999999999","47.7615","2.6880000000000006","0.05700000000000216","5.4900000000000055","14.003","11.315","47.79","47.733","0","2.76","2.76","2.76","3.7536","1","0","0","0","1","0","0","2.7450000000000028","0","0","0","0","0","2","_18ff13de8e580000_p_Net","1","1","0","1","0","0","0","0","0","0","1","_18ff13de8e580000_p_odb__dbNet","3.7536","0.0","0.0","3.7536","3.7536","","3.7536","2.76","1","2.76","2.76","2.76","11.73","47.6","11.73","47.6","0","0","1","0","11.73","","47.6","","2"
"net516","OK","0.7873920000000006","0.006583760057920291","4.379","44.718","0.07200000000000006","10.936","22.016","4.415","4.343","50.186","39.25","0","10.880000000000003","10.880000000000003","10.880000000000003","3.7536","1","0","0","0","1","0","0","11.008","0","0","0","0","0","2","_90ff13de8e580000_p_Net","1","1","0","1","0","0","0","0","0","0","1","_90ff13de8e580000_p_odb__dbNet","3.7536","0.0","0.0","3.7536","3.7536","","3.7536","10.880000000000003","1","10.880000000000003","10.880000000000003","10.880000000000003","4.83","39.44","4.83","39.44","0","0","0","1","4.83","","39.44","","2"
"net517","OK","63.31994300000017","2.0955066396042326","12.9155","142.9615","11.519000000000002","5.497000000000014","34.03200000000003","18.675","7.156","145.71","140.213","0","17.86","17.86","17.86","3.7536","1","0","0","0","1","0","0","17.016000000000016","0","0","0","0","0","2","_080014de8e580000_p_Net","1","1","0","1","0","0","0","0","0","0","1","_080014de8e580000_p_odb__dbNet","3.7536","0.0","0.0","3.7536","3.7536","","3.7536","17.86","1","17.86","17.86","17.86","19.09","145.52","19.09","145.52","1","0","0","0","19.09","","145.52","","2"
"net518","OK","0.027246000000007813","8.3859647651561","8.704","140.2415","0.47799999999999976","0.05700000000001637","1.0700000000000323","8.943","8.465","140.27","140.213","0","1.379999999999999","1.379999999999999","1.379999999999999","3.7536","1","0","0","0","1","0","0","0.5350000000000161","0","0","0","0","0","2","_800014de8e580000_p_Net","1","1","0","1","0","0","0","0","0","0","1","_800014de8e580000_p_odb__dbNet","3.7536","0.0","0.0","3.7536","3.7536","","3.7536","1.379999999999999","1","1.379999999999999","1.379999999999999","1.379999999999999","8.05","140.08","8.05","140.08","0","0","1","0","8.05","","140.08","","2"
"net519","OK","57.53107699999999","0.0340198915440503","5.5555","135.9715","1.399","41.12299999999999","85.04399999999998","6.255","4.856","156.533","115.41","0","43.10000000000001","43.10000000000001","43.10000000000001","3.7536","1","0","0","0","1","0","0","42.52199999999999","0","0","0","0","0","2","_f80014de8e580000_p_Net","1","1","0","1","0","0","0","0","0","0","1","_f80014de8e580000_p_odb__dbNet","3.7536","0.0","0.0","3.7536","3.7536","","3.7536","43.10000000000001","1","43.10000000000001","43.10000000000001","43.10000000000001","6.67","115.6","6.67","115.6","0","0","0","1","6.67","","115.6","","2"
