net_name,label
_00000_,0
_00001_,0
_00002_,0
_00003_,0
_00004_,0
_00005_,0
_00006_,0
_00007_,0
_00008_,0
_00009_,0
_00010_,0
_00011_,0
_00012_,0
_00013_,0
_00014_,0
_00015_,0
_00016_,0
_00017_,0
_00018_,0
_00019_,0
_00020_,0
_00021_,1
_00022_,0
_00023_,0
_00024_,0
_00025_,0
_00026_,0
_00027_,0
_00028_,0
_00029_,0
_00030_,0
_00031_,0
_00032_,0
_00033_,0
_00034_,0
_00035_,0
_00036_,0
_00037_,0
_00038_,0
_00039_,0
_00040_,0
_00041_,0
_00042_,0
_00043_,0
_00044_,0
_00045_,0
_00046_,0
_00047_,0
_00048_,0
_00049_,1
_00050_,0
_00051_,0
_00052_,0
_00053_,0
_00054_,0
_00055_,0
_00056_,1
_00057_,0
_00058_,0
_00059_,0
_00060_,0
_00061_,0
_00062_,0
_00063_,0
_00064_,0
_00065_,0
_00066_,0
_00067_,0
_00068_,1
_00069_,0
_00070_,0
_00071_,0
_00072_,0
_00073_,0
_00074_,0
_00075_,0
_00076_,0
_00077_,0
_00078_,0
_00079_,0
_00080_,1
_00081_,1
_00082_,0
_00083_,1
_00084_,0
_00085_,0
_00086_,1
_00087_,1
_00088_,1
_00089_,0
_00090_,1
_00091_,0
_00092_,1
_00093_,1
_00094_,1
_00095_,0
_00096_,0
_00097_,0
_00098_,0
_00099_,0
_00100_,0
_00101_,0
_00102_,1
_00103_,0
_00104_,0
_00105_,0
_00106_,1
_00107_,0
_00108_,0
_00109_,0
_00110_,0
_00111_,0
_00112_,1
_00113_,0
_00114_,0
_00115_,0
_00116_,1
_00117_,0
_00118_,0
_00119_,1
_00120_,0
_00121_,0
_00122_,0
_00123_,0
_00124_,0
_00125_,0
_00126_,0
_00127_,0
_00128_,1
_00129_,1
_00130_,0
_00131_,0
_00132_,0
_00133_,1
_00134_,0
_00135_,0
_00136_,0
_00137_,0
_00138_,0
_00139_,0
_00140_,1
_00141_,0
_00142_,1
_00143_,0
_00144_,0
_00145_,0
_00146_,0
_00147_,0
_00148_,1
_00149_,0
_00150_,0
_00151_,0
_00152_,0
_00153_,1
_00154_,0
_00155_,1
_00156_,0
_00157_,0
_00158_,0
_00159_,0
_00160_,0
_00161_,0
_00162_,0
_00163_,0
_00164_,0
_00165_,0
_00166_,0
_00167_,0
_00168_,0
_00169_,0
_00170_,0
_00171_,0
_00172_,0
_00173_,0
_00174_,0
_00175_,0
_00176_,0
_00177_,0
_00178_,0
_00179_,0
_00180_,0
_00181_,0
_00182_,0
_00183_,0
_00184_,0
_00185_,0
_00186_,0
_00187_,0
_00188_,0
_00189_,0
_00190_,0
_00191_,0
_00192_,0
_00193_,0
_00194_,0
_00195_,0
_00196_,0
_00197_,0
_00198_,0
_00199_,0
_00200_,0
_00201_,0
_00202_,0
_00203_,0
_00204_,0
_00205_,0
_00206_,0
_00207_,0
_00208_,0
_00209_,0
_00210_,0
_00211_,0
_00212_,0
_00213_,0
_00214_,0
_00215_,0
_00216_,0
_00217_,0
_00218_,0
_00219_,0
_00220_,0
_00221_,0
_00222_,0
_00223_,0
_00224_,0
_00225_,0
_00226_,0
_00227_,0
_00228_,0
_00229_,0
_00230_,0
_00231_,0
_00232_,0
_00233_,0
_00234_,0
_00235_,0
_00236_,0
_00237_,0
_00238_,0
_00239_,0
_00240_,0
_00241_,0
_00242_,0
_00243_,0
_00244_,0
_00245_,0
_00246_,0
_00247_,0
_00248_,0
_00249_,0
_00250_,0
_00251_,0
_00252_,0
_00253_,0
_00254_,0
_00255_,0
_00256_,0
_00257_,0
_00258_,0
_00259_,0
_00260_,0
_00261_,0
_00262_,0
_00263_,0
_00264_,0
_00265_,0
_00266_,0
_00267_,0
_00268_,0
_00269_,0
_00270_,0
_00271_,0
_00272_,0
_00273_,0
_00274_,0
_00275_,0
_00276_,0
_00277_,0
_00278_,0
_00279_,0
_00280_,0
_00281_,0
_00282_,0
_00283_,0
_00284_,0
_00285_,0
_00286_,0
_00287_,0
_00288_,0
_00289_,0
_00290_,0
_00291_,0
_00292_,0
_00293_,0
_00294_,0
_00295_,0
_00296_,0
_00297_,0
_00298_,0
_00299_,0
_00300_,0
_00301_,0
_00302_,0
_00303_,0
_00304_,0
_00305_,0
_00306_,0
_00307_,0
_00308_,0
_00309_,0
_00310_,0
_00311_,0
_00312_,0
_00313_,0
_00314_,0
_00315_,0
_00316_,0
_00317_,0
_00318_,0
_00319_,0
_00320_,0
_00321_,0
_00322_,0
_00323_,0
_00324_,0
_00325_,0
_00326_,0
_00327_,0
_00328_,0
_00329_,0
_00330_,0
_00331_,0
_00332_,0
_00333_,0
_00334_,0
_00335_,0
_00336_,0
_00337_,0
_00338_,0
_00339_,0
_00340_,0
_00341_,0
_00342_,0
_00343_,0
_00344_,0
_00345_,0
_00346_,0
_00347_,0
_00348_,0
_00349_,0
_00350_,0
_00351_,0
_00352_,0
_00353_,0
_00354_,0
_00355_,0
_00356_,0
_00357_,0
_00358_,0
_00359_,0
_00360_,0
_00361_,0
_00362_,0
_00363_,0
_00364_,0
_00365_,0
_00366_,0
_00367_,0
_00368_,0
_00369_,0
_00370_,0
_00371_,0
_00372_,0
_00373_,0
_00374_,0
_00375_,0
_00376_,0
_00377_,0
_00378_,0
_00379_,0
_00380_,0
_00381_,0
_00382_,0
_00383_,0
_00384_,0
_00385_,0
_00386_,0
_00387_,0
_00388_,0
_00389_,0
_00390_,0
_00391_,0
_00392_,0
_00393_,0
_00394_,0
_00395_,0
_00396_,0
_00397_,0
_00398_,0
_00399_,0
_00400_,0
_00401_,0
_00402_,0
_00403_,0
_00404_,0
_00405_,0
_00406_,0
_00407_,0
_00408_,0
_00409_,0
_00410_,0
_00411_,0
_00412_,0
_00413_,0
_00414_,0
_00415_,0
_00416_,0
_00417_,0
_00418_,0
_00419_,0
_00420_,0
_00421_,0
_00422_,0
_00423_,0
_00424_,0
_00425_,0
_00426_,0
_00427_,0
_00428_,0
_00429_,0
_00430_,0
_00431_,0
_00432_,0
_00433_,0
_00434_,0
_00435_,0
_00436_,0
_00437_,0
_00438_,0
_00439_,0
_00440_,0
_00441_,0
_00442_,0
_00443_,0
_00444_,0
_00445_,0
_00446_,0
_00447_,0
_00448_,0
_00449_,0
_00450_,0
_00451_,0
_00452_,0
_00453_,0
_00454_,0
_00455_,0
_00456_,0
_00457_,0
_00458_,0
_00459_,0
_00460_,1
_00461_,1
_00462_,1
_00463_,0
_00464_,0
_00465_,0
_00466_,0
_00467_,0
_00468_,0
_00469_,0
_00470_,0
_00471_,0
_00472_,0
_00473_,0
_00474_,0
_00475_,0
_00476_,0
_00477_,0
_00478_,0
_00479_,0
_00480_,0
_00481_,0
_00482_,0
_00483_,0
_00484_,0
_00485_,0
_00486_,0
_00487_,0
_00488_,0
_00489_,0
_00490_,0
_00491_,0
_00492_,0
_00493_,0
_00494_,0
_00495_,0
_00496_,0
_00497_,0
_00498_,0
_00499_,0
_00500_,0
_00501_,0
_00502_,0
_00503_,0
_00504_,0
_00505_,0
_00506_,0
_00507_,0
_00508_,0
_00509_,0
_00510_,0
_00511_,0
_00512_,0
_00513_,0
_00514_,0
_00515_,0
_00516_,0
_00517_,0
_00518_,0
_00519_,0
_00520_,0
_00521_,0
_00522_,0
_00523_,0
_00524_,0
_00525_,0
_00526_,0
_00527_,0
_00528_,0
_00529_,0
_00530_,0
_00531_,0
_00532_,0
_00533_,0
_00534_,0
_00535_,0
_00536_,0
_00537_,0
_00538_,0
_00539_,0
_00540_,0
_00541_,0
_00542_,0
_00543_,0
_00544_,0
_00545_,0
_00546_,0
_00547_,0
_00548_,0
_00549_,0
_00550_,0
_00551_,0
_00552_,0
_00553_,0
_00554_,0
_00555_,0
_00556_,0
_00557_,0
_00558_,0
_00559_,0
_00560_,0
_00561_,0
_00562_,0
_00563_,0
_00564_,0
_00565_,0
_00566_,0
_00567_,0
_00568_,0
_00569_,0
_00570_,0
_00571_,0
_00572_,0
_00573_,0
_00574_,0
_00575_,0
_00576_,0
_00577_,0
_00578_,0
_00579_,0
_00580_,0
_00581_,0
_00582_,0
_00583_,0
_00584_,0
_00585_,0
_00586_,0
_00587_,0
_00588_,0
_00589_,0
_00590_,0
_00591_,0
_00592_,0
_00593_,0
_00594_,0
_00595_,0
_00596_,0
_00597_,0
_00598_,0
_00599_,0
_00600_,0
_00601_,0
_00602_,0
_00603_,0
_00604_,0
_00605_,0
_00606_,0
_00607_,0
_00608_,0
_00609_,0
_00610_,0
_00611_,0
_00612_,0
_00613_,0
_00614_,0
_00615_,0
_00616_,0
_00617_,0
_00618_,0
_00619_,0
_00620_,0
_00621_,0
_00622_,0
_00623_,0
_00624_,0
_00625_,0
_00626_,0
_00627_,0
_00628_,0
_00629_,0
_00630_,0
_00631_,0
_00632_,0
_00633_,0
_00634_,0
_00635_,0
_00636_,0
_00637_,0
_00638_,0
_00639_,0
_00640_,0
_00641_,0
_00642_,0
_00643_,0
_00644_,0
_00645_,0
_00646_,0
_00647_,0
_00648_,0
_00649_,0
_00650_,0
_00651_,0
_00652_,0
_00653_,0
_00654_,0
_00655_,0
_00656_,0
_00657_,0
_00658_,0
_00659_,0
_00660_,0
_00661_,0
_00662_,0
_00663_,0
_00664_,0
_00665_,0
_00666_,0
_00667_,0
_00668_,0
_00669_,0
_00670_,0
_00671_,0
_00672_,0
_00673_,0
_00674_,0
_00675_,0
_00676_,0
_00677_,0
_00678_,0
_00679_,0
_00680_,0
_00681_,0
_00682_,0
_00683_,0
_00684_,0
_00685_,0
_00686_,0
_00687_,0
_00688_,0
_00689_,0
_00690_,0
_00691_,0
_00692_,0
_00693_,0
_00694_,0
_00695_,0
_00696_,0
_00697_,0
_00698_,0
_00699_,0
_00700_,0
_00701_,0
_00702_,0
_00703_,0
_00704_,0
_00705_,0
_00706_,0
_00707_,0
_00708_,0
_00709_,0
_00710_,0
_00711_,0
_00712_,0
_00713_,0
_00714_,0
_00715_,0
_00716_,0
_00717_,0
_00718_,0
_00719_,0
_00720_,0
_00721_,0
_00722_,0
_00723_,0
_00724_,0
_00725_,0
_00726_,0
_00727_,0
_00728_,0
_00729_,0
_00730_,0
_00731_,0
_00732_,0
_00733_,0
_00734_,0
_00735_,0
_00736_,0
_00737_,0
_00738_,0
_00739_,0
_00740_,0
_00741_,0
_00742_,0
_00743_,0
_00744_,0
_00745_,0
_00746_,0
_00747_,0
_00748_,0
_00749_,0
_00750_,0
_00751_,0
_00752_,0
_00753_,0
_00754_,0
_00755_,0
_00756_,0
_00757_,0
_00758_,0
_00759_,0
_00760_,0
_00761_,0
_00762_,0
_00763_,0
_00764_,0
_00765_,0
_00766_,0
_00767_,0
_00768_,0
_00769_,0
_00770_,0
_00771_,0
_00772_,0
_00773_,0
_00774_,0
_00775_,0
_00776_,0
_00777_,0
_00778_,0
_00779_,0
_00780_,0
_00781_,0
_00782_,0
_00783_,0
_00784_,0
_00785_,0
_00786_,0
_00787_,0
_00788_,0
_00789_,0
_00790_,0
_00791_,0
_00792_,0
_00793_,0
_00794_,0
_00795_,0
_00796_,0
_00797_,0
_00798_,0
_00799_,0
_00800_,0
_00801_,0
_00802_,0
_00803_,0
_00804_,0
_00805_,0
_00806_,0
_00807_,0
_00808_,0
_00809_,0
_00810_,0
_00811_,0
_00812_,0
_00813_,0
_00814_,0
_00815_,0
_00816_,0
_00817_,0
_00818_,0
_00819_,0
_00820_,0
_00821_,0
_00822_,0
_00823_,0
_00824_,0
_00825_,0
_00826_,0
_00827_,0
_00828_,0
_00829_,0
_00830_,0
_00831_,0
_00832_,0
_00833_,0
_00834_,0
_00835_,0
_00836_,0
_00837_,0
_00838_,0
_00839_,0
_00840_,0
_00841_,0
_00842_,0
_00843_,0
_00844_,0
_00845_,0
_00846_,0
_00847_,0
_00848_,0
_00849_,0
_00850_,0
_00851_,0
_00852_,0
_00853_,0
_00854_,0
_00855_,0
_00856_,0
_00857_,0
_00858_,0
_00859_,0
_00860_,0
_00861_,0
_00862_,0
_00863_,0
_00864_,0
_00865_,0
_00866_,0
_00867_,0
_00868_,0
_00869_,0
_00870_,0
_00871_,0
_00872_,0
_00873_,0
_00874_,0
_00875_,0
_00876_,0
_00877_,0
_00878_,0
_00879_,0
_00880_,0
_00881_,0
_00882_,0
_00883_,0
_00884_,0
_00885_,0
_00886_,0
_00887_,0
_00888_,0
_00889_,0
_00890_,0
_00891_,0
_00892_,0
_00893_,0
_00894_,0
_00895_,0
_00896_,0
_00897_,0
_00898_,0
_00899_,0
_00900_,0
_00901_,0
_00902_,0
_00903_,0
_00904_,0
_00905_,0
_00906_,0
_00907_,0
_00908_,0
_00909_,0
_00910_,0
_00911_,0
_00912_,0
_00913_,0
_00914_,0
_00915_,0
_00916_,0
_00917_,0
_00918_,0
_00919_,0
_00920_,0
_00921_,0
_00922_,0
_00923_,0
_00924_,0
_00925_,0
_00926_,0
_00927_,0
_00928_,0
_00929_,0
_00930_,0
_00931_,0
_00932_,0
_00933_,0
_00934_,0
_00935_,0
_00936_,0
_00937_,0
_00938_,0
_00939_,0
_00940_,0
_00941_,0
_00942_,0
_00943_,0
_00944_,0
_00945_,0
_00946_,0
_00947_,0
_00948_,0
_00949_,0
_00950_,0
_00951_,0
_00952_,0
_00953_,0
_00954_,0
_00955_,0
_00956_,0
_00957_,0
_00958_,0
_00959_,0
_00960_,0
_00961_,0
_00962_,0
_00963_,0
_00964_,0
_00965_,0
_00966_,0
_00967_,0
_00968_,0
_00969_,0
_00970_,0
_00971_,0
_00972_,0
_00973_,0
_00974_,0
_00975_,0
_00976_,0
_00977_,0
_00978_,0
_00979_,0
_00980_,0
_00981_,0
_00982_,0
_00983_,0
_00984_,0
_00985_,0
_00986_,0
_00987_,0
_00988_,0
_00989_,0
_00990_,0
_00991_,0
_00992_,0
_00993_,0
_00994_,0
_00995_,0
_00996_,0
_00997_,0
_00998_,0
_00999_,0
_01000_,0
_01001_,0
_01002_,0
_01003_,0
_01004_,0
_01005_,0
_01006_,0
_01007_,0
_01008_,0
_01009_,0
_01010_,0
_01011_,0
_01012_,0
_01013_,0
_01014_,0
_01015_,0
_01016_,0
_01017_,0
_01018_,0
_01019_,0
_01020_,0
_01021_,0
_01022_,0
_01023_,0
_01024_,0
_01025_,0
_01026_,0
_01027_,0
_01028_,0
_01029_,0
_01030_,0
_01031_,0
_01032_,0
_01033_,0
_01034_,0
_01035_,0
_01036_,0
_01037_,0
_01038_,0
_01039_,0
_01040_,0
_01041_,0
_01042_,0
_01043_,0
_01044_,0
_01045_,0
_01046_,0
_01047_,0
_01048_,0
_01049_,0
_01050_,0
_01051_,0
_01052_,0
_01053_,0
_01054_,0
_01055_,0
_01056_,0
_01057_,0
_01058_,0
_01059_,0
_01060_,0
_01061_,0
_01062_,0
_01063_,0
_01064_,0
_01065_,0
_01066_,0
_01067_,0
_01068_,0
_01069_,0
_01070_,0
_01071_,0
_01072_,0
_01073_,0
_01074_,0
_01075_,0
_01076_,0
_01077_,0
_01078_,0
_01079_,0
_01080_,0
_01081_,0
_01082_,0
_01083_,0
_01084_,0
_01085_,0
_01086_,0
_01087_,0
_01088_,0
_01089_,0
_01090_,0
_01091_,0
_01092_,0
_01093_,0
_01094_,0
_01095_,0
_01096_,0
_01097_,0
_01098_,0
_01099_,0
_01100_,0
_01101_,0
_01102_,0
_01103_,0
_01104_,0
_01105_,0
_01106_,0
_01107_,0
_01108_,0
_01109_,0
_01110_,0
_01111_,0
_01112_,0
_01113_,0
_01114_,0
_01115_,0
_01116_,0
_01117_,0
_01118_,0
_01119_,0
_01120_,0
_01121_,0
_01122_,0
_01123_,0
_01124_,0
_01125_,0
_01126_,0
_01127_,0
_01128_,0
_01129_,0
_01130_,0
_01131_,0
_01132_,0
_01133_,0
_01134_,0
_01135_,0
_01136_,0
_01137_,0
_01138_,0
_01139_,0
_01140_,0
_01141_,0
_01142_,0
_01143_,0
_01144_,0
_01145_,0
_01146_,0
_01147_,0
_01148_,0
_01149_,0
_01150_,0
_01151_,0
_01152_,0
_01153_,0
_01154_,0
_01155_,0
_01156_,0
_01157_,0
_01158_,0
_01159_,0
_01160_,0
_01161_,0
_01162_,0
_01163_,0
_01164_,0
_01165_,0
_01166_,0
_01167_,0
_01168_,0
_01169_,0
_01170_,0
_01171_,0
_01172_,0
_01173_,0
_01174_,0
_01175_,0
_01176_,0
_01177_,0
_01178_,0
_01179_,0
_01180_,0
_01181_,0
_01182_,0
_01183_,0
_01184_,0
_01185_,0
_01186_,0
_01187_,0
_01188_,0
_01189_,0
_01190_,0
_01191_,0
_01192_,0
_01193_,0
_01194_,0
_01195_,0
_01196_,0
_01197_,0
_01198_,0
_01199_,0
_01200_,0
_01201_,0
_01202_,0
_01203_,0
_01204_,0
_01205_,0
_01206_,0
_01207_,0
_01208_,0
_01209_,0
_01210_,0
_01211_,0
_01212_,0
_01213_,0
_01214_,0
_01215_,0
_01216_,0
_01217_,0
_01218_,0
_01219_,0
_01220_,0
_01221_,0
_01222_,0
_01223_,0
_01224_,0
_01225_,0
_01226_,0
_01227_,0
_01228_,0
_01229_,0
_01230_,0
_01231_,0
_01232_,0
_01233_,0
_01234_,0
_01235_,0
_01236_,0
_01237_,0
_01238_,0
_01239_,0
_01240_,0
_01241_,0
_01242_,0
_01243_,0
_01244_,0
_01245_,0
_01246_,0
_01247_,0
_01248_,0
_01249_,0
_01250_,0
_01251_,0
_01252_,0
_01253_,0
_01254_,0
_01255_,0
_01256_,0
_01257_,0
_01258_,0
_01259_,0
_01260_,0
_01261_,0
_01262_,0
_01263_,0
_01264_,0
_01265_,0
_01266_,0
_01267_,0
_01268_,0
_01269_,0
_01270_,0
_01271_,0
_01272_,0
_01273_,0
_01274_,0
_01275_,0
_01276_,0
_01277_,0
_01278_,0
_01279_,0
_01280_,0
_01281_,0
_01282_,0
_01283_,0
_01284_,0
_01285_,0
_01286_,0
_01287_,0
_01288_,0
_01289_,0
_01290_,0
_01291_,0
_01292_,0
_01293_,0
_01294_,0
_01295_,0
_01296_,0
_01297_,0
_01298_,0
_01299_,0
_01300_,0
_01301_,0
_01302_,0
_01303_,0
_01304_,0
_01305_,0
_01306_,0
_01307_,0
_01308_,0
_01309_,0
_01310_,0
_01311_,0
_01312_,0
_01313_,0
_01314_,0
_01315_,0
_01316_,0
_01317_,0
_01318_,0
_01319_,0
_01320_,0
_01321_,0
_01322_,0
_01323_,0
_01324_,0
_01325_,0
_01326_,0
_01327_,0
_01328_,0
_01329_,0
_01330_,0
_01331_,0
_01332_,0
_01333_,0
_01334_,0
_01335_,0
_01336_,0
_01337_,0
_01338_,0
_01339_,0
_01340_,0
_01341_,0
_01342_,0
_01343_,0
_01344_,0
_01345_,0
_01346_,0
_01347_,0
_01348_,0
_01349_,0
_01350_,0
_01351_,0
_01352_,0
_01353_,0
_01354_,0
_01355_,0
_01356_,0
_01357_,0
_01358_,0
_01359_,0
_01360_,0
_01361_,0
_01362_,0
_01363_,0
_01364_,0
_01365_,0
_01366_,0
_01367_,0
_01368_,0
_01369_,0
_01370_,0
_01371_,0
_01372_,0
_01373_,0
_01374_,0
_01375_,0
_01376_,0
_01377_,0
_01378_,0
_01379_,0
_01380_,0
_01381_,0
_01382_,0
_01383_,0
_01384_,0
_01385_,0
_01386_,0
_01387_,0
_01388_,0
_01389_,0
_01390_,0
_01391_,0
_01392_,0
_01393_,0
_01394_,0
_01395_,0
_01396_,0
_01397_,0
_01398_,0
_01399_,0
_01400_,0
_01401_,0
_01402_,0
_01403_,0
_01404_,0
_01405_,0
_01406_,0
_01407_,0
_01408_,0
_01409_,0
_01410_,0
_01411_,0
_01412_,0
_01413_,0
_01414_,0
_01415_,0
_01416_,0
_01417_,0
_01418_,0
_01419_,0
_01420_,0
_01421_,0
_01422_,0
_01423_,0
_01424_,0
_01425_,0
_01426_,0
_01427_,0
_01428_,0
_01429_,0
_01430_,0
_01431_,0
_01432_,0
_01433_,0
_01434_,0
_01435_,0
_01436_,0
_01437_,0
_01438_,0
_01439_,0
_01440_,0
_01441_,0
_01442_,0
_01443_,0
_01444_,0
_01445_,0
_01446_,0
_01447_,0
_01448_,0
_01449_,0
_01450_,0
_01451_,0
_01452_,0
_01453_,0
_01454_,0
_01455_,0
_01456_,0
_01457_,0
_01458_,0
_01459_,0
_01460_,0
_01461_,0
_01462_,0
_01463_,0
_01464_,0
_01465_,0
_01466_,0
_01467_,0
_01468_,0
_01469_,0
_01470_,0
_01471_,0
_01472_,0
_01473_,0
_01474_,0
_01475_,0
_01476_,0
_01477_,0
_01478_,0
_01479_,0
_01480_,0
_01481_,0
_01482_,0
_01483_,0
_01484_,0
_01485_,0
_01486_,0
_01487_,0
_01488_,0
_01489_,0
_01490_,0
_01491_,0
_01492_,0
_01493_,0
_01494_,0
_01495_,1
_01496_,0
_01497_,0
_01498_,0
_01499_,0
_01500_,0
_01501_,0
_01502_,0
_01503_,0
_01504_,0
_01505_,0
_01506_,0
_01507_,0
_01508_,0
_01509_,0
_01510_,0
_01511_,0
_01512_,0
_01513_,0
_01514_,0
_01515_,0
_01516_,0
_01517_,0
_01518_,0
_01519_,0
_01520_,0
_01521_,0
_01522_,0
_01523_,0
_01524_,0
_01525_,0
_01526_,0
_01527_,0
_01528_,0
_01529_,0
_01530_,1
_01531_,0
_01532_,0
_01533_,0
_01534_,0
_01535_,0
_01536_,0
_01537_,0
_01538_,0
_01539_,0
_01540_,0
_01541_,0
_01542_,0
_01543_,0
_01544_,0
_01545_,0
_01546_,0
_01547_,0
_01548_,0
_01549_,0
_01550_,0
_01551_,0
_01552_,0
_01553_,0
_01554_,0
_01555_,0
_01556_,0
_01557_,0
_01558_,0
_01559_,0
_01560_,0
_01561_,0
_01562_,0
_01563_,0
_01564_,0
_01565_,0
_01566_,0
_01567_,0
_01568_,0
_01569_,0
_01570_,0
_01571_,0
_01572_,0
_01573_,0
_01574_,0
_01575_,0
_01576_,0
_01577_,0
_01578_,0
_01579_,0
_01580_,0
_01581_,0
_01582_,0
_01583_,0
_01584_,0
_01585_,0
_01586_,0
_01587_,0
_01588_,0
_01589_,0
_01590_,0
_01591_,0
_01592_,0
_01593_,0
_01594_,0
_01595_,0
_01596_,0
_01597_,0
_01598_,0
_01599_,0
_01600_,0
_01601_,0
_01602_,0
_01603_,0
_01604_,0
_01605_,0
_01606_,0
_01607_,0
_01608_,0
_01609_,0
_01610_,0
_01611_,0
_01612_,0
_01613_,0
_01614_,0
_01615_,0
_01616_,0
_01617_,0
_01618_,0
_01619_,0
_01620_,0
_01621_,0
_01622_,0
_01623_,0
_01624_,0
_01625_,0
_01626_,0
_01627_,0
_01628_,0
_01629_,0
_01630_,0
_01631_,0
_01632_,0
_01633_,0
_01634_,0
_01635_,0
_01636_,0
_01637_,0
_01638_,0
_01639_,0
_01640_,0
_01641_,0
_01642_,0
_01643_,0
_01644_,0
_01645_,0
_01646_,0
_01647_,0
_01648_,0
_01649_,0
_01650_,0
_01651_,0
_01652_,0
_01653_,0
_01654_,0
_01655_,0
_01656_,0
_01657_,0
_01658_,0
_01659_,0
_01660_,0
_01661_,0
_01662_,0
_01663_,0
_01664_,0
_01665_,0
_01666_,0
_01667_,0
_01668_,0
_01669_,0
_01670_,0
_01671_,0
_01672_,0
_01673_,0
_01674_,0
_01675_,0
_01676_,0
_01677_,0
_01678_,0
_01679_,0
_01680_,0
_01681_,0
_01682_,0
_01683_,0
_01684_,0
_01685_,0
_01686_,0
_01687_,0
_01688_,0
_01689_,0
_01690_,0
_01691_,0
_01692_,0
_01693_,0
_01694_,0
_01695_,0
_01696_,0
_01697_,0
_01698_,0
_01699_,0
_01700_,0
_01701_,0
_01702_,0
_01703_,0
_01704_,0
_01705_,0
_01706_,0
_01707_,0
_01708_,0
_01709_,0
_01710_,0
_01711_,0
_01712_,0
_01713_,0
_01714_,0
_01715_,0
_01716_,0
_01717_,0
_01718_,0
_01719_,0
_01720_,0
_01721_,0
_01722_,0
_01723_,0
_01724_,0
_01725_,0
_01726_,0
_01727_,0
_01728_,0
_01729_,0
_01730_,0
_01731_,0
_01732_,0
_01733_,0
_01734_,0
_01735_,0
_01736_,0
_01737_,0
_01738_,0
_01739_,0
_01740_,0
_01741_,0
_01742_,0
_01743_,0
_01744_,0
_01745_,0
_01746_,0
_01747_,1
_01748_,0
_01749_,1
_01750_,0
_01751_,0
_01752_,0
_01753_,0
_01754_,0
_01755_,0
_01756_,0
_01757_,0
_01758_,0
_01759_,0
_01760_,0
_01761_,0
_01762_,0
_01763_,0
_01764_,0
_01765_,0
_01766_,0
_01767_,0
_01768_,0
_01769_,0
_01770_,0
_01771_,0
_01772_,0
_01773_,0
_01774_,1
_01775_,0
_01776_,0
_01777_,0
_01778_,0
_01779_,0
_01780_,0
_01781_,0
_01782_,0
_01783_,0
_01784_,0
_01785_,0
_01786_,0
_01787_,0
_01788_,0
_01789_,0
_01790_,0
_01791_,0
_01792_,0
_01793_,0
_01794_,0
_01795_,0
_01796_,0
_01797_,0
_01798_,0
_01799_,0
_01800_,0
_01801_,0
_01802_,0
_01803_,0
_01804_,0
_01805_,0
_01806_,0
_01807_,0
_01808_,0
_01809_,0
_01810_,0
_01811_,0
_01812_,0
_01813_,0
_01814_,0
_01815_,0
_01816_,0
_01817_,0
_01818_,0
_01819_,0
_01820_,0
_01821_,0
_01822_,0
_01823_,0
_01824_,0
_01825_,0
_01826_,0
_01827_,0
_01828_,0
_01829_,0
_01830_,0
_01831_,0
_01832_,0
_01833_,0
_01834_,0
_01835_,0
_01836_,0
_01837_,0
_01838_,0
_01839_,0
_01840_,0
_01841_,0
_01842_,0
_01843_,0
_01844_,0
_01845_,0
_01846_,0
_01847_,0
_01848_,0
_01849_,0
_01850_,0
_01851_,0
_01852_,0
_01853_,0
_01854_,0
_01855_,0
_01856_,0
_01857_,0
_01858_,0
_01859_,0
_01860_,0
_01861_,0
_01862_,0
_01863_,0
_01864_,0
_01865_,0
_01866_,0
_01867_,0
_01868_,0
_01869_,0
_01870_,0
_01871_,0
_01872_,0
_01873_,0
_01874_,0
_01875_,0
_01876_,0
_01877_,0
_01878_,0
_01879_,0
_01880_,0
_01881_,0
_01882_,0
_01883_,0
_01884_,0
_01885_,0
_01886_,0
_01887_,0
_01888_,0
_01889_,0
_01890_,0
_01891_,0
_01892_,0
_01893_,0
_01894_,0
_01895_,0
_01896_,0
_01897_,0
_01898_,0
_01899_,0
_01900_,0
_01901_,0
_01902_,0
_01903_,0
_01904_,0
_01905_,0
_01906_,0
_01907_,0
_01908_,0
_01909_,0
_01910_,0
_01911_,0
_01912_,0
_01913_,0
_01914_,0
_01915_,0
_01916_,0
_01917_,0
_01918_,0
_01919_,0
_01920_,0
_01921_,0
_01922_,0
_01923_,0
_01924_,0
_01925_,0
_01926_,0
_01927_,0
_01928_,0
_01929_,0
_01930_,0
_01931_,0
_01932_,0
_01933_,0
_01934_,0
_01935_,0
_01936_,0
_01937_,0
_01938_,0
_01939_,0
_01940_,0
_01941_,0
_01942_,0
_01943_,0
_01944_,0
_01945_,0
_01946_,0
_01947_,0
_01948_,0
_01949_,0
_01950_,0
_01951_,0
_01952_,0
_01953_,0
_01954_,0
_01955_,0
_01956_,0
_01957_,0
_01958_,0
_01959_,0
_01960_,0
_01961_,0
_01962_,0
_01963_,0
_01964_,0
_01965_,0
_01966_,0
_01967_,0
_01968_,0
_01969_,0
_01970_,0
_01971_,0
_01972_,0
_01973_,0
_01974_,0
_01975_,0
_01976_,0
_01977_,0
_01978_,0
_01979_,0
_01980_,0
_01981_,0
_01982_,0
_01983_,0
_01984_,0
_01985_,0
_01986_,0
_01987_,0
_01988_,0
_01989_,0
_01990_,0
_01991_,0
_01992_,0
_01993_,0
_01994_,0
_01995_,0
_01996_,0
_01997_,0
_01998_,0
_01999_,0
_02000_,0
_02001_,0
_02002_,0
_02003_,0
_02004_,0
_02005_,0
_02006_,0
_02007_,0
_02008_,0
_02009_,0
_02010_,0
_02011_,0
_02012_,0
_02013_,0
_02014_,0
_02015_,0
_02016_,0
_02017_,0
_02018_,0
_02019_,0
_02020_,0
_02021_,0
_02022_,0
_02023_,0
_02024_,0
_02025_,0
_02026_,0
_02027_,0
_02028_,0
_02029_,0
_02030_,0
_02031_,0
_02032_,0
_02033_,0
_02034_,0
_02035_,0
_02036_,0
_02037_,0
_02038_,0
_02039_,0
_02040_,0
_02041_,0
_02042_,0
_02043_,0
_02044_,0
_02045_,0
_02046_,0
_02047_,0
_02048_,0
_02049_,0
_02050_,0
_02051_,0
_02052_,0
_02053_,0
_02054_,0
_02055_,0
_02056_,0
_02057_,0
_02058_,0
_02059_,0
_02060_,0
_02061_,0
_02062_,0
_02063_,0
_02064_,0
_02065_,0
_02066_,0
_02067_,0
_02068_,0
_02069_,0
_02070_,0
_02071_,0
_02072_,0
_02073_,0
_02074_,0
_02075_,0
_02076_,0
_02077_,0
_02078_,0
_02079_,0
_02080_,0
_02081_,0
_02082_,0
_02083_,0
_02084_,0
_02085_,0
_02086_,0
_02087_,0
_02088_,0
_02089_,0
_02090_,0
_02091_,0
_02092_,0
_02093_,0
_02094_,0
_02095_,0
_02096_,0
_02097_,0
_02098_,0
_02099_,0
_02100_,0
_02101_,0
_02102_,0
_02103_,0
_02104_,0
_02105_,0
_02106_,0
_02107_,0
_02108_,0
_02109_,0
_02110_,0
_02111_,0
_02112_,0
_02113_,0
_02114_,0
_02115_,0
_02116_,0
_02117_,0
_02118_,0
_02119_,0
_02120_,0
_02121_,0
_02122_,0
_02123_,0
_02124_,0
_02125_,0
_02126_,0
_02127_,0
_02128_,0
_02129_,0
_02130_,0
_02131_,0
_02132_,0
_02133_,0
_02134_,0
_02135_,0
_02136_,0
_02137_,0
_02138_,0
_02139_,0
_02140_,0
_02141_,0
_02142_,0
_02143_,0
_02144_,0
_02145_,0
_02146_,0
_02147_,0
_02148_,0
_02149_,0
_02150_,0
_02151_,0
_02152_,0
_02153_,0
_02154_,0
_02155_,0
_02156_,0
_02157_,0
_02158_,0
_02159_,0
_02160_,0
_02161_,0
_02162_,0
_02163_,0
_02164_,0
_02165_,0
_02166_,0
_02167_,0
_02168_,0
_02169_,0
_02170_,0
_02171_,0
_02172_,0
_02173_,0
_02174_,0
_02175_,0
_02176_,0
_02177_,0
_02178_,0
_02179_,0
_02180_,0
_02181_,0
_02182_,0
_02183_,0
_02184_,0
_02185_,0
_02186_,0
_02187_,0
_02188_,0
_02189_,0
_02190_,0
_02191_,0
_02192_,0
_02193_,0
_02194_,0
_02195_,0
_02196_,0
_02197_,0
_02198_,1
_02199_,0
_02200_,0
_02201_,0
_02202_,0
_02203_,1
_02204_,0
_02205_,0
_02206_,0
_02207_,0
_02208_,0
_02209_,0
_02210_,0
_02211_,0
_02212_,0
_02213_,0
_02214_,0
_02215_,0
_02216_,0
_02217_,0
_02218_,0
_02219_,0
_02220_,0
_02221_,0
_02222_,0
_02223_,0
_02224_,0
_02225_,0
_02226_,0
_02227_,0
_02228_,0
_02229_,0
_02230_,0
_02231_,0
_02232_,0
_02233_,0
_02234_,0
_02235_,0
_02236_,0
_02237_,0
_02238_,0
_02239_,0
_02240_,0
_02241_,0
_02242_,0
_02243_,0
_02244_,0
_02245_,0
_02246_,0
_02247_,0
_02248_,0
_02249_,0
_02250_,0
_02251_,0
_02252_,0
_02253_,0
_02254_,0
_02255_,0
_02256_,0
_02257_,0
_02258_,0
_02259_,0
_02260_,0
_02261_,0
_02262_,0
_02263_,0
_02264_,0
_02265_,0
_02266_,0
_02267_,0
_02268_,0
_02269_,0
_02270_,0
_02271_,0
_02272_,0
_02273_,0
_02274_,0
_02275_,0
_02276_,0
_02277_,0
_02278_,0
_02279_,0
_02280_,0
_02281_,0
_02282_,0
_02283_,0
_02284_,0
_02285_,0
_02286_,0
_02287_,0
_02288_,0
_02289_,0
_02290_,0
_02291_,0
_02292_,0
_02293_,0
_02294_,0
_02295_,0
_02296_,0
_02297_,0
_02298_,0
_02299_,0
_02300_,0
_02301_,0
_02302_,0
_02303_,0
_02304_,0
_02305_,0
_02306_,0
_02307_,0
_02308_,0
_02309_,0
_02310_,0
_02311_,0
_02312_,0
_02313_,0
_02314_,0
_02315_,0
_02316_,0
_02317_,0
_02318_,0
_02319_,0
_02320_,0
_02321_,0
_02322_,0
_02323_,0
_02324_,0
_02325_,0
_02326_,0
_02327_,0
_02328_,0
_02329_,0
_02330_,0
_02331_,0
_02332_,0
_02333_,0
_02334_,0
_02335_,0
_02336_,0
_02337_,0
_02338_,0
_02339_,0
_02340_,0
_02341_,0
_02342_,0
_02343_,0
_02344_,0
_02345_,0
_02346_,0
_02347_,0
_02348_,0
_02349_,0
_02350_,0
_02351_,0
_02352_,0
_02353_,0
_02354_,0
_02355_,0
_02356_,0
_02357_,0
_02358_,0
_02359_,0
_02360_,0
_02361_,0
_02362_,0
_02363_,0
_02364_,0
_02365_,0
_02366_,0
_02367_,0
_02368_,0
_02369_,0
_02370_,0
_02371_,0
_02372_,0
_02373_,0
_02374_,0
_02375_,0
_02376_,0
_02377_,0
_02378_,0
_02379_,0
_02380_,0
_02381_,0
_02382_,0
_02383_,0
_02384_,0
_02385_,0
_02386_,0
_02387_,0
_02388_,0
_02389_,0
_02390_,0
_02391_,0
_02392_,0
_02393_,0
_02394_,0
_02395_,0
_02396_,0
_02397_,0
_02398_,0
_02399_,0
_02400_,0
_02401_,0
_02402_,0
_02403_,0
_02404_,0
_02405_,0
_02406_,0
_02407_,0
_02408_,0
_02409_,0
_02410_,0
_02411_,0
_02412_,0
_02413_,0
_02414_,0
_02415_,0
_02416_,0
_02417_,0
_02418_,0
_02419_,0
_02420_,0
_02421_,0
_02422_,0
_02423_,0
_02424_,0
_02425_,0
_02426_,0
_02427_,0
_02428_,0
_02429_,0
_02430_,0
_02431_,0
_02432_,0
_02433_,0
_02434_,0
_02435_,0
_02436_,0
_02437_,0
_02438_,0
_02439_,0
_02440_,0
_02441_,0
_02442_,0
_02443_,0
_02444_,0
_02445_,0
_02446_,0
_02447_,0
_02448_,0
_02449_,0
_02450_,0
_02451_,0
_02452_,0
_02453_,0
_02454_,0
_02455_,0
_02456_,0
_02457_,0
_02458_,0
_02459_,0
_02460_,0
_02461_,0
_02462_,0
_02463_,0
_02464_,0
_02465_,0
_02466_,0
_02467_,0
_02468_,0
_02469_,0
_02470_,0
_02471_,0
_02472_,0
_02473_,0
_02474_,0
_02475_,0
_02476_,0
_02477_,0
_02478_,0
_02479_,0
_02480_,0
_02481_,0
_02482_,0
_02483_,0
_02484_,0
_02485_,0
_02486_,0
_02487_,0
_02488_,0
_02489_,0
_02490_,0
_02491_,0
_02492_,0
_02493_,0
_02494_,0
_02495_,0
_02496_,0
_02497_,0
_02498_,0
_02499_,0
_02500_,0
_02501_,0
_02502_,0
_02503_,0
_02504_,0
_02505_,0
_02506_,0
_02507_,0
_02508_,0
_02509_,0
_02510_,0
_02511_,0
_02512_,0
_02513_,0
_02514_,0
_02515_,0
_02516_,0
_02517_,0
_02518_,0
_02519_,0
_02520_,0
_02521_,0
_02522_,0
_02523_,0
_02524_,0
_02525_,0
_02526_,0
_02527_,0
_02528_,0
_02529_,0
_02530_,0
_02531_,0
_02532_,0
_02533_,0
_02534_,0
_02535_,0
_02536_,0
_02537_,0
_02538_,0
_02539_,0
_02540_,0
_02541_,0
_02542_,0
_02543_,0
_02544_,0
_02545_,0
_02546_,0
_02547_,0
_02548_,0
_02549_,0
_02550_,0
_02551_,0
_02552_,0
_02553_,0
_02554_,0
_02555_,0
_02556_,0
_02557_,0
_02558_,0
_02559_,0
_02560_,0
_02561_,0
_02562_,0
_02563_,0
_02564_,0
_02565_,0
_02566_,0
_02567_,0
_02568_,0
_02569_,0
_02570_,0
_02571_,0
_02572_,0
_02573_,0
_02574_,0
_02575_,0
_02576_,0
_02577_,0
_02578_,0
_02579_,0
_02580_,0
_02581_,0
_02582_,0
_02583_,0
_02584_,0
_02585_,0
_02586_,0
_02587_,0
_02588_,0
_02589_,0
_02590_,0
_02591_,0
_02592_,0
_02593_,0
_02594_,0
_02595_,0
_02596_,0
_02597_,0
_02598_,0
_02599_,0
_02600_,0
_02601_,0
_02602_,0
_02603_,0
_02604_,0
_02605_,0
_02606_,0
_02607_,0
_02608_,0
_02609_,0
_02610_,0
_02611_,0
_02612_,0
_02613_,0
_02614_,0
_02615_,0
_02616_,0
_02617_,0
_02618_,0
_02619_,0
_02620_,0
_02621_,0
_02622_,0
_02623_,0
_02624_,0
_02625_,0
_02626_,0
_02627_,0
_02628_,0
_02629_,0
_02630_,0
_02631_,0
_02632_,0
_02633_,0
_02634_,0
_02635_,1
_02636_,0
_02637_,0
_02638_,0
_02639_,0
_02640_,0
_02641_,0
_02642_,0
_02643_,0
_02644_,0
_02645_,0
_02646_,0
_02647_,0
_02648_,0
_02649_,0
_02650_,0
_02651_,0
_02652_,0
_02653_,0
_02654_,0
_02655_,0
_02656_,0
_02657_,0
_02658_,0
_02659_,0
_02660_,0
_02661_,0
_02662_,0
_02663_,0
_02664_,0
_02665_,0
_02666_,0
_02667_,0
_02668_,0
_02669_,0
_02670_,0
_02671_,0
_02672_,0
_02673_,0
_02674_,0
_02675_,0
_02676_,0
_02677_,0
_02678_,0
_02679_,0
_02680_,0
_02681_,0
_02682_,0
_02683_,0
_02684_,0
_02685_,0
_02686_,0
_02687_,0
_02688_,0
_02689_,0
_02690_,0
_02691_,0
_02692_,0
_02693_,0
_02694_,0
_02695_,0
_02696_,0
_02697_,0
_02698_,0
_02699_,0
_02700_,0
_02701_,0
_02702_,0
_02703_,0
_02704_,0
_02705_,0
_02706_,0
_02707_,0
_02708_,0
_02709_,0
_02710_,0
_02711_,0
_02712_,0
_02713_,0
_02714_,0
_02715_,0
_02716_,0
_02717_,0
_02718_,0
_02719_,0
_02720_,0
_02721_,0
_02722_,0
_02723_,0
_02724_,0
_02725_,0
_02726_,0
_02727_,0
_02728_,0
_02729_,0
_02730_,0
_02731_,0
_02732_,0
_02733_,0
_02734_,0
_02735_,0
_02736_,0
_02737_,0
_02738_,0
_02739_,0
_02740_,0
_02741_,0
_02742_,0
_02743_,0
_02744_,0
_02745_,0
_02746_,0
_02747_,0
_02748_,0
_02749_,0
_02750_,0
_02751_,0
_02752_,0
_02753_,0
_02754_,0
_02755_,0
_02756_,0
_02757_,0
_02758_,0
_02759_,0
_02760_,0
_02761_,0
_02762_,0
_02763_,0
_02764_,0
_02765_,0
_02766_,0
_02767_,0
_02768_,0
_02769_,0
_02770_,0
_02771_,0
_02772_,0
_02773_,0
_02774_,0
_02775_,0
_02776_,0
_02777_,0
_02778_,0
_02779_,0
_02780_,0
_02781_,0
_02782_,0
_02783_,0
_02784_,0
_02785_,0
_02786_,0
_02787_,0
_02788_,0
_02789_,0
_02790_,0
_02791_,0
_02792_,0
_02793_,0
_02794_,0
_02795_,0
_02796_,0
_02797_,0
_02798_,0
_02799_,0
_02800_,0
_02801_,0
_02802_,0
_02803_,0
_02804_,0
_02805_,0
_02806_,0
_02807_,0
_02808_,0
_02809_,0
_02810_,0
_02811_,0
_02812_,0
_02813_,0
_02814_,0
_02815_,0
_02816_,0
_02817_,0
_02818_,0
_02819_,0
_02820_,0
_02821_,0
_02822_,0
_02823_,0
_02824_,0
_02825_,0
_02826_,0
_02827_,0
_02828_,0
_02829_,0
_02830_,0
_02831_,0
_02832_,0
_02833_,0
_02834_,0
_02835_,0
_02836_,0
_02837_,0
_02838_,0
_02839_,0
_02840_,0
_02841_,0
_02842_,0
_02843_,0
_02844_,0
_02845_,0
_02846_,0
_02847_,0
_02848_,0
_02849_,0
_02850_,0
_02851_,0
_02852_,0
_02853_,0
_02854_,0
_02855_,0
_02856_,0
_02857_,0
_02858_,0
_02859_,0
_02860_,0
_02861_,0
_02862_,0
_02863_,0
_02864_,0
_02865_,0
_02866_,0
_02867_,0
_02868_,0
_02869_,0
_02870_,0
_02871_,0
_02872_,0
_02873_,0
_02874_,0
_02875_,0
_02876_,0
_02877_,0
_02878_,0
_02879_,0
_02880_,0
_02881_,0
_02882_,0
_02883_,0
_02884_,0
_02885_,0
_02886_,0
_02887_,0
_02888_,0
_02889_,0
_02890_,0
_02891_,0
_02892_,0
_02893_,0
_02894_,0
_02895_,0
_02896_,0
_02897_,0
_02898_,0
_02899_,0
_02900_,0
_02901_,0
_02902_,0
_02903_,0
_02904_,0
_02905_,0
_02906_,0
_02907_,0
_02908_,0
_02909_,0
_02910_,0
_02911_,0
_02912_,0
_02913_,0
_02914_,0
_02915_,0
_02916_,0
_02917_,0
_02918_,0
_02919_,0
_02920_,0
_02921_,0
_02922_,0
_02923_,0
_02924_,0
_02925_,0
_02926_,0
_02927_,0
_02928_,0
_02929_,0
_02930_,0
_02931_,0
_02932_,0
_02933_,0
_02934_,0
_02935_,0
_02936_,0
_02937_,0
_02938_,0
_02939_,0
_02940_,0
_02941_,0
_02942_,0
_02943_,0
_02944_,0
_02945_,0
_02946_,0
_02947_,0
_02948_,0
_02949_,0
_02950_,0
_02951_,0
_02952_,0
_02953_,0
_02954_,0
_02955_,0
_02956_,0
_02957_,0
_02958_,0
_02959_,0
_02960_,0
_02961_,0
_02962_,0
_02963_,0
_02964_,0
_02965_,0
_02966_,0
_02967_,0
_02968_,0
_02969_,0
_02970_,0
_02971_,0
_02972_,0
_02973_,0
_02974_,0
_02975_,0
_02976_,0
_02977_,0
_02978_,0
_02979_,0
_02980_,0
_02981_,0
_02982_,0
_02983_,0
_02984_,0
_02985_,0
_02986_,0
_02987_,0
_02988_,0
_02989_,0
_02990_,0
_02991_,0
_02992_,0
_02993_,0
_02994_,0
_02995_,0
_02996_,0
_02997_,0
_02998_,0
_02999_,0
_03000_,0
_03001_,0
_03002_,0
_03003_,0
_03004_,0
_03005_,0
_03006_,0
_03007_,0
_03008_,0
_03009_,0
_03010_,0
_03011_,0
_03012_,0
_03013_,0
_03014_,0
_03015_,0
_03016_,0
_03017_,0
_03018_,0
_03019_,0
_03020_,0
_03021_,0
_03022_,0
_03023_,0
_03024_,0
_03025_,0
_03026_,0
_03027_,0
_03028_,0
_03029_,0
_03030_,1
_03031_,0
_03032_,1
_03033_,1
_03034_,1
_03035_,0
_03036_,1
_03037_,0
_03038_,0
_03039_,0
_03040_,0
_03041_,0
_03042_,0
_03043_,0
_03044_,1
_03045_,0
_03046_,0
_03047_,0
_03048_,0
_03049_,0
_03050_,0
_03051_,0
_03052_,0
_03053_,0
_03054_,0
_03055_,0
_03056_,0
_03057_,0
_03058_,0
_03059_,0
_03060_,0
_03061_,0
_03062_,0
_03063_,0
_03064_,0
_03065_,0
_03066_,0
_03067_,0
_03068_,0
_03069_,0
_03070_,0
_03071_,0
_03072_,0
_03073_,0
_03074_,0
_03075_,0
_03076_,0
_03077_,0
_03078_,0
_03079_,0
_03080_,0
_03081_,0
_03082_,0
_03083_,0
_03084_,0
_03085_,0
_03086_,0
_03087_,0
_03088_,0
_03089_,0
_03090_,0
_03091_,0
_03092_,0
_03093_,0
_03094_,0
_03095_,0
_03096_,0
_03097_,0
_03098_,0
_03099_,0
_03100_,0
_03101_,0
_03102_,0
_03103_,0
_03104_,0
_03105_,0
_03106_,0
_03107_,0
_03108_,0
_03109_,0
_03110_,0
_03111_,0
_03112_,0
_03113_,0
_03114_,0
_03115_,0
_03116_,0
_03117_,0
_03118_,0
_03119_,0
_03120_,0
_03121_,0
_03122_,0
_03123_,0
_03124_,0
_03125_,0
_03126_,0
_03127_,0
_03128_,0
_03129_,0
_03130_,0
_03131_,0
_03132_,0
_03133_,0
_03134_,0
_03135_,0
_03136_,0
_03137_,1
_03138_,0
_03139_,0
_03140_,0
_03141_,0
_03142_,0
_03143_,0
_03144_,0
_03145_,0
_03146_,0
_03147_,0
_03148_,0
_03149_,0
_03150_,0
_03151_,0
_03152_,0
_03153_,0
_03154_,0
_03155_,0
_03156_,0
_03157_,0
_03158_,0
_03159_,0
_03160_,0
_03161_,0
_03162_,0
_03163_,0
_03164_,0
_03165_,0
_03166_,0
_03167_,0
_03168_,0
_03169_,0
_03170_,0
_03171_,0
_03172_,0
_03173_,0
_03174_,0
_03175_,0
_03176_,0
_03177_,0
_03178_,0
_03179_,0
_03180_,0
_03181_,0
_03182_,0
_03183_,0
_03184_,0
_03185_,0
_03186_,0
_03187_,0
_03188_,0
_03189_,0
_03190_,0
_03191_,0
_03192_,0
_03193_,0
_03194_,0
_03195_,0
_03196_,0
_03197_,0
_03198_,0
_03199_,0
_03200_,0
_03201_,1
_03202_,0
_03203_,0
_03204_,1
_03205_,0
_03206_,0
_03207_,1
_03208_,0
_03209_,0
_03210_,0
_03211_,0
_03212_,0
_03213_,0
_03214_,0
_03215_,0
_03216_,0
_03217_,0
_03218_,0
_03219_,0
_03220_,0
_03221_,0
_03222_,0
_03223_,0
_03224_,0
_03225_,0
_03226_,0
_03227_,0
_03228_,0
_03229_,0
_03230_,0
_03231_,0
_03232_,0
_03233_,0
_03234_,0
_03235_,0
_03236_,0
_03237_,0
_03238_,0
_03239_,0
_03240_,0
_03241_,0
_03242_,0
_03243_,0
_03244_,0
_03245_,0
_03246_,0
_03247_,0
_03248_,0
_03249_,0
_03250_,0
_03251_,0
_03252_,0
_03253_,0
_03254_,0
_03255_,0
_03256_,0
_03257_,0
_03258_,0
_03259_,0
_03260_,0
_03261_,0
_03262_,0
_03263_,0
_03264_,0
_03265_,0
_03266_,0
_03267_,0
_03268_,0
_03269_,0
_03270_,0
_03271_,0
_03272_,0
_03273_,0
_03274_,0
_03275_,0
_03276_,0
_03277_,0
_03278_,0
_03279_,0
_03280_,0
_03281_,0
_03282_,0
_03283_,0
_03284_,0
_03285_,0
_03286_,0
_03287_,0
_03288_,0
_03289_,0
_03290_,0
_03291_,0
_03292_,0
_03293_,0
_03294_,0
_03295_,0
_03296_,0
_03297_,0
_03298_,0
_03299_,0
_03300_,0
_03301_,0
_03302_,0
_03303_,0
_03304_,0
_03305_,0
_03306_,0
_03307_,0
_03308_,0
_03309_,0
_03310_,0
_03311_,0
_03312_,0
_03313_,0
_03314_,0
_03315_,0
_03316_,0
_03317_,0
_03318_,0
_03319_,0
_03320_,0
_03321_,0
_03322_,0
_03323_,0
_03324_,0
_03325_,0
_03326_,0
_03327_,0
_03328_,0
_03329_,0
_03330_,0
_03331_,0
_03332_,0
_03333_,0
_03334_,0
_03335_,0
_03336_,0
_03337_,0
_03338_,0
_03339_,0
_03340_,0
_03341_,0
_03342_,0
_03343_,0
_03344_,0
_03345_,0
_03346_,0
_03347_,0
_03348_,0
_03349_,0
_03350_,0
_03351_,0
_03352_,0
_03353_,0
_03354_,0
_03355_,0
_03356_,0
_03357_,0
_03358_,0
_03359_,0
_03360_,0
_03361_,0
_03362_,0
_03363_,0
_03364_,0
_03365_,0
_03366_,0
_03367_,0
_03368_,0
_03369_,0
_03370_,0
_03371_,0
_03372_,0
_03373_,0
_03374_,0
_03375_,0
_03376_,0
_03377_,0
_03378_,0
_03379_,0
_03380_,0
_03381_,0
_03382_,0
_03383_,0
_03384_,0
_03385_,0
_03386_,0
_03387_,0
_03388_,0
_03389_,0
_03390_,0
_03391_,0
_03392_,0
_03393_,0
_03394_,0
_03395_,0
_03396_,0
_03397_,0
_03398_,0
_03399_,0
_03400_,0
_03401_,0
_03402_,0
_03403_,0
_03404_,0
_03405_,0
_03406_,0
_03407_,0
_03408_,0
_03409_,0
_03410_,0
_03411_,0
_03412_,0
_03413_,0
_03414_,0
_03415_,0
_03416_,0
_03417_,0
_03418_,0
_03419_,0
_03420_,0
_03421_,0
_03422_,0
_03423_,0
_03424_,0
_03425_,0
_03426_,0
_03427_,0
_03428_,0
_03429_,0
_03430_,0
_03431_,0
_03432_,0
_03433_,0
_03434_,0
_03435_,0
_03436_,0
_03437_,0
_03438_,0
_03439_,1
_03440_,0
_03441_,0
_03442_,0
_03443_,0
_03444_,0
_03445_,1
_03446_,0
_03447_,0
_03448_,1
_03449_,1
_03450_,1
_03451_,0
_03452_,0
_03453_,0
_03454_,0
_03455_,0
_03456_,0
_03457_,0
_03458_,0
_03459_,0
_03460_,0
_03461_,0
_03462_,0
_03463_,0
_03464_,0
_03465_,0
_03466_,0
_03467_,0
_03468_,0
_03469_,0
_03470_,0
_03471_,0
_03472_,0
_03473_,0
_03474_,0
_03475_,0
_03476_,0
_03477_,0
_03478_,0
_03479_,0
_03480_,0
_03481_,0
_03482_,0
_03483_,0
_03484_,0
_03485_,0
_03486_,0
_03487_,0
_03488_,0
_03489_,0
_03490_,0
_03491_,0
_03492_,0
_03493_,0
_03494_,0
_03495_,0
_03496_,0
_03497_,0
_03498_,0
_03499_,0
_03500_,0
_03501_,0
_03502_,0
_03503_,0
_03504_,0
_03505_,0
_03506_,0
_03507_,1
_03508_,0
_03509_,0
_03510_,0
_03511_,0
_03512_,0
_03513_,0
_03514_,0
_03515_,0
_03516_,0
_03517_,0
_03518_,0
_03519_,0
_03520_,0
_03521_,0
_03522_,0
_03523_,0
_03524_,0
_03525_,0
_03526_,0
_03527_,0
_03528_,0
_03529_,0
_03530_,0
_03531_,0
_03532_,0
_03533_,0
_03534_,0
_03535_,1
_03536_,0
_03537_,0
_03538_,0
_03539_,0
_03540_,1
_03541_,0
_03542_,0
_03543_,0
_03544_,0
_03545_,0
_03546_,0
_03547_,0
_03548_,0
_03549_,0
_03550_,0
_03551_,0
_03552_,1
_03553_,1
_03554_,0
_03555_,0
_03556_,0
_03557_,0
_03558_,0
_03559_,0
_03560_,0
_03561_,0
_03562_,0
_03563_,0
_03564_,0
_03565_,0
_03566_,0
_03567_,0
_03568_,0
_03569_,0
_03570_,0
_03571_,0
_03572_,0
_03573_,0
_03574_,0
_03575_,0
_03576_,0
_03577_,0
_03578_,0
_03579_,0
_03580_,0
_03581_,0
_03582_,0
_03583_,0
_03584_,0
_03585_,0
_03586_,0
_03587_,0
_03588_,0
_03589_,0
_03590_,0
_03591_,0
_03592_,0
_03593_,0
_03594_,0
_03595_,0
_03596_,0
_03597_,0
_03598_,0
_03599_,0
_03600_,0
_03601_,0
_03602_,0
_03603_,0
_03604_,0
_03605_,0
_03606_,0
_03607_,0
_03608_,0
_03609_,0
_03610_,0
_03611_,0
_03612_,0
_03613_,0
_03614_,0
_03615_,0
_03616_,0
_03617_,0
_03618_,0
_03619_,0
_03620_,0
_03621_,0
_03622_,0
_03623_,0
_03624_,0
_03625_,0
_03626_,0
_03627_,0
_03628_,0
_03629_,0
_03630_,0
_03631_,0
_03632_,0
_03633_,0
_03634_,0
_03635_,0
_03636_,0
_03637_,0
_03638_,0
_03639_,0
_03640_,0
_03641_,0
_03642_,0
_03643_,0
_03644_,0
_03645_,0
_03646_,0
_03647_,0
_03648_,0
_03649_,0
_03650_,0
_03651_,0
_03652_,0
_03653_,0
_03654_,0
_03655_,0
_03656_,0
_03657_,0
_03658_,0
_03659_,0
_03660_,0
_03661_,0
_03662_,0
_03663_,0
_03664_,0
_03665_,0
_03666_,0
_03667_,0
_03668_,0
_03669_,0
_03670_,0
_03671_,0
_03672_,0
_03673_,0
_03674_,0
_03675_,0
_03676_,0
_03677_,0
_03678_,0
_03679_,0
_03680_,0
_03681_,0
_03682_,0
_03683_,0
_03684_,0
_03685_,0
_03686_,0
_03687_,0
_03688_,0
_03689_,0
_03690_,0
_03691_,0
_03692_,0
_03693_,0
_03694_,0
_03695_,0
_03696_,0
_03697_,0
_03698_,0
_03699_,0
_03700_,0
_03701_,0
_03702_,0
_03703_,0
_03704_,0
_03705_,0
_03706_,0
_03707_,0
_03708_,0
_03709_,0
_03710_,0
_03711_,0
_03712_,0
_03713_,0
_03714_,0
_03715_,0
_03716_,0
_03717_,0
_03718_,0
_03719_,0
_03720_,0
_03721_,0
_03722_,0
_03723_,0
_03724_,0
_03725_,0
_03726_,0
_03727_,0
_03728_,0
_03729_,0
_03730_,0
_03731_,0
_03732_,0
_03733_,0
_03734_,0
_03735_,0
_03736_,0
_03737_,0
_03738_,0
_03739_,0
_03740_,0
_03741_,0
_03742_,0
_03743_,0
_03744_,0
_03745_,0
_03746_,0
_03747_,0
_03748_,0
_03749_,0
_03750_,0
_03751_,0
_03752_,0
_03753_,0
_03754_,0
_03755_,0
_03756_,0
_03757_,0
_03758_,0
_03759_,0
_03760_,0
_03761_,0
_03762_,0
_03763_,0
_03764_,0
_03765_,0
_03766_,0
_03767_,0
_03768_,0
_03769_,0
_03770_,0
_03771_,0
_03772_,0
_03773_,0
_03774_,0
_03775_,0
_03776_,0
_03777_,0
_03778_,0
_03779_,0
_03780_,0
_03781_,0
_03782_,0
_03783_,0
_03784_,0
_03785_,0
_03786_,0
_03787_,0
_03788_,0
_03789_,0
_03790_,0
_03791_,0
_03792_,0
_03793_,0
_03794_,0
_03795_,0
_03796_,0
_03797_,0
_03798_,0
_03799_,0
_03800_,0
_03801_,0
_03802_,0
_03803_,0
_03804_,0
_03805_,0
_03806_,0
_03807_,0
_03808_,0
_03809_,0
_03810_,0
_03811_,0
_03812_,0
_03813_,0
_03814_,0
_03815_,0
_03816_,0
_03817_,0
_03818_,0
_03819_,0
_03820_,0
_03821_,0
_03822_,0
_03823_,0
_03824_,0
_03825_,0
_03826_,0
_03827_,0
_03828_,0
_03829_,0
_03830_,0
_03831_,0
_03832_,0
_03833_,0
_03834_,0
_03835_,0
_03836_,0
_03837_,0
_03838_,0
_03839_,0
_03840_,0
_03841_,0
_03842_,0
_03843_,0
_03844_,0
_03845_,0
_03846_,0
_03847_,0
_03848_,0
_03849_,0
_03850_,0
_03851_,0
_03852_,0
_03853_,0
_03854_,0
_03855_,0
_03856_,0
_03857_,0
_03858_,0
_03859_,0
_03860_,1
_03861_,0
_03862_,0
_03863_,0
_03864_,0
_03865_,0
_03866_,0
_03867_,0
_03868_,0
_03869_,0
_03870_,0
_03871_,0
_03872_,1
_03873_,1
_03874_,1
_03875_,1
_03876_,0
_03877_,0
_03878_,0
_03879_,0
_03880_,0
_03881_,0
_03882_,0
_03883_,0
_03884_,0
_03885_,0
_03886_,0
_03887_,0
_03888_,0
_03889_,0
_03890_,0
_03891_,0
_03892_,0
_03893_,0
_03894_,0
_03895_,0
_03896_,0
_03897_,0
_03898_,0
_03899_,0
_03900_,0
_03901_,0
_03902_,0
_03903_,0
_03904_,1
_03905_,0
_03906_,0
_03907_,0
_03908_,0
_03909_,0
_03910_,0
_03911_,0
_03912_,0
_03913_,0
_03914_,0
_03915_,0
_03916_,0
_03917_,0
_03918_,0
_03919_,0
_03920_,0
_03921_,0
_03922_,0
_03923_,0
_03924_,0
_03925_,0
_03926_,0
_03927_,0
_03928_,0
_03929_,0
_03930_,0
_03931_,0
_03932_,0
_03933_,0
_03934_,0
_03935_,0
_03936_,0
_03937_,0
_03938_,0
_03939_,0
_03940_,0
_03941_,0
_03942_,0
_03943_,0
_03944_,0
_03945_,0
_03946_,0
_03947_,0
_03948_,0
_03949_,0
_03950_,0
_03951_,0
_03952_,0
_03953_,0
_03954_,0
_03955_,0
_03956_,0
_03957_,0
_03958_,0
_03959_,0
_03960_,0
_03961_,0
_03962_,0
_03963_,0
_03964_,0
_03965_,0
_03966_,0
_03967_,0
_03968_,0
_03969_,0
_03970_,0
_03971_,0
_03972_,0
_03973_,0
_03974_,0
_03975_,0
_03976_,0
_03977_,0
_03978_,0
_03979_,0
_03980_,0
_03981_,0
_03982_,0
_03983_,0
_03984_,0
_03985_,0
_03986_,0
_03987_,0
_03988_,0
_03989_,0
_03990_,0
_03991_,0
_03992_,0
_03993_,0
_03994_,0
_03995_,0
_03996_,1
_03997_,0
_03998_,0
_03999_,0
_04000_,0
_04001_,0
_04002_,0
_04003_,0
_04004_,0
_04005_,0
_04006_,0
_04007_,0
_04008_,0
_04009_,0
_04010_,0
_04011_,0
_04012_,0
_04013_,0
_04014_,0
_04015_,0
_04016_,0
_04017_,0
_04018_,0
_04019_,0
_04020_,0
_04021_,0
_04022_,0
_04023_,0
_04024_,0
_04025_,0
_04026_,0
_04027_,0
_04028_,0
_04029_,0
_04030_,0
_04031_,0
_04032_,0
_04033_,0
_04034_,0
_04035_,0
_04036_,0
_04037_,0
_04038_,0
_04039_,0
_04040_,0
_04041_,0
_04042_,0
_04043_,0
_04044_,0
_04045_,0
_04046_,0
_04047_,0
_04048_,0
_04049_,0
_04050_,0
_04051_,0
_04052_,0
_04053_,0
_04054_,0
_04055_,0
_04056_,0
_04057_,0
_04058_,0
_04059_,0
_04060_,0
_04061_,0
_04062_,0
_04063_,0
_04064_,0
_04065_,0
_04066_,0
_04067_,0
_04068_,0
_04069_,0
_04070_,0
_04071_,0
_04072_,0
_04073_,0
_04074_,0
_04075_,0
_04076_,0
_04077_,0
_04078_,0
_04079_,0
_04080_,0
_04081_,0
_04082_,0
_04083_,0
_04084_,0
_04085_,0
_04086_,0
_04087_,0
_04088_,0
_04089_,0
_04090_,0
_04091_,0
_04092_,0
_04093_,0
_04094_,0
_04095_,0
_04096_,0
_04097_,0
_04098_,0
_04099_,0
_04100_,0
_04101_,0
_04102_,0
_04103_,0
_04104_,0
_04105_,0
_04106_,1
_04107_,0
_04108_,1
_04109_,1
_04110_,0
_04111_,0
_04112_,0
_04113_,0
_04114_,0
_04115_,0
_04116_,0
_04117_,0
_04118_,0
_04119_,0
_04120_,0
_04121_,0
_04122_,0
_04123_,0
_04124_,0
_04125_,0
_04126_,0
_04127_,0
_04128_,0
_04129_,0
_04130_,0
_04131_,0
_04132_,0
_04133_,0
_04134_,0
_04135_,0
_04136_,0
_04137_,0
_04138_,0
_04139_,0
_04140_,0
_04141_,0
_04142_,0
_04143_,0
_04144_,0
_04145_,0
_04146_,0
_04147_,0
_04148_,0
_04149_,0
_04150_,0
_04151_,0
_04152_,0
_04153_,0
_04154_,0
_04155_,0
_04156_,0
_04157_,0
_04158_,0
_04159_,0
_04160_,0
_04161_,0
_04162_,0
_04163_,0
_04164_,0
_04165_,0
_04166_,0
_04167_,0
_04168_,0
_04169_,0
_04170_,0
_04171_,0
_04172_,0
_04173_,0
_04174_,0
_04175_,0
_04176_,0
_04177_,0
_04178_,0
_04179_,0
_04180_,0
_04181_,0
_04182_,0
_04183_,0
_04184_,0
_04185_,0
_04186_,0
_04187_,0
_04188_,0
_04189_,0
_04190_,0
_04191_,0
_04192_,0
_04193_,0
_04194_,0
_04195_,0
_04196_,0
_04197_,0
_04198_,0
_04199_,0
_04200_,0
_04201_,0
_04202_,0
_04203_,0
_04204_,0
_04205_,0
_04206_,0
_04207_,0
_04208_,0
_04209_,0
_04210_,0
_04211_,0
_04212_,0
_04213_,0
_04214_,0
_04215_,0
_04216_,0
_04217_,0
_04218_,0
_04219_,0
_04220_,0
_04221_,0
_04222_,0
_04223_,0
_04224_,0
_04225_,0
_04226_,0
_04227_,0
_04228_,0
_04229_,0
_04230_,0
_04231_,0
_04232_,0
_04233_,0
_04234_,0
_04235_,0
_04236_,0
_04237_,0
_04238_,0
_04239_,0
_04240_,0
_04241_,0
_04242_,0
_04243_,0
_04244_,0
_04245_,0
_04246_,0
_04247_,1
_04248_,0
_04249_,0
_04250_,0
_04251_,0
_04252_,0
_04253_,0
_04254_,0
_04255_,0
_04256_,0
_04257_,0
_04258_,0
_04259_,0
_04260_,0
_04261_,0
_04262_,0
_04263_,0
_04264_,0
_04265_,0
_04266_,0
_04267_,0
_04268_,0
_04269_,0
_04270_,0
_04271_,0
_04272_,0
_04273_,0
_04274_,0
_04275_,0
_04276_,0
_04277_,0
_04278_,0
_04279_,0
_04280_,0
_04281_,0
_04282_,0
_04283_,0
_04284_,0
_04285_,0
_04286_,0
_04287_,0
_04288_,0
_04289_,0
_04290_,0
_04291_,0
_04292_,0
_04293_,0
_04294_,0
_04295_,0
_04296_,0
_04297_,0
_04298_,0
_04299_,0
_04300_,0
_04301_,0
_04302_,0
_04303_,0
_04304_,0
_04305_,0
_04306_,0
_04307_,0
_04308_,0
_04309_,0
_04310_,0
_04311_,0
_04312_,0
_04313_,0
_04314_,0
_04315_,0
_04316_,0
_04317_,0
_04318_,0
_04319_,0
_04320_,0
_04321_,0
_04322_,0
_04323_,0
_04324_,0
_04325_,0
_04326_,0
_04327_,0
_04328_,0
_04329_,0
_04330_,0
_04331_,0
_04332_,0
_04333_,0
_04334_,0
_04335_,0
_04336_,0
_04337_,0
_04338_,0
_04339_,0
_04340_,0
_04341_,0
_04342_,0
_04343_,0
_04344_,0
_04345_,0
_04346_,0
_04347_,0
_04348_,0
_04349_,0
_04350_,0
_04351_,0
_04352_,0
_04353_,0
_04354_,0
_04355_,0
_04356_,0
_04357_,0
_04358_,0
_04359_,0
_04360_,0
_04361_,0
_04362_,0
_04363_,0
_04364_,0
_04365_,0
_04366_,0
_04367_,0
_04368_,0
_04369_,0
_04370_,0
_04371_,0
_04372_,0
_04373_,0
_04374_,0
_04375_,0
_04376_,0
_04377_,0
_04378_,0
_04379_,0
_04380_,0
_04381_,0
_04382_,0
_04383_,0
_04384_,0
_04385_,0
_04386_,0
_04387_,0
_04388_,0
_04389_,0
_04390_,0
_04391_,0
_04392_,0
_04393_,0
_04394_,0
_04395_,0
_04396_,0
_04397_,0
_04398_,0
_04399_,0
_04400_,0
_04401_,0
_04402_,0
_04403_,0
_04404_,0
_04405_,0
_04406_,0
_04407_,0
_04408_,0
_04409_,0
_04410_,0
_04411_,0
_04412_,0
_04413_,0
_04414_,0
_04415_,0
_04416_,0
_04417_,0
_04418_,0
_04419_,0
_04420_,0
_04421_,0
_04422_,0
_04423_,0
_04424_,0
_04425_,0
_04426_,0
_04427_,0
_04428_,0
_04429_,0
_04430_,0
_04431_,0
_04432_,0
_04433_,0
_04434_,0
_04435_,0
_04436_,0
_04437_,0
_04438_,0
_04439_,0
_04440_,0
_04441_,0
_04442_,0
_04443_,0
_04444_,0
_04445_,0
_04446_,0
_04447_,0
_04448_,0
_04449_,0
_04450_,0
_04451_,0
_04452_,0
_04453_,0
_04454_,0
_04455_,0
_04456_,0
_04457_,0
_04458_,0
_04459_,0
_04460_,0
_04461_,0
_04462_,0
_04463_,0
_04464_,0
_04465_,0
_04466_,0
_04467_,0
_04468_,0
_04469_,0
_04470_,0
_04471_,0
_04472_,0
_04473_,0
_04474_,0
_04475_,0
_04476_,0
_04477_,0
_04478_,0
_04479_,0
_04480_,0
_04481_,0
_04482_,0
_04483_,0
_04484_,0
_04485_,0
_04486_,0
_04487_,0
_04488_,0
_04489_,0
_04490_,0
_04491_,0
_04492_,0
_04493_,0
_04494_,0
_04495_,0
_04496_,0
_04497_,0
_04498_,0
_04499_,0
_04500_,0
_04501_,0
_04502_,0
_04503_,0
_04504_,0
_04505_,0
_04506_,0
_04507_,0
_04508_,0
_04509_,0
_04510_,0
_04511_,0
_04512_,0
_04513_,0
_04514_,0
_04515_,0
_04516_,0
_04517_,0
_04518_,0
_04519_,0
_04520_,0
_04521_,0
_04522_,0
_04523_,0
_04524_,0
_04525_,0
_04526_,0
_04527_,0
_04528_,0
_04529_,0
_04530_,0
_04531_,0
_04532_,0
_04533_,0
_04534_,0
_04535_,0
_04536_,0
_04537_,0
_04538_,0
_04539_,0
_04540_,0
_04541_,0
_04542_,0
_04543_,0
_04544_,0
_04545_,0
_04546_,0
_04547_,0
_04548_,0
_04549_,0
_04550_,0
_04551_,0
_04552_,0
_04553_,0
_04554_,0
_04555_,0
_04556_,0
_04557_,0
_04558_,0
_04559_,0
_04560_,0
_04561_,0
_04562_,0
_04563_,0
_04564_,0
_04565_,0
_04566_,0
_04567_,0
_04568_,0
_04569_,0
_04570_,0
_04571_,0
_04572_,0
_04573_,0
_04574_,0
_04575_,0
_04576_,0
_04577_,0
_04578_,0
_04579_,0
_04580_,0
_04581_,0
_04582_,0
_04583_,0
_04584_,0
_04585_,0
_04586_,0
_04587_,0
_04588_,0
_04589_,0
_04590_,0
_04591_,0
_04592_,0
_04593_,0
_04594_,0
_04595_,0
_04596_,0
_04597_,0
_04598_,0
_04599_,0
_04600_,0
_04601_,0
_04602_,0
_04603_,0
_04604_,0
_04605_,0
_04606_,0
_04607_,0
_04608_,0
_04609_,0
_04610_,0
_04611_,0
_04612_,0
_04613_,0
_04614_,0
_04615_,0
_04616_,0
_04617_,0
_04618_,0
_04619_,0
_04620_,0
_04621_,0
_04622_,0
_04623_,0
_04624_,0
_04625_,0
_04626_,0
_04627_,0
_04628_,0
_04629_,0
_04630_,0
_04631_,0
_04632_,0
_04633_,0
_04634_,0
_04635_,0
_04636_,0
_04637_,0
_04638_,0
_04639_,0
_04640_,0
_04641_,0
_04642_,0
_04643_,0
_04644_,0
_04645_,0
_04646_,0
_04647_,0
_04648_,0
_04649_,0
_04650_,0
_04651_,0
_04652_,0
_04653_,0
_04654_,0
_04655_,0
_04656_,0
_04657_,0
_04658_,0
_04659_,1
_04660_,0
_04661_,1
_04662_,1
_04663_,1
_04664_,1
_04665_,0
_04666_,0
_04667_,0
_04668_,0
_04669_,0
_04670_,0
_04671_,0
_04672_,0
_04673_,0
_04674_,0
_04675_,0
_04676_,0
_04677_,0
_04678_,0
_04679_,0
_04680_,0
_04681_,0
_04682_,0
_04683_,0
_04684_,0
_04685_,0
_04686_,0
_04687_,0
_04688_,0
_04689_,0
_04690_,0
_04691_,0
_04692_,0
_04693_,0
_04694_,0
_04695_,0
_04696_,0
_04697_,0
_04698_,0
_04699_,0
_04700_,0
_04701_,0
_04702_,0
_04703_,0
_04704_,0
_04705_,0
_04706_,0
_04707_,0
_04708_,0
_04709_,0
_04710_,0
_04711_,0
_04712_,0
_04713_,0
_04714_,0
_04715_,0
_04716_,0
_04717_,0
_04718_,0
_04719_,0
_04720_,0
_04721_,0
_04722_,0
_04723_,0
_04724_,0
_04725_,0
_04726_,0
_04727_,0
_04728_,0
_04729_,0
_04730_,0
_04731_,0
_04732_,0
_04733_,0
_04734_,0
_04735_,0
_04736_,0
_04737_,0
_04738_,0
_04739_,0
_04740_,0
_04741_,0
_04742_,0
_04743_,0
_04744_,0
_04745_,0
_04746_,0
_04747_,0
_04748_,0
_04749_,0
_04750_,0
_04751_,0
_04752_,0
_04753_,0
_04754_,0
_04755_,0
_04756_,0
_04757_,0
_04758_,0
_04759_,0
_04760_,0
_04761_,0
_04762_,0
_04763_,0
_04764_,0
_04765_,0
_04766_,1
_04767_,0
_04768_,0
_04769_,0
_04770_,0
_04771_,0
_04772_,0
_04773_,0
_04774_,0
_04775_,0
_04776_,1
_04777_,1
_04778_,0
_04779_,0
_04780_,0
_04781_,0
_04782_,1
_04783_,0
_04784_,0
_04785_,0
_04786_,0
_04787_,0
_04788_,0
_04789_,0
_04790_,0
_04791_,0
_04792_,1
_04793_,1
_04794_,0
_04795_,0
_04796_,0
_04797_,1
_04798_,0
_04799_,0
_04800_,0
_04801_,0
_04802_,0
_04803_,0
_04804_,0
_04805_,0
_04806_,0
_04807_,0
_04808_,0
_04809_,0
_04810_,0
_04811_,0
_04812_,0
_04813_,0
_04814_,0
_04815_,0
_04816_,0
_04817_,0
_04818_,0
_04819_,0
_04820_,0
_04821_,1
_04822_,0
_04823_,0
_04824_,1
_04825_,0
_04826_,0
_04827_,0
_04828_,0
_04829_,0
_04830_,0
_04831_,0
_04832_,0
_04833_,0
_04834_,1
_04835_,0
_04836_,0
_04837_,1
_04838_,0
_04839_,0
_04840_,0
_04841_,0
_04842_,0
_04843_,0
_04844_,0
_04845_,0
_04846_,0
_04847_,0
_04848_,0
_04849_,0
_04850_,0
_04851_,0
_04852_,0
_04853_,0
_04854_,0
_04855_,0
_04856_,0
_04857_,0
_04858_,0
_04859_,0
_04860_,0
_04861_,0
_04862_,0
_04863_,0
_04864_,0
_04865_,0
_04866_,0
_04867_,0
_04868_,0
_04869_,0
_04870_,0
_04871_,0
_04872_,0
_04873_,0
_04874_,0
_04875_,0
_04876_,0
_04877_,0
_04878_,0
_04879_,0
_04880_,0
_04881_,0
_04882_,0
_04883_,0
_04884_,0
_04885_,0
_04886_,1
_04887_,0
_04888_,0
_04889_,0
_04890_,0
_04891_,0
_04892_,0
_04893_,0
_04894_,1
_04895_,1
_04896_,0
_04897_,0
_04898_,0
_04899_,0
_04900_,0
_04901_,0
_04902_,0
_04903_,0
_04904_,0
_04905_,0
_04906_,0
_04907_,0
_04908_,0
_04909_,0
_04910_,0
_04911_,0
_04912_,0
_04913_,0
_04914_,0
_04915_,0
_04916_,0
_04917_,0
_04918_,0
_04919_,0
_04920_,0
_04921_,0
_04922_,0
_04923_,0
_04924_,0
_04925_,0
_04926_,0
_04927_,0
_04928_,0
_04929_,0
_04930_,0
_04931_,0
_04932_,0
_04933_,0
_04934_,0
_04935_,0
_04936_,0
_04937_,0
_04938_,0
_04939_,0
_04940_,0
_04941_,0
_04942_,0
_04943_,0
_04944_,0
_04945_,0
_04946_,0
_04947_,0
_04948_,0
_04949_,0
_04950_,0
_04951_,0
_04952_,0
_04953_,0
_04954_,0
_04955_,0
_04956_,0
_04957_,0
_04958_,0
_04959_,0
_04960_,0
_04961_,0
_04962_,0
_04963_,0
_04964_,0
_04965_,0
_04966_,0
_04967_,0
_04968_,0
_04969_,0
_04970_,0
_04971_,0
_04972_,0
_04973_,0
_04974_,0
_04975_,0
_04976_,0
_04977_,0
_04978_,0
_04979_,0
_04980_,0
_04981_,0
_04982_,0
_04983_,0
_04984_,0
_04985_,0
_04986_,0
_04987_,0
_04988_,0
_04989_,0
_04990_,0
_04991_,0
_04992_,0
_04993_,0
_04994_,0
_04995_,0
_04996_,1
_04997_,0
_04998_,1
_04999_,1
_05000_,0
_05001_,0
_05002_,0
_05003_,0
_05004_,0
_05005_,1
_05006_,0
_05007_,0
_05008_,0
_05009_,1
_05010_,1
_05011_,0
_05012_,0
_05013_,0
_05014_,1
_05015_,0
_05016_,0
_05017_,0
_05018_,0
_05019_,0
_05020_,0
_05021_,0
_05022_,0
_05023_,0
_05024_,0
_05025_,0
_05026_,0
_05027_,0
_05028_,0
_05029_,0
_05030_,0
_05031_,0
_05032_,0
_05033_,0
_05034_,0
_05035_,0
_05036_,0
_05037_,0
_05038_,0
_05039_,0
_05040_,0
_05041_,0
_05042_,0
_05043_,0
_05044_,0
_05045_,0
_05046_,0
_05047_,0
_05048_,0
_05049_,0
_05050_,0
_05051_,0
_05052_,0
_05053_,0
_05054_,0
_05055_,0
_05056_,0
_05057_,0
_05058_,0
_05059_,0
_05060_,0
_05061_,0
_05062_,0
_05063_,0
_05064_,0
_05065_,0
_05066_,0
_05067_,0
_05068_,0
_05069_,0
_05070_,0
_05071_,0
_05072_,0
_05073_,0
_05074_,0
_05075_,0
_05076_,0
_05077_,0
_05078_,0
_05079_,0
_05080_,0
_05081_,0
_05082_,0
_05083_,0
_05084_,0
_05085_,0
_05086_,0
_05087_,0
_05088_,1
_05089_,0
_05090_,1
_05091_,1
_05092_,1
_05093_,1
_05094_,0
_05095_,0
_05096_,0
_05097_,0
_05098_,0
_05099_,0
_05100_,0
_05101_,0
_05102_,0
_05103_,0
_05104_,0
_05105_,0
_05106_,0
_05107_,0
_05108_,1
_05109_,0
_05110_,0
_05111_,0
_05112_,0
_05113_,0
_05114_,1
_05115_,0
_05116_,0
_05117_,0
_05118_,1
_05119_,0
_05120_,0
_05121_,0
_05122_,0
_05123_,0
_05124_,0
_05125_,0
_05126_,0
_05127_,0
_05128_,0
_05129_,0
_05130_,0
_05131_,0
_05132_,0
_05133_,0
_05134_,0
_05135_,0
_05136_,0
_05137_,1
_05138_,0
_05139_,1
_05140_,0
_05141_,1
_05142_,0
_05143_,0
_05144_,0
_05145_,0
_05146_,0
_05147_,0
_05148_,0
_05149_,0
_05150_,0
_05151_,0
_05152_,0
_05153_,0
_05154_,0
_05155_,0
_05156_,0
_05157_,0
_05158_,0
_05159_,0
_05160_,0
_05161_,0
_05162_,1
_05163_,1
_05164_,0
_05165_,0
_05166_,0
_05167_,0
_05168_,0
_05169_,0
_05170_,0
_05171_,0
_05172_,0
_05173_,0
_05174_,0
_05175_,0
_05176_,0
_05177_,0
_05178_,0
_05179_,0
_05180_,0
_05181_,0
_05182_,0
_05183_,0
_05184_,0
_05185_,0
_05186_,0
_05187_,0
_05188_,0
_05189_,0
_05190_,0
_05191_,0
_05192_,0
_05193_,0
_05194_,0
_05195_,0
_05196_,0
_05197_,0
_05198_,0
_05199_,0
_05200_,0
_05201_,0
_05202_,0
_05203_,0
_05204_,0
_05205_,0
_05206_,0
_05207_,0
_05208_,0
_05209_,0
_05210_,0
_05211_,0
_05212_,0
_05213_,0
_05214_,0
_05215_,0
_05216_,0
_05217_,0
_05218_,0
_05219_,0
_05220_,0
_05221_,0
_05222_,0
_05223_,0
_05224_,0
_05225_,0
_05226_,0
_05227_,0
_05228_,0
_05229_,0
_05230_,0
_05231_,0
_05232_,0
_05233_,0
_05234_,0
_05235_,0
_05236_,0
_05237_,0
_05238_,0
_05239_,0
_05240_,0
_05241_,0
_05242_,0
_05243_,0
_05244_,0
_05245_,0
_05246_,0
_05247_,0
_05248_,0
_05249_,1
_05250_,1
_05251_,1
_05252_,1
_05253_,0
_05254_,0
_05255_,0
_05256_,0
_05257_,0
_05258_,0
_05259_,0
_05260_,0
_05261_,0
_05262_,0
_05263_,0
_05264_,0
_05265_,0
_05266_,0
_05267_,0
_05268_,0
_05269_,0
_05270_,0
_05271_,0
_05272_,0
_05273_,0
_05274_,0
_05275_,0
_05276_,0
_05277_,0
_05278_,0
_05279_,0
_05280_,0
_05281_,0
_05282_,0
_05283_,0
_05284_,0
_05285_,0
_05286_,0
_05287_,0
_05288_,0
_05289_,0
_05290_,0
_05291_,0
_05292_,0
_05293_,0
_05294_,0
_05295_,0
_05296_,0
_05297_,0
_05298_,0
_05299_,0
_05300_,0
_05301_,0
_05302_,0
_05303_,0
_05304_,0
_05305_,0
_05306_,0
_05307_,0
_05308_,0
_05309_,0
_05310_,0
_05311_,0
_05312_,0
_05313_,0
_05314_,0
_05315_,0
_05316_,0
_05317_,0
_05318_,0
_05319_,0
_05320_,0
_05321_,0
_05322_,0
_05323_,0
_05324_,0
_05325_,0
_05326_,0
_05327_,0
_05328_,0
_05329_,0
_05330_,0
_05331_,0
_05332_,0
_05333_,0
_05334_,0
_05335_,0
_05336_,0
_05337_,1
_05338_,0
_05339_,1
_05340_,0
_05341_,0
_05342_,0
_05343_,0
_05344_,1
_05345_,1
_05346_,0
_05347_,0
_05348_,0
_05349_,0
_05350_,0
_05351_,0
_05352_,0
_05353_,0
_05354_,0
_05355_,0
_05356_,0
_05357_,0
_05358_,0
_05359_,0
_05360_,0
_05361_,0
_05362_,0
_05363_,0
_05364_,0
_05365_,0
_05366_,0
_05367_,0
_05368_,0
_05369_,0
_05370_,0
_05371_,0
_05372_,0
_05373_,1
_05374_,0
_05375_,0
_05376_,0
_05377_,1
_05378_,1
_05379_,0
_05380_,0
_05381_,0
_05382_,0
_05383_,0
_05384_,0
_05385_,0
_05386_,0
_05387_,0
_05388_,0
_05389_,0
_05390_,0
_05391_,0
_05392_,1
_05393_,1
_05394_,0
_05395_,0
_05396_,0
_05397_,0
_05398_,1
_05399_,0
_05400_,0
_05401_,0
_05402_,0
_05403_,0
_05404_,0
_05405_,0
_05406_,1
_05407_,0
_05408_,0
_05409_,0
_05410_,0
_05411_,0
_05412_,0
_05413_,0
_05414_,0
_05415_,0
_05416_,0
_05417_,0
_05418_,0
_05419_,0
_05420_,0
_05421_,0
_05422_,0
_05423_,0
_05424_,0
_05425_,0
_05426_,0
_05427_,0
_05428_,0
_05429_,0
_05430_,0
_05431_,0
_05432_,0
_05433_,0
_05434_,0
_05435_,0
_05436_,0
_05437_,0
_05438_,0
_05439_,0
_05440_,0
_05441_,0
_05442_,0
_05443_,0
_05444_,0
_05445_,0
_05446_,0
_05447_,0
_05448_,0
_05449_,0
_05450_,0
_05451_,0
_05452_,0
_05453_,0
_05454_,0
_05455_,0
_05456_,0
_05457_,0
_05458_,0
_05459_,0
_05460_,0
_05461_,0
_05462_,0
_05463_,0
_05464_,0
_05465_,0
_05466_,0
_05467_,0
_05468_,0
_05469_,1
_05470_,1
_05471_,1
_05472_,1
_05473_,0
_05474_,0
_05475_,0
_05476_,0
_05477_,0
_05478_,0
_05479_,0
_05480_,0
_05481_,0
_05482_,0
_05483_,0
_05484_,0
_05485_,1
_05486_,0
_05487_,0
_05488_,0
_05489_,0
_05490_,0
_05491_,0
_05492_,0
_05493_,0
_05494_,0
_05495_,0
_05496_,0
_05497_,0
_05498_,0
_05499_,0
_05500_,0
_05501_,0
_05502_,0
_05503_,0
_05504_,0
_05505_,0
_05506_,0
_05507_,0
_05508_,0
_05509_,0
_05510_,0
_05511_,0
_05512_,0
_05513_,0
_05514_,0
_05515_,0
_05516_,0
_05517_,0
_05518_,0
_05519_,0
_05520_,0
_05521_,0
_05522_,0
_05523_,0
_05524_,0
_05525_,0
_05526_,0
_05527_,0
_05528_,0
_05529_,0
_05530_,0
_05531_,0
_05532_,0
_05533_,0
_05534_,0
_05535_,0
_05536_,0
_05537_,0
_05538_,0
_05539_,0
_05540_,0
_05541_,0
_05542_,0
_05543_,0
_05544_,0
_05545_,0
_05546_,0
_05547_,0
_05548_,0
_05549_,0
_05550_,0
_05551_,0
_05552_,0
_05553_,0
_05554_,0
_05555_,0
_05556_,0
_05557_,0
_05558_,0
_05559_,0
_05560_,0
_05561_,0
_05562_,0
_05563_,0
_05564_,0
_05565_,0
_05566_,0
_05567_,0
_05568_,0
_05569_,0
_05570_,0
_05571_,0
_05572_,0
_05573_,0
_05574_,0
_05575_,0
_05576_,0
_05577_,0
_05578_,0
_05579_,0
_05580_,0
_05581_,0
_05582_,0
_05583_,0
_05584_,0
_05585_,0
_05586_,0
_05587_,0
_05588_,0
_05589_,0
_05590_,0
_05591_,0
_05592_,0
_05593_,0
_05594_,0
_05595_,0
_05596_,0
_05597_,0
_05598_,0
_05599_,0
_05600_,0
_05601_,0
_05602_,0
_05603_,0
_05604_,0
_05605_,0
_05606_,0
_05607_,0
_05608_,0
_05609_,0
_05610_,0
_05611_,0
_05612_,0
_05613_,0
_05614_,0
_05615_,0
_05616_,0
_05617_,0
_05618_,0
_05619_,0
_05620_,0
_05621_,0
_05622_,0
_05623_,0
_05624_,0
_05625_,0
_05626_,0
_05627_,0
_05628_,0
_05629_,0
_05630_,0
_05631_,0
_05632_,0
_05633_,0
_05634_,0
_05635_,0
_05636_,0
_05637_,0
_05638_,0
_05639_,0
_05640_,0
_05641_,0
_05642_,0
_05643_,0
_05644_,0
_05645_,0
_05646_,0
_05647_,0
_05648_,0
_05649_,0
_05650_,0
_05651_,0
_05652_,0
_05653_,0
_05654_,0
_05655_,0
_05656_,0
_05657_,0
_05658_,0
_05659_,0
_05660_,0
_05661_,0
_05662_,0
_05663_,0
_05664_,0
_05665_,0
_05666_,0
_05667_,0
_05668_,0
_05669_,0
_05670_,0
_05671_,0
_05672_,0
_05673_,0
_05674_,0
_05675_,0
_05676_,0
_05677_,0
_05678_,0
_05679_,0
_05680_,0
_05681_,0
_05682_,0
_05683_,0
_05684_,0
_05685_,0
_05686_,0
_05687_,0
_05688_,0
_05689_,0
_05690_,0
_05691_,0
_05692_,0
_05693_,0
_05694_,0
_05695_,0
_05696_,0
_05697_,0
_05698_,0
_05699_,0
_05700_,0
_05701_,0
_05702_,0
_05703_,0
_05704_,0
_05705_,0
_05706_,0
_05707_,0
_05708_,0
_05709_,0
_05710_,0
_05711_,0
_05712_,0
_05713_,0
_05714_,0
_05715_,0
_05716_,0
_05717_,0
_05718_,0
_05719_,0
_05720_,0
_05721_,0
_05722_,0
_05723_,0
_05724_,0
_05725_,0
_05726_,0
_05727_,0
_05728_,0
_05729_,0
_05730_,0
_05731_,0
_05732_,0
_05733_,0
_05734_,0
_05735_,0
_05736_,0
_05737_,0
_05738_,0
_05739_,0
_05740_,0
_05741_,0
_05742_,0
_05743_,0
_05744_,0
_05745_,0
_05746_,0
_05747_,0
_05748_,0
_05749_,0
_05750_,0
_05751_,0
_05752_,0
_05753_,0
_05754_,0
_05755_,0
_05756_,0
_05757_,0
_05758_,0
_05759_,0
_05760_,0
_05761_,0
_05762_,0
_05763_,0
_05764_,0
_05765_,0
_05766_,0
_05767_,0
_05768_,0
_05769_,0
_05770_,0
_05771_,0
_05772_,0
_05773_,0
_05774_,0
_05775_,1
_05776_,1
_05777_,0
_05778_,0
_05779_,0
_05780_,0
_05781_,0
_05782_,0
_05783_,0
_05784_,1
_05785_,0
_05786_,0
_05787_,0
_05788_,0
_05789_,0
_05790_,0
_05791_,0
_05792_,0
_05793_,0
_05794_,0
_05795_,0
_05796_,0
_05797_,0
_05798_,0
_05799_,0
_05800_,0
_05801_,0
_05802_,0
_05803_,0
_05804_,1
_05805_,0
_05806_,0
_05807_,0
_05808_,0
_05809_,0
_05810_,0
_05811_,0
_05812_,0
_05813_,0
_05814_,0
_05815_,0
_05816_,0
_05817_,0
_05818_,0
_05819_,0
_05820_,0
_05821_,0
_05822_,0
_05823_,0
_05824_,0
_05825_,0
_05826_,0
_05827_,0
_05828_,0
_05829_,0
_05830_,0
_05831_,0
_05832_,0
_05833_,0
_05834_,0
_05835_,0
_05836_,0
_05837_,0
_05838_,0
_05839_,0
_05840_,0
_05841_,0
_05842_,0
_05843_,0
_05844_,0
_05845_,0
_05846_,0
_05847_,0
_05848_,0
_05849_,0
_05850_,0
_05851_,0
_05852_,0
_05853_,0
_05854_,0
_05855_,0
_05856_,0
_05857_,0
_05858_,0
_05859_,0
_05860_,0
_05861_,0
_05862_,0
_05863_,0
_05864_,0
_05865_,0
_05866_,0
_05867_,0
_05868_,0
_05869_,0
_05870_,1
_05871_,0
_05872_,1
_05873_,0
_05874_,1
_05875_,0
_05876_,0
_05877_,0
_05878_,0
_05879_,0
_05880_,0
_05881_,0
_05882_,0
_05883_,0
_05884_,0
_05885_,0
_05886_,0
_05887_,1
_05888_,0
_05889_,0
_05890_,0
_05891_,0
_05892_,0
_05893_,0
_05894_,0
_05895_,0
_05896_,0
_05897_,0
_05898_,0
_05899_,0
_05900_,0
_05901_,0
_05902_,0
_05903_,0
_05904_,0
_05905_,0
_05906_,0
_05907_,0
_05908_,0
_05909_,0
_05910_,0
_05911_,0
_05912_,0
_05913_,0
_05914_,0
_05915_,0
_05916_,0
_05917_,0
_05918_,0
_05919_,0
_05920_,0
_05921_,0
_05922_,0
_05923_,0
_05924_,0
_05925_,0
_05926_,0
_05927_,0
_05928_,0
_05929_,0
_05930_,0
_05931_,0
_05932_,0
_05933_,0
_05934_,0
_05935_,0
_05936_,0
_05937_,0
_05938_,0
_05939_,0
_05940_,0
_05941_,0
_05942_,0
_05943_,0
_05944_,0
_05945_,0
_05946_,0
_05947_,0
_05948_,0
_05949_,0
_05950_,0
_05951_,0
_05952_,0
_05953_,0
_05954_,0
_05955_,0
_05956_,0
_05957_,0
_05958_,0
_05959_,0
_05960_,0
_05961_,0
_05962_,0
_05963_,0
_05964_,0
_05965_,0
_05966_,0
_05967_,0
_05968_,0
_05969_,0
_05970_,0
_05971_,0
_05972_,0
_05973_,0
_05974_,0
_05975_,0
_05976_,0
_05977_,0
_05978_,0
_05979_,0
_05980_,0
_05981_,0
_05982_,0
_05983_,0
_05984_,0
_05985_,0
_05986_,0
_05987_,0
_05988_,0
_05989_,0
_05990_,0
_05991_,0
_05992_,0
_05993_,0
_05994_,0
_05995_,0
_05996_,0
_05997_,0
_05998_,0
_05999_,0
_06000_,0
_06001_,0
_06002_,0
_06003_,0
_06004_,0
_06005_,0
_06006_,0
_06007_,0
_06008_,0
_06009_,0
_06010_,0
_06011_,0
_06012_,0
_06013_,0
_06014_,0
_06015_,0
_06016_,0
_06017_,0
_06018_,0
_06019_,0
_06020_,0
_06021_,0
_06022_,0
_06023_,0
_06024_,0
_06025_,0
_06026_,0
_06027_,0
_06028_,0
_06029_,0
_06030_,0
_06031_,0
_06032_,0
_06033_,0
_06034_,0
_06035_,0
_06036_,0
_06037_,0
_06038_,0
_06039_,0
_06040_,0
_06041_,0
_06042_,0
_06043_,0
_06044_,0
_06045_,0
_06046_,0
_06047_,0
_06048_,0
_06049_,0
_06050_,0
_06051_,0
_06052_,0
_06053_,0
_06054_,0
_06055_,1
_06056_,1
_06057_,0
_06058_,0
_06059_,0
_06060_,0
_06061_,0
_06062_,0
_06063_,0
_06064_,0
_06065_,0
_06066_,0
_06067_,0
_06068_,0
_06069_,0
_06070_,0
_06071_,0
_06072_,1
_06073_,0
_06074_,0
_06075_,0
_06076_,0
_06077_,0
_06078_,0
_06079_,0
_06080_,0
_06081_,0
_06082_,0
_06083_,0
_06084_,0
_06085_,0
_06086_,0
_06087_,0
_06088_,0
_06089_,0
_06090_,0
_06091_,0
_06092_,0
_06093_,0
_06094_,0
_06095_,0
_06096_,0
_06097_,0
_06098_,0
_06099_,0
_06100_,0
_06101_,0
_06102_,0
_06103_,0
_06104_,0
_06105_,0
_06106_,0
_06107_,0
_06108_,0
_06109_,0
_06110_,0
_06111_,0
_06112_,0
_06113_,0
_06114_,0
_06115_,0
_06116_,0
_06117_,0
_06118_,0
_06119_,0
_06120_,0
_06121_,0
_06122_,0
_06123_,0
_06124_,0
_06125_,0
_06126_,0
_06127_,0
_06128_,0
_06129_,0
_06130_,0
_06131_,0
_06132_,0
_06133_,0
_06134_,0
_06135_,0
_06136_,0
_06137_,0
_06138_,0
_06139_,0
_06140_,0
_06141_,0
_06142_,0
_06143_,0
_06144_,0
_06145_,0
_06146_,0
_06147_,0
_06148_,0
_06149_,0
_06150_,0
_06151_,0
_06152_,0
_06153_,0
_06154_,0
_06155_,0
_06156_,0
_06157_,0
_06158_,0
_06159_,0
_06160_,0
_06161_,0
_06162_,0
_06163_,0
_06164_,0
_06165_,0
_06166_,0
_06167_,0
_06168_,0
_06169_,0
_06170_,0
_06171_,0
_06172_,0
_06173_,0
_06174_,0
_06175_,0
_06176_,0
_06177_,0
_06178_,0
_06179_,0
_06180_,0
_06181_,0
_06182_,0
_06183_,0
_06184_,0
_06185_,0
_06186_,0
_06187_,0
_06188_,0
_06189_,0
_06190_,0
_06191_,0
_06192_,0
_06193_,0
_06194_,0
_06195_,0
_06196_,0
_06197_,0
_06198_,0
_06199_,0
_06200_,0
_06201_,0
_06202_,0
_06203_,0
_06204_,0
_06205_,0
_06206_,0
_06207_,0
_06208_,0
_06209_,0
_06210_,0
_06211_,0
_06212_,0
_06213_,0
_06214_,0
_06215_,0
_06216_,0
_06217_,0
_06218_,0
_06219_,0
_06220_,0
_06221_,0
_06222_,0
_06223_,0
_06224_,0
_06225_,0
_06226_,0
_06227_,0
_06228_,0
_06229_,0
_06230_,0
_06231_,0
_06232_,0
_06233_,0
_06234_,0
_06235_,0
_06236_,0
_06237_,0
_06238_,0
_06239_,0
_06240_,0
_06241_,0
_06242_,0
_06243_,0
_06244_,0
_06245_,0
_06246_,0
_06247_,0
_06248_,0
_06249_,0
_06250_,0
_06251_,0
_06252_,0
_06253_,1
_06254_,1
_06255_,1
_06256_,0
_06257_,1
_06258_,0
_06259_,0
_06260_,0
_06261_,0
_06262_,0
_06263_,0
_06264_,0
_06265_,0
_06266_,0
_06267_,0
_06268_,0
_06269_,0
_06270_,1
_06271_,1
_06272_,1
_06273_,1
_06274_,1
_06275_,0
_06276_,0
_06277_,0
_06278_,0
_06279_,0
_06280_,0
_06281_,0
_06282_,0
_06283_,0
_06284_,0
_06285_,0
_06286_,1
_06287_,0
_06288_,0
_06289_,0
_06290_,0
_06291_,0
_06292_,0
_06293_,0
_06294_,0
_06295_,0
_06296_,0
_06297_,0
_06298_,0
_06299_,0
_06300_,0
_06301_,0
_06302_,0
_06303_,0
_06304_,0
_06305_,0
_06306_,0
_06307_,0
_06308_,0
_06309_,1
_06310_,0
_06311_,0
_06312_,0
_06313_,0
_06314_,0
_06315_,0
_06316_,0
_06317_,0
_06318_,0
_06319_,0
_06320_,0
_06321_,0
_06322_,0
_06323_,0
_06324_,0
_06325_,0
_06326_,0
_06327_,0
_06328_,0
_06329_,0
_06330_,0
_06331_,0
_06332_,0
_06333_,0
_06334_,0
_06335_,0
_06336_,0
_06337_,0
_06338_,0
_06339_,0
_06340_,0
_06341_,0
_06342_,0
_06343_,0
_06344_,0
_06345_,0
_06346_,0
_06347_,0
_06348_,0
_06349_,0
_06350_,0
_06351_,0
_06352_,0
_06353_,0
_06354_,0
_06355_,0
_06356_,0
_06357_,0
_06358_,0
_06359_,0
_06360_,0
_06361_,0
_06362_,1
_06363_,0
_06364_,1
_06365_,0
_06366_,0
_06367_,0
_06368_,0
_06369_,0
_06370_,0
_06371_,0
_06372_,0
_06373_,0
_06374_,0
_06375_,1
_06376_,0
_06377_,1
_06378_,0
_06379_,0
_06380_,0
_06381_,0
_06382_,1
_06383_,0
_06384_,0
_06385_,0
_06386_,0
_06387_,0
_06388_,0
_06389_,0
_06390_,0
_06391_,0
_06392_,0
_06393_,0
_06394_,0
_06395_,0
_06396_,0
_06397_,0
_06398_,0
_06399_,0
_06400_,0
_06401_,0
_06402_,0
_06403_,0
_06404_,0
_06405_,0
_06406_,0
_06407_,0
_06408_,0
_06409_,0
_06410_,0
_06411_,0
_06412_,0
_06413_,0
_06414_,0
_06415_,0
_06416_,0
_06417_,0
_06418_,0
_06419_,0
_06420_,0
_06421_,0
_06422_,0
_06423_,0
_06424_,0
_06425_,0
_06426_,0
_06427_,0
_06428_,0
_06429_,0
_06430_,0
_06431_,0
_06432_,0
_06433_,0
_06434_,0
_06435_,0
_06436_,0
_06437_,0
_06438_,0
_06439_,0
_06440_,0
_06441_,0
_06442_,0
_06443_,0
_06444_,0
_06445_,0
_06446_,0
_06447_,0
_06448_,0
_06449_,0
_06450_,0
_06451_,0
_06452_,0
_06453_,0
_06454_,0
_06455_,0
_06456_,0
_06457_,0
_06458_,0
_06459_,0
_06460_,0
_06461_,0
_06462_,0
_06463_,0
_06464_,0
_06465_,0
_06466_,0
_06467_,0
_06468_,0
_06469_,0
_06470_,0
_06471_,0
_06472_,0
_06473_,0
_06474_,0
_06475_,0
_06476_,0
_06477_,0
_06478_,0
_06479_,0
_06480_,0
_06481_,0
_06482_,0
_06483_,0
_06484_,0
_06485_,0
_06486_,0
_06487_,0
_06488_,0
_06489_,0
_06490_,0
_06491_,0
_06492_,0
_06493_,0
_06494_,0
_06495_,0
_06496_,0
_06497_,0
_06498_,0
_06499_,0
_06500_,0
_06501_,0
_06502_,0
_06503_,0
_06504_,0
_06505_,0
_06506_,0
_06507_,0
_06508_,0
_06509_,0
_06510_,0
_06511_,0
_06512_,0
_06513_,0
_06514_,0
_06515_,0
_06516_,0
_06517_,0
_06518_,0
_06519_,0
_06520_,0
_06521_,0
_06522_,0
_06523_,0
_06524_,0
_06525_,0
_06526_,0
_06527_,1
_06528_,0
_06529_,1
_06530_,1
_06531_,0
_06532_,0
_06533_,0
_06534_,0
_06535_,0
_06536_,0
_06537_,0
_06538_,1
_06539_,0
_06540_,0
_06541_,0
_06542_,0
_06543_,0
_06544_,0
_06545_,0
_06546_,0
_06547_,0
_06548_,0
_06549_,0
_06550_,0
_06551_,0
_06552_,0
_06553_,0
_06554_,0
_06555_,0
_06556_,0
_06557_,0
_06558_,0
_06559_,0
_06560_,0
_06561_,0
_06562_,0
_06563_,0
_06564_,0
_06565_,0
_06566_,0
_06567_,0
_06568_,0
_06569_,0
_06570_,0
_06571_,0
_06572_,0
_06573_,0
_06574_,0
_06575_,0
_06576_,0
_06577_,0
_06578_,0
_06579_,0
_06580_,0
_06581_,0
_06582_,0
_06583_,0
_06584_,0
_06585_,0
_06586_,0
_06587_,0
_06588_,0
_06589_,0
_06590_,0
_06591_,0
_06592_,0
_06593_,0
_06594_,0
_06595_,0
_06596_,0
_06597_,0
_06598_,0
_06599_,0
_06600_,0
_06601_,0
_06602_,0
_06603_,0
_06604_,0
_06605_,0
_06606_,0
_06607_,0
_06608_,0
_06609_,0
_06610_,0
_06611_,0
_06612_,1
_06613_,1
_06614_,0
_06615_,1
_06616_,1
_06617_,0
_06618_,0
_06619_,0
_06620_,0
_06621_,0
_06622_,0
_06623_,0
_06624_,0
_06625_,0
_06626_,0
_06627_,0
_06628_,0
_06629_,0
_06630_,0
_06631_,0
_06632_,0
_06633_,0
_06634_,0
_06635_,0
_06636_,0
_06637_,0
_06638_,0
_06639_,0
_06640_,0
_06641_,0
_06642_,0
_06643_,0
_06644_,0
_06645_,0
_06646_,0
_06647_,0
_06648_,0
_06649_,0
_06650_,0
_06651_,0
_06652_,0
_06653_,0
_06654_,0
_06655_,0
_06656_,0
_06657_,0
_06658_,0
_06659_,0
_06660_,0
_06661_,0
_06662_,0
_06663_,0
_06664_,0
_06665_,0
_06666_,0
_06667_,0
_06668_,0
_06669_,0
_06670_,0
_06671_,0
_06672_,0
_06673_,0
_06674_,0
_06675_,0
_06676_,0
_06677_,0
_06678_,0
_06679_,0
_06680_,0
_06681_,0
_06682_,0
_06683_,0
_06684_,0
_06685_,0
_06686_,0
_06687_,0
_06688_,0
_06689_,0
_06690_,0
_06691_,0
_06692_,0
_06693_,0
_06694_,0
_06695_,0
_06696_,0
_06697_,0
_06698_,0
_06699_,0
_06700_,0
_06701_,0
_06702_,0
_06703_,0
_06704_,0
_06705_,0
_06706_,0
_06707_,0
_06708_,0
_06709_,0
_06710_,0
_06711_,0
_06712_,0
_06713_,0
_06714_,0
_06715_,0
_06716_,0
_06717_,0
_06718_,0
_06719_,0
_06720_,0
_06721_,0
_06722_,0
_06723_,0
_06724_,0
_06725_,0
_06726_,0
_06727_,0
_06728_,0
_06729_,0
_06730_,0
_06731_,0
_06732_,0
_06733_,0
_06734_,0
_06735_,0
_06736_,0
_06737_,0
_06738_,0
_06739_,0
_06740_,0
_06741_,0
_06742_,0
_06743_,0
_06744_,0
_06745_,0
_06746_,0
_06747_,0
_06748_,0
_06749_,0
_06750_,0
_06751_,0
_06752_,0
_06753_,0
_06754_,0
_06755_,0
_06756_,0
_06757_,0
_06758_,0
_06759_,0
_06760_,0
_06761_,0
_06762_,0
_06763_,0
_06764_,0
_06765_,0
_06766_,0
_06767_,0
_06768_,0
_06769_,0
_06770_,0
_06771_,0
_06772_,0
_06773_,0
_06774_,0
_06775_,0
_06776_,0
_06777_,0
_06778_,0
_06779_,0
_06780_,0
_06781_,0
_06782_,0
_06783_,0
_06784_,0
_06785_,0
_06786_,0
_06787_,0
_06788_,0
_06789_,0
_06790_,0
_06791_,0
_06792_,0
_06793_,0
_06794_,0
_06795_,0
_06796_,0
_06797_,0
_06798_,0
_06799_,0
_06800_,0
_06801_,0
_06802_,0
_06803_,0
_06804_,0
_06805_,0
_06806_,0
_06807_,0
_06808_,0
_06809_,0
_06810_,0
_06811_,0
_06812_,0
_06813_,0
_06814_,0
_06815_,0
_06816_,0
_06817_,0
_06818_,0
_06819_,0
_06820_,0
_06821_,0
_06822_,0
_06823_,0
_06824_,0
_06825_,0
_06826_,0
_06827_,0
_06828_,0
_06829_,0
_06830_,0
_06831_,0
_06832_,0
_06833_,0
_06834_,0
_06835_,0
_06836_,0
_06837_,0
_06838_,0
_06839_,0
_06840_,0
_06841_,0
_06842_,0
_06843_,0
_06844_,0
_06845_,0
_06846_,0
_06847_,0
_06848_,0
_06849_,0
_06850_,0
_06851_,0
_06852_,0
_06853_,0
_06854_,0
_06855_,0
_06856_,0
_06857_,0
_06858_,0
_06859_,0
_06860_,0
_06861_,0
_06862_,0
_06863_,0
_06864_,0
_06865_,0
_06866_,0
_06867_,0
_06868_,0
_06869_,0
_06870_,0
_06871_,0
_06872_,0
_06873_,0
_06874_,0
_06875_,0
_06876_,0
_06877_,0
_06878_,0
_06879_,0
_06880_,0
_06881_,0
_06882_,0
_06883_,0
_06884_,0
_06885_,0
_06886_,0
_06887_,0
_06888_,0
_06889_,0
_06890_,0
_06891_,0
_06892_,0
_06893_,0
_06894_,0
_06895_,0
_06896_,0
_06897_,0
_06898_,0
_06899_,0
_06900_,0
_06901_,0
_06902_,0
_06903_,0
_06904_,0
_06905_,0
_06906_,0
_06907_,0
_06908_,0
_06909_,0
_06910_,0
_06911_,0
_06912_,0
_06913_,0
_06914_,0
_06915_,0
_06916_,0
_06917_,0
_06918_,0
_06919_,0
_06920_,0
_06921_,0
_06922_,0
_06923_,0
_06924_,0
_06925_,0
_06926_,0
_06927_,0
_06928_,0
_06929_,0
_06930_,0
_06931_,0
_06932_,0
_06933_,0
_06934_,0
_06935_,0
_06936_,0
_06937_,0
_06938_,0
_06939_,0
_06940_,0
_06941_,0
_06942_,0
_06943_,0
_06944_,0
_06945_,0
_06946_,0
_06947_,0
_06948_,0
_06949_,0
_06950_,0
_06951_,0
_06952_,0
_06953_,0
_06954_,0
_06955_,0
_06956_,0
_06957_,0
_06958_,0
_06959_,0
_06960_,0
_06961_,0
_06962_,0
_06963_,0
_06964_,0
_06965_,0
_06966_,0
_06967_,0
_06968_,0
_06969_,0
_06970_,0
_06971_,0
_06972_,0
_06973_,0
_06974_,0
_06975_,0
_06976_,0
_06977_,0
_06978_,0
_06979_,0
_06980_,0
_06981_,0
_06982_,0
_06983_,0
_06984_,0
_06985_,0
_06986_,0
_06987_,0
_06988_,0
_06989_,0
_06990_,0
_06991_,0
_06992_,0
_06993_,0
_06994_,0
_06995_,0
_06996_,0
_06997_,0
_06998_,0
_06999_,0
_07000_,0
_07001_,0
_07002_,0
_07003_,0
_07004_,0
_07005_,0
_07006_,0
_07007_,0
_07008_,0
_07009_,0
_07010_,0
_07011_,0
_07012_,0
_07013_,0
_07014_,0
_07015_,0
_07016_,0
_07017_,0
_07018_,0
_07019_,0
_07020_,0
_07021_,0
_07022_,0
_07023_,0
_07024_,0
_07025_,0
_07026_,0
_07027_,0
_07028_,0
_07029_,0
_07030_,0
_07031_,0
_07032_,0
_07033_,0
_07034_,0
_07035_,0
_07036_,0
_07037_,0
_07038_,0
_07039_,0
_07040_,0
_07041_,0
_07042_,0
_07043_,0
_07044_,1
_07045_,1
_07046_,0
_07047_,1
_07048_,0
_07049_,0
_07050_,0
_07051_,0
_07052_,0
_07053_,0
_07054_,0
_07055_,0
_07056_,0
_07057_,0
_07058_,0
_07059_,0
_07060_,0
_07061_,0
_07062_,0
_07063_,0
_07064_,1
_07065_,1
_07066_,1
_07067_,0
_07068_,0
_07069_,0
_07070_,0
_07071_,0
_07072_,0
_07073_,0
_07074_,0
_07075_,0
_07076_,0
_07077_,0
_07078_,0
_07079_,1
_07080_,0
_07081_,1
_07082_,0
_07083_,0
_07084_,0
_07085_,0
_07086_,0
_07087_,0
_07088_,0
_07089_,0
_07090_,0
_07091_,0
_07092_,0
_07093_,0
_07094_,0
_07095_,0
_07096_,0
_07097_,0
_07098_,1
_07099_,0
_07100_,0
_07101_,0
_07102_,0
_07103_,0
_07104_,0
_07105_,1
_07106_,0
_07107_,0
_07108_,0
_07109_,0
_07110_,0
_07111_,1
_07112_,1
_07113_,0
_07114_,0
_07115_,1
_07116_,0
_07117_,0
_07118_,0
_07119_,0
_07120_,0
_07121_,0
_07122_,0
_07123_,0
_07124_,0
_07125_,0
_07126_,0
_07127_,0
_07128_,0
_07129_,0
_07130_,0
_07131_,0
_07132_,0
_07133_,0
_07134_,0
_07135_,0
_07136_,0
_07137_,0
_07138_,0
_07139_,0
_07140_,0
_07141_,0
_07142_,0
_07143_,0
_07144_,0
_07145_,0
_07146_,0
_07147_,0
_07148_,0
_07149_,0
_07150_,0
_07151_,0
_07152_,0
_07153_,0
_07154_,0
_07155_,0
_07156_,0
_07157_,0
_07158_,0
_07159_,0
_07160_,0
_07161_,0
_07162_,0
_07163_,0
_07164_,0
_07165_,0
_07166_,0
_07167_,0
_07168_,0
_07169_,0
_07170_,0
_07171_,0
_07172_,1
_07173_,0
_07174_,0
_07175_,0
_07176_,0
_07177_,0
_07178_,0
_07179_,0
_07180_,0
_07181_,0
_07182_,0
_07183_,0
_07184_,0
_07185_,0
_07186_,0
_07187_,0
_07188_,0
_07189_,0
_07190_,0
_07191_,0
_07192_,0
_07193_,0
_07194_,0
_07195_,0
_07196_,0
_07197_,1
_07198_,0
_07199_,0
_07200_,0
_07201_,0
_07202_,1
_07203_,0
_07204_,0
_07205_,0
_07206_,0
_07207_,0
_07208_,0
_07209_,1
_07210_,0
_07211_,0
_07212_,0
_07213_,0
_07214_,0
_07215_,0
_07216_,0
_07217_,0
_07218_,0
_07219_,0
_07220_,0
_07221_,0
_07222_,0
_07223_,0
_07224_,0
_07225_,0
_07226_,0
_07227_,0
_07228_,0
_07229_,0
_07230_,0
_07231_,0
_07232_,0
_07233_,0
_07234_,0
_07235_,0
_07236_,0
_07237_,0
_07238_,0
_07239_,0
_07240_,0
_07241_,0
_07242_,0
_07243_,0
_07244_,0
_07245_,0
_07246_,0
_07247_,0
_07248_,0
_07249_,0
_07250_,0
_07251_,0
_07252_,0
_07253_,0
_07254_,0
_07255_,0
_07256_,0
_07257_,0
_07258_,0
_07259_,0
_07260_,0
_07261_,0
_07262_,0
_07263_,0
_07264_,0
_07265_,0
_07266_,0
_07267_,0
_07268_,0
_07269_,0
_07270_,0
_07271_,0
_07272_,0
_07273_,0
_07274_,0
_07275_,0
_07276_,0
_07277_,0
_07278_,0
_07279_,0
_07280_,0
_07281_,0
_07282_,0
_07283_,0
_07284_,0
_07285_,0
_07286_,0
_07287_,0
_07288_,0
_07289_,0
_07290_,0
_07291_,0
_07292_,0
_07293_,0
_07294_,0
_07295_,0
_07296_,0
_07297_,0
_07298_,0
_07299_,0
_07300_,0
_07301_,0
_07302_,0
_07303_,0
_07304_,0
_07305_,0
_07306_,0
_07307_,0
_07308_,0
_07309_,0
_07310_,0
_07311_,0
_07312_,0
_07313_,0
_07314_,0
_07315_,0
_07316_,0
_07317_,0
_07318_,0
_07319_,0
_07320_,0
_07321_,0
_07322_,0
_07323_,0
_07324_,0
_07325_,0
_07326_,0
_07327_,0
_07328_,0
_07329_,0
_07330_,0
_07331_,0
_07332_,0
_07333_,0
_07334_,0
_07335_,0
_07336_,0
_07337_,0
_07338_,0
_07339_,0
_07340_,0
_07341_,0
_07342_,0
_07343_,0
_07344_,0
_07345_,0
_07346_,0
_07347_,1
_07348_,1
_07349_,0
_07350_,0
_07351_,0
_07352_,0
_07353_,0
_07354_,0
_07355_,0
_07356_,0
_07357_,0
_07358_,0
_07359_,0
_07360_,0
_07361_,0
_07362_,0
_07363_,0
_07364_,0
_07365_,0
_07366_,0
_07367_,0
_07368_,0
_07369_,1
_07370_,0
_07371_,0
_07372_,0
_07373_,0
_07374_,0
_07375_,0
_07376_,0
_07377_,0
_07378_,0
_07379_,0
_07380_,0
_07381_,0
_07382_,0
_07383_,0
_07384_,0
_07385_,0
_07386_,0
_07387_,0
_07388_,0
_07389_,0
_07390_,0
_07391_,0
_07392_,0
_07393_,0
_07394_,0
_07395_,0
_07396_,0
_07397_,0
_07398_,0
_07399_,0
_07400_,0
_07401_,0
_07402_,0
_07403_,0
_07404_,0
_07405_,0
_07406_,0
_07407_,0
_07408_,0
_07409_,0
_07410_,0
_07411_,0
_07412_,0
_07413_,0
_07414_,0
_07415_,0
_07416_,0
_07417_,0
_07418_,0
_07419_,0
_07420_,0
_07421_,0
_07422_,0
_07423_,0
_07424_,0
_07425_,0
_07426_,0
_07427_,0
_07428_,0
_07429_,0
_07430_,0
_07431_,0
_07432_,0
_07433_,0
_07434_,0
_07435_,0
_07436_,0
_07437_,0
_07438_,0
_07439_,0
_07440_,0
_07441_,0
_07442_,0
_07443_,0
_07444_,0
_07445_,0
_07446_,1
_07447_,1
_07448_,1
_07449_,0
_07450_,0
_07451_,1
_07452_,0
_07453_,0
_07454_,1
_07455_,0
_07456_,0
_07457_,1
_07458_,0
_07459_,0
_07460_,0
_07461_,1
_07462_,0
_07463_,0
_07464_,0
_07465_,0
_07466_,0
_07467_,1
_07468_,0
_07469_,0
_07470_,0
_07471_,0
_07472_,0
_07473_,0
_07474_,0
_07475_,0
_07476_,0
_07477_,0
_07478_,0
_07479_,0
_07480_,0
_07481_,0
_07482_,0
_07483_,0
_07484_,0
_07485_,0
_07486_,0
_07487_,0
_07488_,0
_07489_,0
_07490_,0
_07491_,0
_07492_,0
_07493_,0
_07494_,0
_07495_,0
_07496_,0
_07497_,0
_07498_,0
_07499_,0
_07500_,0
_07501_,0
_07502_,0
_07503_,0
_07504_,0
_07505_,0
_07506_,0
_07507_,0
_07508_,0
_07509_,0
_07510_,0
_07511_,0
_07512_,0
_07513_,0
_07514_,0
_07515_,0
_07516_,0
_07517_,0
_07518_,0
_07519_,1
_07520_,0
_07521_,0
_07522_,0
_07523_,0
_07524_,0
_07525_,0
_07526_,0
_07527_,0
_07528_,0
_07529_,1
_07530_,0
_07531_,0
_07532_,0
_07533_,0
_07534_,0
_07535_,0
_07536_,0
_07537_,0
_07538_,0
_07539_,0
_07540_,0
_07541_,0
_07542_,0
_07543_,0
_07544_,0
_07545_,0
_07546_,0
_07547_,0
_07548_,0
_07549_,0
_07550_,0
_07551_,0
_07552_,0
_07553_,1
_07554_,0
_07555_,0
_07556_,0
_07557_,0
_07558_,0
_07559_,0
_07560_,0
_07561_,0
_07562_,0
_07563_,0
_07564_,0
_07565_,0
_07566_,0
_07567_,0
_07568_,0
_07569_,0
_07570_,0
_07571_,0
_07572_,0
_07573_,0
_07574_,0
_07575_,0
_07576_,0
_07577_,0
_07578_,0
_07579_,0
_07580_,0
_07581_,0
_07582_,0
_07583_,0
_07584_,0
_07585_,0
_07586_,0
_07587_,0
_07588_,0
_07589_,0
_07590_,0
_07591_,0
_07592_,0
_07593_,0
_07594_,0
_07595_,0
_07596_,0
_07597_,0
_07598_,0
_07599_,0
_07600_,0
_07601_,0
_07602_,0
_07603_,0
_07604_,0
_07605_,0
_07606_,0
_07607_,0
_07608_,0
_07609_,0
_07610_,0
_07611_,0
_07612_,0
_07613_,0
_07614_,1
_07615_,0
_07616_,0
_07617_,0
_07618_,0
_07619_,0
_07620_,0
_07621_,0
_07622_,0
_07623_,0
_07624_,0
_07625_,0
_07626_,0
_07627_,0
_07628_,0
_07629_,0
_07630_,0
_07631_,0
_07632_,0
_07633_,0
_07634_,0
_07635_,0
_07636_,0
_07637_,0
_07638_,0
_07639_,0
_07640_,0
_07641_,0
_07642_,0
_07643_,0
_07644_,0
_07645_,0
_07646_,0
_07647_,0
_07648_,0
_07649_,0
_07650_,0
_07651_,0
_07652_,0
_07653_,0
_07654_,0
_07655_,0
_07656_,0
_07657_,0
_07658_,0
_07659_,0
_07660_,0
_07661_,0
_07662_,0
_07663_,0
_07664_,0
_07665_,1
_07666_,0
_07667_,0
_07668_,0
_07669_,0
_07670_,0
_07671_,0
_07672_,0
_07673_,0
_07674_,0
_07675_,0
_07676_,0
_07677_,0
_07678_,0
_07679_,0
_07680_,0
_07681_,0
_07682_,0
_07683_,0
_07684_,0
_07685_,0
_07686_,0
_07687_,0
_07688_,0
_07689_,0
_07690_,0
_07691_,0
_07692_,0
_07693_,0
_07694_,0
_07695_,0
_07696_,0
_07697_,0
_07698_,0
_07699_,0
_07700_,0
_07701_,0
_07702_,0
_07703_,0
_07704_,0
_07705_,0
_07706_,0
_07707_,0
_07708_,0
_07709_,0
_07710_,0
_07711_,0
_07712_,0
_07713_,0
_07714_,0
_07715_,0
_07716_,0
_07717_,0
_07718_,0
_07719_,0
_07720_,0
_07721_,1
_07722_,0
_07723_,1
_07724_,1
_07725_,0
_07726_,0
_07727_,0
_07728_,0
_07729_,0
_07730_,0
_07731_,0
_07732_,0
_07733_,0
_07734_,0
_07735_,0
_07736_,0
_07737_,0
_07738_,0
_07739_,0
_07740_,0
_07741_,0
_07742_,0
_07743_,0
_07744_,0
_07745_,0
_07746_,0
_07747_,0
_07748_,0
_07749_,0
_07750_,0
_07751_,0
_07752_,0
_07753_,0
_07754_,0
_07755_,0
_07756_,0
_07757_,0
_07758_,0
_07759_,0
_07760_,0
_07761_,0
_07762_,0
_07763_,0
_07764_,0
_07765_,0
_07766_,0
_07767_,0
_07768_,0
_07769_,0
_07770_,0
_07771_,0
_07772_,0
_07773_,0
_07774_,0
_07775_,0
_07776_,0
_07777_,0
_07778_,0
_07779_,0
_07780_,0
_07781_,0
_07782_,0
_07783_,0
_07784_,0
_07785_,0
_07786_,0
_07787_,0
_07788_,0
_07789_,0
_07790_,0
_07791_,0
_07792_,0
_07793_,0
_07794_,0
_07795_,0
_07796_,0
_07797_,1
_07798_,1
_07799_,0
_07800_,1
_07801_,1
_07802_,0
_07803_,0
_07804_,0
_07805_,0
_07806_,0
_07807_,0
_07808_,0
_07809_,0
_07810_,0
_07811_,0
_07812_,0
_07813_,0
_07814_,0
_07815_,0
_07816_,0
_07817_,0
_07818_,0
_07819_,0
_07820_,0
_07821_,0
_07822_,0
_07823_,0
_07824_,0
_07825_,0
_07826_,0
_07827_,0
_07828_,0
_07829_,0
_07830_,0
_07831_,0
_07832_,0
_07833_,0
_07834_,0
_07835_,0
_07836_,0
_07837_,0
_07838_,0
_07839_,0
_07840_,0
_07841_,0
_07842_,0
_07843_,0
_07844_,0
_07845_,0
_07846_,0
_07847_,0
_07848_,0
_07849_,0
_07850_,0
_07851_,0
_07852_,0
_07853_,0
_07854_,0
_07855_,0
_07856_,1
_07857_,0
_07858_,0
_07859_,0
_07860_,0
_07861_,0
_07862_,1
_07863_,1
_07864_,0
_07865_,0
_07866_,0
_07867_,0
_07868_,0
_07869_,0
_07870_,0
_07871_,0
_07872_,0
_07873_,0
_07874_,0
_07875_,0
_07876_,0
_07877_,0
_07878_,0
_07879_,0
_07880_,0
_07881_,0
_07882_,0
_07883_,0
_07884_,0
_07885_,0
_07886_,0
_07887_,0
_07888_,0
_07889_,0
_07890_,0
_07891_,0
_07892_,0
_07893_,1
_07894_,0
_07895_,0
_07896_,0
_07897_,0
_07898_,0
_07899_,0
_07900_,0
_07901_,0
_07902_,0
_07903_,0
_07904_,0
_07905_,0
_07906_,0
_07907_,0
_07908_,0
_07909_,0
_07910_,0
_07911_,0
_07912_,0
_07913_,0
_07914_,0
_07915_,0
_07916_,0
_07917_,0
_07918_,0
_07919_,0
_07920_,0
_07921_,0
_07922_,0
_07923_,0
_07924_,0
_07925_,0
_07926_,0
_07927_,0
_07928_,0
_07929_,0
_07930_,0
_07931_,0
_07932_,0
_07933_,0
_07934_,0
_07935_,0
_07936_,0
_07937_,0
_07938_,0
_07939_,0
_07940_,0
_07941_,0
_07942_,0
_07943_,0
_07944_,0
_07945_,0
_07946_,0
_07947_,0
_07948_,0
_07949_,0
_07950_,0
_07951_,0
_07952_,0
_07953_,0
_07954_,0
_07955_,0
_07956_,0
_07957_,0
_07958_,0
_07959_,0
_07960_,0
_07961_,0
_07962_,0
_07963_,0
_07964_,0
_07965_,0
_07966_,0
_07967_,0
_07968_,0
_07969_,0
_07970_,0
_07971_,0
_07972_,0
_07973_,0
_07974_,0
_07975_,0
_07976_,0
_07977_,0
_07978_,0
_07979_,0
_07980_,0
_07981_,0
_07982_,0
_07983_,0
_07984_,0
_07985_,0
_07986_,0
_07987_,0
_07988_,0
_07989_,0
_07990_,0
_07991_,0
_07992_,0
_07993_,0
_07994_,0
_07995_,0
_07996_,0
_07997_,0
_07998_,0
_07999_,0
_08000_,0
_08001_,0
_08002_,0
_08003_,0
_08004_,0
_08005_,0
_08006_,0
_08007_,0
_08008_,0
_08009_,0
_08010_,0
_08011_,0
_08012_,0
_08013_,0
_08014_,0
_08015_,0
_08016_,0
_08017_,0
_08018_,0
_08019_,0
_08020_,0
_08021_,0
_08022_,0
_08023_,0
_08024_,0
_08025_,0
_08026_,0
_08027_,0
_08028_,0
_08029_,0
_08030_,0
_08031_,0
_08032_,0
_08033_,0
_08034_,0
_08035_,0
_08036_,0
_08037_,0
_08038_,0
_08039_,0
_08040_,0
_08041_,0
_08042_,0
_08043_,0
_08044_,0
_08045_,0
_08046_,0
_08047_,1
_08048_,0
_08049_,0
_08050_,0
_08051_,0
_08052_,0
_08053_,0
_08054_,0
_08055_,0
_08056_,0
_08057_,0
_08058_,0
_08059_,0
_08060_,0
_08061_,0
_08062_,0
_08063_,0
_08064_,0
_08065_,0
_08066_,0
_08067_,0
_08068_,0
_08069_,0
_08070_,0
_08071_,0
_08072_,0
_08073_,0
_08074_,0
_08075_,0
_08076_,0
_08077_,0
_08078_,0
_08079_,0
_08080_,0
_08081_,0
_08082_,0
_08083_,0
_08084_,0
_08085_,0
_08086_,0
_08087_,0
_08088_,0
_08089_,0
_08090_,0
_08091_,0
_08092_,0
_08093_,0
_08094_,0
_08095_,0
_08096_,0
_08097_,0
_08098_,0
_08099_,0
_08100_,0
_08101_,0
_08102_,0
_08103_,0
_08104_,0
_08105_,0
_08106_,0
_08107_,0
_08108_,0
_08109_,0
_08110_,0
_08111_,0
_08112_,0
_08113_,0
_08114_,0
_08115_,0
_08116_,0
_08117_,0
_08118_,0
_08119_,0
_08120_,0
_08121_,0
_08122_,0
_08123_,0
_08124_,0
_08125_,1
_08126_,0
_08127_,0
_08128_,0
_08129_,0
_08130_,0
_08131_,0
_08132_,0
_08133_,0
_08134_,0
_08135_,0
_08136_,0
_08137_,0
_08138_,0
_08139_,0
_08140_,0
_08141_,0
_08142_,0
_08143_,0
_08144_,1
_08145_,1
_08146_,0
_08147_,0
_08148_,0
_08149_,0
_08150_,0
_08151_,0
_08152_,0
_08153_,0
_08154_,0
_08155_,0
_08156_,0
_08157_,0
_08158_,0
_08159_,0
_08160_,0
_08161_,0
_08162_,0
_08163_,0
_08164_,0
_08165_,0
_08166_,0
_08167_,0
_08168_,0
_08169_,0
_08170_,0
_08171_,0
_08172_,0
_08173_,0
_08174_,0
_08175_,0
_08176_,0
_08177_,0
_08178_,0
_08179_,0
_08180_,0
_08181_,0
_08182_,0
_08183_,0
_08184_,0
_08185_,0
_08186_,0
_08187_,0
_08188_,0
_08189_,0
_08190_,0
_08191_,0
_08192_,0
_08193_,0
_08194_,0
_08195_,0
_08196_,0
_08197_,0
_08198_,0
_08199_,0
_08200_,0
_08201_,0
_08202_,0
_08203_,0
_08204_,0
_08205_,0
_08206_,0
_08207_,0
_08208_,0
_08209_,0
_08210_,0
_08211_,0
_08212_,0
_08213_,0
_08214_,0
_08215_,0
_08216_,0
_08217_,0
_08218_,0
_08219_,0
_08220_,0
_08221_,0
_08222_,0
_08223_,0
_08224_,0
_08225_,0
_08226_,0
_08227_,0
_08228_,0
_08229_,0
_08230_,0
_08231_,0
_08232_,0
_08233_,0
_08234_,0
_08235_,0
_08236_,0
_08237_,0
_08238_,0
_08239_,0
_08240_,0
_08241_,0
_08242_,0
_08243_,0
_08244_,0
_08245_,0
_08246_,0
_08247_,0
_08248_,0
_08249_,0
_08250_,0
_08251_,0
_08252_,0
_08253_,0
_08254_,0
_08255_,0
_08256_,0
_08257_,0
_08258_,0
_08259_,0
_08260_,0
_08261_,0
_08262_,0
_08263_,0
_08264_,0
_08265_,0
_08266_,0
_08267_,0
_08268_,0
_08269_,1
_08270_,1
_08271_,1
_08272_,0
_08273_,0
_08274_,1
_08275_,0
_08276_,0
_08277_,0
_08278_,0
_08279_,0
_08280_,1
_08281_,1
_08282_,0
_08283_,1
_08284_,0
_08285_,0
_08286_,0
_08287_,0
_08288_,0
_08289_,0
_08290_,0
_08291_,0
_08292_,0
_08293_,0
_08294_,0
_08295_,0
_08296_,0
_08297_,0
_08298_,0
_08299_,0
_08300_,0
_08301_,0
_08302_,0
_08303_,0
_08304_,0
_08305_,0
_08306_,0
_08307_,0
_08308_,0
_08309_,0
_08310_,0
_08311_,0
_08312_,0
_08313_,1
_08314_,0
_08315_,0
_08316_,0
_08317_,0
_08318_,0
_08319_,0
_08320_,0
_08321_,0
_08322_,0
_08323_,0
_08324_,0
_08325_,1
_08326_,0
_08327_,0
_08328_,0
_08329_,0
_08330_,0
_08331_,0
_08332_,0
_08333_,0
_08334_,0
_08335_,0
_08336_,0
_08337_,0
_08338_,0
_08339_,0
_08340_,0
_08341_,0
_08342_,0
_08343_,0
_08344_,0
_08345_,0
_08346_,0
_08347_,0
_08348_,0
_08349_,0
_08350_,0
_08351_,0
_08352_,0
_08353_,0
_08354_,0
_08355_,0
_08356_,0
_08357_,0
_08358_,0
_08359_,0
_08360_,0
_08361_,0
_08362_,0
_08363_,0
_08364_,0
_08365_,0
_08366_,0
_08367_,0
_08368_,0
_08369_,0
_08370_,0
_08371_,0
_08372_,0
_08373_,0
_08374_,0
_08375_,0
_08376_,0
_08377_,0
_08378_,0
_08379_,0
_08380_,0
_08381_,0
_08382_,0
_08383_,0
_08384_,0
_08385_,0
_08386_,0
_08387_,0
_08388_,0
_08389_,0
_08390_,0
_08391_,0
_08392_,0
_08393_,0
_08394_,0
_08395_,0
_08396_,0
_08397_,0
_08398_,0
_08399_,0
_08400_,0
_08401_,0
_08402_,0
_08403_,0
_08404_,0
_08405_,0
_08406_,0
_08407_,0
_08408_,0
_08409_,0
_08410_,0
_08411_,0
_08412_,0
_08413_,0
_08414_,0
_08415_,0
_08416_,0
_08417_,0
_08418_,0
_08419_,0
_08420_,0
_08421_,0
_08422_,0
_08423_,0
_08424_,0
_08425_,0
_08426_,0
_08427_,0
_08428_,0
_08429_,0
_08430_,0
_08431_,0
_08432_,0
_08433_,0
_08434_,0
_08435_,0
_08436_,0
_08437_,0
_08438_,0
_08439_,0
_08440_,0
_08441_,0
_08442_,0
_08443_,0
_08444_,0
_08445_,1
_08446_,0
_08447_,0
_08448_,1
_08449_,1
_08450_,0
_08451_,0
_08452_,0
_08453_,1
_08454_,0
_08455_,1
_08456_,1
_08457_,0
_08458_,0
_08459_,0
_08460_,0
_08461_,0
_08462_,0
_08463_,0
_08464_,0
_08465_,0
_08466_,0
_08467_,0
_08468_,0
_08469_,0
_08470_,0
_08471_,0
_08472_,0
_08473_,0
_08474_,0
_08475_,0
_08476_,0
_08477_,0
_08478_,0
_08479_,0
_08480_,0
_08481_,0
_08482_,0
_08483_,0
_08484_,0
_08485_,0
_08486_,0
_08487_,0
_08488_,0
_08489_,0
_08490_,0
_08491_,0
_08492_,0
_08493_,0
_08494_,0
_08495_,0
_08496_,0
_08497_,0
_08498_,0
_08499_,0
_08500_,0
_08501_,0
_08502_,0
_08503_,0
_08504_,0
_08505_,0
_08506_,0
_08507_,0
_08508_,1
_08509_,0
_08510_,0
_08511_,0
_08512_,1
_08513_,0
_08514_,0
_08515_,0
_08516_,0
_08517_,0
_08518_,0
_08519_,0
_08520_,0
_08521_,0
_08522_,0
_08523_,0
_08524_,0
_08525_,0
_08526_,0
_08527_,0
_08528_,0
_08529_,0
_08530_,0
_08531_,1
_08532_,0
_08533_,0
_08534_,0
_08535_,0
_08536_,0
_08537_,0
_08538_,0
_08539_,0
_08540_,0
_08541_,0
_08542_,0
_08543_,0
_08544_,0
_08545_,0
_08546_,0
_08547_,0
_08548_,0
_08549_,0
_08550_,0
_08551_,0
_08552_,0
_08553_,0
_08554_,0
_08555_,0
_08556_,0
_08557_,0
_08558_,0
_08559_,0
_08560_,0
_08561_,0
_08562_,0
_08563_,0
_08564_,0
_08565_,0
_08566_,0
_08567_,0
_08568_,0
_08569_,0
_08570_,0
_08571_,0
_08572_,0
_08573_,0
_08574_,0
_08575_,0
_08576_,0
_08577_,0
_08578_,0
_08579_,0
_08580_,0
_08581_,0
_08582_,0
_08583_,0
_08584_,0
_08585_,0
_08586_,0
_08587_,0
_08588_,0
_08589_,0
_08590_,0
_08591_,0
_08592_,0
_08593_,0
_08594_,0
_08595_,0
_08596_,0
_08597_,0
_08598_,0
_08599_,0
_08600_,0
_08601_,0
_08602_,0
_08603_,0
_08604_,0
_08605_,0
_08606_,0
_08607_,0
_08608_,0
_08609_,0
_08610_,0
_08611_,0
_08612_,0
_08613_,0
_08614_,0
_08615_,0
_08616_,0
_08617_,0
_08618_,0
_08619_,0
_08620_,0
_08621_,0
_08622_,0
_08623_,0
_08624_,0
_08625_,0
_08626_,0
_08627_,0
_08628_,0
_08629_,0
_08630_,0
_08631_,0
_08632_,0
_08633_,0
_08634_,0
_08635_,0
_08636_,0
_08637_,0
_08638_,0
_08639_,0
_08640_,0
_08641_,0
_08642_,0
_08643_,0
_08644_,0
_08645_,0
_08646_,0
_08647_,0
_08648_,0
_08649_,0
_08650_,0
_08651_,0
_08652_,0
_08653_,0
_08654_,0
_08655_,0
_08656_,0
_08657_,0
_08658_,0
_08659_,0
_08660_,0
_08661_,0
_08662_,0
_08663_,0
_08664_,0
_08665_,0
_08666_,0
_08667_,0
_08668_,0
_08669_,0
_08670_,0
_08671_,0
_08672_,0
_08673_,0
_08674_,0
clk,0
dcnt[0],0
dcnt[1],0
dcnt[2],0
dcnt[3],0
done,0
key[0],0
key[100],0
key[101],0
key[102],0
key[103],0
key[104],0
key[105],0
key[106],0
key[107],0
key[108],0
key[109],0
key[10],0
key[110],0
key[111],0
key[112],0
key[113],0
key[114],0
key[115],0
key[116],0
key[117],0
key[118],0
key[119],0
key[11],0
key[120],0
key[121],0
key[122],0
key[123],0
key[124],0
key[125],0
key[126],0
key[127],0
key[12],0
key[13],0
key[14],0
key[15],0
key[16],0
key[17],0
key[18],0
key[19],0
key[1],0
key[20],0
key[21],0
key[22],0
key[23],0
key[24],0
key[25],0
key[26],0
key[27],0
key[28],0
key[29],0
key[2],0
key[30],0
key[31],0
key[32],0
key[33],0
key[34],0
key[35],0
key[36],0
key[37],0
key[38],0
key[39],0
key[3],0
key[40],0
key[41],0
key[42],0
key[43],0
key[44],0
key[45],0
key[46],0
key[47],0
key[48],0
key[49],0
key[4],0
key[50],0
key[51],0
key[52],0
key[53],0
key[54],0
key[55],0
key[56],0
key[57],0
key[58],0
key[59],0
key[5],0
key[60],0
key[61],0
key[62],0
key[63],0
key[64],0
key[65],0
key[66],0
key[67],0
key[68],0
key[69],0
key[6],0
key[70],0
key[71],0
key[72],0
key[73],0
key[74],0
key[75],0
key[76],0
key[77],0
key[78],0
key[79],0
key[7],0
key[80],0
key[81],0
key[82],0
key[83],0
key[84],0
key[85],0
key[86],0
key[87],0
key[88],0
key[89],0
key[8],0
key[90],0
key[91],0
key[92],0
key[93],0
key[94],0
key[95],0
key[96],0
key[97],0
key[98],0
key[99],0
key[9],0
ld,0
ld_r,0
rst,0
sa00_sr[0],0
sa00_sr[1],1
sa00_sr[2],0
sa00_sr[3],1
sa00_sr[4],0
sa00_sr[5],0
sa00_sr[6],0
sa00_sr[7],0
sa01_sr[0],0
sa01_sr[1],1
sa01_sr[2],0
sa01_sr[3],0
sa01_sr[4],0
sa01_sr[5],0
sa01_sr[6],0
sa01_sr[7],0
sa02_sr[0],1
sa02_sr[1],0
sa02_sr[2],0
sa02_sr[3],1
sa02_sr[4],0
sa02_sr[5],0
sa02_sr[6],0
sa02_sr[7],0
sa03_sr[0],0
sa03_sr[1],1
sa03_sr[2],0
sa03_sr[3],1
sa03_sr[4],0
sa03_sr[5],0
sa03_sr[6],0
sa03_sr[7],1
sa10_sr[0],0
sa10_sr[1],1
sa10_sr[2],0
sa10_sr[3],0
sa10_sr[4],0
sa10_sr[5],0
sa10_sr[6],0
sa10_sr[7],0
sa10_sub[0],0
sa10_sub[1],0
sa10_sub[2],0
sa10_sub[3],0
sa10_sub[4],0
sa10_sub[5],0
sa10_sub[6],0
sa10_sub[7],0
sa11_sr[0],0
sa11_sr[1],0
sa11_sr[2],0
sa11_sr[3],0
sa11_sr[4],0
sa11_sr[5],0
sa11_sr[6],0
sa11_sr[7],0
sa12_sr[0],0
sa12_sr[1],1
sa12_sr[2],0
sa12_sr[3],0
sa12_sr[4],0
sa12_sr[5],0
sa12_sr[6],0
sa12_sr[7],1
sa20_sr[0],1
sa20_sr[1],0
sa20_sr[2],1
sa20_sr[3],0
sa20_sr[4],0
sa20_sr[5],0
sa20_sr[6],0
sa20_sr[7],0
sa20_sub[0],0
sa20_sub[1],0
sa20_sub[2],0
sa20_sub[3],0
sa20_sub[4],0
sa20_sub[5],0
sa20_sub[6],0
sa20_sub[7],0
sa21_sr[0],0
sa21_sr[1],0
sa21_sr[2],0
sa21_sr[3],0
sa21_sr[4],0
sa21_sr[5],0
sa21_sr[6],0
sa21_sr[7],1
sa21_sub[0],0
sa21_sub[1],0
sa21_sub[2],0
sa21_sub[3],0
sa21_sub[4],0
sa21_sub[5],0
sa21_sub[6],0
sa21_sub[7],0
sa30_sr[0],0
sa30_sr[1],0
sa30_sr[2],0
sa30_sr[3],0
sa30_sr[4],0
sa30_sr[5],0
sa30_sr[6],0
sa30_sr[7],0
sa30_sub[0],0
sa30_sub[1],0
sa30_sub[2],0
sa30_sub[3],0
sa30_sub[4],0
sa30_sub[5],0
sa30_sub[6],0
sa30_sub[7],0
sa31_sub[0],0
sa31_sub[1],0
sa31_sub[2],0
sa31_sub[3],0
sa31_sub[4],0
sa31_sub[5],0
sa31_sub[6],0
sa31_sub[7],0
sa32_sub[0],0
sa32_sub[1],0
sa32_sub[2],0
sa32_sub[3],0
sa32_sub[4],0
sa32_sub[5],0
sa32_sub[6],0
sa32_sub[7],0
text_in[0],0
text_in[100],0
text_in[101],0
text_in[102],0
text_in[103],0
text_in[104],0
text_in[105],0
text_in[106],0
text_in[107],0
text_in[108],0
text_in[109],0
text_in[10],0
text_in[110],0
text_in[111],0
text_in[112],0
text_in[113],0
text_in[114],0
text_in[115],0
text_in[116],0
text_in[117],0
text_in[118],0
text_in[119],0
text_in[11],0
text_in[120],0
text_in[121],0
text_in[122],0
text_in[123],0
text_in[124],0
text_in[125],0
text_in[126],0
text_in[127],0
text_in[12],0
text_in[13],0
text_in[14],0
text_in[15],0
text_in[16],0
text_in[17],0
text_in[18],0
text_in[19],0
text_in[1],0
text_in[20],0
text_in[21],0
text_in[22],0
text_in[23],0
text_in[24],0
text_in[25],0
text_in[26],0
text_in[27],0
text_in[28],0
text_in[29],0
text_in[2],0
text_in[30],0
text_in[31],0
text_in[32],0
text_in[33],0
text_in[34],0
text_in[35],0
text_in[36],0
text_in[37],0
text_in[38],0
text_in[39],0
text_in[3],0
text_in[40],0
text_in[41],0
text_in[42],0
text_in[43],0
text_in[44],0
text_in[45],0
text_in[46],0
text_in[47],0
text_in[48],0
text_in[49],0
text_in[4],0
text_in[50],0
text_in[51],0
text_in[52],0
text_in[53],0
text_in[54],0
text_in[55],0
text_in[56],0
text_in[57],0
text_in[58],0
text_in[59],0
text_in[5],0
text_in[60],0
text_in[61],0
text_in[62],0
text_in[63],0
text_in[64],0
text_in[65],0
text_in[66],0
text_in[67],0
text_in[68],0
text_in[69],0
text_in[6],0
text_in[70],0
text_in[71],0
text_in[72],0
text_in[73],0
text_in[74],0
text_in[75],0
text_in[76],0
text_in[77],0
text_in[78],0
text_in[79],0
text_in[7],0
text_in[80],0
text_in[81],0
text_in[82],0
text_in[83],0
text_in[84],0
text_in[85],0
text_in[86],0
text_in[87],0
text_in[88],0
text_in[89],0
text_in[8],0
text_in[90],0
text_in[91],0
text_in[92],0
text_in[93],0
text_in[94],0
text_in[95],0
text_in[96],0
text_in[97],0
text_in[98],0
text_in[99],0
text_in[9],0
text_in_r[0],0
text_in_r[100],0
text_in_r[101],0
text_in_r[102],0
text_in_r[103],0
text_in_r[104],0
text_in_r[105],0
text_in_r[106],0
text_in_r[107],0
text_in_r[108],0
text_in_r[109],0
text_in_r[10],0
text_in_r[110],0
text_in_r[111],0
text_in_r[112],0
text_in_r[113],0
text_in_r[114],0
text_in_r[115],0
text_in_r[116],0
text_in_r[117],0
text_in_r[118],0
text_in_r[119],0
text_in_r[11],0
text_in_r[120],0
text_in_r[121],0
text_in_r[122],0
text_in_r[123],0
text_in_r[124],0
text_in_r[125],0
text_in_r[126],0
text_in_r[127],0
text_in_r[12],0
text_in_r[13],0
text_in_r[14],0
text_in_r[15],0
text_in_r[16],0
text_in_r[17],0
text_in_r[18],0
text_in_r[19],0
text_in_r[1],0
text_in_r[20],0
text_in_r[21],0
text_in_r[22],0
text_in_r[23],0
text_in_r[24],0
text_in_r[25],0
text_in_r[26],0
text_in_r[27],0
text_in_r[28],0
text_in_r[29],0
text_in_r[2],0
text_in_r[30],0
text_in_r[31],0
text_in_r[32],0
text_in_r[33],0
text_in_r[34],0
text_in_r[35],0
text_in_r[36],0
text_in_r[37],0
text_in_r[38],0
text_in_r[39],0
text_in_r[3],0
text_in_r[40],0
text_in_r[41],0
text_in_r[42],0
text_in_r[43],0
text_in_r[44],0
text_in_r[45],0
text_in_r[46],0
text_in_r[47],0
text_in_r[48],0
text_in_r[49],0
text_in_r[4],0
text_in_r[50],0
text_in_r[51],0
text_in_r[52],0
text_in_r[53],0
text_in_r[54],0
text_in_r[55],0
text_in_r[56],0
text_in_r[57],0
text_in_r[58],0
text_in_r[59],0
text_in_r[5],0
text_in_r[60],0
text_in_r[61],0
text_in_r[62],0
text_in_r[63],0
text_in_r[64],0
text_in_r[65],0
text_in_r[66],0
text_in_r[67],0
text_in_r[68],0
text_in_r[69],0
text_in_r[6],0
text_in_r[70],0
text_in_r[71],0
text_in_r[72],0
text_in_r[73],0
text_in_r[74],0
text_in_r[75],0
text_in_r[76],0
text_in_r[77],0
text_in_r[78],0
text_in_r[79],0
text_in_r[7],0
text_in_r[80],0
text_in_r[81],0
text_in_r[82],0
text_in_r[83],0
text_in_r[84],0
text_in_r[85],0
text_in_r[86],0
text_in_r[87],0
text_in_r[88],0
text_in_r[89],0
text_in_r[8],0
text_in_r[90],0
text_in_r[91],0
text_in_r[92],0
text_in_r[93],0
text_in_r[94],0
text_in_r[95],0
text_in_r[96],0
text_in_r[97],0
text_in_r[98],0
text_in_r[99],0
text_in_r[9],0
text_out[0],0
text_out[100],0
text_out[101],0
text_out[102],0
text_out[103],0
text_out[104],0
text_out[105],0
text_out[106],0
text_out[107],0
text_out[108],0
text_out[109],0
text_out[10],0
text_out[110],0
text_out[111],0
text_out[112],0
text_out[113],0
text_out[114],0
text_out[115],0
text_out[116],0
text_out[117],0
text_out[118],0
text_out[119],0
text_out[11],0
text_out[120],0
text_out[121],0
text_out[122],0
text_out[123],0
text_out[124],0
text_out[125],0
text_out[126],0
text_out[127],0
text_out[12],0
text_out[13],0
text_out[14],0
text_out[15],0
text_out[16],0
text_out[17],0
text_out[18],0
text_out[19],0
text_out[1],0
text_out[20],0
text_out[21],0
text_out[22],0
text_out[23],0
text_out[24],0
text_out[25],0
text_out[26],0
text_out[27],0
text_out[28],0
text_out[29],0
text_out[2],0
text_out[30],0
text_out[31],0
text_out[32],0
text_out[33],0
text_out[34],0
text_out[35],0
text_out[36],0
text_out[37],0
text_out[38],0
text_out[39],0
text_out[3],0
text_out[40],0
text_out[41],0
text_out[42],0
text_out[43],0
text_out[44],0
text_out[45],0
text_out[46],0
text_out[47],0
text_out[48],0
text_out[49],0
text_out[4],0
text_out[50],0
text_out[51],0
text_out[52],0
text_out[53],0
text_out[54],0
text_out[55],0
text_out[56],0
text_out[57],0
text_out[58],0
text_out[59],0
text_out[5],0
text_out[60],0
text_out[61],0
text_out[62],0
text_out[63],0
text_out[64],0
text_out[65],0
text_out[66],0
text_out[67],0
text_out[68],0
text_out[69],0
text_out[6],0
text_out[70],0
text_out[71],0
text_out[72],0
text_out[73],0
text_out[74],0
text_out[75],0
text_out[76],0
text_out[77],0
text_out[78],0
text_out[79],0
text_out[7],0
text_out[80],0
text_out[81],0
text_out[82],0
text_out[83],0
text_out[84],0
text_out[85],0
text_out[86],0
text_out[87],0
text_out[88],0
text_out[89],0
text_out[8],0
text_out[90],0
text_out[91],0
text_out[92],0
text_out[93],0
text_out[94],0
text_out[95],0
text_out[96],0
text_out[97],0
text_out[98],0
text_out[99],0
text_out[9],0
u0.r0.out[24],0
u0.r0.out[25],0
u0.r0.out[26],0
u0.r0.out[27],0
u0.r0.out[28],0
u0.r0.out[29],0
u0.r0.out[30],0
u0.r0.out[31],0
u0.r0.rcnt[0],0
u0.r0.rcnt[1],0
u0.r0.rcnt[2],0
u0.r0.rcnt[3],0
u0.subword[0],0
u0.subword[10],0
u0.subword[11],0
u0.subword[12],0
u0.subword[13],0
u0.subword[14],0
u0.subword[15],0
u0.subword[16],0
u0.subword[17],0
u0.subword[18],0
u0.subword[19],0
u0.subword[1],0
u0.subword[20],0
u0.subword[21],0
u0.subword[22],0
u0.subword[23],0
u0.subword[24],0
u0.subword[25],0
u0.subword[26],0
u0.subword[27],0
u0.subword[28],0
u0.subword[29],0
u0.subword[2],0
u0.subword[30],0
u0.subword[31],0
u0.subword[3],0
u0.subword[4],0
u0.subword[5],0
u0.subword[6],0
u0.subword[7],0
u0.subword[8],0
u0.subword[9],0
u0.tmp_w[0],0
u0.tmp_w[10],0
u0.tmp_w[11],0
u0.tmp_w[12],0
u0.tmp_w[13],0
u0.tmp_w[14],0
u0.tmp_w[15],0
u0.tmp_w[16],0
u0.tmp_w[17],0
u0.tmp_w[18],0
u0.tmp_w[19],0
u0.tmp_w[1],0
u0.tmp_w[20],0
u0.tmp_w[21],0
u0.tmp_w[22],0
u0.tmp_w[23],0
u0.tmp_w[24],0
u0.tmp_w[25],0
u0.tmp_w[26],0
u0.tmp_w[27],0
u0.tmp_w[28],0
u0.tmp_w[29],0
u0.tmp_w[2],0
u0.tmp_w[30],0
u0.tmp_w[31],0
u0.tmp_w[3],0
u0.tmp_w[4],0
u0.tmp_w[5],0
u0.tmp_w[6],0
u0.tmp_w[7],0
u0.tmp_w[8],0
u0.tmp_w[9],0
u0.w[0][0],0
u0.w[0][10],0
u0.w[0][11],0
u0.w[0][12],0
u0.w[0][13],0
u0.w[0][14],0
u0.w[0][15],0
u0.w[0][16],0
u0.w[0][17],0
u0.w[0][18],0
u0.w[0][19],0
u0.w[0][1],0
u0.w[0][20],0
u0.w[0][21],0
u0.w[0][22],0
u0.w[0][23],0
u0.w[0][24],0
u0.w[0][25],0
u0.w[0][26],0
u0.w[0][27],0
u0.w[0][28],0
u0.w[0][29],0
u0.w[0][2],0
u0.w[0][30],0
u0.w[0][31],0
u0.w[0][3],0
u0.w[0][4],0
u0.w[0][5],0
u0.w[0][6],0
u0.w[0][7],0
u0.w[0][8],0
u0.w[0][9],0
u0.w[1][0],0
u0.w[1][10],0
u0.w[1][11],0
u0.w[1][12],0
u0.w[1][13],0
u0.w[1][14],0
u0.w[1][15],0
u0.w[1][16],0
u0.w[1][17],0
u0.w[1][18],0
u0.w[1][19],0
u0.w[1][1],0
u0.w[1][20],0
u0.w[1][21],0
u0.w[1][22],0
u0.w[1][23],0
u0.w[1][24],0
u0.w[1][25],0
u0.w[1][26],0
u0.w[1][27],0
u0.w[1][28],0
u0.w[1][29],0
u0.w[1][2],1
u0.w[1][30],0
u0.w[1][31],0
u0.w[1][3],0
u0.w[1][4],0
u0.w[1][5],0
u0.w[1][6],0
u0.w[1][7],0
u0.w[1][8],0
u0.w[1][9],0
u0.w[2][0],0
u0.w[2][10],0
u0.w[2][11],0
u0.w[2][12],0
u0.w[2][13],0
u0.w[2][14],0
u0.w[2][15],0
u0.w[2][16],0
u0.w[2][17],0
u0.w[2][18],0
u0.w[2][19],0
u0.w[2][1],0
u0.w[2][20],0
u0.w[2][21],0
u0.w[2][22],0
u0.w[2][23],0
u0.w[2][24],0
u0.w[2][25],0
u0.w[2][26],0
u0.w[2][27],0
u0.w[2][28],0
u0.w[2][29],0
u0.w[2][2],0
u0.w[2][30],0
u0.w[2][31],0
u0.w[2][3],0
u0.w[2][4],0
u0.w[2][5],0
u0.w[2][6],0
u0.w[2][7],0
u0.w[2][8],0
u0.w[2][9],0
net14319,1
net14323,1
net14430,1
net14324,0
net14378,0
net14338,1
net14335,1
net14347,1
net22404,0
net14366,0
net14372,0
net14373,1
net14375,0
net14380,0
net14383,0
net14386,0
net14388,0
net14402,0
net14411,0
net14418,0
net14423,1
net14424,0
net14428,0
net14433,1
net14431,0
net14438,0
net14440,0
net14439,0
net14447,0
net14449,1
net14452,0
net14451,0
net14450,0
net14455,0
net14457,0
net14460,0
net14466,0
net14465,0
net14469,0
net14474,0
net14475,0
net14487,0
net19912,0
net22897,0
net14511,0
net14524,0
net14526,0
net14528,0
net14561,0
net14571,0
net14572,0
net14573,0
net14576,0
net14579,0
net14580,0
net14587,0
net14595,1
net14596,0
net14618,0
net14620,0
net14638,0
net14640,0
net14646,0
net14653,0
net22369,0
net20196,0
net14708,0
net20236,0
net22704,0
net14743,0
net14763,0
net14803,0
net14819,0
net14808,0
net14875,0
net14883,0
net14891,0
net14948,0
net14949,0
net14958,0
net15019,0
net15055,0
net20224,0
net20287,0
net15124,0
net15131,0
net15146,0
net15169,0
net15181,0
net15234,0
net15246,0
net15251,0
net15263,0
net15258,0
net15255,0
net15280,0
net15278,0
net15279,0
net15281,0
net15282,0
net15271,0
net15256,0
net15259,0
net15257,0
net15260,0
net15265,0
net15268,0
net15266,0
net15270,0
net15276,0
net15275,0
net15273,0
net15272,0
net15274,0
net15308,0
net15277,0
net15267,0
net15269,0
net15314,0
net15336,0
net15339,0
net15357,0
net15358,0
net15356,0
net15363,0
net15364,0
net15365,1
net15393,0
net15394,0
net15477,0
net15488,0
net15499,0
net15524,0
net15532,0
net15526,0
net15536,0
net137,0
net138,0
net15548,0
net15547,0
net15560,0
net15592,0
net15682,0
net15683,0
net15717,0
net15716,0
net15737,0
net148,0
net15835,0
net15838,0
net15836,0
net15847,0
net15874,0
net15858,0
net15870,0
net15862,0
net15868,0
net15871,0
net15876,0
net15880,0
net15879,0
net15873,0
net15872,0
net15875,0
net15896,0
net15897,0
net15904,0
net15903,0
net15915,0
net15917,0
net15913,0
net15914,0
net15909,0
net15905,0
net15908,0
net15907,0
net15911,0
net15910,0
net15921,0
net15928,0
net20283,0
net15993,0
net22582,0
net15996,0
net20284,0
net16043,0
net16118,0
net20567,0
net16279,0
net16265,0
net16255,0
net20587,0
net16149,0
net20594,0
net20601,0
net20604,0
net16181,0
net20593,0
net20551,0
net16306,0
net16309,0
net16312,0
net16174,0
net16313,0
net20548,0
net16315,0
net16326,0
net16316,0
net16318,0
net16317,0
net20572,0
net16331,0
net16332,0
net16333,0
net20544,0
net16334,0
net20543,0
net16337,0
net16221,0
net16198,0
net20540,0
net16357,0
net16354,0
net16346,0
net16347,0
net16349,0
net16348,0
net16350,0
net16352,0
net16351,0
net16353,0
net16376,0
net16355,0
net16359,0
net16356,0
net20539,0
net16360,0
net16362,0
net16361,0
net16373,0
net16363,0
net16364,0
net16368,0
net16375,0
net16358,0
net16194,1
net20608,0
net20609,0
net16223,0
net16365,0
net16366,0
net16367,0
net16369,0
net20591,0
net16370,0
net16372,0
net16371,0
net16374,0
net16378,0
net16383,0
net16394,0
net16377,0
net16390,0
net16380,0
net16382,0
net16381,0
net16389,0
net16388,0
net16384,0
net16385,0
net16387,0
net16386,0
net16391,0
net16392,0
net16393,0
net20537,0
net16395,0
net16396,0
net16405,0
net16399,0
net16397,0
net16407,0
net16403,0
net16402,0
net16398,0
net16401,0
net16400,0
net16404,0
net16406,0
net20535,0
net20536,0
net16408,0
net16435,0
net16446,0
net22444,0
net16438,0
net16451,0
net16450,0
net16439,0
net16443,0
net16445,0
net16444,0
net16416,0
net22002,0
net20526,0
net16417,0
net16422,0
net16419,0
net16420,0
net16421,0
net20525,0
net16424,0
net16425,0
net20948,0
net20522,0
net16426,0
net16431,0
net16414,0
net20534,0
net16409,0
net16413,0
net20533,0
net16410,0
net20532,0
net20530,0
net20531,0
net16411,0
net16412,0
net16433,0
net16432,0
net20519,0
net16430,0
net16434,0
net20529,0
net16418,0
net16423,0
net21943,0
net16429,0
net16427,0
net20520,0
net16428,0
net20517,0
net16436,0
net16437,0
net16228,0
net16441,0
net16440,1
net16448,0
net16447,0
net21228,0
net16449,0
net21789,0
net16454,0
net16452,0
net16453,0
net21225,0
net21227,0
net21226,0
net16455,0
net21004,0
net16520,0
net16519,0
net16521,0
net22010,0
net16461,0
net16458,0
net16456,0
net21886,0
net16459,0
net20506,0
net22900,0
net20474,0
net16511,0
net20473,0
net21005,0
net16513,0
net16512,0
net16514,0
net16523,0
net16516,0
net16517,0
net16522,0
net16518,0
net16457,0
net16460,0
net16468,1
net16463,0
net16472,0
net16471,0
net16469,0
net16466,0
net16465,0
net16464,0
net22942,0
net16467,0
net22552,0
net16473,0
net22925,0
net16508,0
net16509,0
net16510,0
net16475,0
net16481,0
net22514,0
net16479,0
net21805,0
net16483,0
net21791,0
net20493,0
net16484,0
net21792,0
net16487,0
net22024,1
net16488,0
net16478,0
net22544,0
net22512,0
net16476,0
net16480,0
net22554,0
net16477,0
net16482,0
net16177,0
net20624,0
net21807,0
net16485,0
net16486,0
net16490,0
net16489,0
net22022,1
net16491,0
net16493,0
net16507,0
net16492,0
net20950,0
net22328,0
net22361,0
net16495,0
net22020,1
net16494,0
net22358,0
net16506,0
net16505,1
net16496,1
net22363,0
net22406,0
net22330,0
net22014,0
net21006,0
net16504,0
net16497,0
net16498,0
net16502,0
net16499,0
net16503,0
net16500,0
net16501,0
net16515,0
net21343,0
net16586,0
net16524,0
net16525,0
net16584,0
net16585,0
net16526,0
net16590,0
clknet_6_57__leaf_clk,0
net16558,0
clknet_6_56__leaf_clk,0
net16554,0
clknet_6_46__leaf_clk,0
net16557,0
net16559,0
clknet_6_53__leaf_clk,0
net16564,0
clknet_6_52__leaf_clk,0
net16565,0
clknet_6_43__leaf_clk,0
clknet_6_45__leaf_clk,0
clknet_6_42__leaf_clk,0
net16578,0
net16579,0
net16581,0
net16582,0
net16583,0
net22011,0
net16552,0
net22545,0
clknet_6_60__leaf_clk,0
clknet_6_59__leaf_clk,0
net16527,0
net21344,0
net21258,0
net16530,0
net16528,0
net16543,0
net16538,0
net16533,0
net16539,0
net16549,0
clknet_6_61__leaf_clk,0
net16529,0
net16531,0
net16532,0
net16534,0
net16535,0
net16536,0
net16537,0
net16541,0
net20585,0
net16548,0
net16540,0
net16542,0
net16550,0
net16544,0
clknet_6_63__leaf_clk,0
clknet_6_62__leaf_clk,0
net16545,0
net16547,0
net16546,0
net16551,0
clknet_6_58__leaf_clk,0
clknet_6_55__leaf_clk,0
net16553,0
net16556,0
net16555,0
net16560,0
clknet_6_54__leaf_clk,0
net16562,0
net16561,0
net16563,0
clknet_6_48__leaf_clk,0
clknet_6_47__leaf_clk,0
clknet_6_51__leaf_clk,0
net16566,0
net16568,0
clknet_6_44__leaf_clk,0
net16569,0
net16567,0
clknet_6_49__leaf_clk,0
clknet_6_50__leaf_clk,0
net16643,0
net16576,0
net16580,0
net16589,0
net16587,0
net16588,0
net16591,0
net16597,1
net16594,0
net16592,0
net16595,0
net16623,0
net16608,0
net16620,0
net16621,0
net16622,0
net16593,0
net16599,0
net16596,0
net16601,0
net20619,0
net16185,0
net16186,0
net20584,0
net20583,0
net16234,0
net16600,0
net16619,0
net16605,0
net16602,0
net16603,0
net16604,0
net16606,0
net16609,0
net16607,0
net16610,0
net16618,0
net16642,0
net16615,0
net16613,0
net16611,0
net16616,1
net16612,0
net20603,0
net16617,0
net16624,0
net16626,0
net16632,0
net16629,0
net16627,0
net16631,0
net16628,0
net16639,0
net16637,0
net16644,0
net16645,0
net16646,0
net16666,0
clknet_6_17__leaf_clk,0
net16667,0
clknet_6_16__leaf_clk,0
net16668,0
net16670,0
net16669,0
clknet_6_12__leaf_clk,0
net16675,0
clknet_6_11__leaf_clk,0
clknet_6_10__leaf_clk,0
net16678,0
net16681,0
net16680,0
clknet_6_19__leaf_clk,0
net16665,0
net16664,0
net16649,0
clknet_6_18__leaf_clk,0
clknet_6_37__leaf_clk,0
clknet_6_36__leaf_clk,0
net16650,0
clknet_6_30__leaf_clk,0
clknet_6_29__leaf_clk,0
clknet_6_28__leaf_clk,0
clknet_6_33__leaf_clk,0
net16655,0
net16654,0
net16659,0
net16658,0
net16660,0
net16661,0
clknet_6_26__leaf_clk,0
net16662,0
clknet_6_35__leaf_clk,0
clknet_6_34__leaf_clk,0
net16651,0
net16652,0
clknet_6_32__leaf_clk,0
clknet_6_31__leaf_clk,0
net16653,0
clknet_6_27__leaf_clk,0
net16656,0
net16657,0
net16663,0
clknet_6_25__leaf_clk,0
clknet_6_24__leaf_clk,0
clknet_6_23__leaf_clk,0
net16671,0
net16672,0
clknet_6_15__leaf_clk,0
net16673,0
net16237,0
net16676,0
net16674,0
clknet_6_14__leaf_clk,0
clknet_6_13__leaf_clk,0
net16677,0
net16679,0
net16682,0
clknet_6_9__leaf_clk,0
net16685,0
net16683,0
net16684,0
net16686,0
net16696,0
clknet_6_3__leaf_clk,0
clknet_6_2__leaf_clk,0
clknet_6_1__leaf_clk,0
net16698,0
clknet_6_0__leaf_clk,0
net16701,0
net16699,0
clknet_3_6_0_clk,0
net16703,0
net16704,0
net16700,0
clknet_3_7_0_clk,0
net16702,0
net20415,0
net16708,0
net16709,0
net16710,0
net16748,0
net16749,0
net16753,0
net16752,0
net16713,0
net16712,0
net16750,0
net16738,0
net16747,0
net22747,0
net16714,0
net20403,0
net21993,0
net16715,0
net16718,0
net16719,0
net20394,0
net20309,0
net16723,0
net20311,0
net16724,0
net20310,0
net16725,0
net20300,0
net20295,0
net16716,0
net16717,0
net20364,0
net20312,0
net16721,0
net16720,0
net16271,0
net16722,0
net20306,0
net20307,0
net16729,0
net16727,0
net16726,0
net20303,0
net16728,0
net16239,0
net20302,0
net16730,0
net16731,0
net16732,0
net20299,0
net16737,0
net20293,0
net20294,0
net16733,0
net20291,0
net20281,0
net20280,0
net16734,0
net20292,0
net20289,0
net16735,0
net16736,0
net16751,0
net20279,0
net16745,0
net16746,0
net20217,0
net21395,0
net20010,0
net16756,0
net16767,0
net20068,0
net16755,0
net20040,0
net20013,0
net16757,1
net16758,0
net16766,0
net16765,0
net16759,0
net20012,0
net20011,0
net16205,0
net20008,0
net22359,0
net16768,0
net19925,0
net16769,0
net22329,0
net16799,0
net16822,0
net16801,0
net16800,0
net19875,0
net16802,0
net19874,0
net16803,0
net19853,0
net19852,0
net19851,0
net19850,0
net19849,0
net19848,0
net19847,0
net16795,0
net19879,0
net16770,0
net16794,0
net19878,0
net16797,0
net16776,0
net16790,0
net19885,0
net16772,0
net16787,0
net16788,1
net16792,0
net16791,0
net16796,0
net16773,0
net19899,0
net16777,0
net16778,0
net16780,0
net19900,0
net16781,0
net16783,0
net19897,0
net19887,0
net16784,0
net16785,0
net19886,0
net16786,0
net16774,0
net16775,0
net16779,0
net16782,0
net19898,0
net19884,0
net16789,0
net16793,0
net16798,0
net19873,0
net19844,0
net21316,0
net19860,0
net16804,0
net19846,0
net16823,0
net19870,0
net16805,0
net19869,0
net16806,0
net16807,0
net19861,0
net19845,0
net19854,0
net16816,0
net16815,0
net16814,1
net16811,1
net16817,0
net16812,0
net19857,0
net19856,0
net16813,0
net19840,0
net19841,0
net19839,0
net19838,0
net19837,0
net16824,0
net19836,0
net19835,0
net19832,0
net16825,0
net19834,0
net19833,0
net19831,0
net16826,0
net19830,0
net19829,0
net16834,0
net16855,0
net16835,0
net16851,0
net16836,0
net16849,0
net16839,0
net16838,0
net16846,0
net16847,0
net16842,0
net16841,0
net16840,0
net16845,0
net16844,0
net16868,0
net16848,0
net16870,0
net16867,0
net16862,0
net16863,0
net16878,0
net16860,0
net16850,0
net16852,0
net20629,0
net16170,0
net20628,0
net20627,0
net16856,0
net16859,0
net16858,0
net16241,0
net16275,0
net16866,0
net16865,0
net16276,0
net16869,0
net16874,0
net16871,0
net16872,0
net16875,0
net16880,0
net16879,0
net19825,0
net19824,0
net16882,0
net16884,0
net16898,0
net16883,0
net16890,0
net16893,0
net19802,0
net19823,0
net16885,0
net16887,0
net16886,0
net16892,0
net16888,0
net16889,0
net16891,0
net16894,0
net16896,0
net16895,0
net19801,0
net19800,0
net19799,0
net16897,0
net16959,0
net16929,0
net16920,0
net16930,0
net19806,0
net16956,0
net16961,0
net16960,0
net16957,0
net16958,0
net19805,0
net19804,0
net19803,0
net16918,0
net19821,0
net16917,0
net16899,0
net16921,0
net16910,0
net16931,0
net16900,0
net16904,0
net16901,0
net16905,0
net16903,0
net16902,0
net19820,0
net16906,0
net16934,0
net16908,0
net16911,0
net16909,0
net16928,0
net16912,0
net16916,0
net16907,0
net16915,0
net16913,0
net16927,0
net16919,0
net16925,0
net16923,0
net16922,0
net16924,0
net16926,0
net16932,0
net19813,0
net16949,0
net19809,0
net19812,0
net16951,0
net19811,0
net19808,0
net19810,0
net16952,0
net16953,0
net16954,0
net19807,0
net16955,0
net16933,0
net16937,0
net19819,0
net19818,0
net16941,0
net16938,0
net16947,0
net16946,0
net19814,0
net16948,0
net16936,0
net20600,0
net20565,0
net16282,0
net16290,0
net16283,0
net16939,0
net19816,0
net16944,0
net16945,0
net19815,0
net19817,0
net16940,0
net16942,0
net16943,0
net16950,0
net19797,0
net16971,0
net16966,0
net16965,0
net16968,0
net16967,0
net16970,0
net16969,0
net16972,0
net16973,0
net19784,0
net17002,1
net16974,0
net17003,0
net19796,0
net16998,0
net19786,0
net16985,0
net16975,0
net16986,0
net19788,0
net16991,0
net19787,0
net16996,0
net16994,0
net16997,0
net16999,0
net19785,0
net19793,0
net19795,0
net16977,0
net16984,0
net19794,0
net16976,0
net16979,0
net16980,0
net19791,0
net16981,0
net16982,0
net16983,0
net16988,0
net20564,0
net19790,0
net16989,0
net16990,0
net16992,0
net16993,0
net16284,0
net16995,0
net17001,0
net17000,0
net19782,0
net19783,0
net17004,0
net17006,0
net17005,0
net17007,0
net17008,0
net17009,0
net17010,0
net17012,0
net19781,0
net17013,0
net19780,0
net17011,0
net17015,0
net17014,0
net17633,0
net17016,0
net20579,0
net16245,0
net17022,0
net17028,0
net17027,0
net17031,0
net17458,0
net17457,0
net17070,0
net17074,0
net17493,0
net17033,0
net17492,0
net17060,0
net17491,0
net17078,0
net17076,0
net17036,0
net17037,0
net17059,0
net17549,0
net17055,0
net17550,0
net17056,0
net17548,0
net17048,0
net17039,0
net17046,0
net17045,0
net17503,0
net17547,0
net17501,0
net17502,0
net17057,0
net17589,0
net17038,0
net17588,0
net17040,0
net17042,0
net17041,0
net17044,0
net17043,0
net17050,0
net17047,0
net17049,0
net17587,0
net17051,0
net17053,0
net17551,0
net17054,0
net17058,0
net17490,0
net17079,0
net17061,0
net17068,0
net17069,0
net17062,0
net17489,0
net17065,0
net17063,0
net17064,0
net17484,0
net16243,0
net17067,0
net17066,0
net17485,0
net17486,0
net17466,0
net17464,0
net16209,0
net17073,0
net17072,0
net17075,0
net17095,0
net17081,0
net17080,0
net17094,0
net17082,0
net17085,0
net17432,0
net17096,0
net17102,0
net17097,0
net17098,0
net17106,0
net17104,0
net17105,0
net17131,0
net17144,0
net17132,0
net17107,0
net17122,0
net17120,0
net17108,0
net17109,0
net17422,0
net17121,0
net17416,0
net17123,0
net16286,0
net17116,0
net17110,0
net17115,0
net17117,0
net17111,0
net17114,0
net17113,0
net17112,0
net17119,0
net17118,0
net16248,0
net16247,0
net20622,0
net17124,0
net17129,0
net17152,0
net17127,0
net17128,0
net17141,0
net17134,0
net17133,0
net17140,0
net17135,0
net17136,0
net17138,0
net17137,0
net17142,0
net17139,0
net17143,0
net17145,0
net17151,0
net17146,0
net17149,0
net17147,0
net17148,0
net17150,0
net17154,0
net17157,0
net17153,0
net17155,0
net17156,0
net17415,0
net17158,0
net17483,0
net17159,0
net17182,0
net17177,0
net17171,0
net17409,0
net17178,0
net17180,0
net17477,0
net17479,0
net17478,0
net17476,0
net17481,0
net17482,0
net17160,0
net17167,0
net17166,0
net17162,0
net17161,0
net17165,0
net17164,0
net17168,0
net17170,0
net17169,0
net17172,0
net17176,0
net17174,0
net17173,0
net17175,0
net16295,0
net16294,0
net16296,0
net17179,0
net17193,0
net17183,0
net17470,0
net17473,0
net17472,0
net17190,0
net17184,0
net17185,0
net17189,0
net17469,0
net17191,0
net17187,0
net17192,0
net17480,0
net17467,0
net17468,0
net17474,0
net17471,0
net21345,0
net17194,0
net17448,0
net17446,0
net17452,0
net17449,0
net17465,0
net17454,0
net17456,0
net17463,0
net17459,0
net17461,0
net17475,0
net17430,0
net17196,0
net17195,0
net17427,0
net17428,0
net17429,0
net17455,0
net17431,0
net17433,0
net17453,0
net17434,0
net17435,0
net17439,0
net17442,0
net17436,0
net17440,0
net17437,0
net17438,0
net17443,0
net17441,0
net17451,0
net17450,0
net17444,0
net17445,0
net17197,0
net22553,0
net17426,0
net17425,0
net17424,0
net17418,0
net17198,0
net17412,0
net17413,0
net17417,0
net17419,0
net17414,0
net17398,0
net17410,0
net17408,0
net17392,0
net17399,0
net17211,0
net20241,0
net17380,0
net17396,0
net17393,0
net17395,0
net17364,0
net17214,0
net17212,0
net17373,0
net17369,0
net17363,0
net17377,0
net17365,0
net17366,0
net17370,0
net17367,0
net17372,0
net17371,0
net17376,0
net17381,0
net17230,0
net17213,0
net17216,0
net17389,0
net17215,0
net17225,0
net17226,0
net17368,0
net17228,0
net17362,0
net17217,0
net17232,0
net17223,0
net17224,0
net17218,0
net17384,0
net17221,0
net17219,0
net17387,0
net17220,0
net17222,0
net20573,0
net16260,0
net17227,0
net16300,0
net16302,0
net20552,0
net17229,0
net17231,0
net17234,0
net17233,0
net17252,0
net17243,0
net17240,0
net17242,0
net17249,0
net17244,0
net17357,0
net17359,0
net17374,0
net17235,0
net17361,0
net17237,0
net17236,0
net17383,0
net17238,0
net17378,0
net17375,0
net17239,0
net16252,0
net16256,0
net17241,0
net17355,0
net17279,0
net17253,0
net17276,0
net17277,0
net17275,0
net17280,0
net17278,0
net17348,0
net17306,0
net17360,0
net17254,0
net17256,0
net17255,0
net17307,0
net17269,0
net17270,0
net17305,0
net17271,0
net17281,0
net17273,0
net17274,0
net17358,0
net17338,0
net17356,0
net17257,0
net17334,0
net17327,0
net17258,0
net17259,0
net17260,0
net17262,0
net17326,0
net17322,0
net17265,0
net17264,0
net20204,0
net17272,0
net17336,0
net17285,0
net17284,0
net20228,0
net17283,0
net17331,0
net17333,0
net17352,0
net17335,0
net17340,1
net17339,0
net17330,0
net17286,0
net17292,0
net17291,0
net17289,0
net17288,0
net17301,0
net17293,0
net17298,0
net17297,0
net17304,0
net17300,0
net17299,0
net20195,0
net17303,0
net17308,0
net17309,0
net17325,0
net17310,0
net17311,0
net17312,0
net17317,0
net17314,0
net17316,0
net17319,0
net17323,0
net17324,0
net17328,0
net17329,0
net17290,0
net17320,0
net17346,0
net17343,0
net17345,0
net17341,0
net17347,0
net17342,0
net17354,0
net17379,0
net17385,0
net17382,0
net17390,0
net17388,0
net17394,0
net17400,0
net17407,0
net17411,0
net17421,0
net17447,0
net17460,0
net17462,0
net17598,0
net17638,0
net17646,0
net17647,0
net17648,0
net17658,0
net17657,0
net17656,0
net17662,0
net19770,0
net17661,0
net17663,0
net17664,0
net17665,0
net17666,0
net17667,0
net17669,0
net17670,0
net17671,0
net17672,0
net17674,0
net17675,0
net17676,0
net17677,0
net17682,0
net17681,0
net17683,0
net17684,0
net17701,0
net17704,0
net17696,0
net17697,0
net17698,0
net17699,0
net17700,0
net17702,0
net17703,0
net17708,0
net17707,0
net17706,0
net17710,0
net17709,0
net17711,0
net17712,0
net17713,0
net17717,1
net17716,1
net17720,0
net17725,0
net17729,1
net17726,0
net17730,1
net17728,1
net17740,0
net17743,0
net17739,0
net17734,0
net17733,0
net17732,0
net17737,0
net17736,0
net17735,0
net17738,0
net17742,0
net17741,0
net17751,0
net17750,0
net17745,0
net17744,1
net17749,0
net17748,0
net17746,0
net17747,0
net17756,0
net17755,0
net17752,0
net17754,0
net17753,0
net17762,0
net17768,0
net17761,0
net17757,0
net17758,0
net17759,0
net17764,0
net17760,0
net17763,0
net17765,0
net17767,0
net17766,0
net19769,0
net19768,0
net17835,0
net17838,0
net17769,0
net17825,0
net17773,0
net17772,0
net17771,0
net17770,0
net17824,0
net17821,0
net17774,0
net17808,0
net17791,0
net17807,0
net17806,0
net17790,0
net17780,0
net17779,0
net17778,0
net17782,0
net17781,0
net17785,0
net17784,0
net17783,0
net17789,0
net17788,0
net17787,0
net17798,0
net17797,0
net17792,0
net17793,0
net17794,0
net17800,1
net17795,1
net17799,1
net17803,0
net17802,0
net17801,0
net17805,0
net17804,0
net17810,1
net17820,0
net17809,1
net17811,0
net17813,0
net17812,0
net17815,0
net17814,0
net17817,0
net17816,0
net17819,0
net17818,0
net17822,0
net17823,0
net17830,1
net17831,1
net17826,0
net17827,0
net17828,0
net17829,1
net17833,0
net17834,0
net17832,0
net17837,0
net17836,0
net17844,0
net17843,0
net17839,0
net17842,0
net17841,0
net17840,0
net19764,0
net19763,0
net17846,0
net19767,0
net19766,0
net19765,0
net17845,0
net17849,0
net17850,0
net17848,0
net17847,0
net19761,0
net19760,0
net19759,0
net17852,0
net19758,0
net17866,0
net17865,0
net17858,0
net17855,0
net17854,0
net17856,0
net17857,0
net17859,0
net17860,0
net17867,0
net22930,0
net22750,0
net22927,0
net22751,0
net22926,0
net22779,0
net22928,0
net22929,0
net17861,0
net19756,0
net17862,0
net17863,0
net17868,0
net19757,0
net19755,0
net17870,0
net19754,0
net17872,0
net17871,0
net17869,0
net22719,0
net22709,0
net22588,0
net22577,0
net22707,0
net22708,0
net22710,0
net22711,0
net22720,0
net22748,0
net22749,0
net19753,0
net17875,0
net17874,0
net17873,1
net22319,0
net22365,0
net22366,0
net19751,0
net19752,0
net22316,0
net17878,0
net17876,0
net17877,0
net22314,0
net22315,0
net22317,0
net22318,0
net17880,0
net17879,0
net22287,0
net22288,0
net22289,0
net22290,0
net22291,0
net22292,0
net22293,0
net22294,0
net22295,0
net22311,0
net22296,0
net22297,0
net22298,0
net22299,0
net22306,0
net22302,0
net22300,0
net22301,0
net22303,0
net22304,0
net22305,0
net22308,0
net22307,0
net22309,0
net22310,0
net22312,0
net22313,0
net17883,0
net17882,0
net17881,0
net22274,0
net22275,0
net22276,0
net22277,0
net22278,0
net22284,0
net22280,0
net22279,0
net22281,0
net22282,0
net22283,0
net22285,0
net22286,0
net17887,0
net17886,0
net17885,0
net22264,0
net22269,0
net22265,0
net22266,0
net22267,0
net22268,0
net22271,0
net22270,0
net22272,0
net22273,0
net19750,0
net19749,0
net17889,0
net19748,0
net19747,0
net19746,0
net22262,0
net22259,0
net22260,0
net22261,0
net22263,0
net17890,0
net22242,0
net17893,0
net19743,0
net22237,0
net22236,0
net22238,0
net22239,0
net22240,0
net22241,0
net22243,0
net22244,0
net22245,0
net22256,0
net22250,0
net22246,0
net22247,0
net22248,0
net22249,0
net22251,0
net22252,0
net22253,0
net22254,0
net22255,0
net22257,0
net22258,0
net19745,0
net19744,0
net17891,0
net17892,0
net19741,0
net19740,0
net17894,0
net22234,0
net22235,0
net17895,1
net19738,0
net19737,0
net17899,1
net17898,1
net19739,0
net17897,1
net19735,0
net19736,0
net19734,0
net19733,0
net17900,0
net17901,0
net19732,0
net19731,0
net22231,0
net22232,0
net22233,0
net17906,0
net19730,0
net22214,0
net17905,0
net17903,0
net17902,0
net22212,0
net22213,0
net22215,0
net22216,0
net22217,0
net22226,0
net22218,0
net22221,0
net22219,0
net22220,0
net22222,0
net22223,0
net22224,0
net22225,0
net22227,0
net22229,0
net22228,0
net22230,0
net17904,0
net22211,0
net22210,0
net19728,0
net22198,0
net17910,0
net19722,0
net22183,0
net22182,0
net22175,0
net22174,0
net17909,0
net17908,0
net22172,0
net22173,0
net22179,0
net22178,0
net22177,0
net22176,0
net22181,0
net22180,0
net22184,0
net22185,0
net22186,0
net22187,0
net19721,0
net22163,0
net19720,0
net17911,0
net17913,0
net22162,0
net17912,0
net22164,0
net22165,0
net22149,0
net22147,0
net22161,0
net22139,0
net17916,0
net22121,0
net22122,0
net17917,0
net22119,0
net22120,0
net17918,0
net22117,0
net22118,0
net17919,0
net17920,0
net22116,0
net22115,0
net22114,0
net22113,0
net22112,0
net22111,0
net22110,0
net17921,0
net22108,0
net17922,0
net22106,0
net22107,0
net22109,0
net17923,0
net22105,0
net17924,0
net22099,0
net22102,0
net22101,0
net22100,0
net22103,0
net22104,0
net22091,0
net22098,0
net22084,0
net22067,0
net22066,0
net17936,0
net17935,0
net22063,0
net17934,0
net22061,0
net22062,0
net22064,0
net22065,0
net22068,0
net22327,0
net22440,0
net22035,0
net17941,0
net17938,0
net17937,0
net22033,0
net22034,0
net22513,0
net22555,0
net22368,0
net22040,0
net23100,0
net22586,0
net22587,0
net22055,0
net22052,0
net22579,0
net22705,0
net22706,0
net22895,0
net22054,0
net22056,0
net22058,0
net22059,0
net22675,0
net17939,0
net17940,0
net22331,0
net20942,0
net20936,0
net20934,0
net20935,0
net20937,0
net20938,0
net20939,0
net20940,0
net20941,0
net20945,0
net20944,0
net20943,0
net20947,0
net22026,1
net22027,1
net22028,1
net22777,0
net22778,0
net17943,0
net20927,0
net20926,0
net20928,0
net20929,0
net20930,0
net20932,0
net20931,0
net20933,0
net20915,0
net20925,0
net20924,0
net20901,0
net17947,0
net20886,0
net17948,0
net17952,0
net17949,0
net19718,0
net17950,0
net17956,0
net20880,0
net17953,0
net20881,0
net20882,0
net20883,0
net20884,0
net20885,0
net17955,0
net17954,0
net20879,0
net20878,0
net20862,0
net20869,0
net19717,0
net17960,0
net17962,0
net20846,0
net20853,0
net20827,0
net20832,0
net20815,0
net19712,0
net17967,0
net17966,0
net17965,0
net19713,0
net20806,0
net20805,0
net20804,0
net20803,0
net20808,0
net20807,0
net20809,0
net20812,0
net20810,0
net20811,0
net20813,0
net20814,0
net20816,0
net20817,0
net17977,0
net17978,0
net17972,0
net17971,0
net17970,0
net17969,0
net17968,0
net20801,0
net20802,0
net17973,0
net17976,0
net20792,0
net20791,0
net20799,0
net20793,0
net20794,0
net20796,0
net20795,0
net20797,0
net20798,0
net20800,0
net20788,0
net17974,0
net17981,0
net17980,1
net20771,0
net17979,1
net20772,0
net20773,0
net20774,0
net20775,0
net20776,0
net20783,0
net20777,0
net20778,0
net20779,0
net20781,0
net20780,0
net20782,0
net20785,0
net20784,0
net20786,0
net20787,0
net20789,0
net20790,0
net17975,0
net19711,0
net20761,0
net20762,0
net20754,0
net20760,0
net20755,0
net20756,0
net20757,0
net20758,0
net20759,0
net17984,0
net17985,0
net17983,0
net17982,0
net20766,0
net20765,0
net20764,0
net20763,0
net20768,0
net20767,0
net20769,0
net20770,0
net17989,0
net20751,0
net20748,0
net17988,0
net17987,0
net17986,0
net20747,0
net20749,0
net20750,0
net20752,0
net20753,0
net20744,0
net17994,0
net17993,0
net17992,0
net20743,0
net20740,0
net17991,0
net20741,0
net20742,0
net20745,0
net20746,0
net19705,0
net19704,0
net17996,0
net17995,0
net20713,0
net20727,0
net20714,0
net20725,0
net20715,0
net20720,0
net20717,0
net20716,0
net20718,0
net20719,0
net20722,0
net20721,0
net20723,0
net20724,0
net20726,0
net20729,0
net20728,0
net20737,0
net20731,0
net20730,0
net20732,0
net20734,0
net20733,0
net20735,0
net20736,0
net20738,0
net20739,0
net20709,0
net17999,0
net17998,0
net17997,0
net20704,0
net20701,0
net20702,0
net20703,0
net20705,0
net20707,0
net20706,0
net20708,0
net20710,0
net20711,0
net20712,0
net19700,0
net19699,0
net19698,0
net18001,0
net18000,0
net19697,0
net20695,0
net19695,0
net19696,0
net18002,0
net20691,0
net20688,0
net20689,0
net20690,0
net20692,0
net20693,0
net20694,0
net20696,0
net20697,0
net20698,0
net20699,0
net20700,0
net19691,0
net19690,0
net18003,0
net19689,0
net19688,0
net19692,0
net19687,0
net18005,0
net18004,0
net20687,0
net18410,0
net20665,0
net18408,0
net18007,0
net18006,0
net20660,0
net20661,0
net20662,0
net20663,0
net20664,0
net20678,0
net20666,0
net20667,0
net20668,0
net20669,0
net20670,0
net20675,0
net20671,0
net20672,0
net20673,0
net20674,0
net20676,0
net20677,0
net20684,0
net20683,0
net20682,0
net20679,0
net20680,0
net20681,0
net20685,0
net20686,0
net18396,0
net18403,0
net20644,0
net18395,0
net18008,0
net20643,0
net20657,0
net20656,0
net20647,0
net20645,0
net20646,0
net20649,0
net20648,0
net20655,0
net20650,0
net20651,0
net20652,0
net20653,0
net20654,0
net20658,0
net20659,0
net16139,0
net18009,0
net16140,0
net16141,0
net16142,0
net16158,0
net16153,0
net20642,0
net18010,0
net16137,0
net16138,0
net18011,0
net16124,0
net16125,0
net18012,0
net18013,0
net16122,0
net16123,0
net18018,0
net18017,0
net18371,0
net18348,0
net16103,0
net18338,0
net18337,0
net18347,0
net18020,0
net18346,0
net18345,0
net18344,0
net18022,0
net18021,0
net16104,0
net16115,0
net16121,0
net18336,0
net18335,0
net16090,0
net18026,0
net18025,0
net18024,0
net18023,0
net16078,0
net16082,0
net16094,0
net16092,0
net16095,0
net16097,0
net16064,0
net16062,0
net18334,0
net18333,0
net18028,0
net16047,0
net18027,0
net16060,0
net16063,0
net16069,0
net16075,0
net15987,0
net18089,0
net18332,0
net18088,0
net18032,1
net15978,0
net18031,1
net18030,0
net18029,1
net15971,0
net15972,0
net15975,0
net15980,0
net15984,0
net16026,0
net15991,0
net22580,0
net15995,0
net16012,0
net16000,0
net16001,0
net16002,0
net16003,0
net16013,0
net16014,0
net16017,0
net16015,0
net20272,0
net16019,0
net16022,0
net16024,0
net16025,0
net16030,0
net18073,0
net18085,0
net18038,0
net18033,0
net18034,0
net18035,0
net15952,0
net15950,0
net15959,0
net15958,0
net15961,0
net22364,0
net15173,0
net15165,0
net15168,0
net15166,0
net15167,0
net15172,0
net15203,0
net15201,0
net15200,0
net15209,0
net15206,0
net15207,0
net15922,0
net15926,0
net15933,0
net15936,0
net15163,0
net18037,0
net18036,0
net15143,0
net15162,0
net15160,0
net22405,0
net15942,0
net15938,0
net15946,0
net18039,0
net18070,0
net15098,0
net15101,0
net15119,0
net15110,0
net15111,0
net15112,0
net15113,0
net15114,0
net15116,0
net15125,0
net15123,0
net15126,0
net18040,0
net15095,0
net15084,0
net15092,0
net15085,0
net15086,0
net15087,0
net15088,0
net15089,0
net15093,0
net20179,0
net20205,0
net18041,0
net15045,0
net15078,0
net18042,0
net15042,0
net15043,0
net18043,0
net18046,0
net18049,0
net18047,0
net18048,0
net15040,0
net14967,0
net14973,0
net14968,0
net14969,0
net14971,0
net14974,0
net15000,0
net14986,0
net14978,0
net14981,0
net14987,0
net14989,0
net14990,0
net14995,0
net14997,0
net15002,0
net15003,0
net15005,0
net15038,0
net15039,0
net15041,0
net18053,0
net18052,0
net18051,0
net14938,0
net14965,0
net14942,0
net14946,0
net14957,0
net14961,0
net14966,0
net14889,0
net18055,0
net18060,0
net14881,0
net18054,0
net14884,0
net14882,0
net14888,0
net14897,0
net14890,0
net14892,0
net14893,0
net18057,0
net18056,0
net14876,0
net14867,0
net14855,0
net14843,0
net14844,0
net14845,0
net14846,0
net14847,0
net14848,0
net14849,0
net14850,0
net14852,0
net14853,0
net14865,0
net14856,0
net14859,0
net14860,0
net14861,0
net14864,0
net14866,0
net14868,0
net14873,0
net14877,0
net14880,0
net14832,0
net18059,0
net18058,0
net14831,0
net14838,0
net14833,0
net14834,0
net14836,0
net14837,0
net14842,0
net14839,0
net14840,0
net18063,1
net18062,0
net18061,1
net14695,0
net14827,0
net20230,0
net19906,0
net14703,0
net14705,0
net20193,0
net20172,0
net14727,0
net14728,0
net14729,0
net14731,0
net14739,0
net22371,0
net14770,0
net14773,0
net14780,0
net14774,0
net14776,0
net14781,0
net14786,0
net14830,0
net14605,0
net14589,0
net14588,0
net18065,0
net14635,0
net14607,1
net14622,0
net14609,0
net14614,0
net14610,1
net14615,0
net14619,0
net14621,0
net14626,0
net14623,0
net14628,1
net14631,0
net14636,0
net20120,0
net14694,0
net18066,0
net20198,0
net20199,0
net20214,0
net14563,0
net14553,0
net14551,0
net14554,1
net14585,0
net18067,0
net14316,0
net18068,0
net14298,0
net18069,0
net14297,0
net18072,0
net18071,0
net14292,0
net18075,0
net18074,0
net14290,0
net14291,0
net14294,0
net14293,0
net14295,0
net14296,0
net14265,0
net14262,0
net14261,0
net18076,0
net18079,0
net14263,0
net14264,0
net14266,0
net14267,0
net14288,0
net14278,0
net14268,0
net14272,0
net14269,0
net14270,0
net14271,0
net14276,0
net14273,0
net14274,0
net14275,0
net14277,0
net14279,0
net14280,0
net14282,0
net14281,0
net14283,0
net14284,0
net14285,0
net14286,0
net14287,0
net14289,0
net18078,0
net14244,0
net18077,0
net14245,0
net14259,0
net14255,0
net14254,0
net14246,0
net14248,0
net14247,0
net14249,0
net14250,0
net14251,0
net14253,0
net14252,0
net14256,0
net14257,0
net14258,0
net14260,0
net14239,0
net18081,0
net18080,0
net14240,0
net14241,0
net14242,0
net14243,0
net18084,0
net18083,0
net14223,0
net14224,0
net14235,0
net14225,0
net14226,0
net14227,0
net14229,0
net14228,0
net14230,0
net14231,0
net14233,0
net14232,0
net14234,0
net14236,0
net14237,0
net14238,0
net18087,0
net18086,0
net14217,0
net14218,0
net14221,0
net14219,0
net14220,0
net14222,0
net18331,0
net14214,0
net18090,0
net14210,0
net14209,0
net14211,0
net14212,0
net14213,0
net14215,0
net14216,0
net18321,0
net18319,0
net18101,0
net14180,0
net18100,0
net14199,0
net14183,0
net14182,0
net14181,0
net14185,0
net14184,0
net14191,0
net14186,0
net14188,0
net14187,0
net14189,0
net14190,0
net14196,0
net14192,0
net14194,0
net14193,0
net14195,0
net14197,0
net14198,0
net14201,0
net14200,0
net14202,0
net14203,0
net14206,0
net14204,0
net14205,0
net14207,0
net14208,0
net18091,0
net18092,0
net18093,0
net18099,0
net18094,0
net18098,0
net18320,0
net18097,0
net18103,0
net18104,0
net18102,0
net14172,0
net14178,0
net14173,0
net14174,0
net14176,0
net14175,0
net14177,0
net14179,0
net18317,0
net18318,0
net18106,0
net18105,0
net14152,0
net14153,0
net14155,0
net14154,0
net14169,0
net14156,0
net14158,0
net14157,0
net14159,0
net14160,0
net14166,0
net14161,0
net14163,0
net14162,0
net14165,0
net14164,0
net14167,0
net14168,0
net14170,0
net14171,0
net18316,0
net18313,0
net18312,0
net18109,0
net18108,0
net18107,0
net14144,0
net14143,0
net14142,0
net14141,0
net14146,0
net14145,0
net14147,0
net14148,0
net14149,0
net14150,0
net14151,0
net18311,0
net14139,0
net18307,0
net18300,0
net18116,0
net18110,0
net14137,0
net18111,0
net18112,0
net14138,0
net14140,0
net18115,0
net18114,0
net18113,0
net14133,0
net14132,0
net14135,0
net14134,0
net19367,1
net18247,0
net18299,0
net18119,0
net18117,0
net18118,0
net14113,0
net14112,0
net14116,0
net14114,0
net14115,0
net20192,0
net14118,0
net14117,0
net14121,0
net14120,0
net14128,0
net14122,0
net14124,0
net22407,0
net14125,0
net23313,0
net14127,0
net19358,0
net14130,0
net19360,1
net14103,0
net14102,0
net18131,0
net18240,0
net18130,0
net21737,0
net18125,0
net18122,0
net14099,0
net14098,0
net14097,0
net18120,0
net14100,0
net14101,0
net14109,0
net14104,0
net14106,0
net14105,0
net14107,0
net14108,0
net14110,0
net14111,0
net18144,0
net20146,0
net14091,0
net14092,0
net14093,0
net14094,0
net14095,0
net14096,0
net18124,0
net18123,0
net18128,0
net18127,0
net21223,0
net18134,0
net18132,0
net18133,0
net18233,0
net18141,0
net18143,0
net18136,0
net18135,1
net14089,0
net14088,0
net14087,0
net14090,0
net18138,0
net14084,0
net18137,0
net14085,0
net14086,0
net18140,0
net14081,0
net18139,0
net14083,0
net14082,0
net18142,0
net14079,0
net14078,0
net14080,0
net18146,0
net20203,0
net18145,0
net18207,0
net18147,0
net18154,0
net18149,0
net18151,0
net18148,0
net14075,0
net18150,0
net14076,0
net18152,0
net14073,0
net18153,0
net18159,0
net18155,0
net14071,0
net14072,0
net14074,0
net18160,0
net18157,0
net21804,0
net14066,0
net14067,0
net14069,0
net14068,0
net14070,0
net18158,0
net18163,0
net21230,0
net18164,0
net18168,0
net18167,0
net18166,0
net14064,0
net14063,0
net14065,0
net18172,0
net18169,0
net18170,0
net20175,0
net18176,0
net18175,0
net18178,0
net18177,0
net18174,0
net18193,0
net18182,0
net18190,0
net18181,0
net18180,0
net18179,0
net18192,0
net14062,0
net18184,0
net18187,0
net18183,0
net18185,0
net18186,0
net18188,0
net18189,0
net14061,0
net14056,0
net18191,0
net14057,0
net14058,0
net14059,0
net14060,0
net18199,0
net18198,0
net18196,0
net14054,0
net18195,0
net14053,0
net14055,0
net18201,0
net18197,0
net18200,0
net14050,0
net14051,0
net14052,0
net18202,0
net18204,0
net18203,0
net18210,0
net14047,0
net14049,0
net14048,0
net18213,0
net18209,0
net18208,0
net18212,0
net18211,0
net18224,0
net18215,0
net18214,0
net14046,0
net14045,0
net18220,0
net18217,0
net14041,0
net18216,0
net14042,0
net14044,0
net14043,0
net18218,0
net18219,0
net14040,0
net18222,0
net18223,0
net18221,0
net18232,0
net18226,0
net18225,0
net14039,0
net18228,0
net14033,0
net18227,0
net14037,0
net14034,0
net14035,0
net14036,0
net14038,0
net18229,0
net18230,0
net18236,0
net14032,0
net18235,0
net18239,0
net18234,0
net18238,0
net14026,0
net18237,0
net14025,0
net14027,0
net14028,0
net14030,0
net14029,0
net14031,0
net18246,0
net18242,0
net18241,0
net14023,0
net14024,0
net18244,0
net18251,0
net18253,0
net18249,0
net18248,0
net14015,0
net18250,0
net18298,0
net18255,0
net18254,0
net14016,0
net18252,0
net18297,0
net18258,0
net18257,0
net18264,0
net14014,0
net18261,0
net18270,0
net18260,0
net18259,0
net18263,0
net18262,0
net14013,0
net18267,0
net18266,0
net18265,0
net14008,0
net18269,0
net18268,0
net14006,0
net14007,0
net14009,0
net14010,0
net14011,0
net14012,0
net18272,0
net18271,0
net18274,0
net14004,0
net14003,0
net14002,0
net14005,0
net18292,0
net18273,0
net18279,0
net19892,0
net18277,0
net18276,0
net18275,0
net14000,0
net14001,0
net18278,0
net13997,0
net13998,0
net13996,0
net22443,0
net18281,0
net18282,0
net13993,0
net18285,0
net18284,0
net18283,0
net13992,0
net13994,0
net13995,0
net18291,0
net18296,0
net18295,0
net18294,0
net20338,0
net13991,0
net18289,0
net18290,0
net18288,0
net18286,0
net18287,0
net13943,0
net13947,0
net13960,0
net13968,0
net13972,0
net13973,0
net13990,0
net13895,0
net13911,0
net13921,0
net13932,0
net19274,1
net13876,0
net13883,0
net18766,0
net13848,0
net19363,0
net19572,0
net19510,0
net18803,0
net18328,0
net18327,0
net19641,0
net18464,0
net18370,0
net19673,0
net19643,0
net19640,0
net19762,0
net19693,0
net18044,0
net18045,0
net18206,0
net17786,0
net17718,1
net17691,0
net17349,0
net18358,0
clknet_3_3_0_clk,0
net18369,0
net20308,0
net16864,0
net17032,0
net16640,0
net20949,0
net17488,0
net17163,0
net15865,0
net16614,0
net16693,0
net18382,0
net15756,0
net19090,0
net19014,0
net18786,0
net18386,0
net18390,0
net18797,0
net18793,0
net18787,0
net18407,0
net19577,0
net18728,0
net18736,0
net18758,0
net19603,0
net19591,0
net18415,0
net19681,0
net18416,1
net18417,0
net18418,1
net18567,0
net19620,0
net18422,1
net18419,0
net18420,0
net18421,0
net19679,0
net19677,0
net19678,0
net18423,0
net18566,0
net18424,0
net18425,0
net18426,0
net18427,0
net18565,0
net19622,0
net18428,0
net18429,0
net18559,0
net18561,0
net18430,0
net18431,0
net18558,0
net18432,0
net18560,0
net18433,0
net18557,0
net18556,0
net18434,0
net18554,0
net18564,0
net18435,0
net19623,0
net18552,0
net18436,1
net18553,0
net18551,0
net18437,0
net19671,0
net18438,1
net18439,1
net18440,0
net19628,0
net18549,0
net18550,0
net18441,0
net18442,1
net19627,0
net18443,0
net19626,0
net19625,0
net18444,0
net18446,0
net18448,0
net18445,0
net18447,0
net18449,0
net18453,0
net19666,0
net18452,1
net19665,0
net18451,0
net18454,1
net18546,0
net18455,0
net18547,0
net18456,0
net18460,0
net18457,0
net18459,0
net18461,0
net18545,0
net18462,0
net18466,1
net18463,0
net18465,0
net18467,0
net18471,0
net18468,0
net18469,0
net19658,0
net18470,1
net18472,0
net18473,0
net18541,0
net18543,0
net18474,0
net18538,0
net18537,0
net18540,0
net18475,0
net18478,0
net19629,0
net18477,0
net19657,0
net18533,0
net18479,0
net18480,1
net18535,0
net18529,0
net18481,0
net18482,0
net18530,0
net18483,0
net18527,0
net19656,0
net18486,0
net18484,0
net18485,0
net18487,0
net18488,0
net18490,0
net18528,0
net19655,0
net18491,0
net19652,0
net18492,0
net18496,0
net18493,0
net18494,0
net18495,1
net18497,0
net18526,0
net22441,0
net18498,0
net18523,0
net18524,0
net19648,0
net18499,0
net18522,0
net19645,0
net19644,0
net18531,0
net18500,0
net18501,0
net18521,0
net18502,1
net18520,0
net19639,0
net18519,0
net18503,0
net18504,0
net18505,0
net18518,0
net18506,1
net18516,0
net18513,0
net18515,0
net18507,0
net18508,0
net18509,0
net19630,0
net18510,0
net19631,0
net18511,0
net19632,0
net18512,0
net19633,0
net18514,0
net19634,0
net19638,0
net19637,0
net19636,0
net19635,0
net18532,0
net18517,0
net18534,0
net18539,0
net18536,0
net18542,0
net18544,0
net18548,0
net19624,0
net18562,0
net18555,0
net18563,0
net19621,0
net19618,0
net18568,0
net18577,0
net18578,0
net18580,0
net19613,0
net18582,0
net18587,0
net18588,0
net18590,1
net19606,0
net18601,0
net18602,0
net18605,0
net19587,0
net19586,0
net19581,0
net18615,0
net18618,0
net18620,0
net19512,0
net22695,0
net19574,0
net18709,0
net18621,0
net18622,0
net18623,0
net18667,0
net19554,0
net19530,0
net18657,0
net18624,0
net18658,0
net18665,0
net18671,0
net19570,0
net18655,0
net18625,0
net19569,0
net18626,0
net19568,0
net18654,0
net19567,0
net19566,0
net18653,0
net18627,0
net18645,0
net19543,0
net18629,0
net18640,0
net19544,0
net18630,0
net19547,0
net18631,0
net19545,0
net19546,0
net19564,0
net18639,0
net19562,0
net19563,0
net18632,1
net18633,0
net19552,0
net19548,0
net18634,0
net19549,0
net19550,0
net19561,0
net19557,0
net18638,0
net18637,0
net19560,0
net19558,0
net19551,0
net18641,0
net19541,0
net19542,0
net18642,0
net18643,0
net18644,0
net19540,0
net19539,0
net18646,0
net19536,0
net19537,0
net18649,0
net18647,0
net19538,0
net18648,0
net18650,0
net18652,0
net19534,0
net19535,0
net18656,0
net18659,0
net19533,0
net18662,1
net18660,0
net19532,0
net18661,0
net18664,0
net18663,0
net18666,0
net18668,0
net19531,0
net18674,1
net18673,0
net18676,0
net18675,0
net18677,0
net18678,0
net18683,0
net18679,0
net18682,0
net18680,1
net18681,0
net19529,0
net18685,0
net18684,0
net18686,0
net18693,0
net18687,0
net18690,0
net18689,0
net19525,0
net18691,1
net19524,0
net18692,0
net19523,0
net19521,0
net19520,0
net18694,0
net18695,0
net18696,0
net19516,0
net19556,0
net18697,0
net18698,0
net18708,0
net19555,0
net18699,0
net18700,0
net19517,0
net19553,0
net18701,0
net18702,0
net18707,0
net18703,0
net19559,0
net19519,0
net18635,0
net18704,0
net19518,0
net18705,0
net18706,0
net18636,0
clknet_3_0_0_clk,0
net18711,0
net19515,0
net18713,0
net19511,0
net18714,0
net18715,0
net19507,0
net18718,0
net19505,0
net19506,0
net18719,0
net18720,0
net19504,0
net19503,0
net18721,0
net19499,0
net19500,0
net19096,0
net19095,0
net18727,0
net19093,0
net18952,0
net18868,1
net18869,0
net15713,0
net13525,0
net14914,0
net14950,0
net22924,0
net21806,0
net15179,0
net15985,0
net15726,0
net15779,0
net15685,0
net18810,0
net18813,0
net18814,0
net18860,0
net18870,0
net18833,0
net18821,0
net18829,0
net18826,0
net18873,0
net18835,0
net18838,0
net18899,0
net18867,0
net18878,0
net14920,0
net14923,0
net14869,1
net13410,1
net13409,1
net14813,0
net14802,0
net14792,0
net14791,0
net14782,0
net13381,0
net13376,1
net14754,0
net18906,0
net18910,1
net14748,0
net18924,0
net18921,0
net14723,0
net20185,0
net20178,0
net14685,0
net19981,0
net19952,0
net18943,0
net14668,0
net18954,0
net14662,0
net18956,0
net14658,0
net14670,0
net14674,0
net13315,0
net14598,0
net14591,0
net14544,0
net22379,0
net18969,0
net20298,0
net14476,0
net14464,0
net14419,0
net14413,0
net18992,0
net18989,0
net18986,0
net18994,0
net19007,0
net13272,1
net18998,0
net19000,0
net13270,1
net19003,0
net19004,0
net19013,0
net19010,0
net14417,1
net14391,0
net14384,0
net14406,0
net14399,0
net14364,0
net14361,0
net14349,0
net14346,1
net14352,0
net14340,0
net14337,1
net14409,0
net14327,1
net14484,0
net20202,0
net20278,0
net14314,0
net14311,0
net19040,0
net20259,0
net20262,0
net19076,0
net19057,0
net19077,0
net19052,0
net19053,0
net19054,0
net19087,0
net19239,0
net19236,0
net19255,1
net19232,0
net19225,0
net19212,0
net19208,0
net19069,0
net19070,0
net19207,0
net19204,0
net19075,0
net19086,0
net19202,0
net19201,0
net19200,0
net19166,0
net19170,0
net19894,0
net5035,0
net5036,0
net5037,0
net5038,0
net5039,0
net5040,0
net5041,0
net5042,0
net5043,0
net5044,0
net5045,0
net5046,0
net5047,0
net5048,0
net5049,0
net5050,0
net5051,0
net5052,0
net5053,0
net5054,0
net5055,0
net5056,0
net5057,0
net5058,0
net5059,0
net5060,0
net5061,0
net5062,0
net5063,0
net5064,0
net5065,0
net5066,0
net5067,0
net5068,0
net5069,0
net5070,0
net5071,0
net5072,0
net5073,0
net5074,0
net5075,0
net5076,0
net5077,0
net5078,0
net5079,0
net5080,0
net5081,0
net5082,0
net5083,0
net5084,0
net5085,0
net5086,0
net5087,0
net5088,0
net5089,0
net5090,0
net5091,0
net5092,0
net5093,0
net5094,0
net5095,0
net5096,0
net5097,0
net5098,0
net5099,0
net5100,0
net5101,0
net5102,0
net5103,0
net5104,0
net5105,0
net5106,0
net5107,0
net5108,0
net5109,0
net5110,0
net5111,0
net5112,0
net5113,0
net5114,0
net5115,0
net5116,0
net5117,0
net5118,0
net5119,0
net5120,0
net5121,0
net5122,0
net5123,0
net5124,0
net5125,0
net5126,0
net5127,0
net5128,0
net5129,0
net5130,0
net5131,0
net5132,0
net5133,0
net5134,0
net5135,0
net5136,0
net5137,0
net5138,0
net5139,0
net5140,0
net5141,0
net5142,0
net5143,0
net5144,0
net5145,0
net5146,0
net5147,0
net5148,0
net5149,0
net5150,0
net5151,0
net5152,0
net5153,0
net5154,0
net5155,0
net5156,0
net5157,0
net5158,0
net5159,0
net5160,0
net5161,0
net5162,0
net5163,0
net5164,0
net5165,0
net5166,0
net5167,0
net5168,0
net5169,0
net5170,0
net5171,0
net5172,0
net5173,0
net5174,0
net5175,0
net19893,0
net5177,0
net5178,0
net5179,0
net5180,0
net5181,0
net5182,0
net5183,0
net5184,0
net5185,0
net5186,0
net5187,0
net5188,0
net5189,0
net5190,0
net5191,0
net5192,0
net5193,0
net5194,0
net5195,0
net5196,0
net20215,0
net20255,0
net20288,0
net19245,1
net5201,0
net5202,0
net5203,0
net5204,0
net5205,0
net5206,0
net5207,0
net5208,0
net5209,0
net5210,0
net5211,0
net5212,0
net5213,0
net5214,0
net5215,0
net5216,0
net5217,0
net5218,0
net5219,0
net5220,0
net5221,0
net5222,0
net20176,0
net5224,0
net5225,0
net20452,0
clknet_3_1_0_clk,0
net5228,0
net5229,0
net22639,0
net22674,0
net5232,0
net5233,0
net5234,0
net5235,0
net5236,0
net5237,0
net5238,0
net5239,0
net5240,0
net5241,0
net5242,0
net5243,0
net5244,0
net5245,0
net20270,0
net5247,0
net5248,0
net5249,0
net5250,0
net5251,0
net20213,0
net5253,0
net5254,0
net5255,0
net5256,0
net5257,0
net5258,0
net5259,0
net19871,0
net5261,0
net5262,0
net5263,0
net5264,0
net19868,0
net5266,0
net5267,0
net5268,0
net5269,0
net5270,0
net5271,0
net5272,0
net5273,0
net5274,0
net5275,0
net5276,0
net5277,0
net5278,0
net5279,0
net5280,0
net5281,0
net5282,0
net5283,0
net5284,0
net5285,0
net5286,0
net5287,0
net5288,0
net5289,0
net5290,0
net5291,0
net5292,0
net5293,0
clknet_0_clk,0
net5295,0
net5296,0
net5297,0
net5298,0
net5299,0
net5300,0
net5301,0
net5302,0
net5303,0
net5304,0
net5305,0
net5306,0
net5307,0
net5308,0
net5309,0
net5310,0
net5311,0
net5312,0
net5313,0
net5314,0
net5315,0
net5316,0
net5317,0
net5318,0
net5319,0
net5320,0
net5321,0
net5322,0
net5323,0
net5324,0
net5325,0
net5326,0
net5327,0
net20464,0
net5329,0
net5330,0
net5331,0
net5332,0
net5333,0
net5334,0
clknet_3_2_0_clk,0
net20465,0
net5337,0
net5338,0
net5339,0
net5340,0
net5341,0
net5342,0
net5343,0
net5344,0
net20305,0
net5346,0
net5347,0
net5348,0
net5349,0
net5350,0
net5351,0
net5352,0
net20301,0
net5354,0
net5355,0
net5356,0
net5357,0
net5358,0
net5359,0
net5360,0
net5361,0
net5362,0
net5363,0
net5364,0
net5365,0
net5366,0
net5367,0
net5368,0
net5369,0
net5370,0
net5371,0
net5372,0
net5373,0
net5374,0
net5375,0
net5376,0
net5377,0
net5378,0
net5379,0
net5380,0
net5381,0
net5382,0
net5383,0
net5384,0
net5385,0
net5386,0
net5387,0
net5388,0
net19867,0
net5390,0
net5391,0
net5392,0
net5393,0
net5394,0
net5395,0
net5396,0
net5397,0
net5398,0
net5399,0
net5400,0
net19865,0
net5402,0
net5403,0
net5404,0
net22025,1
net5406,0
net5407,0
net5408,0
net19866,0
net5410,0
net5411,0
net5412,0
net5413,0
net5414,0
net5415,0
net5416,0
net5417,0
net5418,0
net5419,0
net5420,0
net5421,0
net5422,0
net5423,0
net5424,0
net5425,0
net5426,0
net5427,0
net19864,0
net5429,0
net5430,0
net5431,0
net5432,0
net5433,0
net5434,0
net5435,0
net5436,0
net5437,0
net5438,0
net5439,0
net5440,0
net5441,0
net5442,0
net5443,0
net5444,0
net5445,0
net5446,0
net5447,0
net5448,0
net5449,0
net5450,0
net5451,0
net5452,0
net5453,0
net5454,0
net5455,0
net5456,0
net5457,0
net5458,0
net19862,0
net5460,0
net5461,0
net5462,0
net5463,0
net5464,0
net5465,0
net5466,0
net5467,0
net5468,0
net5469,0
net5470,0
net5471,0
net5472,0
net5473,0
net5474,0
net20952,0
net19241,0
net14548,0
net19246,1
net19247,1
net19248,1
net19249,1
net19250,0
net19253,0
net19254,0
net19256,1
net19257,1
net19258,1
net19260,1
net19261,0
net19262,0
net19263,1
net19230,0
net19229,0
net19228,0
net19264,0
net19265,1
net19266,1
net19267,0
net19268,0
net19223,0
net20067,0
net19222,0
net19272,0
net19221,0
net19275,0
net19220,0
net19224,0
net19276,0
net19219,0
net19279,0
net19218,0
net19282,0
net19217,0
net19283,0
net19216,0
net19284,1
net19286,0
net19287,0
net19288,0
net19289,0
net19290,0
net19291,0
net19292,0
net19293,0
net19294,0
net22411,0
net20197,0
net20257,0
net20231,0
net20232,0
net19895,0
net22008,1
net19198,0
net19306,1
net19307,1
net19308,1
net19310,0
net19311,0
net19312,0
net19313,0
net19314,0
net19315,0
net19317,0
net19318,0
net19319,0
net19320,0
net19322,0
net19323,0
net19187,0
net19325,0
net19327,1
net19329,1
net19330,1
net19331,1
net19332,1
net19333,0
net19334,0
net19335,0
net19336,0
net19338,0
net19339,0
net19340,0
net19341,1
net19343,0
net19345,0
net19346,0
net20194,0
net20206,0
net20207,0
net20225,0
net20218,0
net20264,0
net22697,0
net19357,0
net19361,0
net19364,0
net19365,0
net19366,0
net19368,1
net19158,0
net19369,1
net19370,1
net19371,1
net19372,1
net19157,0
net19373,1
net19156,0
net19374,1
net19155,0
net19154,0
net19153,0
net19375,1
net19376,1
net19377,1
net19378,1
net19152,0
net19151,0
net19150,0
net19379,1
net19149,0
net19380,1
net19381,1
net19382,0
net19383,0
net19384,0
net19385,0
net19386,0
net19148,0
net19387,0
net19388,0
net19389,0
net19390,0
net19147,0
net19391,0
net19146,0
net19392,0
net19393,0
net19394,0
net19395,0
net19396,0
net19397,0
net19881,0
net19145,0
net19400,0
net19144,0
net19143,0
net19142,0
net19401,0
net19402,0
net19403,0
net19404,0
net19405,0
net19406,0
net22899,0
net19408,0
net19133,0
net19132,0
net19131,0
net19130,0
net19129,0
net19128,0
net19127,0
net19126,0
net19125,0
net19124,0
net19123,0
net19122,0
net19121,0
net19120,0
net19119,0
net19118,0
net19117,0
net19409,0
net19410,0
net19411,1
net19412,0
net19413,0
net19414,0
net19415,0
net19416,0
net19417,0
net19418,0
net19116,0
net19419,0
net19420,0
net19421,0
net20184,0
net19115,0
net19423,0
net19114,0
net19113,0
net19424,0
net19425,0
net19426,0
net19427,0
net19112,0
net19428,0
net19429,1
net19111,0
net19430,1
net19110,0
net19109,0
net19431,0
net19877,0
net19433,0
net20414,0
net19435,0
net19436,0
net19437,0
net19438,0
net19439,0
net19440,0
net19441,0
net19442,0
net19443,0
net19444,0
net19445,0
net19446,0
net19447,0
net19448,0
net19449,0
net19450,0
net22551,0
net19452,0
net19453,0
net19454,0
net19455,0
net19456,0
net19108,0
net19107,0
net19106,0
net19457,0
net19458,0
net19459,0
net19460,0
net19461,0
net19462,0
net19105,0
net19463,0
net19464,0
net19465,0
net19466,0
net19467,0
net19468,0
net19469,0
net19470,0
net19471,0
net19472,0
net19473,0
net19474,0
net19475,0
net19476,0
net19477,0
net19478,0
net19479,0
net19480,0
net19481,0
net19482,0
net19483,0
net14534,1
net20245,0
net19240,0
net19046,0
net14536,0
net19051,0
net19050,0
net19049,0
net19056,0
net19055,0
net19048,0
net20183,0
net20182,0
net21229,0
net18928,0
net18927,0
net14353,0
net14351,0
net19023,0
net22693,0
net22596,0
net19022,0
net19021,0
net19020,0
net14374,0
net14371,0
net14367,0
net14401,0
net14400,0
net19019,0
net14397,0
net14385,0
net19018,0
net14648,0
net14650,0
net14672,0
net18959,0
net14652,0
net14659,0
net18958,0
net18957,0
net18955,0
net14660,0
net14666,0
net14664,0
net14663,0
net18953,0
net14667,0
net19237,0
net19061,0
net19060,0
net14336,1
net14379,0
net19032,0
net19031,0
net19089,0
net19029,0
net14376,0
net14362,0
net19028,0
net14345,0
net19027,0
net19026,0
net19896,0
net18971,0
net18970,0
net18968,0
net18967,0
net14539,0
net14535,0
net14527,0
net14522,0
net18966,0
net14538,0
net14584,0
net14556,0
net14555,0
net14541,0
net18965,0
net14581,0
net14577,0
net14557,0
net14593,0
net14604,0
net18964,0
net18963,0
net14613,0
net14611,0
net14599,0
net18962,0
net14673,0
net14639,0
net13316,0
net18961,0
net14691,0
net22436,0
net14675,0
net18960,0
net20119,0
net19042,0
net19041,0
net19039,0
net14533,0
net14515,0
net14500,0
net19038,0
net14313,1
net14317,0
net14315,1
net19037,0
net14318,0
net14499,0
net20246,0
net19036,0
net14485,0
net14479,0
net14494,0
net19035,0
net14483,0
net14471,0
net14448,0
net19034,0
net14325,0
net14328,0
net19033,0
net18866,0
net18865,0
net18864,0
net18863,0
net13276,1
net14432,0
net18975,0
net14436,0
net14435,1
net14463,0
net14453,0
net14458,0
net14462,1
net18974,0
net14459,0
net14477,0
net14470,0
net14461,0
net14482,0
net14478,0
net18973,0
net18972,0
net14496,0
net19085,0
net19083,0
net19084,0
net19203,0
net19078,0
net19074,0
net19206,0
net19205,0
net19073,0
net18984,0
net18983,0
net18982,0
net18981,0
net18985,0
net18988,0
net18987,0
net18980,0
net18991,0
net18990,0
net18979,0
net18995,0
net18993,0
net18978,0
net18977,0
net18976,0
net19059,0
net19058,0
net19047,0
net14387,0
net19017,0
net19016,0
net14405,1
net14404,0
net14396,1
net14395,0
net19015,0
net19045,0
net19044,0
net19043,0
net19165,0
net19164,0
net19163,0
net19162,0
net19161,0
net19009,0
net19008,0
net19006,0
net19072,0
net19071,0
net19068,0
net19067,0
net19012,0
net19011,0
net19005,0
net19211,0
net19210,0
net19209,0
net19066,0
net19215,0
net19214,0
net19213,0
net19065,0
net19231,0
net19227,0
net19226,0
net19064,0
net13269,1
net14412,0
net19002,0
net19259,1
net19233,0
net19063,0
net19169,0
net19136,0
net19135,0
net19134,0
net19160,0
net19159,0
net19398,0
net19139,0
net19138,0
net19137,0
net19141,0
net19140,0
net19168,0
net19167,0
net19235,0
net19234,0
net19062,0
net13271,1
net19001,0
net18999,0
net18997,0
net18996,0
net14348,0
net19025,0
net19024,0
net18951,0
net18950,0
net18945,0
net18944,0
net18933,1
net20177,0
net14704,0
net14699,0
net14690,0
net14689,0
net14688,0
net20066,0
net18929,0
net13407,1
net13406,1
net14828,0
net14816,0
net18891,0
net13408,1
net13419,0
net13414,0
net13413,1
net13412,1
net13411,1
net18887,0
net13418,0
net13417,0
net13416,0
net13415,0
net13420,0
net18897,0
net18896,0
net18895,0
net18894,0
net18898,0
net14794,0
net14798,0
net14795,0
net18893,0
net14800,0
net14815,0
net14811,0
net14809,0
net18892,0
net14818,0
net18946,0
net18947,0
net18939,0
net18935,0
net18934,0
net19953,0
net18932,0
net18936,0
net18890,0
net18889,0
net18888,0
net22869,0
net19982,0
net18937,0
net22594,0
net21317,0
net20174,0
net20210,0
net18926,0
net20244,0
net14936,0
net14928,0
net14926,0
net18885,0
net18884,0
net14901,0
net14937,0
net14898,0
net14879,0
net14878,0
net18886,0
net18840,0
net18839,0
net18837,0
net18836,0
net18834,0
net18841,0
net18919,0
net18917,0
net18916,1
net18938,0
net18915,0
net18923,0
net18922,0
net18920,0
net18918,0
net18846,0
net18845,0
net18844,0
net18818,0
net18817,0
net18849,1
net18848,0
net18847,0
net18843,0
net18842,0
net18819,0
net18825,0
net18824,0
net18823,0
net14730,0
net19905,0
net18925,1
net18914,0
net14746,0
net14752,0
net14749,0
net18913,0
net18912,0
net18909,0
net18907,1
net18905,0
net14751,0
net14750,0
net14769,0
net14767,0
net18908,0
net18904,0
net14747,0
net13379,1
net13378,1
net13377,1
net18902,0
net13380,1
net18828,0
net18827,0
net18822,0
net14779,0
net14778,0
net14766,0
net14764,0
net13382,0
net18901,0
net14825,0
net14785,0
net14784,0
net18900,0
net14787,0
net18832,0
net18830,0
net18820,0
net19102,0
net19100,0
net19492,0
net19493,0
net19494,0
net19088,0
net19081,0
net19082,0
net19080,0
net19079,0
net19092,0
net19091,0
net19104,0
net19488,0
net19489,0
net19490,0
net19097,0
net19491,0
net19103,0
net19098,0
net19099,0
net19101,0
net19326,0
net19328,1
net19184,0
net19183,0
net19178,0
net19177,0
net19176,0
net19175,0
net19171,0
net19485,0
net19484,0
net19486,0
net19487,0
net19174,0
net19173,0
net19172,0
net19182,0
net19181,0
net19180,0
net19179,0
net19186,0
net19185,0
net19199,0
net19195,0
net19191,0
net19190,0
net19189,0
net19321,0
net19188,0
net19324,0
net19194,0
net19193,0
net19192,0
net19316,0
net19197,0
net19309,0
net19196,0
net13445,0
net14941,0
net14935,0
net18880,0
net18879,0
net18877,0
net18876,0
net14910,0
net14918,0
net14917,0
net18883,0
net18882,0
net18881,0
net14933,0
net14932,0
net14925,0
net19522,0
net19526,0
net18688,0
net18855,0
net18854,0
net18816,0
net18815,0
net18812,0
net18811,0
net18809,0
net18808,0
net18853,0
net18852,0
net18851,0
net18850,1
net18875,1
net18874,0
net18872,0
net18871,0
net15552,0
net15545,0
net15519,0
net15514,0
net15506,0
net15468,0
net15467,0
net15424,0
net15417,0
net15416,0
net15485,0
net15478,0
net15541,0
net15639,0
net15637,0
net15629,0
net15607,0
net15597,0
net15595,0
net15573,0
net15571,0
net15634,0
net15626,0
net15618,0
net15619,0
net18672,0
net18670,0
net18669,0
net13509,0
net13508,0
net13507,0
net14976,1
net14960,0
net14954,0
net14955,0
net14953,0
net14951,0
net16161,0
net16160,0
net16159,0
net16116,0
net13506,0
net15191,0
net15139,0
net15137,0
net15136,0
net21808,0
net15171,0
net15153,0
net13458,0
net13457,0
net14985,0
net14984,0
net14982,0
net14977,0
net15154,0
net15151,0
net22898,0
net15149,0
net15199,0
net18862,0
net18859,0
net18858,0
net18857,0
net18856,0
net18861,0
net13438,0
net14916,0
net14915,0
net14912,0
net20282,0
net15014,0
net15013,0
net15007,0
net15006,0
net15004,0
net14992,0
net15012,0
net15011,0
net15010,0
net15008,0
net15121,0
net21794,0
net15117,0
net21224,0
net15091,0
net20265,0
net15035,0
net15030,0
net15018,0
net15016,0
net15015,0
net15083,0
net15028,0
net13477,0
net13476,0
net15021,0
net15017,0
net15317,1
net15305,0
net15294,0
net15298,0
net15319,0
net15918,0
net15237,0
net15229,0
net15341,0
net15283,0
net15261,0
net15262,0
net13524,0
net13523,0
net13538,1
net13537,1
net13536,1
net15376,0
net15370,0
net15479,0
net15335,0
net15402,0
net15401,0
net15397,0
net15440,0
net13535,1
net15406,0
net13540,1
net13539,1
net18651,0
net19565,0
net18628,0
net18619,0
net18616,0
net18584,0
net19612,0
net18583,0
net19611,0
net18585,0
net15755,0
net15739,0
net15738,0
net18911,0
net18949,0
net18381,0
net18380,0
net16005,0
net20209,0
net15940,0
net15916,0
net15878,0
net15877,0
net17552,0
net16253,0
net20631,0
net20625,0
net16056,0
net16058,0
net16050,0
net16049,0
net16010,0
net16073,0
net16055,0
net17562,0
net19798,0
net16964,0
net16963,0
net16962,0
net16634,0
net18374,0
net18392,0
net18376,0
net18375,0
net18377,0
net17130,0
net17126,0
net17125,0
net17077,0
net17071,0
net17487,0
net18367,0
net18366,0
net22585,0
net18368,0
net18356,0
net18357,0
net18355,0
net17321,0
net17318,0
net17337,0
net17386,0
net17777,0
net17776,0
net18301,0
net19774,0
net17397,0
net17344,0
net18354,0
net17731,0
net18173,0
net17853,0
net18256,0
net17775,0
net18360,0
net18353,0
net18362,0
net18361,0
net17851,0
net17796,0
net17727,0
net17679,0
net17678,0
net17680,0
net17685,1
net19662,0
net19661,0
net18458,1
net19663,0
net19668,0
net19670,0
net19669,0
net19672,0
net19674,0
net19664,0
net19667,0
net18450,0
net13910,0
net13909,0
net13907,0
net13906,0
net13905,0
net13904,0
net13903,0
net13908,0
net13959,0
net13958,0
net13957,0
net13956,0
net13955,0
net17687,0
net17673,0
net17705,0
net17692,0
net17714,0
net17715,0
net17668,0
net17722,0
net18064,0
net22595,0
net18393,0
net18394,0
net18404,0
net19686,0
net19685,0
net18412,0
net19694,0
net18050,0
net18019,0
net18015,0
net18014,0
net18016,0
net18373,0
net19707,0
net19710,0
net17990,0
net17951,0
net19719,0
net19703,0
net19702,0
net19701,0
net19706,0
net19709,0
net19708,0
net19642,0
net19647,0
net19653,0
net19654,0
net18489,0
net18476,0
net19659,0
net19660,0
net19646,0
net19650,0
net19649,0
net19651,0
net14021,0
net14020,0
net14019,0
net14018,0
net14017,0
net18243,0
net14022,0
net18205,0
net17925,0
net17927,1
net19729,0
net17896,1
net19742,0
net17888,0
net17884,0
net17864,0
net18194,0
net18165,0
net18095,0
net18096,0
net18082,0
net19676,0
net18161,0
net18364,0
net18349,0
net18363,0
net18352,0
net18351,0
net18350,0
net19675,0
net19680,0
net18569,0
net18245,0
net18231,0
net18806,0
net18807,0
net18388,0
net18383,0
net18384,0
net18942,0
net18941,0
net18940,0
net18948,0
net15845,0
net13581,0
net15740,1
net18391,0
net18378,0
net18389,0
net18379,0
net15810,0
net15774,0
net15746,0
net15750,0
net15742,0
net15809,0
net18795,0
net18790,0
net18788,0
net18785,0
net18387,0
net18385,0
net18903,1
net18831,0
net18794,0
net17188,0
net17186,0
net17294,0
net17287,0
net17282,0
net17296,0
net17534,0
net20589,0
net20595,0
net16462,0
net17181,0
net17261,0
net17295,0
net16843,0
net16877,0
net16876,0
net16873,0
net16935,0
net19792,0
net16978,0
net16861,0
net17035,0
net19789,0
net16854,0
net16853,0
net16837,0
net16857,0
net19843,0
net19842,0
net19855,0
net16821,0
net16987,0
net16914,0
net19822,0
net16771,0
net20009,0
net16711,0
clknet_6_22__leaf_clk,0
net16638,0
net16625,0
net16648,0
net16647,0
net22023,1
clknet_6_20__leaf_clk,0
clknet_6_21__leaf_clk,0
net19883,0
net19918,0
net19901,0
net19924,0
net20538,0
net16379,0
net16303,0
net21287,0
net16442,0
net16474,0
net16470,0
net16598,0
net16258,0
net21289,0
net22593,0
net21231,0
net22019,0
net20528,0
net20527,0
net16415,0
net17559,0
net17558,0
net17560,0
net17599,0
net22933,0
net17601,0
net17600,0
net17034,0
net17052,0
net19596,0
net18606,0
net18604,0
net18603,0
net18599,1
net18598,0
net19601,0
net18597,0
net19597,0
net19598,0
net19599,0
net18600,0
net19592,0
net19619,0
net19682,0
net18414,0
net18413,0
net19684,0
net19683,0
net18411,0
net18409,0
net18611,0
net19593,0
net19594,0
net18610,0
net18607,0
net18608,0
net18609,0
net18596,0
net19604,0
net18574,1
net19617,0
net18575,0
net18573,0
net18570,0
net18571,0
net18572,0
net18595,0
net18592,0
net19605,0
net19607,0
net19609,0
net18589,0
net19610,0
net19614,0
net18581,0
net19615,0
net18579,0
net18576,0
net19616,0
net19608,0
net18591,1
net18586,0
net18594,0
net18593,0
net18756,0
net18754,0
net18753,0
net18752,0
net18747,0
net18746,0
net18744,0
net18741,0
net18740,0
net18739,0
net18738,0
net18750,0
net18757,0
net18802,0
net18748,0
net18755,0
net18726,0
net20208,0
net18724,1
net19495,0
net18722,0
net19497,0
net19498,0
net19501,0
net19508,0
net18717,0
net18723,0
net19496,0
net19094,0
net18737,0
net19509,0
net18716,0
net18614,0
net18613,0
net19575,0
net19576,0
net18743,0
net18735,0
net18733,0
net18732,0
net18734,0
net18745,0
net18730,0
net18729,0
net19578,0
net19579,0
net19580,0
net19582,0
net19583,0
net19588,0
net19589,0
net19590,0
net18612,0
net18405,0
net18406,0
net19584,0
net19585,0
net18799,0
net18768,0
net18759,0
net18399,0
net18398,0
net18397,0
net18401,0
net18400,0
net18402,0
net18763,0
net18762,0
net18761,0
net18760,0
net18773,0
net18798,0
net18772,0
net18776,0
net18775,0
net18774,0
net18796,0
net18783,0
net18782,0
net18781,0
net18780,0
net18779,0
net18778,0
net18777,0
net18784,0
net18789,0
net18791,0
net18792,0
net19273,0
net19337,0
net19342,0
net19344,0
net22638,0
net18315,0
net19281,0
net19280,0
net19285,1
net20200,0
net20233,0
net19304,0
net19278,0
net19277,0
net18765,0
net18764,0
net18770,0
net18800,0
net18801,0
net18329,0
net18323,0
net18322,0
net18330,0
net18751,0
net19573,0
net19595,0
net19600,0
net19602,0
net18339,0
net18343,0
net18341,0
net18340,0
net18617,0
net13873,0
net19238,0
net19252,0
net19251,1
net20258,0
net19270,0
net13875,0
net13874,0
net18804,0
net18742,0
net18731,0
net18805,0
net19502,0
net13882,0
net13881,0
net13880,0
net13879,0
net13878,0
net13877,0
net18342,0
net18326,0
net18325,0
net18324,0
net19514,0
net19513,0
net19527,0
net19528,0
net18749,0
net19571,0
net13931,0
net13930,0
net13885,0
net13884,0
net18309,0
net18308,0
net18310,0
net13929,0
net13928,0
net13926,0
net13925,0
net13924,0
net13923,0
net13922,0
net13927,0
net13847,0
net13846,0
net18930,0
net19030,0
net13842,0
net13841,0
net13840,0
net18771,0
net18769,0
net18767,0
net18931,1
net13971,0
net13954,0
net13953,0
net13952,0
net13951,0
net13950,0
net13949,0
net13948,0
net13967,0
net13966,0
net13965,0
net13964,0
net13963,0
net13962,0
net13961,0
net13970,0
net13969,0
net22012,0
net13852,0
net19863,0
net13850,0
net13849,0
net13890,0
net13889,0
net13888,0
net13887,0
net13886,0
net13894,0
net13893,0
net13892,0
net13891,0
net13989,0
net13985,0
net13984,0
net13978,0
net13977,0
net13976,0
net13975,0
net13974,0
net13983,0
net13982,0
net13981,0
net13980,0
net13979,0
net13988,0
net13987,0
net13986,0
net13920,0
net13918,0
net13917,0
net13916,0
net13915,0
net13902,0
net13901,0
net13900,0
net13899,0
net13898,0
net13897,0
net13896,0
net13914,0
net13913,0
net13912,0
net13919,0
net13942,0
net13941,0
net13940,0
net13939,0
net13936,0
net13935,0
net13934,0
net22370,0
net18303,0
net18302,0
net18305,0
net18306,0
net13933,0
net13938,0
net13937,0
net13946,0
net13945,0
net13944,0
net20826,0
net20825,0
net20824,0
net20823,0
net20819,0
net20818,0
net19714,0
net17964,0
net17963,0
net19715,0
net20822,0
net20821,0
net20820,0
net20831,0
net20830,0
net20829,0
net20828,0
net20852,0
net20851,0
net20850,0
net20837,0
net20836,0
net20835,0
net20834,0
net20833,0
net17961,0
net20845,0
net20844,0
net20843,0
net20842,0
net20841,0
net20840,0
net20839,0
net20838,0
net20849,0
net20848,0
net20847,0
net20861,0
net20860,0
net20859,0
net20858,0
net20857,0
net20856,0
net20855,0
net20854,0
net19716,0
net17959,0
net17958,0
net20868,0
net20867,0
net20866,0
net20865,0
net20864,0
net20863,0
net20873,0
net20872,0
net20871,0
net20870,0
net17957,0
net20877,0
net20876,0
net20875,0
net20874,0
net20914,0
net20913,0
net20912,0
net20911,0
net20909,0
net20908,0
net20907,0
net20906,0
net20905,0
net20910,0
net20900,0
net20899,0
net20898,0
net20893,0
net20892,0
net20891,0
net20890,0
net20889,0
net20888,0
net20887,0
net17946,0
net20897,0
net20896,0
net20895,0
net20894,0
net20904,0
net20903,0
net20902,0
net17945,0
net22097,0
net22096,0
net22095,0
net22094,0
net22093,0
net22092,0
net22090,0
net22089,0
net22088,0
net22087,0
net22086,0
net22085,0
net17926,1
net22083,0
net22082,0
net22079,0
net22078,0
net22071,0
net22070,0
net22069,0
net17931,0
net17930,1
net17932,1
net22077,0
net22076,0
net22075,0
net22074,0
net22073,0
net22072,0
net22081,0
net22080,0
net20922,0
net20921,0
net20920,0
net20919,0
net20918,0
net20917,0
net20916,0
net20923,0
net22197,0
net22196,0
net22194,0
net22193,0
net22188,0
net19727,0
net19724,0
net19723,0
net17907,0
net19726,0
net19725,0
net22192,0
net22191,0
net22190,0
net22189,0
net22195,0
net22209,0
net22208,0
net22206,0
net22205,0
net22204,0
net22203,0
net22202,0
net22201,0
net22200,0
net22199,0
net22207,0
net22142,0
net22140,0
net17944,0
net17942,0
net17933,0
net17929,0
net17928,1
net17914,0
net22141,0
net22138,0
net22137,0
net22135,0
net22134,0
net22133,0
net22132,0
net22131,0
net22130,0
net22128,0
net22127,0
net22126,0
net22125,0
net22124,0
net22123,0
net17915,0
net22129,0
net22136,0
net22146,0
net22145,0
net22144,0
net22143,0
net22148,0
net22156,0
net22155,0
net22154,0
net22153,0
net22152,0
net22151,0
net22150,0
net22160,0
net22159,0
net22158,0
net22157,0
net22170,0
net22169,0
net22168,0
net22167,0
net22166,0
net22171,0
net17719,1
net17721,0
net17723,0
net17724,0
net17694,0
net17693,0
net17695,0
net17688,0
net17689,0
net17686,0
net17690,0
net17655,1
net17659,0
net17660,0
net19771,0
net17654,0
net17653,0
net19773,0
net17650,0
net19772,0
net17652,1
net17651,0
net17539,0
net17538,0
net17540,0
net17578,0
net17575,0
net22703,0
net17568,0
net17567,0
net17565,0
net17564,0
net20443,0
net17577,0
net17574,0
net17573,0
net17582,0
net17581,0
net17561,0
net17580,0
net17563,0
net17579,0
net17572,0
net17571,0
net17569,0
net17566,0
net17556,0
net17555,0
net17553,0
net17554,0
net17557,0
net17541,0
net17537,0
net17536,0
net17535,0
net20402,0
net17614,0
net17615,0
net17612,0
net17611,0
net17609,0
net17606,0
net17607,0
net17605,0
net17621,0
net17608,0
net17617,0
net17613,0
net17610,0
net17616,0
net17604,0
net17603,0
net17585,0
net17584,0
net17583,0
net17586,0
net17597,0
net17596,0
net17593,0
net17592,0
net17591,0
net17595,0
net17594,0
net17590,0
net17645,0
net17649,0
net17644,0
net17643,0
net17642,0
net17641,0
net17637,0
net17632,0
net17631,0
net17630,0
net17629,0
net17628,0
net17627,0
net17636,0
net19779,0
net17640,0
net17639,0
net19778,0
net19777,0
net19775,0
net19776,0
net17635,0
net17620,0
net17619,0
net17618,0
net17543,0
net17542,0
net17532,0
net17528,0
net17527,0
net17526,0
net17544,0
net17519,0
net17525,0
net17520,0
net17524,0
net17523,0
net17522,0
net17521,0
net17529,0
net17531,0
net17530,0
net17512,0
net17518,0
net17517,0
net17513,0
net17516,0
net17515,0
net17514,0
net17511,0
net17506,0
net17546,0
net22410,0
net17508,0
net17507,0
net17545,0
net17510,0
net17505,0
net17504,0
net17495,0
net17500,0
net17497,0
net17496,0
net17499,0
net17498,0
net17494,0
net17313,0
net17266,0
net17263,0
net17268,0
net17267,0
net17353,0
net17351,0
net17250,0
net17251,0
net17247,0
net17246,0
net17248,0
net17245,0
net17350,0
net17207,0
net17203,0
net17202,0
net17201,0
net17401,0
net17200,0
net17199,0
net17205,0
net17208,0
net17206,0
net17204,0
net17405,0
net17406,0
net20266,0
net22589,0
net17209,0
net17210,0
net17092,0
net17093,0
net17089,0
net17088,0
net17090,0
net17087,0
net17086,0
net17091,0
net17084,0
net17083,0
net17423,0
net17100,0
net17101,0
net17099,0
net17103,0
net17029,0
net17030,0
net17026,0
net17622,0
net17025,0
net17623,0
net17023,0
net17021,0
net17624,0
net17018,0
net17019,0
net17626,0
net17017,0
net17625,0
net17634,0
net17024,0
net17020,0
net16831,0
net16829,0
net19828,0
net16828,0
net16827,0
net16830,0
net16819,0
net16818,0
net16810,0
net19858,0
net22689,0
net16809,0
net16808,0
net16820,0
net19826,0
net16881,0
net16833,0
net16832,0
net19827,0
net20275,0
net16744,0
net16743,0
net16742,0
net16741,0
net16740,0
net16739,0
net16754,0
net20274,0
net16763,0
net16764,0
net16761,0
net16760,0
net16762,0
clknet_6_6__leaf_clk,0
clknet_6_4__leaf_clk,0
net16697,0
clknet_6_5__leaf_clk,0
clknet_6_7__leaf_clk,0
net16692,0
net16687,0
net16688,0
clknet_6_8__leaf_clk,0
net16695,0
net16694,0
net16691,0
net16690,0
net16689,1
clknet_3_4_0_clk,0
net16707,0
net16706,0
net16705,0
clknet_3_5_0_clk,0
net16635,0
net16633,0
net16630,0
net16636,0
net16641,0
net16577,0
clknet_6_40__leaf_clk,0
net16572,0
net16571,0
net16570,0
clknet_6_41__leaf_clk,0
net16575,0
net16574,0
clknet_6_38__leaf_clk,0
clknet_6_39__leaf_clk,0
net16573,0
net16196,0
net16195,0
net20606,0
net20607,0
net16193,0
net20611,0
net20610,0
net20605,0
net16197,0
net20596,0
net16219,0
net16202,0
net16157,0
net16156,0
net16155,0
net16154,0
net16148,0
net16147,0
net20598,0
net16210,0
net20599,0
net16208,0
net16207,0
net16206,0
net16204,0
net16203,0
net16216,0
net16215,0
net16214,0
net20597,0
net16213,0
net16212,0
net16211,0
net16218,0
net16217,0
net16225,0
net20590,0
net16224,0
net16152,0
net16145,0
net16144,0
net16143,0
net16151,0
net16150,0
net16146,0
net20592,0
net16222,0
net16220,0
net20588,0
net16226,1
net16199,0
net20621,0
net20620,0
net16183,0
net16182,0
net20638,0
net20637,0
net20636,0
net16165,0
net20635,0
net20634,0
net16163,0
net16162,0
net20612,0
net16191,1
net20613,0
net20614,0
net16190,0
net16189,0
net16188,0
net20616,0
net20618,0
net20617,0
net16187,0
net16184,0
net20615,0
net16192,0
net16201,0
net20602,0
net16200,0
net20640,0
net20639,0
net16164,0
net20641,0
net16180,0
net16179,0
net16178,0
net20623,0
net20626,0
net16173,0
net16175,0
net20630,0
net16167,0
net16168,0
net16166,0
net20632,0
net20633,0
net16172,0
net16171,0
net16169,0
net16176,0
net16264,0
net20570,0
net20569,0
net16262,0
net16128,0
net16127,0
net16136,0
net16135,0
net16130,0
net16134,0
net20571,0
net16261,0
net16259,0
net16257,0
net16126,0
net16263,0
net16242,0
net16235,0
net16233,0
net20586,0
net16229,0
net16227,0
net16133,0
net16132,0
net16131,0
net16129,0
net16232,0
net16231,0
net16230,0
net20581,0
net20580,0
net16240,0
net16238,0
net20582,0
net16236,0
net16254,0
net16251,0
net20575,0
net20574,0
net16249,0
net20576,0
net16246,0
net20578,0
net20577,0
net16244,0
net16250,0
net16278,0
net20566,0
net20568,0
net16273,0
net16270,0
net16269,0
net16268,0
net16267,0
net16272,0
net16266,0
net16281,0
net16277,0
net16274,0
net16280,0
net15604,0
net15593,0
net15605,0
net15771,0
net15561,0
net15770,0
net15525,0
net15523,0
net15527,0
net14558,0
net14382,1
net14303,0
net20277,0
net20235,0
net14530,0
net14529,0
net14525,0
net14523,1
net14521,0
net14309,0
net14310,0
net14312,0
net14321,0
net14320,0
net14322,1
net14426,0
net14421,0
net14326,0
net14329,1
net14330,0
net14407,0
net14331,0
net14332,0
net14341,0
net14334,1
net14333,1
net14339,0
net14342,0
net14343,1
net14344,0
net19951,0
net14360,0
net14354,0
net20263,0
net14357,0
net14365,0
net14370,0
net14368,0
net14369,0
net14377,0
net14381,1
net14389,0
net14390,0
net14392,0
net14393,0
net14394,0
net14398,0
net14403,0
net14408,0
net14410,0
net14415,0
net14414,0
net14416,0
net14420,0
net14422,0
net14425,0
net14427,0
net14429,0
net14446,0
net14444,0
net14434,0
net14437,0
net14441,0
net14442,0
net14443,0
net14445,0
net14454,0
net14456,0
net14363,0
net14467,0
net14468,0
net14472,0
net14473,0
net14480,0
net14481,0
net22782,0
net14491,0
net14488,0
net14489,0
net20268,0
net20180,0
net20256,0
net14503,0
net14506,0
net14509,0
net14508,0
net14512,0
net14510,0
net14513,0
net14514,0
net14516,0
net14517,0
net14518,0
net14519,0
net14520,0
net14531,0
net14532,0
net14537,0
net14540,0
net14543,0
net14542,0
net14545,0
net14546,0
net14547,0
net14549,0
net14550,0
net14552,0
net14559,1
net14560,0
net14562,0
net14564,0
net14574,0
net14566,0
net14565,0
net14567,0
net14568,0
net14569,0
net14570,0
net14575,0
net14578,0
net14582,0
net14583,0
net14586,0
net14590,0
net14592,0
net14594,0
net14597,1
net14600,0
net14601,0
net14602,0
net14603,0
net14606,0
net14608,0
net14612,0
net14616,0
net14617,0
net14624,0
net14625,0
net14627,0
net14629,0
net14630,0
net14634,0
net14632,0
net14633,0
net14637,0
net14643,0
net14641,0
net14642,0
net14644,1
net14645,0
net14647,0
net14649,0
net14651,0
net14654,0
net14655,0
net14656,0
net14657,0
net14661,0
net14665,0
net14669,0
net14671,0
net14676,0
net14677,0
net14679,0
net14680,0
net14681,0
net14682,0
net22409,0
net14687,0
net14696,0
net20145,0
net14701,0
net14709,0
net14714,0
net20285,0
net22547,0
net14713,0
net20234,0
net14717,0
net22597,0
net19907,0
net14725,0
net14738,0
net14734,0
net19917,0
net22439,0
net14741,0
net14742,0
net14744,0
net14745,0
net14753,0
net14756,0
net14755,0
net14761,0
net14760,0
net14757,0
net14759,0
net14758,0
net14762,0
net14765,0
net14768,0
net14772,0
net14771,0
net14775,0
net14777,0
net14783,0
net14788,0
net14789,0
net14790,0
net14793,0
net14796,0
net14797,0
net14824,0
net14799,0
net14804,0
net14801,0
net14820,0
net14805,0
net14806,0
net14807,0
net14810,0
net14812,0
net14814,0
net14817,0
net14821,0
net14822,0
net14823,0
net14826,0
net14829,0
net14835,0
net14841,0
net14851,0
net14854,0
net14857,0
net14858,0
net14862,0
net14863,0
net14872,0
net14870,0
net14871,0
net14874,0
net14885,1
net14886,0
net14887,0
net14894,1
net14895,0
net14896,0
net14899,0
net14900,1
net14902,1
net14906,0
net14905,0
net14904,0
net14903,0
net14907,0
net14908,1
net14909,0
net14911,0
net14913,0
net14919,0
net14921,0
net14922,0
net14924,0
net14927,0
net14934,0
net14931,0
net14930,0
net14929,0
net14939,0
net14940,0
net14943,0
net14944,0
net14945,0
net14947,0
net14952,0
net14956,0
net14959,0
net14962,0
net14963,0
net14964,0
net14970,0
net14972,0
net14975,0
net14979,0
net14980,0
net14983,0
net14988,0
net14993,0
net14991,0
net14994,0
net14996,0
net14998,0
net14999,0
net15001,0
net15009,0
net15020,0
net22578,0
net15023,0
net15026,0
net15024,0
net15025,0
net15027,0
net15029,0
net15031,0
net15032,0
net15034,0
net15033,0
net15036,0
net15037,0
net15044,0
net15074,0
net22021,1
net15049,0
net15047,0
net15048,0
net15050,0
net15071,0
net15051,0
net15052,0
net15053,0
net15054,0
net15056,0
net15058,0
net22362,0
net15059,0
net15069,0
net15060,0
net15061,0
net15062,0
net15064,0
net19954,0
net15066,0
net15065,0
net15067,0
net15068,0
net15070,0
net15072,0
net15073,0
net15075,0
net15076,0
net15077,0
net15080,0
net22360,0
net15082,0
net15090,0
net20173,0
net15099,0
net15100,0
net15106,0
net22003,0
net22446,0
net15104,0
net15105,0
net15107,0
net15108,0
net15109,0
net15115,0
net15129,0
net15130,0
net15132,0
net20286,0
net15135,0
net15142,0
net15138,0
net15140,0
net15141,0
net15147,0
net15145,0
net15148,0
net15150,0
net15152,0
net15155,0
net15157,0
net15156,0
net15159,0
net19913,0
net15164,0
net15175,0
net15176,0
net15180,0
net15177,0
net15178,0
net15188,0
net15185,0
net15182,0
net15183,0
net15184,0
net15186,0
net15187,0
net15189,0
net15190,0
net15192,0
net15196,0
net15194,0
net15193,0
net15195,0
net15197,0
net15198,0
net15202,0
net15204,0
net15205,0
net15208,0
net15210,0
net15211,0
net15212,0
net15224,0
net15213,0
net15222,0
net15218,0
net15214,0
net15215,0
net15216,0
net15217,0
net15219,1
net15220,0
net15221,0
net15223,0
net15226,0
net15225,0
net15227,0
net15228,0
net15231,0
net15230,0
net15242,0
net15232,0
net15240,0
net15233,0
net15236,0
net15235,0
net15238,0
net15239,0
net15241,0
net15243,0
net15244,0
net15351,0
net15245,1
net15349,0
net15248,0
net15247,0
net15343,0
net15249,0
net15309,0
net15252,0
net15250,0
net15264,0
net15254,0
net15253,0
net15302,0
net15284,0
net15285,0
net15286,0
net15287,0
net15290,0
net15288,0
net15289,0
net15291,0
net15292,0
net15293,0
net15295,0
net15296,0
net15297,0
net15299,0
net15300,0
net15301,0
net15303,0
net15304,0
net15306,0
net15307,0
net15312,0
net15310,0
net15311,0
net15313,0
net15315,0
net15316,0
net15318,0
net15320,0
net15331,0
net15321,0
net15322,0
net15323,0
net15324,0
net15325,0
net15326,0
net15327,0
net15328,0
net15329,0
net15330,0
net15332,0
net15333,0
net15334,0
net15338,0
net15337,0
net15340,0
net15342,0
net15344,0
net15345,0
net15346,0
net15347,0
net15348,0
net15350,0
net15352,0
net15353,0
net15912,0
net15354,0
net15359,0
net15355,0
net15469,0
net15462,0
net15362,0
net15360,1
net15361,0
net15458,0
net15457,0
net15454,0
net15366,0
net15367,0
net15369,0
net15368,0
net15378,0
net15371,0
net15372,0
net15373,0
net15377,0
net15374,0
net15375,0
net15453,0
net15379,0
net15380,0
net15451,0
net15382,0
net15381,0
net15383,0
net15385,0
net15384,0
net15446,0
net15444,0
net15386,0
net15431,0
net15387,0
net15388,0
net15389,0
net15392,0
net15390,0
net15391,0
net15430,0
net15398,0
net15395,0
net15396,0
net15399,0
net15400,0
net15403,0
net15404,0
net15423,0
net15422,0
net15411,0
net15405,0
net15407,0
net15408,0
net15409,1
net15410,0
net15412,0
net15413,0
net15414,0
net15415,0
net15418,0
net15419,0
net15420,0
net15421,0
net15425,0
net15426,0
net15428,0
net15427,0
net15429,0
net15432,0
net15433,0
net15434,0
net15439,0
net15435,1
net15436,0
net15437,0
net15438,0
net15441,0
net15442,0
net15443,0
net15445,0
net15450,0
net15447,0
net15449,0
net15448,0
net15452,0
net15455,0
net15456,0
net15459,0
net15461,0
net15460,0
net15463,0
net15464,0
net15465,1
net15466,0
net15470,0
net15471,0
net15472,0
net15473,0
net15474,0
net15475,0
net15476,0
net15480,0
net15906,0
net15481,0
net15482,0
net15483,0
net15484,0
net15494,0
net15486,0
net15487,0
net15490,0
net15489,0
net15491,0
net15492,0
net15493,0
net15892,0
net15495,0
net15818,0
net15496,0
net15793,0
net15497,0
net15498,0
net15502,1
net15500,0
net15501,0
net15503,0
net15504,0
net15505,0
net15507,0
net15508,0
net15511,0
net15509,0
net15510,0
net15512,0
net15513,0
net15515,0
net15516,0
net15517,0
net15520,0
net15518,0
net15521,0
net15522,0
net15791,0
net15528,0
net15531,0
net15529,0
net15530,0
net15533,0
net15534,0
net15535,0
net15553,1
net15538,0
net15537,0
net15539,0
net15540,0
net15542,0
net15543,0
net15544,0
net15546,0
net15550,0
net15549,0
net15551,0
net15554,0
net15555,0
net15785,0
net15784,0
net15781,0
net15556,0
net15780,0
net15557,0
net15558,0
net15559,0
net9250,0
net15652,0
net15584,0
net15579,0
net15562,0
net15577,0
net15563,0
net15564,0
net15565,0
net15566,0
net15568,0
net15567,1
net15569,0
net15576,0
net15570,0
net15572,0
net15574,0
net15575,0
net15578,0
net15583,0
net15580,0
net15581,0
net15582,0
net15585,0
net15645,0
net15586,0
net15587,0
net15589,0
net15588,0
net15590,1
net15591,1
net15594,0
net15602,0
net15599,0
net15596,0
net15598,0
net15600,0
net15601,0
net15603,0
net15606,0
net15613,0
net15612,0
net15608,0
net15609,0
net15610,0
net15611,0
net15614,0
net15615,0
net15616,0
net15617,0
net15620,0
net15621,0
net15622,0
net15623,0
net15624,0
net15625,0
net15627,0
net15628,0
net15642,0
net15630,0
net15631,0
net15632,0
net15633,0
net15635,0
net15636,0
net15638,0
net15640,0
net15641,0
net15643,0
net15644,0
net15651,0
net15646,0
net15650,0
net15647,0
net15648,0
net15649,0
net15653,0
net15674,0
net15654,0
net15672,0
net15655,0
net15656,0
net15657,0
net15658,0
net15659,1
net15660,0
net15661,0
net15662,0
net15671,0
net15668,0
net15663,0
net15665,0
net15664,0
net15666,0
net15667,0
net15669,0
net15670,0
net15673,0
net15677,0
net15675,0
net15676,0
net15678,0
net15679,0
net15689,0
net15680,0
net15681,0
net15684,0
net15686,0
net15687,0
net15688,0
net15690,0
net15765,0
net15691,0
net15693,0
net15692,0
net15759,0
net15694,0
net15695,0
net15696,0
net15705,0
net15702,0
net15697,0
net15698,0
net15699,0
net15700,0
net15701,0
net15703,0
net15704,0
net15727,0
net15706,0
net15707,0
net15709,0
net15708,0
net15725,0
net15723,0
net15721,0
net15718,0
net15710,0
net15711,0
net15712,0
net15714,0
net15715,0
net15719,0
net15720,0
net15722,0
net15724,0
net15728,0
net15758,0
net15729,0
net15730,0
net15731,0
net15732,0
net15735,0
net15733,0
net15734,0
net15736,0
net15751,0
net15741,0
net15744,0
net15743,0
net15745,0
net15747,0
net15748,0
net15749,0
net15752,0
net15753,0
net15754,0
net15757,0
net15760,0
net15761,0
net15762,0
net15763,0
net15764,0
net15766,0
net15768,0
net15767,0
net15769,0
net15772,0
net15775,0
net15773,0
net15777,0
net15776,0
net15778,0
net15782,0
net15783,0
net15788,0
net15786,0
net15787,0
net15789,0
net15790,0
net15792,0
net15816,0
net15795,0
net15794,0
net15805,0
net15804,0
net15803,0
net15796,0
net15802,0
net15797,0
net15798,0
net15799,0
net15801,0
net15800,0
net15806,0
net15807,0
net15808,0
net15814,0
net15811,0
net15812,0
net15813,0
net15815,0
net15817,0
net15820,0
net15819,0
net15826,0
net15821,0
net15822,0
net15823,0
net15824,0
net15825,0
net15827,0
net15828,0
net15829,0
net15830,0
net15889,0
net15831,0
net15832,0
net15833,0
net15837,0
net15834,0
net15839,0
net15844,0
net15840,0
net15843,0
net15841,0
net15842,0
net15887,0
net15884,0
net15846,0
net15848,0
net15863,0
net15850,0
net15849,0
net15860,0
net15851,0
net15856,0
net15852,0
net15854,0
net15853,0
net15855,0
net15859,0
net15857,0
net15861,0
net15869,0
net15864,0
net15866,0
net15867,0
net15881,0
net15882,0
net15883,0
net15886,0
net15885,0
net15888,0
net15891,0
net15890,0
net15898,0
net15894,0
net15893,0
net15895,0
net15902,0
net15901,0
net15900,0
net15899,0
net15920,0
net15919,0
net15925,0
net15924,0
net15923,0
net15932,0
net15927,0
net15929,0
net15930,0
net15931,0
net15934,0
net15935,0
net15937,0
net15939,0
net15941,0
net15943,0
net15944,0
net15945,0
net15947,0
net15949,0
net15948,0
net15951,0
net15957,0
net15953,0
net15954,0
net15956,0
net15955,0
net15960,0
net15963,0
net15962,0
net15969,0
net15964,0
net20201,0
net15966,0
net15967,0
net15970,0
net15974,0
net15973,0
net15977,0
net15976,0
net15979,0
net15983,0
net15981,0
net15982,0
net15986,0
net15988,0
net15994,0
net15992,0
net15998,0
net15999,0
net16004,0
net16006,0
net16007,0
net16008,0
net16009,0
net16011,0
net16018,0
net16020,0
net16021,0
net16023,0
net16028,0
net16027,0
net16044,0
net16031,0
net16032,0
net16036,0
net16033,0
net16034,0
net16035,0
net16038,0
net16037,0
net16040,0
net21793,0
net16042,0
net16041,0
net19880,0
net16046,0
net16048,0
net16051,0
net16052,0
net16053,0
net16054,0
net16057,0
net16059,0
net16061,0
net16065,0
net16066,0
net16067,0
net16068,0
net16070,0
net16071,0
net16072,0
net16074,0
net16076,0
net16077,0
net16079,0
net16080,0
net16081,0
net16083,0
net16087,0
net16084,0
net16086,0
net16085,0
net16088,0
net16089,0
net16091,0
net16093,0
net16096,0
net16101,0
net16099,0
net16098,0
net16100,0
net16102,0
net16105,0
net16106,0
net16108,0
net16107,0
net16113,0
net16109,0
net16112,0
net16110,0
net16111,0
net16114,0
net16120,0
net16119,0
net16117,0
net16285,0
net16287,0
net16289,0
net16288,0
net16292,0
net16291,0
net20563,0
net20562,0
net20561,0
net16293,0
net20560,0
net20559,0
net20558,0
net16297,0
net16298,0
net20557,0
net16299,0
net20556,0
net20555,0
net20553,0
net16304,0
net16301,0
net20554,0
net16305,0
net16307,0
net20550,0
net16308,0
net16310,0
net20549,0
net16311,0
net16328,0
net16314,0
net16320,0
net16319,0
net16321,0
net16322,0
net16323,0
net16324,0
net16325,0
net16327,0
net16329,1
net20547,0
net20546,0
net20545,0
net16330,0
net16335,0
net16336,0
net20542,0
net16338,0
net16339,0
net16343,0
net16342,0
net16341,0
net16340,0
net20541,0
net16345,0
net16344,0
